sensor,pid,id,method,actual_C,actual_P,actual_F,predicted_C,predicted_P,predicted_F,all_three_within10
Libre GL,1,001_2020-05-07T10:07:00,60/rbf0.1,66.0,22.0,10.5,66.0,22.0,10.5,True
Libre GL,1,001_2020-05-10T09:27:00,60/rbf0.1,24.0,22.0,10.5,66.0,66.0,10.5,False
Libre GL,1,001_2020-05-08T09:58:00,60/rbf0.1,66.0,66.0,10.5,66.0,66.0,10.5,True
Libre GL,1,001_2020-05-09T09:35:00,60/rbf0.1,66.0,22.0,42.0,66.0,22.0,10.5,False
Libre GL,2,002_2019-11-21T09:55:00,60/rbf0.1,66.0,22.0,10.5,66.0,22.0,10.5,True
Libre GL,2,002_2019-11-24T08:09:00,60/rbf0.1,24.0,22.0,10.5,24.0,22.0,10.5,True
Libre GL,2,002_2019-11-22T08:48:00,60/rbf0.1,66.0,66.0,10.5,24.0,22.0,10.5,False
Libre GL,2,002_2019-11-23T09:59:00,60/rbf0.1,66.0,22.0,42.0,66.0,22.0,10.5,False
Libre GL,5,005_2020-08-23T10:48:00,60/rbf0.1,66.0,22.0,10.5,66.0,22.0,42.0,False
Libre GL,5,005_2020-08-26T08:19:00,60/rbf0.1,24.0,22.0,10.5,66.0,22.0,42.0,False
Libre GL,5,005_2020-08-24T08:04:00,60/rbf0.1,66.0,66.0,10.5,66.0,22.0,42.0,False
Libre GL,5,005_2020-08-25T08:13:00,60/rbf0.1,66.0,22.0,42.0,66.0,22.0,42.0,True
Libre GL,6,006_2023-04-13T10:05:00,60/rbf0.1,66.0,22.0,10.5,66.0,22.0,42.0,False
Libre GL,6,006_2023-04-16T07:16:00,60/rbf0.1,24.0,22.0,10.5,24.0,22.0,10.5,True
Libre GL,6,006_2023-04-14T09:08:00,60/rbf0.1,66.0,66.0,10.5,24.0,22.0,10.5,False
Libre GL,6,006_2023-04-15T08:45:00,60/rbf0.1,66.0,22.0,42.0,66.0,22.0,42.0,True
Libre GL,8,008_2023-02-05T09:57:00,60/rbf0.1,66.0,22.0,10.5,66.0,22.0,42.0,False
Libre GL,8,008_2023-02-08T08:01:00,60/rbf0.1,24.0,22.0,10.5,24.0,22.0,10.5,True
Libre GL,8,008_2023-02-06T08:13:00,60/rbf0.1,66.0,66.0,10.5,66.0,22.0,10.5,False
Libre GL,8,008_2023-02-07T08:07:00,60/rbf0.1,66.0,22.0,42.0,66.0,22.0,42.0,True
Libre GL,9,009_2020-09-21T08:39:00,60/rbf0.1,66.0,22.0,10.5,66.0,22.0,10.5,True
Libre GL,9,009_2020-09-24T07:51:00,60/rbf0.1,24.0,22.0,10.5,24.0,22.0,10.5,True
Libre GL,9,009_2020-09-22T07:37:00,60/rbf0.1,66.0,66.0,10.5,24.0,22.0,10.5,False
Libre GL,9,009_2020-09-23T07:29:00,60/rbf0.1,66.0,22.0,42.0,24.0,22.0,10.5,False
Libre GL,10,010_2020-06-27T05:25:00,60/rbf0.1,66.0,22.0,10.5,66.0,66.0,10.5,False
Libre GL,10,010_2020-06-30T07:27:00,60/rbf0.1,24.0,22.0,10.5,24.0,22.0,10.5,True
Libre GL,10,010_2020-06-28T05:16:00,60/rbf0.1,66.0,66.0,10.5,66.0,22.0,42.0,False
Libre GL,10,010_2020-06-29T06:06:00,60/rbf0.1,66.0,22.0,42.0,66.0,22.0,42.0,True
Libre GL,14,014_2023-05-15T07:29:00,60/rbf0.1,66.0,22.0,10.5,66.0,22.0,10.5,True
Libre GL,14,014_2023-05-18T08:15:00,60/rbf0.1,24.0,22.0,10.5,24.0,22.0,10.5,True
Libre GL,14,014_2023-05-16T07:28:00,60/rbf0.1,66.0,66.0,10.5,24.0,22.0,10.5,False
Libre GL,14,014_2023-05-17T08:34:00,60/rbf0.1,66.0,22.0,42.0,66.0,66.0,10.5,False
Libre GL,17,017_2023-10-16T09:41:00,60/rbf0.1,66.0,22.0,10.5,66.0,22.0,42.0,False
Libre GL,17,017_2023-10-19T08:30:00,60/rbf0.1,24.0,22.0,10.5,24.0,22.0,10.5,True
Libre GL,17,017_2023-10-17T11:12:00,60/rbf0.1,66.0,66.0,10.5,66.0,66.0,10.5,True
Libre GL,17,017_2023-10-18T11:43:00,60/rbf0.1,66.0,22.0,42.0,66.0,22.0,42.0,True
Libre GL,27,027_2024-06-16T10:15:00,60/rbf0.1,66.0,22.0,10.5,24.0,22.0,10.5,False
Libre GL,27,027_2024-06-19T10:11:00,60/rbf0.1,24.0,22.0,10.5,24.0,22.0,10.5,True
Libre GL,27,027_2024-06-17T08:15:00,60/rbf0.1,66.0,66.0,10.5,24.0,22.0,10.5,False
Libre GL,27,027_2024-06-18T09:20:00,60/rbf0.1,66.0,22.0,42.0,24.0,22.0,10.5,False
Libre GL,31,031_2022-07-05T07:45:00,60/rbf0.1,66.0,22.0,10.5,66.0,66.0,10.5,False
Libre GL,31,031_2022-07-08T07:18:00,60/rbf0.1,24.0,22.0,10.5,24.0,22.0,10.5,True
Libre GL,31,031_2022-07-06T07:56:00,60/rbf0.1,66.0,66.0,10.5,24.0,22.0,10.5,False
Libre GL,31,031_2022-07-07T07:04:00,60/rbf0.1,66.0,22.0,42.0,66.0,22.0,42.0,True
Libre GL,32,032_2022-01-07T07:01:00,60/rbf0.1,66.0,22.0,10.5,66.0,22.0,10.5,True
Libre GL,32,032_2022-01-10T05:10:00,60/rbf0.1,24.0,22.0,10.5,66.0,22.0,42.0,False
Libre GL,32,032_2022-01-08T06:37:00,60/rbf0.1,66.0,66.0,10.5,66.0,22.0,10.5,False
Libre GL,32,032_2022-01-09T05:32:00,60/rbf0.1,66.0,22.0,42.0,66.0,22.0,10.5,False
Libre GL,34,034_2022-03-08T06:16:00,60/rbf0.1,66.0,22.0,10.5,24.0,22.0,10.5,False
Libre GL,34,034_2022-03-11T07:24:00,60/rbf0.1,24.0,22.0,10.5,66.0,66.0,10.5,False
Libre GL,34,034_2022-03-09T07:18:00,60/rbf0.1,66.0,66.0,10.5,66.0,66.0,10.5,True
Libre GL,34,034_2022-03-10T07:12:00,60/rbf0.1,66.0,22.0,42.0,24.0,22.0,10.5,False
Libre GL,35,035_2024-12-18T07:10:00,60/rbf0.1,66.0,22.0,10.5,66.0,22.0,42.0,False
Libre GL,35,035_2024-12-21T06:53:00,60/rbf0.1,24.0,22.0,10.5,66.0,22.0,42.0,False
Libre GL,35,035_2024-12-19T06:25:00,60/rbf0.1,66.0,66.0,10.5,66.0,22.0,42.0,False
Libre GL,35,035_2024-12-20T06:39:00,60/rbf0.1,66.0,22.0,42.0,66.0,22.0,42.0,True
Libre GL,36,036_2022-04-04T08:18:00,60/rbf0.1,66.0,22.0,10.5,66.0,22.0,10.5,True
Libre GL,36,036_2022-04-07T07:54:00,60/rbf0.1,24.0,22.0,10.5,66.0,22.0,10.5,False
Libre GL,36,036_2022-04-05T08:14:00,60/rbf0.1,66.0,66.0,10.5,66.0,22.0,42.0,False
Libre GL,36,036_2022-04-06T08:01:00,60/rbf0.1,66.0,22.0,42.0,66.0,22.0,42.0,True
Libre GL,38,038_2022-01-31T07:03:00,60/rbf0.1,66.0,22.0,10.5,66.0,22.0,10.5,True
Libre GL,38,038_2022-02-03T07:17:00,60/rbf0.1,24.0,22.0,10.5,24.0,22.0,10.5,True
Libre GL,38,038_2022-02-01T07:18:00,60/rbf0.1,66.0,66.0,10.5,24.0,22.0,10.5,False
Libre GL,38,038_2022-02-02T07:02:00,60/rbf0.1,66.0,22.0,42.0,24.0,22.0,10.5,False
Libre GL,41,041_2022-05-02T08:19:00,60/rbf0.1,66.0,22.0,10.5,66.0,66.0,10.5,False
Libre GL,41,041_2022-05-05T07:59:00,60/rbf0.1,24.0,22.0,10.5,24.0,22.0,10.5,True
Libre GL,41,041_2022-05-03T07:44:00,60/rbf0.1,66.0,66.0,10.5,24.0,22.0,10.5,False
Libre GL,41,041_2022-05-04T07:58:00,60/rbf0.1,66.0,22.0,42.0,66.0,66.0,10.5,False
Libre GL,42,042_2025-07-31T08:40:00,60/rbf0.1,66.0,22.0,10.5,66.0,22.0,42.0,False
Libre GL,42,042_2025-08-03T10:28:00,60/rbf0.1,24.0,22.0,10.5,66.0,66.0,10.5,False
Libre GL,42,042_2025-08-01T07:50:00,60/rbf0.1,66.0,66.0,10.5,66.0,66.0,10.5,True
Libre GL,42,042_2025-08-02T08:15:00,60/rbf0.1,66.0,22.0,42.0,66.0,22.0,42.0,True
Libre GL,43,043_2025-10-20T08:00:00,60/rbf0.1,66.0,22.0,10.5,66.0,22.0,10.5,True
Libre GL,43,043_2025-10-23T08:08:00,60/rbf0.1,24.0,22.0,10.5,24.0,22.0,10.5,True
Libre GL,43,043_2025-10-21T07:51:00,60/rbf0.1,66.0,66.0,10.5,66.0,66.0,10.5,True
Libre GL,43,043_2025-10-22T08:03:00,60/rbf0.1,66.0,22.0,42.0,66.0,22.0,42.0,True
Libre GL,44,044_2022-10-23T06:24:00,60/rbf0.1,66.0,22.0,10.5,66.0,22.0,42.0,False
Libre GL,44,044_2022-10-26T07:45:00,60/rbf0.1,24.0,22.0,10.5,66.0,66.0,10.5,False
Libre GL,44,044_2022-10-24T07:49:00,60/rbf0.1,66.0,66.0,10.5,66.0,22.0,42.0,False
Libre GL,44,044_2022-10-25T07:45:00,60/rbf0.1,66.0,22.0,42.0,24.0,22.0,10.5,False
Libre GL,45,045_2025-03-31T08:56:00,60/rbf0.1,66.0,22.0,10.5,66.0,22.0,10.5,True
Libre GL,45,045_2025-04-03T08:46:00,60/rbf0.1,24.0,22.0,10.5,24.0,22.0,10.5,True
Libre GL,45,045_2025-04-01T09:05:00,60/rbf0.1,66.0,66.0,10.5,66.0,22.0,42.0,False
Libre GL,45,045_2025-04-02T09:40:00,60/rbf0.1,66.0,22.0,42.0,66.0,22.0,10.5,False
Libre GL,49,049_2025-05-17T07:11:00,60/rbf0.1,66.0,22.0,10.5,24.0,22.0,10.5,False
Libre GL,49,049_2025-05-20T07:06:00,60/rbf0.1,24.0,22.0,10.5,24.0,22.0,10.5,True
Libre GL,49,049_2025-05-18T08:59:00,60/rbf0.1,66.0,66.0,10.5,66.0,22.0,10.5,False
Libre GL,49,049_2025-05-19T07:06:00,60/rbf0.1,66.0,22.0,42.0,66.0,22.0,10.5,False
Libre GL,1,001_2020-05-07T10:07:00,60/rbf1,66.0,22.0,10.5,24.0,22.0,10.5,False
Libre GL,1,001_2020-05-10T09:27:00,60/rbf1,24.0,22.0,10.5,66.0,66.0,10.5,False
Libre GL,1,001_2020-05-08T09:58:00,60/rbf1,66.0,66.0,10.5,66.0,66.0,10.5,True
Libre GL,1,001_2020-05-09T09:35:00,60/rbf1,66.0,22.0,42.0,66.0,22.0,10.5,False
Libre GL,2,002_2019-11-21T09:55:00,60/rbf1,66.0,22.0,10.5,66.0,22.0,10.5,True
Libre GL,2,002_2019-11-24T08:09:00,60/rbf1,24.0,22.0,10.5,24.0,22.0,10.5,True
Libre GL,2,002_2019-11-22T08:48:00,60/rbf1,66.0,66.0,10.5,66.0,66.0,10.5,True
Libre GL,2,002_2019-11-23T09:59:00,60/rbf1,66.0,22.0,42.0,66.0,22.0,10.5,False
Libre GL,5,005_2020-08-23T10:48:00,60/rbf1,66.0,22.0,10.5,66.0,22.0,42.0,False
Libre GL,5,005_2020-08-26T08:19:00,60/rbf1,24.0,22.0,10.5,66.0,22.0,42.0,False
Libre GL,5,005_2020-08-24T08:04:00,60/rbf1,66.0,66.0,10.5,66.0,22.0,42.0,False
Libre GL,5,005_2020-08-25T08:13:00,60/rbf1,66.0,22.0,42.0,66.0,22.0,42.0,True
Libre GL,6,006_2023-04-13T10:05:00,60/rbf1,66.0,22.0,10.5,66.0,22.0,42.0,False
Libre GL,6,006_2023-04-16T07:16:00,60/rbf1,24.0,22.0,10.5,24.0,22.0,10.5,True
Libre GL,6,006_2023-04-14T09:08:00,60/rbf1,66.0,66.0,10.5,24.0,22.0,10.5,False
Libre GL,6,006_2023-04-15T08:45:00,60/rbf1,66.0,22.0,42.0,66.0,22.0,42.0,True
Libre GL,8,008_2023-02-05T09:57:00,60/rbf1,66.0,22.0,10.5,66.0,22.0,42.0,False
Libre GL,8,008_2023-02-08T08:01:00,60/rbf1,24.0,22.0,10.5,24.0,22.0,10.5,True
Libre GL,8,008_2023-02-06T08:13:00,60/rbf1,66.0,66.0,10.5,66.0,22.0,10.5,False
Libre GL,8,008_2023-02-07T08:07:00,60/rbf1,66.0,22.0,42.0,66.0,22.0,42.0,True
Libre GL,9,009_2020-09-21T08:39:00,60/rbf1,66.0,22.0,10.5,66.0,22.0,10.5,True
Libre GL,9,009_2020-09-24T07:51:00,60/rbf1,24.0,22.0,10.5,24.0,22.0,10.5,True
Libre GL,9,009_2020-09-22T07:37:00,60/rbf1,66.0,66.0,10.5,24.0,22.0,10.5,False
Libre GL,9,009_2020-09-23T07:29:00,60/rbf1,66.0,22.0,42.0,24.0,22.0,10.5,False
Libre GL,10,010_2020-06-27T05:25:00,60/rbf1,66.0,22.0,10.5,66.0,66.0,10.5,False
Libre GL,10,010_2020-06-30T07:27:00,60/rbf1,24.0,22.0,10.5,24.0,22.0,10.5,True
Libre GL,10,010_2020-06-28T05:16:00,60/rbf1,66.0,66.0,10.5,66.0,22.0,42.0,False
Libre GL,10,010_2020-06-29T06:06:00,60/rbf1,66.0,22.0,42.0,66.0,22.0,42.0,True
Libre GL,14,014_2023-05-15T07:29:00,60/rbf1,66.0,22.0,10.5,66.0,22.0,10.5,True
Libre GL,14,014_2023-05-18T08:15:00,60/rbf1,24.0,22.0,10.5,24.0,22.0,10.5,True
Libre GL,14,014_2023-05-16T07:28:00,60/rbf1,66.0,66.0,10.5,24.0,22.0,10.5,False
Libre GL,14,014_2023-05-17T08:34:00,60/rbf1,66.0,22.0,42.0,66.0,22.0,42.0,True
Libre GL,17,017_2023-10-16T09:41:00,60/rbf1,66.0,22.0,10.5,66.0,22.0,42.0,False
Libre GL,17,017_2023-10-19T08:30:00,60/rbf1,24.0,22.0,10.5,24.0,22.0,10.5,True
Libre GL,17,017_2023-10-17T11:12:00,60/rbf1,66.0,66.0,10.5,66.0,22.0,10.5,False
Libre GL,17,017_2023-10-18T11:43:00,60/rbf1,66.0,22.0,42.0,66.0,22.0,42.0,True
Libre GL,27,027_2024-06-16T10:15:00,60/rbf1,66.0,22.0,10.5,24.0,22.0,10.5,False
Libre GL,27,027_2024-06-19T10:11:00,60/rbf1,24.0,22.0,10.5,24.0,22.0,10.5,True
Libre GL,27,027_2024-06-17T08:15:00,60/rbf1,66.0,66.0,10.5,24.0,22.0,10.5,False
Libre GL,27,027_2024-06-18T09:20:00,60/rbf1,66.0,22.0,42.0,24.0,22.0,10.5,False
Libre GL,31,031_2022-07-05T07:45:00,60/rbf1,66.0,22.0,10.5,66.0,66.0,10.5,False
Libre GL,31,031_2022-07-08T07:18:00,60/rbf1,24.0,22.0,10.5,24.0,22.0,10.5,True
Libre GL,31,031_2022-07-06T07:56:00,60/rbf1,66.0,66.0,10.5,66.0,66.0,10.5,True
Libre GL,31,031_2022-07-07T07:04:00,60/rbf1,66.0,22.0,42.0,66.0,22.0,42.0,True
Libre GL,32,032_2022-01-07T07:01:00,60/rbf1,66.0,22.0,10.5,66.0,22.0,42.0,False
Libre GL,32,032_2022-01-10T05:10:00,60/rbf1,24.0,22.0,10.5,66.0,22.0,42.0,False
Libre GL,32,032_2022-01-08T06:37:00,60/rbf1,66.0,66.0,10.5,66.0,22.0,42.0,False
Libre GL,32,032_2022-01-09T05:32:00,60/rbf1,66.0,22.0,42.0,66.0,22.0,42.0,True
Libre GL,34,034_2022-03-08T06:16:00,60/rbf1,66.0,22.0,10.5,24.0,22.0,10.5,False
Libre GL,34,034_2022-03-11T07:24:00,60/rbf1,24.0,22.0,10.5,66.0,66.0,10.5,False
Libre GL,34,034_2022-03-09T07:18:00,60/rbf1,66.0,66.0,10.5,66.0,66.0,10.5,True
Libre GL,34,034_2022-03-10T07:12:00,60/rbf1,66.0,22.0,42.0,24.0,22.0,10.5,False
Libre GL,35,035_2024-12-18T07:10:00,60/rbf1,66.0,22.0,10.5,66.0,22.0,42.0,False
Libre GL,35,035_2024-12-21T06:53:00,60/rbf1,24.0,22.0,10.5,66.0,22.0,42.0,False
Libre GL,35,035_2024-12-19T06:25:00,60/rbf1,66.0,66.0,10.5,66.0,22.0,42.0,False
Libre GL,35,035_2024-12-20T06:39:00,60/rbf1,66.0,22.0,42.0,66.0,22.0,42.0,True
Libre GL,36,036_2022-04-04T08:18:00,60/rbf1,66.0,22.0,10.5,66.0,22.0,10.5,True
Libre GL,36,036_2022-04-07T07:54:00,60/rbf1,24.0,22.0,10.5,66.0,22.0,10.5,False
Libre GL,36,036_2022-04-05T08:14:00,60/rbf1,66.0,66.0,10.5,66.0,22.0,42.0,False
Libre GL,36,036_2022-04-06T08:01:00,60/rbf1,66.0,22.0,42.0,66.0,22.0,42.0,True
Libre GL,38,038_2022-01-31T07:03:00,60/rbf1,66.0,22.0,10.5,66.0,22.0,10.5,True
Libre GL,38,038_2022-02-03T07:17:00,60/rbf1,24.0,22.0,10.5,24.0,22.0,10.5,True
Libre GL,38,038_2022-02-01T07:18:00,60/rbf1,66.0,66.0,10.5,24.0,22.0,10.5,False
Libre GL,38,038_2022-02-02T07:02:00,60/rbf1,66.0,22.0,42.0,24.0,22.0,10.5,False
Libre GL,41,041_2022-05-02T08:19:00,60/rbf1,66.0,22.0,10.5,66.0,66.0,10.5,False
Libre GL,41,041_2022-05-05T07:59:00,60/rbf1,24.0,22.0,10.5,24.0,22.0,10.5,True
Libre GL,41,041_2022-05-03T07:44:00,60/rbf1,66.0,66.0,10.5,24.0,22.0,10.5,False
Libre GL,41,041_2022-05-04T07:58:00,60/rbf1,66.0,22.0,42.0,66.0,66.0,10.5,False
Libre GL,42,042_2025-07-31T08:40:00,60/rbf1,66.0,22.0,10.5,66.0,22.0,42.0,False
Libre GL,42,042_2025-08-03T10:28:00,60/rbf1,24.0,22.0,10.5,66.0,66.0,10.5,False
Libre GL,42,042_2025-08-01T07:50:00,60/rbf1,66.0,66.0,10.5,66.0,66.0,10.5,True
Libre GL,42,042_2025-08-02T08:15:00,60/rbf1,66.0,22.0,42.0,66.0,22.0,42.0,True
Libre GL,43,043_2025-10-20T08:00:00,60/rbf1,66.0,22.0,10.5,66.0,22.0,10.5,True
Libre GL,43,043_2025-10-23T08:08:00,60/rbf1,24.0,22.0,10.5,24.0,22.0,10.5,True
Libre GL,43,043_2025-10-21T07:51:00,60/rbf1,66.0,66.0,10.5,66.0,66.0,10.5,True
Libre GL,43,043_2025-10-22T08:03:00,60/rbf1,66.0,22.0,42.0,66.0,22.0,42.0,True
Libre GL,44,044_2022-10-23T06:24:00,60/rbf1,66.0,22.0,10.5,66.0,22.0,42.0,False
Libre GL,44,044_2022-10-26T07:45:00,60/rbf1,24.0,22.0,10.5,66.0,66.0,10.5,False
Libre GL,44,044_2022-10-24T07:49:00,60/rbf1,66.0,66.0,10.5,66.0,22.0,42.0,False
Libre GL,44,044_2022-10-25T07:45:00,60/rbf1,66.0,22.0,42.0,24.0,22.0,10.5,False
Libre GL,45,045_2025-03-31T08:56:00,60/rbf1,66.0,22.0,10.5,66.0,22.0,10.5,True
Libre GL,45,045_2025-04-03T08:46:00,60/rbf1,24.0,22.0,10.5,24.0,22.0,10.5,True
Libre GL,45,045_2025-04-01T09:05:00,60/rbf1,66.0,66.0,10.5,66.0,22.0,42.0,False
Libre GL,45,045_2025-04-02T09:40:00,60/rbf1,66.0,22.0,42.0,66.0,22.0,10.5,False
Libre GL,49,049_2025-05-17T07:11:00,60/rbf1,66.0,22.0,10.5,66.0,22.0,10.5,True
Libre GL,49,049_2025-05-20T07:06:00,60/rbf1,24.0,22.0,10.5,24.0,22.0,10.5,True
Libre GL,49,049_2025-05-18T08:59:00,60/rbf1,66.0,66.0,10.5,66.0,22.0,10.5,False
Libre GL,49,049_2025-05-19T07:06:00,60/rbf1,66.0,22.0,42.0,66.0,22.0,10.5,False
Libre GL,1,001_2020-05-07T10:07:00,60/rbf10,66.0,22.0,10.5,66.0,22.0,10.5,True
Libre GL,1,001_2020-05-10T09:27:00,60/rbf10,24.0,22.0,10.5,66.0,22.0,10.5,False
Libre GL,1,001_2020-05-08T09:58:00,60/rbf10,66.0,66.0,10.5,66.0,22.0,10.5,False
Libre GL,1,001_2020-05-09T09:35:00,60/rbf10,66.0,22.0,42.0,66.0,22.0,10.5,False
Libre GL,2,002_2019-11-21T09:55:00,60/rbf10,66.0,22.0,10.5,66.0,22.0,10.5,True
Libre GL,2,002_2019-11-24T08:09:00,60/rbf10,24.0,22.0,10.5,66.0,22.0,42.0,False
Libre GL,2,002_2019-11-22T08:48:00,60/rbf10,66.0,66.0,10.5,66.0,66.0,10.5,True
Libre GL,2,002_2019-11-23T09:59:00,60/rbf10,66.0,22.0,42.0,66.0,22.0,10.5,False
Libre GL,5,005_2020-08-23T10:48:00,60/rbf10,66.0,22.0,10.5,66.0,22.0,42.0,False
Libre GL,5,005_2020-08-26T08:19:00,60/rbf10,24.0,22.0,10.5,66.0,22.0,10.5,False
Libre GL,5,005_2020-08-24T08:04:00,60/rbf10,66.0,66.0,10.5,66.0,22.0,10.5,False
Libre GL,5,005_2020-08-25T08:13:00,60/rbf10,66.0,22.0,42.0,66.0,22.0,42.0,True
Libre GL,6,006_2023-04-13T10:05:00,60/rbf10,66.0,22.0,10.5,66.0,22.0,10.5,True
Libre GL,6,006_2023-04-16T07:16:00,60/rbf10,24.0,22.0,10.5,24.0,22.0,10.5,True
Libre GL,6,006_2023-04-14T09:08:00,60/rbf10,66.0,66.0,10.5,24.0,22.0,10.5,False
Libre GL,6,006_2023-04-15T08:45:00,60/rbf10,66.0,22.0,42.0,66.0,22.0,42.0,True
Libre GL,8,008_2023-02-05T09:57:00,60/rbf10,66.0,22.0,10.5,66.0,22.0,10.5,True
Libre GL,8,008_2023-02-08T08:01:00,60/rbf10,24.0,22.0,10.5,66.0,22.0,10.5,False
Libre GL,8,008_2023-02-06T08:13:00,60/rbf10,66.0,66.0,10.5,66.0,22.0,10.5,False
Libre GL,8,008_2023-02-07T08:07:00,60/rbf10,66.0,22.0,42.0,66.0,66.0,10.5,False
Libre GL,9,009_2020-09-21T08:39:00,60/rbf10,66.0,22.0,10.5,66.0,22.0,10.5,True
Libre GL,9,009_2020-09-24T07:51:00,60/rbf10,24.0,22.0,10.5,24.0,22.0,10.5,True
Libre GL,9,009_2020-09-22T07:37:00,60/rbf10,66.0,66.0,10.5,66.0,66.0,10.5,True
Libre GL,9,009_2020-09-23T07:29:00,60/rbf10,66.0,22.0,42.0,24.0,22.0,10.5,False
Libre GL,10,010_2020-06-27T05:25:00,60/rbf10,66.0,22.0,10.5,66.0,22.0,10.5,True
Libre GL,10,010_2020-06-30T07:27:00,60/rbf10,24.0,22.0,10.5,66.0,66.0,10.5,False
Libre GL,10,010_2020-06-28T05:16:00,60/rbf10,66.0,66.0,10.5,66.0,22.0,42.0,False
Libre GL,10,010_2020-06-29T06:06:00,60/rbf10,66.0,22.0,42.0,66.0,22.0,42.0,True
Libre GL,14,014_2023-05-15T07:29:00,60/rbf10,66.0,22.0,10.5,66.0,22.0,10.5,True
Libre GL,14,014_2023-05-18T08:15:00,60/rbf10,24.0,22.0,10.5,24.0,22.0,10.5,True
Libre GL,14,014_2023-05-16T07:28:00,60/rbf10,66.0,66.0,10.5,24.0,22.0,10.5,False
Libre GL,14,014_2023-05-17T08:34:00,60/rbf10,66.0,22.0,42.0,66.0,22.0,42.0,True
Libre GL,17,017_2023-10-16T09:41:00,60/rbf10,66.0,22.0,10.5,66.0,22.0,42.0,False
Libre GL,17,017_2023-10-19T08:30:00,60/rbf10,24.0,22.0,10.5,66.0,66.0,10.5,False
Libre GL,17,017_2023-10-17T11:12:00,60/rbf10,66.0,66.0,10.5,66.0,22.0,10.5,False
Libre GL,17,017_2023-10-18T11:43:00,60/rbf10,66.0,22.0,42.0,66.0,22.0,10.5,False
Libre GL,27,027_2024-06-16T10:15:00,60/rbf10,66.0,22.0,10.5,24.0,22.0,10.5,False
Libre GL,27,027_2024-06-19T10:11:00,60/rbf10,24.0,22.0,10.5,24.0,22.0,10.5,True
Libre GL,27,027_2024-06-17T08:15:00,60/rbf10,66.0,66.0,10.5,24.0,22.0,10.5,False
Libre GL,27,027_2024-06-18T09:20:00,60/rbf10,66.0,22.0,42.0,24.0,22.0,10.5,False
Libre GL,31,031_2022-07-05T07:45:00,60/rbf10,66.0,22.0,10.5,66.0,66.0,10.5,False
Libre GL,31,031_2022-07-08T07:18:00,60/rbf10,24.0,22.0,10.5,24.0,22.0,10.5,True
Libre GL,31,031_2022-07-06T07:56:00,60/rbf10,66.0,66.0,10.5,66.0,66.0,10.5,True
Libre GL,31,031_2022-07-07T07:04:00,60/rbf10,66.0,22.0,42.0,66.0,22.0,10.5,False
Libre GL,32,032_2022-01-07T07:01:00,60/rbf10,66.0,22.0,10.5,66.0,22.0,10.5,True
Libre GL,32,032_2022-01-10T05:10:00,60/rbf10,24.0,22.0,10.5,66.0,22.0,10.5,False
Libre GL,32,032_2022-01-08T06:37:00,60/rbf10,66.0,66.0,10.5,66.0,22.0,10.5,False
Libre GL,32,032_2022-01-09T05:32:00,60/rbf10,66.0,22.0,42.0,66.0,22.0,10.5,False
Libre GL,34,034_2022-03-08T06:16:00,60/rbf10,66.0,22.0,10.5,24.0,22.0,10.5,False
Libre GL,34,034_2022-03-11T07:24:00,60/rbf10,24.0,22.0,10.5,66.0,66.0,10.5,False
Libre GL,34,034_2022-03-09T07:18:00,60/rbf10,66.0,66.0,10.5,66.0,66.0,10.5,True
Libre GL,34,034_2022-03-10T07:12:00,60/rbf10,66.0,22.0,42.0,24.0,22.0,10.5,False
Libre GL,35,035_2024-12-18T07:10:00,60/rbf10,66.0,22.0,10.5,66.0,22.0,42.0,False
Libre GL,35,035_2024-12-21T06:53:00,60/rbf10,24.0,22.0,10.5,66.0,22.0,42.0,False
Libre GL,35,035_2024-12-19T06:25:00,60/rbf10,66.0,66.0,10.5,66.0,22.0,42.0,False
Libre GL,35,035_2024-12-20T06:39:00,60/rbf10,66.0,22.0,42.0,66.0,22.0,42.0,True
Libre GL,36,036_2022-04-04T08:18:00,60/rbf10,66.0,22.0,10.5,66.0,22.0,10.5,True
Libre GL,36,036_2022-04-07T07:54:00,60/rbf10,24.0,22.0,10.5,66.0,22.0,10.5,False
Libre GL,36,036_2022-04-05T08:14:00,60/rbf10,66.0,66.0,10.5,66.0,22.0,42.0,False
Libre GL,36,036_2022-04-06T08:01:00,60/rbf10,66.0,22.0,42.0,66.0,22.0,42.0,True
Libre GL,38,038_2022-01-31T07:03:00,60/rbf10,66.0,22.0,10.5,66.0,22.0,10.5,True
Libre GL,38,038_2022-02-03T07:17:00,60/rbf10,24.0,22.0,10.5,24.0,22.0,10.5,True
Libre GL,38,038_2022-02-01T07:18:00,60/rbf10,66.0,66.0,10.5,24.0,22.0,10.5,False
Libre GL,38,038_2022-02-02T07:02:00,60/rbf10,66.0,22.0,42.0,24.0,22.0,10.5,False
Libre GL,41,041_2022-05-02T08:19:00,60/rbf10,66.0,22.0,10.5,66.0,66.0,10.5,False
Libre GL,41,041_2022-05-05T07:59:00,60/rbf10,24.0,22.0,10.5,24.0,22.0,10.5,True
Libre GL,41,041_2022-05-03T07:44:00,60/rbf10,66.0,66.0,10.5,24.0,22.0,10.5,False
Libre GL,41,041_2022-05-04T07:58:00,60/rbf10,66.0,22.0,42.0,66.0,66.0,10.5,False
Libre GL,42,042_2025-07-31T08:40:00,60/rbf10,66.0,22.0,10.5,66.0,22.0,42.0,False
Libre GL,42,042_2025-08-03T10:28:00,60/rbf10,24.0,22.0,10.5,66.0,22.0,42.0,False
Libre GL,42,042_2025-08-01T07:50:00,60/rbf10,66.0,66.0,10.5,66.0,66.0,10.5,True
Libre GL,42,042_2025-08-02T08:15:00,60/rbf10,66.0,22.0,42.0,66.0,22.0,42.0,True
Libre GL,43,043_2025-10-20T08:00:00,60/rbf10,66.0,22.0,10.5,66.0,22.0,10.5,True
Libre GL,43,043_2025-10-23T08:08:00,60/rbf10,24.0,22.0,10.5,24.0,22.0,10.5,True
Libre GL,43,043_2025-10-21T07:51:00,60/rbf10,66.0,66.0,10.5,66.0,66.0,10.5,True
Libre GL,43,043_2025-10-22T08:03:00,60/rbf10,66.0,22.0,42.0,66.0,22.0,42.0,True
Libre GL,44,044_2022-10-23T06:24:00,60/rbf10,66.0,22.0,10.5,66.0,66.0,10.5,False
Libre GL,44,044_2022-10-26T07:45:00,60/rbf10,24.0,22.0,10.5,66.0,66.0,10.5,False
Libre GL,44,044_2022-10-24T07:49:00,60/rbf10,66.0,66.0,10.5,66.0,22.0,42.0,False
Libre GL,44,044_2022-10-25T07:45:00,60/rbf10,66.0,22.0,42.0,24.0,22.0,10.5,False
Libre GL,45,045_2025-03-31T08:56:00,60/rbf10,66.0,22.0,10.5,66.0,22.0,10.5,True
Libre GL,45,045_2025-04-03T08:46:00,60/rbf10,24.0,22.0,10.5,24.0,22.0,10.5,True
Libre GL,45,045_2025-04-01T09:05:00,60/rbf10,66.0,66.0,10.5,66.0,22.0,42.0,False
Libre GL,45,045_2025-04-02T09:40:00,60/rbf10,66.0,22.0,42.0,66.0,66.0,10.5,False
Libre GL,49,049_2025-05-17T07:11:00,60/rbf10,66.0,22.0,10.5,66.0,22.0,10.5,True
Libre GL,49,049_2025-05-20T07:06:00,60/rbf10,24.0,22.0,10.5,24.0,22.0,10.5,True
Libre GL,49,049_2025-05-18T08:59:00,60/rbf10,66.0,66.0,10.5,66.0,22.0,10.5,False
Libre GL,49,049_2025-05-19T07:06:00,60/rbf10,66.0,22.0,42.0,66.0,22.0,10.5,False
Libre GL,1,001_2020-05-07T10:07:00,60/lda,66.0,22.0,10.5,66.0,22.0,10.5,True
Libre GL,1,001_2020-05-10T09:27:00,60/lda,24.0,22.0,10.5,66.0,22.0,42.0,False
Libre GL,1,001_2020-05-08T09:58:00,60/lda,66.0,66.0,10.5,24.0,22.0,10.5,False
Libre GL,1,001_2020-05-09T09:35:00,60/lda,66.0,22.0,42.0,66.0,66.0,10.5,False
Libre GL,2,002_2019-11-21T09:55:00,60/lda,66.0,22.0,10.5,66.0,22.0,10.5,True
Libre GL,2,002_2019-11-24T08:09:00,60/lda,24.0,22.0,10.5,66.0,66.0,10.5,False
Libre GL,2,002_2019-11-22T08:48:00,60/lda,66.0,66.0,10.5,66.0,22.0,10.5,False
Libre GL,2,002_2019-11-23T09:59:00,60/lda,66.0,22.0,42.0,66.0,22.0,10.5,False
Libre GL,5,005_2020-08-23T10:48:00,60/lda,66.0,22.0,10.5,66.0,22.0,42.0,False
Libre GL,5,005_2020-08-26T08:19:00,60/lda,24.0,22.0,10.5,66.0,22.0,42.0,False
Libre GL,5,005_2020-08-24T08:04:00,60/lda,66.0,66.0,10.5,66.0,22.0,10.5,False
Libre GL,5,005_2020-08-25T08:13:00,60/lda,66.0,22.0,42.0,66.0,22.0,42.0,True
Libre GL,6,006_2023-04-13T10:05:00,60/lda,66.0,22.0,10.5,24.0,22.0,10.5,False
Libre GL,6,006_2023-04-16T07:16:00,60/lda,24.0,22.0,10.5,24.0,22.0,10.5,True
Libre GL,6,006_2023-04-14T09:08:00,60/lda,66.0,66.0,10.5,24.0,22.0,10.5,False
Libre GL,6,006_2023-04-15T08:45:00,60/lda,66.0,22.0,42.0,66.0,66.0,10.5,False
Libre GL,8,008_2023-02-05T09:57:00,60/lda,66.0,22.0,10.5,66.0,22.0,10.5,True
Libre GL,8,008_2023-02-08T08:01:00,60/lda,24.0,22.0,10.5,66.0,22.0,10.5,False
Libre GL,8,008_2023-02-06T08:13:00,60/lda,66.0,66.0,10.5,66.0,22.0,10.5,False
Libre GL,8,008_2023-02-07T08:07:00,60/lda,66.0,22.0,42.0,66.0,22.0,10.5,False
Libre GL,9,009_2020-09-21T08:39:00,60/lda,66.0,22.0,10.5,66.0,22.0,10.5,True
Libre GL,9,009_2020-09-24T07:51:00,60/lda,24.0,22.0,10.5,24.0,22.0,10.5,True
Libre GL,9,009_2020-09-22T07:37:00,60/lda,66.0,66.0,10.5,24.0,22.0,10.5,False
Libre GL,9,009_2020-09-23T07:29:00,60/lda,66.0,22.0,42.0,24.0,22.0,10.5,False
Libre GL,10,010_2020-06-27T05:25:00,60/lda,66.0,22.0,10.5,66.0,66.0,10.5,False
Libre GL,10,010_2020-06-30T07:27:00,60/lda,24.0,22.0,10.5,66.0,66.0,10.5,False
Libre GL,10,010_2020-06-28T05:16:00,60/lda,66.0,66.0,10.5,66.0,22.0,42.0,False
Libre GL,10,010_2020-06-29T06:06:00,60/lda,66.0,22.0,42.0,66.0,22.0,42.0,True
Libre GL,14,014_2023-05-15T07:29:00,60/lda,66.0,22.0,10.5,66.0,22.0,42.0,False
Libre GL,14,014_2023-05-18T08:15:00,60/lda,24.0,22.0,10.5,24.0,22.0,10.5,True
Libre GL,14,014_2023-05-16T07:28:00,60/lda,66.0,66.0,10.5,66.0,22.0,42.0,False
Libre GL,14,014_2023-05-17T08:34:00,60/lda,66.0,22.0,42.0,66.0,66.0,10.5,False
Libre GL,17,017_2023-10-16T09:41:00,60/lda,66.0,22.0,10.5,66.0,22.0,42.0,False
Libre GL,17,017_2023-10-19T08:30:00,60/lda,24.0,22.0,10.5,66.0,66.0,10.5,False
Libre GL,17,017_2023-10-17T11:12:00,60/lda,66.0,66.0,10.5,66.0,22.0,10.5,False
Libre GL,17,017_2023-10-18T11:43:00,60/lda,66.0,22.0,42.0,66.0,22.0,10.5,False
Libre GL,27,027_2024-06-16T10:15:00,60/lda,66.0,22.0,10.5,24.0,22.0,10.5,False
Libre GL,27,027_2024-06-19T10:11:00,60/lda,24.0,22.0,10.5,24.0,22.0,10.5,True
Libre GL,27,027_2024-06-17T08:15:00,60/lda,66.0,66.0,10.5,24.0,22.0,10.5,False
Libre GL,27,027_2024-06-18T09:20:00,60/lda,66.0,22.0,42.0,24.0,22.0,10.5,False
Libre GL,31,031_2022-07-05T07:45:00,60/lda,66.0,22.0,10.5,24.0,22.0,10.5,False
Libre GL,31,031_2022-07-08T07:18:00,60/lda,24.0,22.0,10.5,24.0,22.0,10.5,True
Libre GL,31,031_2022-07-06T07:56:00,60/lda,66.0,66.0,10.5,66.0,66.0,10.5,True
Libre GL,31,031_2022-07-07T07:04:00,60/lda,66.0,22.0,42.0,66.0,22.0,42.0,True
Libre GL,32,032_2022-01-07T07:01:00,60/lda,66.0,22.0,10.5,66.0,66.0,10.5,False
Libre GL,32,032_2022-01-10T05:10:00,60/lda,24.0,22.0,10.5,66.0,22.0,42.0,False
Libre GL,32,032_2022-01-08T06:37:00,60/lda,66.0,66.0,10.5,66.0,22.0,42.0,False
Libre GL,32,032_2022-01-09T05:32:00,60/lda,66.0,22.0,42.0,66.0,22.0,42.0,True
Libre GL,34,034_2022-03-08T06:16:00,60/lda,66.0,22.0,10.5,24.0,22.0,10.5,False
Libre GL,34,034_2022-03-11T07:24:00,60/lda,24.0,22.0,10.5,24.0,22.0,10.5,True
Libre GL,34,034_2022-03-09T07:18:00,60/lda,66.0,66.0,10.5,24.0,22.0,10.5,False
Libre GL,34,034_2022-03-10T07:12:00,60/lda,66.0,22.0,42.0,24.0,22.0,10.5,False
Libre GL,35,035_2024-12-18T07:10:00,60/lda,66.0,22.0,10.5,66.0,22.0,42.0,False
Libre GL,35,035_2024-12-21T06:53:00,60/lda,24.0,22.0,10.5,66.0,22.0,42.0,False
Libre GL,35,035_2024-12-19T06:25:00,60/lda,66.0,66.0,10.5,66.0,22.0,42.0,False
Libre GL,35,035_2024-12-20T06:39:00,60/lda,66.0,22.0,42.0,66.0,22.0,42.0,True
Libre GL,36,036_2022-04-04T08:18:00,60/lda,66.0,22.0,10.5,66.0,22.0,10.5,True
Libre GL,36,036_2022-04-07T07:54:00,60/lda,24.0,22.0,10.5,66.0,66.0,10.5,False
Libre GL,36,036_2022-04-05T08:14:00,60/lda,66.0,66.0,10.5,66.0,22.0,42.0,False
Libre GL,36,036_2022-04-06T08:01:00,60/lda,66.0,22.0,42.0,66.0,22.0,10.5,False
Libre GL,38,038_2022-01-31T07:03:00,60/lda,66.0,22.0,10.5,66.0,22.0,10.5,True
Libre GL,38,038_2022-02-03T07:17:00,60/lda,24.0,22.0,10.5,24.0,22.0,10.5,True
Libre GL,38,038_2022-02-01T07:18:00,60/lda,66.0,66.0,10.5,24.0,22.0,10.5,False
Libre GL,38,038_2022-02-02T07:02:00,60/lda,66.0,22.0,42.0,24.0,22.0,10.5,False
Libre GL,41,041_2022-05-02T08:19:00,60/lda,66.0,22.0,10.5,24.0,22.0,10.5,False
Libre GL,41,041_2022-05-05T07:59:00,60/lda,24.0,22.0,10.5,24.0,22.0,10.5,True
Libre GL,41,041_2022-05-03T07:44:00,60/lda,66.0,66.0,10.5,24.0,22.0,10.5,False
Libre GL,41,041_2022-05-04T07:58:00,60/lda,66.0,22.0,42.0,24.0,22.0,10.5,False
Libre GL,42,042_2025-07-31T08:40:00,60/lda,66.0,22.0,10.5,66.0,66.0,10.5,False
Libre GL,42,042_2025-08-03T10:28:00,60/lda,24.0,22.0,10.5,66.0,66.0,10.5,False
Libre GL,42,042_2025-08-01T07:50:00,60/lda,66.0,66.0,10.5,66.0,22.0,10.5,False
Libre GL,42,042_2025-08-02T08:15:00,60/lda,66.0,22.0,42.0,66.0,66.0,10.5,False
Libre GL,43,043_2025-10-20T08:00:00,60/lda,66.0,22.0,10.5,66.0,66.0,10.5,False
Libre GL,43,043_2025-10-23T08:08:00,60/lda,24.0,22.0,10.5,24.0,22.0,10.5,True
Libre GL,43,043_2025-10-21T07:51:00,60/lda,66.0,66.0,10.5,66.0,66.0,10.5,True
Libre GL,43,043_2025-10-22T08:03:00,60/lda,66.0,22.0,42.0,66.0,66.0,10.5,False
Libre GL,44,044_2022-10-23T06:24:00,60/lda,66.0,22.0,10.5,66.0,22.0,42.0,False
Libre GL,44,044_2022-10-26T07:45:00,60/lda,24.0,22.0,10.5,66.0,22.0,42.0,False
Libre GL,44,044_2022-10-24T07:49:00,60/lda,66.0,66.0,10.5,66.0,22.0,42.0,False
Libre GL,44,044_2022-10-25T07:45:00,60/lda,66.0,22.0,42.0,24.0,22.0,10.5,False
Libre GL,45,045_2025-03-31T08:56:00,60/lda,66.0,22.0,10.5,66.0,22.0,10.5,True
Libre GL,45,045_2025-04-03T08:46:00,60/lda,24.0,22.0,10.5,24.0,22.0,10.5,True
Libre GL,45,045_2025-04-01T09:05:00,60/lda,66.0,66.0,10.5,66.0,22.0,10.5,False
Libre GL,45,045_2025-04-02T09:40:00,60/lda,66.0,22.0,42.0,66.0,22.0,10.5,False
Libre GL,49,049_2025-05-17T07:11:00,60/lda,66.0,22.0,10.5,66.0,66.0,10.5,False
Libre GL,49,049_2025-05-20T07:06:00,60/lda,24.0,22.0,10.5,24.0,22.0,10.5,True
Libre GL,49,049_2025-05-18T08:59:00,60/lda,66.0,66.0,10.5,66.0,22.0,10.5,False
Libre GL,49,049_2025-05-19T07:06:00,60/lda,66.0,22.0,42.0,66.0,22.0,10.5,False
Libre GL,1,001_2020-05-07T10:07:00,60/tree,66.0,22.0,10.5,24.0,22.0,10.5,False
Libre GL,1,001_2020-05-10T09:27:00,60/tree,24.0,22.0,10.5,24.0,22.0,10.5,True
Libre GL,1,001_2020-05-08T09:58:00,60/tree,66.0,66.0,10.5,24.0,22.0,10.5,False
Libre GL,1,001_2020-05-09T09:35:00,60/tree,66.0,22.0,42.0,24.0,22.0,10.5,False
Libre GL,2,002_2019-11-21T09:55:00,60/tree,66.0,22.0,10.5,66.0,22.0,10.5,True
Libre GL,2,002_2019-11-24T08:09:00,60/tree,24.0,22.0,10.5,24.0,22.0,10.5,True
Libre GL,2,002_2019-11-22T08:48:00,60/tree,66.0,66.0,10.5,66.0,66.0,10.5,True
Libre GL,2,002_2019-11-23T09:59:00,60/tree,66.0,22.0,42.0,66.0,22.0,10.5,False
Libre GL,5,005_2020-08-23T10:48:00,60/tree,66.0,22.0,10.5,66.0,22.0,42.0,False
Libre GL,5,005_2020-08-26T08:19:00,60/tree,24.0,22.0,10.5,66.0,22.0,10.5,False
Libre GL,5,005_2020-08-24T08:04:00,60/tree,66.0,66.0,10.5,66.0,22.0,10.5,False
Libre GL,5,005_2020-08-25T08:13:00,60/tree,66.0,22.0,42.0,66.0,22.0,42.0,True
Libre GL,6,006_2023-04-13T10:05:00,60/tree,66.0,22.0,10.5,66.0,66.0,10.5,False
Libre GL,6,006_2023-04-16T07:16:00,60/tree,24.0,22.0,10.5,24.0,22.0,10.5,True
Libre GL,6,006_2023-04-14T09:08:00,60/tree,66.0,66.0,10.5,24.0,22.0,10.5,False
Libre GL,6,006_2023-04-15T08:45:00,60/tree,66.0,22.0,42.0,66.0,22.0,42.0,True
Libre GL,8,008_2023-02-05T09:57:00,60/tree,66.0,22.0,10.5,66.0,22.0,42.0,False
Libre GL,8,008_2023-02-08T08:01:00,60/tree,24.0,22.0,10.5,66.0,22.0,10.5,False
Libre GL,8,008_2023-02-06T08:13:00,60/tree,66.0,66.0,10.5,66.0,66.0,10.5,True
Libre GL,8,008_2023-02-07T08:07:00,60/tree,66.0,22.0,42.0,66.0,22.0,42.0,True
Libre GL,9,009_2020-09-21T08:39:00,60/tree,66.0,22.0,10.5,66.0,22.0,42.0,False
Libre GL,9,009_2020-09-24T07:51:00,60/tree,24.0,22.0,10.5,24.0,22.0,10.5,True
Libre GL,9,009_2020-09-22T07:37:00,60/tree,66.0,66.0,10.5,24.0,22.0,10.5,False
Libre GL,9,009_2020-09-23T07:29:00,60/tree,66.0,22.0,42.0,24.0,22.0,10.5,False
Libre GL,10,010_2020-06-27T05:25:00,60/tree,66.0,22.0,10.5,66.0,22.0,42.0,False
Libre GL,10,010_2020-06-30T07:27:00,60/tree,24.0,22.0,10.5,24.0,22.0,10.5,True
Libre GL,10,010_2020-06-28T05:16:00,60/tree,66.0,66.0,10.5,66.0,22.0,42.0,False
Libre GL,10,010_2020-06-29T06:06:00,60/tree,66.0,22.0,42.0,66.0,22.0,42.0,True
Libre GL,14,014_2023-05-15T07:29:00,60/tree,66.0,22.0,10.5,66.0,22.0,10.5,True
Libre GL,14,014_2023-05-18T08:15:00,60/tree,24.0,22.0,10.5,24.0,22.0,10.5,True
Libre GL,14,014_2023-05-16T07:28:00,60/tree,66.0,66.0,10.5,24.0,22.0,10.5,False
Libre GL,14,014_2023-05-17T08:34:00,60/tree,66.0,22.0,42.0,66.0,22.0,42.0,True
Libre GL,17,017_2023-10-16T09:41:00,60/tree,66.0,22.0,10.5,66.0,22.0,42.0,False
Libre GL,17,017_2023-10-19T08:30:00,60/tree,24.0,22.0,10.5,24.0,22.0,10.5,True
Libre GL,17,017_2023-10-17T11:12:00,60/tree,66.0,66.0,10.5,66.0,66.0,10.5,True
Libre GL,17,017_2023-10-18T11:43:00,60/tree,66.0,22.0,42.0,66.0,22.0,42.0,True
Libre GL,27,027_2024-06-16T10:15:00,60/tree,66.0,22.0,10.5,24.0,22.0,10.5,False
Libre GL,27,027_2024-06-19T10:11:00,60/tree,24.0,22.0,10.5,24.0,22.0,10.5,True
Libre GL,27,027_2024-06-17T08:15:00,60/tree,66.0,66.0,10.5,24.0,22.0,10.5,False
Libre GL,27,027_2024-06-18T09:20:00,60/tree,66.0,22.0,42.0,24.0,22.0,10.5,False
Libre GL,31,031_2022-07-05T07:45:00,60/tree,66.0,22.0,10.5,66.0,66.0,10.5,False
Libre GL,31,031_2022-07-08T07:18:00,60/tree,24.0,22.0,10.5,24.0,22.0,10.5,True
Libre GL,31,031_2022-07-06T07:56:00,60/tree,66.0,66.0,10.5,24.0,22.0,10.5,False
Libre GL,31,031_2022-07-07T07:04:00,60/tree,66.0,22.0,42.0,24.0,22.0,10.5,False
Libre GL,32,032_2022-01-07T07:01:00,60/tree,66.0,22.0,10.5,66.0,66.0,10.5,False
Libre GL,32,032_2022-01-10T05:10:00,60/tree,24.0,22.0,10.5,66.0,66.0,10.5,False
Libre GL,32,032_2022-01-08T06:37:00,60/tree,66.0,66.0,10.5,66.0,22.0,42.0,False
Libre GL,32,032_2022-01-09T05:32:00,60/tree,66.0,22.0,42.0,66.0,22.0,42.0,True
Libre GL,34,034_2022-03-08T06:16:00,60/tree,66.0,22.0,10.5,24.0,22.0,10.5,False
Libre GL,34,034_2022-03-11T07:24:00,60/tree,24.0,22.0,10.5,24.0,22.0,10.5,True
Libre GL,34,034_2022-03-09T07:18:00,60/tree,66.0,66.0,10.5,66.0,66.0,10.5,True
Libre GL,34,034_2022-03-10T07:12:00,60/tree,66.0,22.0,42.0,24.0,22.0,10.5,False
Libre GL,35,035_2024-12-18T07:10:00,60/tree,66.0,22.0,10.5,66.0,22.0,42.0,False
Libre GL,35,035_2024-12-21T06:53:00,60/tree,24.0,22.0,10.5,66.0,22.0,42.0,False
Libre GL,35,035_2024-12-19T06:25:00,60/tree,66.0,66.0,10.5,66.0,22.0,42.0,False
Libre GL,35,035_2024-12-20T06:39:00,60/tree,66.0,22.0,42.0,66.0,22.0,10.5,False
Libre GL,36,036_2022-04-04T08:18:00,60/tree,66.0,22.0,10.5,66.0,22.0,10.5,True
Libre GL,36,036_2022-04-07T07:54:00,60/tree,24.0,22.0,10.5,66.0,22.0,10.5,False
Libre GL,36,036_2022-04-05T08:14:00,60/tree,66.0,66.0,10.5,66.0,22.0,42.0,False
Libre GL,36,036_2022-04-06T08:01:00,60/tree,66.0,22.0,42.0,66.0,22.0,42.0,True
Libre GL,38,038_2022-01-31T07:03:00,60/tree,66.0,22.0,10.5,66.0,22.0,10.5,True
Libre GL,38,038_2022-02-03T07:17:00,60/tree,24.0,22.0,10.5,24.0,22.0,10.5,True
Libre GL,38,038_2022-02-01T07:18:00,60/tree,66.0,66.0,10.5,24.0,22.0,10.5,False
Libre GL,38,038_2022-02-02T07:02:00,60/tree,66.0,22.0,42.0,24.0,22.0,10.5,False
Libre GL,41,041_2022-05-02T08:19:00,60/tree,66.0,22.0,10.5,66.0,66.0,10.5,False
Libre GL,41,041_2022-05-05T07:59:00,60/tree,24.0,22.0,10.5,24.0,22.0,10.5,True
Libre GL,41,041_2022-05-03T07:44:00,60/tree,66.0,66.0,10.5,24.0,22.0,10.5,False
Libre GL,41,041_2022-05-04T07:58:00,60/tree,66.0,22.0,42.0,66.0,22.0,42.0,True
Libre GL,42,042_2025-07-31T08:40:00,60/tree,66.0,22.0,10.5,66.0,22.0,42.0,False
Libre GL,42,042_2025-08-03T10:28:00,60/tree,24.0,22.0,10.5,66.0,66.0,10.5,False
Libre GL,42,042_2025-08-01T07:50:00,60/tree,66.0,66.0,10.5,66.0,22.0,10.5,False
Libre GL,42,042_2025-08-02T08:15:00,60/tree,66.0,22.0,42.0,66.0,22.0,42.0,True
Libre GL,43,043_2025-10-20T08:00:00,60/tree,66.0,22.0,10.5,66.0,22.0,10.5,True
Libre GL,43,043_2025-10-23T08:08:00,60/tree,24.0,22.0,10.5,24.0,22.0,10.5,True
Libre GL,43,043_2025-10-21T07:51:00,60/tree,66.0,66.0,10.5,66.0,66.0,10.5,True
Libre GL,43,043_2025-10-22T08:03:00,60/tree,66.0,22.0,42.0,66.0,22.0,42.0,True
Libre GL,44,044_2022-10-23T06:24:00,60/tree,66.0,22.0,10.5,66.0,22.0,42.0,False
Libre GL,44,044_2022-10-26T07:45:00,60/tree,24.0,22.0,10.5,66.0,22.0,42.0,False
Libre GL,44,044_2022-10-24T07:49:00,60/tree,66.0,66.0,10.5,66.0,22.0,42.0,False
Libre GL,44,044_2022-10-25T07:45:00,60/tree,66.0,22.0,42.0,24.0,22.0,10.5,False
Libre GL,45,045_2025-03-31T08:56:00,60/tree,66.0,22.0,10.5,66.0,22.0,10.5,True
Libre GL,45,045_2025-04-03T08:46:00,60/tree,24.0,22.0,10.5,24.0,22.0,10.5,True
Libre GL,45,045_2025-04-01T09:05:00,60/tree,66.0,66.0,10.5,66.0,22.0,10.5,False
Libre GL,45,045_2025-04-02T09:40:00,60/tree,66.0,22.0,42.0,66.0,22.0,10.5,False
Libre GL,49,049_2025-05-17T07:11:00,60/tree,66.0,22.0,10.5,24.0,22.0,10.5,False
Libre GL,49,049_2025-05-20T07:06:00,60/tree,24.0,22.0,10.5,24.0,22.0,10.5,True
Libre GL,49,049_2025-05-18T08:59:00,60/tree,66.0,66.0,10.5,66.0,22.0,10.5,False
Libre GL,49,049_2025-05-19T07:06:00,60/tree,66.0,22.0,42.0,66.0,22.0,10.5,False
Libre GL,1,001_2020-05-07T10:07:00,360/rbf0.1,66.0,22.0,10.5,66.0,22.0,42.0,False
Libre GL,1,001_2020-05-10T09:27:00,360/rbf0.1,24.0,22.0,10.5,66.0,22.0,42.0,False
Libre GL,1,001_2020-05-08T09:58:00,360/rbf0.1,66.0,66.0,10.5,24.0,22.0,10.5,False
Libre GL,1,001_2020-05-09T09:35:00,360/rbf0.1,66.0,22.0,42.0,66.0,22.0,10.5,False
Libre GL,2,002_2019-11-21T09:55:00,360/rbf0.1,66.0,22.0,10.5,66.0,22.0,10.5,True
Libre GL,2,002_2019-11-24T08:09:00,360/rbf0.1,24.0,22.0,10.5,24.0,22.0,10.5,True
Libre GL,2,002_2019-11-22T08:48:00,360/rbf0.1,66.0,66.0,10.5,24.0,22.0,10.5,False
Libre GL,2,002_2019-11-23T09:59:00,360/rbf0.1,66.0,22.0,42.0,66.0,22.0,10.5,False
Libre GL,5,005_2020-08-23T10:48:00,360/rbf0.1,66.0,22.0,10.5,66.0,22.0,42.0,False
Libre GL,5,005_2020-08-26T08:19:00,360/rbf0.1,24.0,22.0,10.5,66.0,22.0,42.0,False
Libre GL,5,005_2020-08-24T08:04:00,360/rbf0.1,66.0,66.0,10.5,66.0,22.0,10.5,False
Libre GL,5,005_2020-08-25T08:13:00,360/rbf0.1,66.0,22.0,42.0,66.0,22.0,42.0,True
Libre GL,6,006_2023-04-13T10:05:00,360/rbf0.1,66.0,22.0,10.5,66.0,22.0,42.0,False
Libre GL,6,006_2023-04-16T07:16:00,360/rbf0.1,24.0,22.0,10.5,24.0,22.0,10.5,True
Libre GL,6,006_2023-04-14T09:08:00,360/rbf0.1,66.0,66.0,10.5,24.0,22.0,10.5,False
Libre GL,6,006_2023-04-15T08:45:00,360/rbf0.1,66.0,22.0,42.0,66.0,22.0,42.0,True
Libre GL,8,008_2023-02-05T09:57:00,360/rbf0.1,66.0,22.0,10.5,66.0,22.0,42.0,False
Libre GL,8,008_2023-02-08T08:01:00,360/rbf0.1,24.0,22.0,10.5,24.0,22.0,10.5,True
Libre GL,8,008_2023-02-06T08:13:00,360/rbf0.1,66.0,66.0,10.5,66.0,66.0,10.5,True
Libre GL,8,008_2023-02-07T08:07:00,360/rbf0.1,66.0,22.0,42.0,66.0,22.0,42.0,True
Libre GL,9,009_2020-09-21T08:39:00,360/rbf0.1,66.0,22.0,10.5,66.0,22.0,42.0,False
Libre GL,9,009_2020-09-24T07:51:00,360/rbf0.1,24.0,22.0,10.5,24.0,22.0,10.5,True
Libre GL,9,009_2020-09-22T07:37:00,360/rbf0.1,66.0,66.0,10.5,24.0,22.0,10.5,False
Libre GL,9,009_2020-09-23T07:29:00,360/rbf0.1,66.0,22.0,42.0,24.0,22.0,10.5,False
Libre GL,10,010_2020-06-27T05:25:00,360/rbf0.1,66.0,22.0,10.5,66.0,66.0,10.5,False
Libre GL,10,010_2020-06-30T07:27:00,360/rbf0.1,24.0,22.0,10.5,66.0,66.0,10.5,False
Libre GL,10,010_2020-06-28T05:16:00,360/rbf0.1,66.0,66.0,10.5,66.0,22.0,42.0,False
Libre GL,10,010_2020-06-29T06:06:00,360/rbf0.1,66.0,22.0,42.0,66.0,22.0,42.0,True
Libre GL,14,014_2023-05-15T07:29:00,360/rbf0.1,66.0,22.0,10.5,66.0,22.0,10.5,True
Libre GL,14,014_2023-05-18T08:15:00,360/rbf0.1,24.0,22.0,10.5,24.0,22.0,10.5,True
Libre GL,14,014_2023-05-16T07:28:00,360/rbf0.1,66.0,66.0,10.5,24.0,22.0,10.5,False
Libre GL,14,014_2023-05-17T08:34:00,360/rbf0.1,66.0,22.0,42.0,66.0,22.0,42.0,True
Libre GL,17,017_2023-10-16T09:41:00,360/rbf0.1,66.0,22.0,10.5,66.0,22.0,42.0,False
Libre GL,17,017_2023-10-19T08:30:00,360/rbf0.1,24.0,22.0,10.5,24.0,22.0,10.5,True
Libre GL,17,017_2023-10-17T11:12:00,360/rbf0.1,66.0,66.0,10.5,66.0,22.0,42.0,False
Libre GL,17,017_2023-10-18T11:43:00,360/rbf0.1,66.0,22.0,42.0,66.0,22.0,42.0,True
Libre GL,27,027_2024-06-16T10:15:00,360/rbf0.1,66.0,22.0,10.5,24.0,22.0,10.5,False
Libre GL,27,027_2024-06-19T10:11:00,360/rbf0.1,24.0,22.0,10.5,24.0,22.0,10.5,True
Libre GL,27,027_2024-06-17T08:15:00,360/rbf0.1,66.0,66.0,10.5,24.0,22.0,10.5,False
Libre GL,27,027_2024-06-18T09:20:00,360/rbf0.1,66.0,22.0,42.0,24.0,22.0,10.5,False
Libre GL,31,031_2022-07-05T07:45:00,360/rbf0.1,66.0,22.0,10.5,66.0,66.0,10.5,False
Libre GL,31,031_2022-07-08T07:18:00,360/rbf0.1,24.0,22.0,10.5,24.0,22.0,10.5,True
Libre GL,31,031_2022-07-06T07:56:00,360/rbf0.1,66.0,66.0,10.5,24.0,22.0,10.5,False
Libre GL,31,031_2022-07-07T07:04:00,360/rbf0.1,66.0,22.0,42.0,24.0,22.0,10.5,False
Libre GL,32,032_2022-01-07T07:01:00,360/rbf0.1,66.0,22.0,10.5,66.0,22.0,10.5,True
Libre GL,32,032_2022-01-10T05:10:00,360/rbf0.1,24.0,22.0,10.5,66.0,22.0,10.5,False
Libre GL,32,032_2022-01-08T06:37:00,360/rbf0.1,66.0,66.0,10.5,66.0,22.0,10.5,False
Libre GL,32,032_2022-01-09T05:32:00,360/rbf0.1,66.0,22.0,42.0,66.0,22.0,10.5,False
Libre GL,34,034_2022-03-08T06:16:00,360/rbf0.1,66.0,22.0,10.5,24.0,22.0,10.5,False
Libre GL,34,034_2022-03-11T07:24:00,360/rbf0.1,24.0,22.0,10.5,24.0,22.0,10.5,True
Libre GL,34,034_2022-03-09T07:18:00,360/rbf0.1,66.0,66.0,10.5,66.0,66.0,10.5,True
Libre GL,34,034_2022-03-10T07:12:00,360/rbf0.1,66.0,22.0,42.0,24.0,22.0,10.5,False
Libre GL,35,035_2024-12-18T07:10:00,360/rbf0.1,66.0,22.0,10.5,66.0,22.0,42.0,False
Libre GL,35,035_2024-12-21T06:53:00,360/rbf0.1,24.0,22.0,10.5,66.0,22.0,10.5,False
Libre GL,35,035_2024-12-19T06:25:00,360/rbf0.1,66.0,66.0,10.5,66.0,22.0,42.0,False
Libre GL,35,035_2024-12-20T06:39:00,360/rbf0.1,66.0,22.0,42.0,66.0,22.0,42.0,True
Libre GL,36,036_2022-04-04T08:18:00,360/rbf0.1,66.0,22.0,10.5,66.0,22.0,10.5,True
Libre GL,36,036_2022-04-07T07:54:00,360/rbf0.1,24.0,22.0,10.5,66.0,22.0,10.5,False
Libre GL,36,036_2022-04-05T08:14:00,360/rbf0.1,66.0,66.0,10.5,66.0,22.0,42.0,False
Libre GL,36,036_2022-04-06T08:01:00,360/rbf0.1,66.0,22.0,42.0,66.0,22.0,42.0,True
Libre GL,38,038_2022-01-31T07:03:00,360/rbf0.1,66.0,22.0,10.5,66.0,66.0,10.5,False
Libre GL,38,038_2022-02-03T07:17:00,360/rbf0.1,24.0,22.0,10.5,24.0,22.0,10.5,True
Libre GL,38,038_2022-02-01T07:18:00,360/rbf0.1,66.0,66.0,10.5,24.0,22.0,10.5,False
Libre GL,38,038_2022-02-02T07:02:00,360/rbf0.1,66.0,22.0,42.0,24.0,22.0,10.5,False
Libre GL,41,041_2022-05-02T08:19:00,360/rbf0.1,66.0,22.0,10.5,66.0,66.0,10.5,False
Libre GL,41,041_2022-05-05T07:59:00,360/rbf0.1,24.0,22.0,10.5,24.0,22.0,10.5,True
Libre GL,41,041_2022-05-03T07:44:00,360/rbf0.1,66.0,66.0,10.5,24.0,22.0,10.5,False
Libre GL,41,041_2022-05-04T07:58:00,360/rbf0.1,66.0,22.0,42.0,66.0,66.0,10.5,False
Libre GL,42,042_2025-07-31T08:40:00,360/rbf0.1,66.0,22.0,10.5,66.0,22.0,42.0,False
Libre GL,42,042_2025-08-03T10:28:00,360/rbf0.1,24.0,22.0,10.5,66.0,22.0,10.5,False
Libre GL,42,042_2025-08-01T07:50:00,360/rbf0.1,66.0,66.0,10.5,66.0,66.0,10.5,True
Libre GL,42,042_2025-08-02T08:15:00,360/rbf0.1,66.0,22.0,42.0,66.0,22.0,42.0,True
Libre GL,43,043_2025-10-20T08:00:00,360/rbf0.1,66.0,22.0,10.5,24.0,22.0,10.5,False
Libre GL,43,043_2025-10-23T08:08:00,360/rbf0.1,24.0,22.0,10.5,24.0,22.0,10.5,True
Libre GL,43,043_2025-10-21T07:51:00,360/rbf0.1,66.0,66.0,10.5,66.0,66.0,10.5,True
Libre GL,43,043_2025-10-22T08:03:00,360/rbf0.1,66.0,22.0,42.0,66.0,22.0,42.0,True
Libre GL,44,044_2022-10-23T06:24:00,360/rbf0.1,66.0,22.0,10.5,66.0,22.0,10.5,True
Libre GL,44,044_2022-10-26T07:45:00,360/rbf0.1,24.0,22.0,10.5,66.0,66.0,10.5,False
Libre GL,44,044_2022-10-24T07:49:00,360/rbf0.1,66.0,66.0,10.5,66.0,22.0,42.0,False
Libre GL,44,044_2022-10-25T07:45:00,360/rbf0.1,66.0,22.0,42.0,24.0,22.0,10.5,False
Libre GL,45,045_2025-03-31T08:56:00,360/rbf0.1,66.0,22.0,10.5,66.0,66.0,10.5,False
Libre GL,45,045_2025-04-03T08:46:00,360/rbf0.1,24.0,22.0,10.5,66.0,22.0,10.5,False
Libre GL,45,045_2025-04-01T09:05:00,360/rbf0.1,66.0,66.0,10.5,66.0,22.0,42.0,False
Libre GL,45,045_2025-04-02T09:40:00,360/rbf0.1,66.0,22.0,42.0,66.0,22.0,10.5,False
Libre GL,49,049_2025-05-17T07:11:00,360/rbf0.1,66.0,22.0,10.5,24.0,22.0,10.5,False
Libre GL,49,049_2025-05-20T07:06:00,360/rbf0.1,24.0,22.0,10.5,24.0,22.0,10.5,True
Libre GL,49,049_2025-05-18T08:59:00,360/rbf0.1,66.0,66.0,10.5,66.0,22.0,10.5,False
Libre GL,49,049_2025-05-19T07:06:00,360/rbf0.1,66.0,22.0,42.0,66.0,22.0,42.0,True
Libre GL,1,001_2020-05-07T10:07:00,360/rbf1,66.0,22.0,10.5,66.0,22.0,42.0,False
Libre GL,1,001_2020-05-10T09:27:00,360/rbf1,24.0,22.0,10.5,66.0,22.0,42.0,False
Libre GL,1,001_2020-05-08T09:58:00,360/rbf1,66.0,66.0,10.5,24.0,22.0,10.5,False
Libre GL,1,001_2020-05-09T09:35:00,360/rbf1,66.0,22.0,42.0,66.0,22.0,10.5,False
Libre GL,2,002_2019-11-21T09:55:00,360/rbf1,66.0,22.0,10.5,66.0,22.0,10.5,True
Libre GL,2,002_2019-11-24T08:09:00,360/rbf1,24.0,22.0,10.5,24.0,22.0,10.5,True
Libre GL,2,002_2019-11-22T08:48:00,360/rbf1,66.0,66.0,10.5,66.0,66.0,10.5,True
Libre GL,2,002_2019-11-23T09:59:00,360/rbf1,66.0,22.0,42.0,66.0,22.0,10.5,False
Libre GL,5,005_2020-08-23T10:48:00,360/rbf1,66.0,22.0,10.5,66.0,22.0,42.0,False
Libre GL,5,005_2020-08-26T08:19:00,360/rbf1,24.0,22.0,10.5,66.0,22.0,42.0,False
Libre GL,5,005_2020-08-24T08:04:00,360/rbf1,66.0,66.0,10.5,66.0,22.0,10.5,False
Libre GL,5,005_2020-08-25T08:13:00,360/rbf1,66.0,22.0,42.0,66.0,22.0,42.0,True
Libre GL,6,006_2023-04-13T10:05:00,360/rbf1,66.0,22.0,10.5,66.0,22.0,42.0,False
Libre GL,6,006_2023-04-16T07:16:00,360/rbf1,24.0,22.0,10.5,24.0,22.0,10.5,True
Libre GL,6,006_2023-04-14T09:08:00,360/rbf1,66.0,66.0,10.5,24.0,22.0,10.5,False
Libre GL,6,006_2023-04-15T08:45:00,360/rbf1,66.0,22.0,42.0,66.0,22.0,42.0,True
Libre GL,8,008_2023-02-05T09:57:00,360/rbf1,66.0,22.0,10.5,66.0,22.0,42.0,False
Libre GL,8,008_2023-02-08T08:01:00,360/rbf1,24.0,22.0,10.5,24.0,22.0,10.5,True
Libre GL,8,008_2023-02-06T08:13:00,360/rbf1,66.0,66.0,10.5,66.0,66.0,10.5,True
Libre GL,8,008_2023-02-07T08:07:00,360/rbf1,66.0,22.0,42.0,66.0,22.0,42.0,True
Libre GL,9,009_2020-09-21T08:39:00,360/rbf1,66.0,22.0,10.5,66.0,22.0,42.0,False
Libre GL,9,009_2020-09-24T07:51:00,360/rbf1,24.0,22.0,10.5,24.0,22.0,10.5,True
Libre GL,9,009_2020-09-22T07:37:00,360/rbf1,66.0,66.0,10.5,24.0,22.0,10.5,False
Libre GL,9,009_2020-09-23T07:29:00,360/rbf1,66.0,22.0,42.0,24.0,22.0,10.5,False
Libre GL,10,010_2020-06-27T05:25:00,360/rbf1,66.0,22.0,10.5,66.0,66.0,10.5,False
Libre GL,10,010_2020-06-30T07:27:00,360/rbf1,24.0,22.0,10.5,66.0,66.0,10.5,False
Libre GL,10,010_2020-06-28T05:16:00,360/rbf1,66.0,66.0,10.5,66.0,22.0,42.0,False
Libre GL,10,010_2020-06-29T06:06:00,360/rbf1,66.0,22.0,42.0,66.0,22.0,42.0,True
Libre GL,14,014_2023-05-15T07:29:00,360/rbf1,66.0,22.0,10.5,66.0,22.0,10.5,True
Libre GL,14,014_2023-05-18T08:15:00,360/rbf1,24.0,22.0,10.5,24.0,22.0,10.5,True
Libre GL,14,014_2023-05-16T07:28:00,360/rbf1,66.0,66.0,10.5,24.0,22.0,10.5,False
Libre GL,14,014_2023-05-17T08:34:00,360/rbf1,66.0,22.0,42.0,66.0,22.0,42.0,True
Libre GL,17,017_2023-10-16T09:41:00,360/rbf1,66.0,22.0,10.5,66.0,22.0,42.0,False
Libre GL,17,017_2023-10-19T08:30:00,360/rbf1,24.0,22.0,10.5,66.0,66.0,10.5,False
Libre GL,17,017_2023-10-17T11:12:00,360/rbf1,66.0,66.0,10.5,66.0,22.0,42.0,False
Libre GL,17,017_2023-10-18T11:43:00,360/rbf1,66.0,22.0,42.0,66.0,22.0,42.0,True
Libre GL,27,027_2024-06-16T10:15:00,360/rbf1,66.0,22.0,10.5,24.0,22.0,10.5,False
Libre GL,27,027_2024-06-19T10:11:00,360/rbf1,24.0,22.0,10.5,24.0,22.0,10.5,True
Libre GL,27,027_2024-06-17T08:15:00,360/rbf1,66.0,66.0,10.5,24.0,22.0,10.5,False
Libre GL,27,027_2024-06-18T09:20:00,360/rbf1,66.0,22.0,42.0,24.0,22.0,10.5,False
Libre GL,31,031_2022-07-05T07:45:00,360/rbf1,66.0,22.0,10.5,66.0,66.0,10.5,False
Libre GL,31,031_2022-07-08T07:18:00,360/rbf1,24.0,22.0,10.5,24.0,22.0,10.5,True
Libre GL,31,031_2022-07-06T07:56:00,360/rbf1,66.0,66.0,10.5,24.0,22.0,10.5,False
Libre GL,31,031_2022-07-07T07:04:00,360/rbf1,66.0,22.0,42.0,66.0,22.0,42.0,True
Libre GL,32,032_2022-01-07T07:01:00,360/rbf1,66.0,22.0,10.5,66.0,22.0,10.5,True
Libre GL,32,032_2022-01-10T05:10:00,360/rbf1,24.0,22.0,10.5,66.0,22.0,10.5,False
Libre GL,32,032_2022-01-08T06:37:00,360/rbf1,66.0,66.0,10.5,66.0,22.0,10.5,False
Libre GL,32,032_2022-01-09T05:32:00,360/rbf1,66.0,22.0,42.0,66.0,22.0,10.5,False
Libre GL,34,034_2022-03-08T06:16:00,360/rbf1,66.0,22.0,10.5,24.0,22.0,10.5,False
Libre GL,34,034_2022-03-11T07:24:00,360/rbf1,24.0,22.0,10.5,66.0,66.0,10.5,False
Libre GL,34,034_2022-03-09T07:18:00,360/rbf1,66.0,66.0,10.5,66.0,66.0,10.5,True
Libre GL,34,034_2022-03-10T07:12:00,360/rbf1,66.0,22.0,42.0,24.0,22.0,10.5,False
Libre GL,35,035_2024-12-18T07:10:00,360/rbf1,66.0,22.0,10.5,66.0,22.0,42.0,False
Libre GL,35,035_2024-12-21T06:53:00,360/rbf1,24.0,22.0,10.5,66.0,22.0,10.5,False
Libre GL,35,035_2024-12-19T06:25:00,360/rbf1,66.0,66.0,10.5,66.0,22.0,42.0,False
Libre GL,35,035_2024-12-20T06:39:00,360/rbf1,66.0,22.0,42.0,66.0,22.0,42.0,True
Libre GL,36,036_2022-04-04T08:18:00,360/rbf1,66.0,22.0,10.5,66.0,22.0,10.5,True
Libre GL,36,036_2022-04-07T07:54:00,360/rbf1,24.0,22.0,10.5,66.0,22.0,10.5,False
Libre GL,36,036_2022-04-05T08:14:00,360/rbf1,66.0,66.0,10.5,66.0,22.0,42.0,False
Libre GL,36,036_2022-04-06T08:01:00,360/rbf1,66.0,22.0,42.0,66.0,22.0,42.0,True
Libre GL,38,038_2022-01-31T07:03:00,360/rbf1,66.0,22.0,10.5,66.0,66.0,10.5,False
Libre GL,38,038_2022-02-03T07:17:00,360/rbf1,24.0,22.0,10.5,24.0,22.0,10.5,True
Libre GL,38,038_2022-02-01T07:18:00,360/rbf1,66.0,66.0,10.5,24.0,22.0,10.5,False
Libre GL,38,038_2022-02-02T07:02:00,360/rbf1,66.0,22.0,42.0,24.0,22.0,10.5,False
Libre GL,41,041_2022-05-02T08:19:00,360/rbf1,66.0,22.0,10.5,66.0,66.0,10.5,False
Libre GL,41,041_2022-05-05T07:59:00,360/rbf1,24.0,22.0,10.5,24.0,22.0,10.5,True
Libre GL,41,041_2022-05-03T07:44:00,360/rbf1,66.0,66.0,10.5,24.0,22.0,10.5,False
Libre GL,41,041_2022-05-04T07:58:00,360/rbf1,66.0,22.0,42.0,66.0,66.0,10.5,False
Libre GL,42,042_2025-07-31T08:40:00,360/rbf1,66.0,22.0,10.5,66.0,22.0,42.0,False
Libre GL,42,042_2025-08-03T10:28:00,360/rbf1,24.0,22.0,10.5,66.0,22.0,10.5,False
Libre GL,42,042_2025-08-01T07:50:00,360/rbf1,66.0,66.0,10.5,66.0,66.0,10.5,True
Libre GL,42,042_2025-08-02T08:15:00,360/rbf1,66.0,22.0,42.0,66.0,22.0,42.0,True
Libre GL,43,043_2025-10-20T08:00:00,360/rbf1,66.0,22.0,10.5,66.0,22.0,10.5,True
Libre GL,43,043_2025-10-23T08:08:00,360/rbf1,24.0,22.0,10.5,24.0,22.0,10.5,True
Libre GL,43,043_2025-10-21T07:51:00,360/rbf1,66.0,66.0,10.5,66.0,66.0,10.5,True
Libre GL,43,043_2025-10-22T08:03:00,360/rbf1,66.0,22.0,42.0,66.0,22.0,42.0,True
Libre GL,44,044_2022-10-23T06:24:00,360/rbf1,66.0,22.0,10.5,66.0,22.0,10.5,True
Libre GL,44,044_2022-10-26T07:45:00,360/rbf1,24.0,22.0,10.5,66.0,66.0,10.5,False
Libre GL,44,044_2022-10-24T07:49:00,360/rbf1,66.0,66.0,10.5,66.0,22.0,42.0,False
Libre GL,44,044_2022-10-25T07:45:00,360/rbf1,66.0,22.0,42.0,24.0,22.0,10.5,False
Libre GL,45,045_2025-03-31T08:56:00,360/rbf1,66.0,22.0,10.5,66.0,66.0,10.5,False
Libre GL,45,045_2025-04-03T08:46:00,360/rbf1,24.0,22.0,10.5,66.0,22.0,10.5,False
Libre GL,45,045_2025-04-01T09:05:00,360/rbf1,66.0,66.0,10.5,66.0,22.0,42.0,False
Libre GL,45,045_2025-04-02T09:40:00,360/rbf1,66.0,22.0,42.0,66.0,22.0,10.5,False
Libre GL,49,049_2025-05-17T07:11:00,360/rbf1,66.0,22.0,10.5,24.0,22.0,10.5,False
Libre GL,49,049_2025-05-20T07:06:00,360/rbf1,24.0,22.0,10.5,24.0,22.0,10.5,True
Libre GL,49,049_2025-05-18T08:59:00,360/rbf1,66.0,66.0,10.5,66.0,22.0,10.5,False
Libre GL,49,049_2025-05-19T07:06:00,360/rbf1,66.0,22.0,42.0,66.0,22.0,42.0,True
Libre GL,1,001_2020-05-07T10:07:00,360/rbf10,66.0,22.0,10.5,66.0,22.0,10.5,True
Libre GL,1,001_2020-05-10T09:27:00,360/rbf10,24.0,22.0,10.5,66.0,22.0,10.5,False
Libre GL,1,001_2020-05-08T09:58:00,360/rbf10,66.0,66.0,10.5,24.0,22.0,10.5,False
Libre GL,1,001_2020-05-09T09:35:00,360/rbf10,66.0,22.0,42.0,66.0,22.0,10.5,False
Libre GL,2,002_2019-11-21T09:55:00,360/rbf10,66.0,22.0,10.5,66.0,22.0,10.5,True
Libre GL,2,002_2019-11-24T08:09:00,360/rbf10,24.0,22.0,10.5,66.0,66.0,10.5,False
Libre GL,2,002_2019-11-22T08:48:00,360/rbf10,66.0,66.0,10.5,66.0,66.0,10.5,True
Libre GL,2,002_2019-11-23T09:59:00,360/rbf10,66.0,22.0,42.0,66.0,22.0,10.5,False
Libre GL,5,005_2020-08-23T10:48:00,360/rbf10,66.0,22.0,10.5,66.0,22.0,42.0,False
Libre GL,5,005_2020-08-26T08:19:00,360/rbf10,24.0,22.0,10.5,66.0,22.0,10.5,False
Libre GL,5,005_2020-08-24T08:04:00,360/rbf10,66.0,66.0,10.5,66.0,22.0,10.5,False
Libre GL,5,005_2020-08-25T08:13:00,360/rbf10,66.0,22.0,42.0,66.0,22.0,42.0,True
Libre GL,6,006_2023-04-13T10:05:00,360/rbf10,66.0,22.0,10.5,66.0,22.0,10.5,True
Libre GL,6,006_2023-04-16T07:16:00,360/rbf10,24.0,22.0,10.5,24.0,22.0,10.5,True
Libre GL,6,006_2023-04-14T09:08:00,360/rbf10,66.0,66.0,10.5,24.0,22.0,10.5,False
Libre GL,6,006_2023-04-15T08:45:00,360/rbf10,66.0,22.0,42.0,66.0,22.0,42.0,True
Libre GL,8,008_2023-02-05T09:57:00,360/rbf10,66.0,22.0,10.5,66.0,22.0,10.5,True
Libre GL,8,008_2023-02-08T08:01:00,360/rbf10,24.0,22.0,10.5,66.0,22.0,10.5,False
Libre GL,8,008_2023-02-06T08:13:00,360/rbf10,66.0,66.0,10.5,66.0,22.0,10.5,False
Libre GL,8,008_2023-02-07T08:07:00,360/rbf10,66.0,22.0,42.0,66.0,66.0,10.5,False
Libre GL,9,009_2020-09-21T08:39:00,360/rbf10,66.0,22.0,10.5,66.0,22.0,10.5,True
Libre GL,9,009_2020-09-24T07:51:00,360/rbf10,24.0,22.0,10.5,24.0,22.0,10.5,True
Libre GL,9,009_2020-09-22T07:37:00,360/rbf10,66.0,66.0,10.5,66.0,66.0,10.5,True
Libre GL,9,009_2020-09-23T07:29:00,360/rbf10,66.0,22.0,42.0,24.0,22.0,10.5,False
Libre GL,10,010_2020-06-27T05:25:00,360/rbf10,66.0,22.0,10.5,66.0,66.0,10.5,False
Libre GL,10,010_2020-06-30T07:27:00,360/rbf10,24.0,22.0,10.5,24.0,22.0,10.5,True
Libre GL,10,010_2020-06-28T05:16:00,360/rbf10,66.0,66.0,10.5,66.0,22.0,42.0,False
Libre GL,10,010_2020-06-29T06:06:00,360/rbf10,66.0,22.0,42.0,66.0,22.0,42.0,True
Libre GL,14,014_2023-05-15T07:29:00,360/rbf10,66.0,22.0,10.5,66.0,66.0,10.5,False
Libre GL,14,014_2023-05-18T08:15:00,360/rbf10,24.0,22.0,10.5,24.0,22.0,10.5,True
Libre GL,14,014_2023-05-16T07:28:00,360/rbf10,66.0,66.0,10.5,66.0,66.0,10.5,True
Libre GL,14,014_2023-05-17T08:34:00,360/rbf10,66.0,22.0,42.0,66.0,22.0,42.0,True
Libre GL,17,017_2023-10-16T09:41:00,360/rbf10,66.0,22.0,10.5,66.0,22.0,42.0,False
Libre GL,17,017_2023-10-19T08:30:00,360/rbf10,24.0,22.0,10.5,66.0,66.0,10.5,False
Libre GL,17,017_2023-10-17T11:12:00,360/rbf10,66.0,66.0,10.5,66.0,66.0,10.5,True
Libre GL,17,017_2023-10-18T11:43:00,360/rbf10,66.0,22.0,42.0,66.0,22.0,42.0,True
Libre GL,27,027_2024-06-16T10:15:00,360/rbf10,66.0,22.0,10.5,24.0,22.0,10.5,False
Libre GL,27,027_2024-06-19T10:11:00,360/rbf10,24.0,22.0,10.5,24.0,22.0,10.5,True
Libre GL,27,027_2024-06-17T08:15:00,360/rbf10,66.0,66.0,10.5,24.0,22.0,10.5,False
Libre GL,27,027_2024-06-18T09:20:00,360/rbf10,66.0,22.0,42.0,24.0,22.0,10.5,False
Libre GL,31,031_2022-07-05T07:45:00,360/rbf10,66.0,22.0,10.5,66.0,66.0,10.5,False
Libre GL,31,031_2022-07-08T07:18:00,360/rbf10,24.0,22.0,10.5,24.0,22.0,10.5,True
Libre GL,31,031_2022-07-06T07:56:00,360/rbf10,66.0,66.0,10.5,66.0,66.0,10.5,True
Libre GL,31,031_2022-07-07T07:04:00,360/rbf10,66.0,22.0,42.0,66.0,66.0,10.5,False
Libre GL,32,032_2022-01-07T07:01:00,360/rbf10,66.0,22.0,10.5,66.0,22.0,10.5,True
Libre GL,32,032_2022-01-10T05:10:00,360/rbf10,24.0,22.0,10.5,66.0,22.0,10.5,False
Libre GL,32,032_2022-01-08T06:37:00,360/rbf10,66.0,66.0,10.5,66.0,22.0,10.5,False
Libre GL,32,032_2022-01-09T05:32:00,360/rbf10,66.0,22.0,42.0,66.0,22.0,10.5,False
Libre GL,34,034_2022-03-08T06:16:00,360/rbf10,66.0,22.0,10.5,24.0,22.0,10.5,False
Libre GL,34,034_2022-03-11T07:24:00,360/rbf10,24.0,22.0,10.5,66.0,66.0,10.5,False
Libre GL,34,034_2022-03-09T07:18:00,360/rbf10,66.0,66.0,10.5,24.0,22.0,10.5,False
Libre GL,34,034_2022-03-10T07:12:00,360/rbf10,66.0,22.0,42.0,24.0,22.0,10.5,False
Libre GL,35,035_2024-12-18T07:10:00,360/rbf10,66.0,22.0,10.5,66.0,22.0,42.0,False
Libre GL,35,035_2024-12-21T06:53:00,360/rbf10,24.0,22.0,10.5,66.0,22.0,42.0,False
Libre GL,35,035_2024-12-19T06:25:00,360/rbf10,66.0,66.0,10.5,66.0,22.0,42.0,False
Libre GL,35,035_2024-12-20T06:39:00,360/rbf10,66.0,22.0,42.0,66.0,22.0,42.0,True
Libre GL,36,036_2022-04-04T08:18:00,360/rbf10,66.0,22.0,10.5,66.0,22.0,10.5,True
Libre GL,36,036_2022-04-07T07:54:00,360/rbf10,24.0,22.0,10.5,66.0,22.0,10.5,False
Libre GL,36,036_2022-04-05T08:14:00,360/rbf10,66.0,66.0,10.5,66.0,22.0,42.0,False
Libre GL,36,036_2022-04-06T08:01:00,360/rbf10,66.0,22.0,42.0,66.0,22.0,42.0,True
Libre GL,38,038_2022-01-31T07:03:00,360/rbf10,66.0,22.0,10.5,66.0,22.0,10.5,True
Libre GL,38,038_2022-02-03T07:17:00,360/rbf10,24.0,22.0,10.5,24.0,22.0,10.5,True
Libre GL,38,038_2022-02-01T07:18:00,360/rbf10,66.0,66.0,10.5,24.0,22.0,10.5,False
Libre GL,38,038_2022-02-02T07:02:00,360/rbf10,66.0,22.0,42.0,24.0,22.0,10.5,False
Libre GL,41,041_2022-05-02T08:19:00,360/rbf10,66.0,22.0,10.5,66.0,66.0,10.5,False
Libre GL,41,041_2022-05-05T07:59:00,360/rbf10,24.0,22.0,10.5,24.0,22.0,10.5,True
Libre GL,41,041_2022-05-03T07:44:00,360/rbf10,66.0,66.0,10.5,24.0,22.0,10.5,False
Libre GL,41,041_2022-05-04T07:58:00,360/rbf10,66.0,22.0,42.0,66.0,66.0,10.5,False
Libre GL,42,042_2025-07-31T08:40:00,360/rbf10,66.0,22.0,10.5,66.0,22.0,42.0,False
Libre GL,42,042_2025-08-03T10:28:00,360/rbf10,24.0,22.0,10.5,66.0,22.0,10.5,False
Libre GL,42,042_2025-08-01T07:50:00,360/rbf10,66.0,66.0,10.5,66.0,66.0,10.5,True
Libre GL,42,042_2025-08-02T08:15:00,360/rbf10,66.0,22.0,42.0,66.0,66.0,10.5,False
Libre GL,43,043_2025-10-20T08:00:00,360/rbf10,66.0,22.0,10.5,66.0,22.0,10.5,True
Libre GL,43,043_2025-10-23T08:08:00,360/rbf10,24.0,22.0,10.5,24.0,22.0,10.5,True
Libre GL,43,043_2025-10-21T07:51:00,360/rbf10,66.0,66.0,10.5,66.0,66.0,10.5,True
Libre GL,43,043_2025-10-22T08:03:00,360/rbf10,66.0,22.0,42.0,66.0,22.0,42.0,True
Libre GL,44,044_2022-10-23T06:24:00,360/rbf10,66.0,22.0,10.5,66.0,66.0,10.5,False
Libre GL,44,044_2022-10-26T07:45:00,360/rbf10,24.0,22.0,10.5,66.0,22.0,42.0,False
Libre GL,44,044_2022-10-24T07:49:00,360/rbf10,66.0,66.0,10.5,66.0,22.0,42.0,False
Libre GL,44,044_2022-10-25T07:45:00,360/rbf10,66.0,22.0,42.0,24.0,22.0,10.5,False
Libre GL,45,045_2025-03-31T08:56:00,360/rbf10,66.0,22.0,10.5,66.0,66.0,10.5,False
Libre GL,45,045_2025-04-03T08:46:00,360/rbf10,24.0,22.0,10.5,66.0,22.0,10.5,False
Libre GL,45,045_2025-04-01T09:05:00,360/rbf10,66.0,66.0,10.5,66.0,22.0,42.0,False
Libre GL,45,045_2025-04-02T09:40:00,360/rbf10,66.0,22.0,42.0,66.0,22.0,10.5,False
Libre GL,49,049_2025-05-17T07:11:00,360/rbf10,66.0,22.0,10.5,66.0,22.0,10.5,True
Libre GL,49,049_2025-05-20T07:06:00,360/rbf10,24.0,22.0,10.5,66.0,66.0,10.5,False
Libre GL,49,049_2025-05-18T08:59:00,360/rbf10,66.0,66.0,10.5,66.0,22.0,10.5,False
Libre GL,49,049_2025-05-19T07:06:00,360/rbf10,66.0,22.0,42.0,66.0,22.0,10.5,False
Libre GL,1,001_2020-05-07T10:07:00,360/lda,66.0,22.0,10.5,66.0,22.0,42.0,False
Libre GL,1,001_2020-05-10T09:27:00,360/lda,24.0,22.0,10.5,66.0,22.0,42.0,False
Libre GL,1,001_2020-05-08T09:58:00,360/lda,66.0,66.0,10.5,24.0,22.0,10.5,False
Libre GL,1,001_2020-05-09T09:35:00,360/lda,66.0,22.0,42.0,66.0,22.0,42.0,True
Libre GL,2,002_2019-11-21T09:55:00,360/lda,66.0,22.0,10.5,66.0,22.0,10.5,True
Libre GL,2,002_2019-11-24T08:09:00,360/lda,24.0,22.0,10.5,66.0,66.0,10.5,False
Libre GL,2,002_2019-11-22T08:48:00,360/lda,66.0,66.0,10.5,66.0,22.0,10.5,False
Libre GL,2,002_2019-11-23T09:59:00,360/lda,66.0,22.0,42.0,66.0,22.0,10.5,False
Libre GL,5,005_2020-08-23T10:48:00,360/lda,66.0,22.0,10.5,66.0,22.0,42.0,False
Libre GL,5,005_2020-08-26T08:19:00,360/lda,24.0,22.0,10.5,66.0,22.0,42.0,False
Libre GL,5,005_2020-08-24T08:04:00,360/lda,66.0,66.0,10.5,66.0,22.0,42.0,False
Libre GL,5,005_2020-08-25T08:13:00,360/lda,66.0,22.0,42.0,66.0,22.0,42.0,True
Libre GL,6,006_2023-04-13T10:05:00,360/lda,66.0,22.0,10.5,24.0,22.0,10.5,False
Libre GL,6,006_2023-04-16T07:16:00,360/lda,24.0,22.0,10.5,24.0,22.0,10.5,True
Libre GL,6,006_2023-04-14T09:08:00,360/lda,66.0,66.0,10.5,24.0,22.0,10.5,False
Libre GL,6,006_2023-04-15T08:45:00,360/lda,66.0,22.0,42.0,66.0,66.0,10.5,False
Libre GL,8,008_2023-02-05T09:57:00,360/lda,66.0,22.0,10.5,66.0,22.0,10.5,True
Libre GL,8,008_2023-02-08T08:01:00,360/lda,24.0,22.0,10.5,66.0,22.0,10.5,False
Libre GL,8,008_2023-02-06T08:13:00,360/lda,66.0,66.0,10.5,66.0,22.0,10.5,False
Libre GL,8,008_2023-02-07T08:07:00,360/lda,66.0,22.0,42.0,66.0,22.0,10.5,False
Libre GL,9,009_2020-09-21T08:39:00,360/lda,66.0,22.0,10.5,66.0,22.0,10.5,True
Libre GL,9,009_2020-09-24T07:51:00,360/lda,24.0,22.0,10.5,24.0,22.0,10.5,True
Libre GL,9,009_2020-09-22T07:37:00,360/lda,66.0,66.0,10.5,24.0,22.0,10.5,False
Libre GL,9,009_2020-09-23T07:29:00,360/lda,66.0,22.0,42.0,24.0,22.0,10.5,False
Libre GL,10,010_2020-06-27T05:25:00,360/lda,66.0,22.0,10.5,66.0,66.0,10.5,False
Libre GL,10,010_2020-06-30T07:27:00,360/lda,24.0,22.0,10.5,66.0,66.0,10.5,False
Libre GL,10,010_2020-06-28T05:16:00,360/lda,66.0,66.0,10.5,66.0,22.0,42.0,False
Libre GL,10,010_2020-06-29T06:06:00,360/lda,66.0,22.0,42.0,66.0,22.0,42.0,True
Libre GL,14,014_2023-05-15T07:29:00,360/lda,66.0,22.0,10.5,66.0,22.0,42.0,False
Libre GL,14,014_2023-05-18T08:15:00,360/lda,24.0,22.0,10.5,24.0,22.0,10.5,True
Libre GL,14,014_2023-05-16T07:28:00,360/lda,66.0,66.0,10.5,66.0,22.0,42.0,False
Libre GL,14,014_2023-05-17T08:34:00,360/lda,66.0,22.0,42.0,66.0,22.0,42.0,True
Libre GL,17,017_2023-10-16T09:41:00,360/lda,66.0,22.0,10.5,66.0,22.0,42.0,False
Libre GL,17,017_2023-10-19T08:30:00,360/lda,24.0,22.0,10.5,24.0,22.0,10.5,True
Libre GL,17,017_2023-10-17T11:12:00,360/lda,66.0,66.0,10.5,66.0,22.0,10.5,False
Libre GL,17,017_2023-10-18T11:43:00,360/lda,66.0,22.0,42.0,66.0,22.0,10.5,False
Libre GL,27,027_2024-06-16T10:15:00,360/lda,66.0,22.0,10.5,24.0,22.0,10.5,False
Libre GL,27,027_2024-06-19T10:11:00,360/lda,24.0,22.0,10.5,24.0,22.0,10.5,True
Libre GL,27,027_2024-06-17T08:15:00,360/lda,66.0,66.0,10.5,24.0,22.0,10.5,False
Libre GL,27,027_2024-06-18T09:20:00,360/lda,66.0,22.0,42.0,24.0,22.0,10.5,False
Libre GL,31,031_2022-07-05T07:45:00,360/lda,66.0,22.0,10.5,24.0,22.0,10.5,False
Libre GL,31,031_2022-07-08T07:18:00,360/lda,24.0,22.0,10.5,24.0,22.0,10.5,True
Libre GL,31,031_2022-07-06T07:56:00,360/lda,66.0,66.0,10.5,66.0,66.0,10.5,True
Libre GL,31,031_2022-07-07T07:04:00,360/lda,66.0,22.0,42.0,66.0,22.0,42.0,True
Libre GL,32,032_2022-01-07T07:01:00,360/lda,66.0,22.0,10.5,66.0,66.0,10.5,False
Libre GL,32,032_2022-01-10T05:10:00,360/lda,24.0,22.0,10.5,66.0,22.0,42.0,False
Libre GL,32,032_2022-01-08T06:37:00,360/lda,66.0,66.0,10.5,66.0,22.0,42.0,False
Libre GL,32,032_2022-01-09T05:32:00,360/lda,66.0,22.0,42.0,24.0,22.0,10.5,False
Libre GL,34,034_2022-03-08T06:16:00,360/lda,66.0,22.0,10.5,24.0,22.0,10.5,False
Libre GL,34,034_2022-03-11T07:24:00,360/lda,24.0,22.0,10.5,24.0,22.0,10.5,True
Libre GL,34,034_2022-03-09T07:18:00,360/lda,66.0,66.0,10.5,24.0,22.0,10.5,False
Libre GL,34,034_2022-03-10T07:12:00,360/lda,66.0,22.0,42.0,24.0,22.0,10.5,False
Libre GL,35,035_2024-12-18T07:10:00,360/lda,66.0,22.0,10.5,66.0,22.0,42.0,False
Libre GL,35,035_2024-12-21T06:53:00,360/lda,24.0,22.0,10.5,66.0,22.0,42.0,False
Libre GL,35,035_2024-12-19T06:25:00,360/lda,66.0,66.0,10.5,66.0,22.0,42.0,False
Libre GL,35,035_2024-12-20T06:39:00,360/lda,66.0,22.0,42.0,66.0,22.0,42.0,True
Libre GL,36,036_2022-04-04T08:18:00,360/lda,66.0,22.0,10.5,66.0,22.0,10.5,True
Libre GL,36,036_2022-04-07T07:54:00,360/lda,24.0,22.0,10.5,66.0,66.0,10.5,False
Libre GL,36,036_2022-04-05T08:14:00,360/lda,66.0,66.0,10.5,66.0,22.0,42.0,False
Libre GL,36,036_2022-04-06T08:01:00,360/lda,66.0,22.0,42.0,66.0,22.0,10.5,False
Libre GL,38,038_2022-01-31T07:03:00,360/lda,66.0,22.0,10.5,66.0,22.0,10.5,True
Libre GL,38,038_2022-02-03T07:17:00,360/lda,24.0,22.0,10.5,24.0,22.0,10.5,True
Libre GL,38,038_2022-02-01T07:18:00,360/lda,66.0,66.0,10.5,24.0,22.0,10.5,False
Libre GL,38,038_2022-02-02T07:02:00,360/lda,66.0,22.0,42.0,24.0,22.0,10.5,False
Libre GL,41,041_2022-05-02T08:19:00,360/lda,66.0,22.0,10.5,24.0,22.0,10.5,False
Libre GL,41,041_2022-05-05T07:59:00,360/lda,24.0,22.0,10.5,24.0,22.0,10.5,True
Libre GL,41,041_2022-05-03T07:44:00,360/lda,66.0,66.0,10.5,24.0,22.0,10.5,False
Libre GL,41,041_2022-05-04T07:58:00,360/lda,66.0,22.0,42.0,24.0,22.0,10.5,False
Libre GL,42,042_2025-07-31T08:40:00,360/lda,66.0,22.0,10.5,66.0,22.0,42.0,False
Libre GL,42,042_2025-08-03T10:28:00,360/lda,24.0,22.0,10.5,66.0,66.0,10.5,False
Libre GL,42,042_2025-08-01T07:50:00,360/lda,66.0,66.0,10.5,66.0,22.0,10.5,False
Libre GL,42,042_2025-08-02T08:15:00,360/lda,66.0,22.0,42.0,66.0,66.0,10.5,False
Libre GL,43,043_2025-10-20T08:00:00,360/lda,66.0,22.0,10.5,66.0,22.0,10.5,True
Libre GL,43,043_2025-10-23T08:08:00,360/lda,24.0,22.0,10.5,24.0,22.0,10.5,True
Libre GL,43,043_2025-10-21T07:51:00,360/lda,66.0,66.0,10.5,24.0,22.0,10.5,False
Libre GL,43,043_2025-10-22T08:03:00,360/lda,66.0,22.0,42.0,66.0,66.0,10.5,False
Libre GL,44,044_2022-10-23T06:24:00,360/lda,66.0,22.0,10.5,66.0,66.0,10.5,False
Libre GL,44,044_2022-10-26T07:45:00,360/lda,24.0,22.0,10.5,66.0,22.0,42.0,False
Libre GL,44,044_2022-10-24T07:49:00,360/lda,66.0,66.0,10.5,66.0,22.0,42.0,False
Libre GL,44,044_2022-10-25T07:45:00,360/lda,66.0,22.0,42.0,24.0,22.0,10.5,False
Libre GL,45,045_2025-03-31T08:56:00,360/lda,66.0,22.0,10.5,66.0,66.0,10.5,False
Libre GL,45,045_2025-04-03T08:46:00,360/lda,24.0,22.0,10.5,24.0,22.0,10.5,True
Libre GL,45,045_2025-04-01T09:05:00,360/lda,66.0,66.0,10.5,66.0,66.0,10.5,True
Libre GL,45,045_2025-04-02T09:40:00,360/lda,66.0,22.0,42.0,66.0,22.0,10.5,False
Libre GL,49,049_2025-05-17T07:11:00,360/lda,66.0,22.0,10.5,66.0,66.0,10.5,False
Libre GL,49,049_2025-05-20T07:06:00,360/lda,24.0,22.0,10.5,66.0,66.0,10.5,False
Libre GL,49,049_2025-05-18T08:59:00,360/lda,66.0,66.0,10.5,66.0,22.0,10.5,False
Libre GL,49,049_2025-05-19T07:06:00,360/lda,66.0,22.0,42.0,66.0,22.0,10.5,False
Libre GL,1,001_2020-05-07T10:07:00,360/tree,66.0,22.0,10.5,24.0,22.0,10.5,False
Libre GL,1,001_2020-05-10T09:27:00,360/tree,24.0,22.0,10.5,66.0,22.0,42.0,False
Libre GL,1,001_2020-05-08T09:58:00,360/tree,66.0,66.0,10.5,24.0,22.0,10.5,False
Libre GL,1,001_2020-05-09T09:35:00,360/tree,66.0,22.0,42.0,24.0,22.0,10.5,False
Libre GL,2,002_2019-11-21T09:55:00,360/tree,66.0,22.0,10.5,66.0,22.0,10.5,True
Libre GL,2,002_2019-11-24T08:09:00,360/tree,24.0,22.0,10.5,24.0,22.0,10.5,True
Libre GL,2,002_2019-11-22T08:48:00,360/tree,66.0,66.0,10.5,24.0,22.0,10.5,False
Libre GL,2,002_2019-11-23T09:59:00,360/tree,66.0,22.0,42.0,66.0,22.0,10.5,False
Libre GL,5,005_2020-08-23T10:48:00,360/tree,66.0,22.0,10.5,66.0,22.0,42.0,False
Libre GL,5,005_2020-08-26T08:19:00,360/tree,24.0,22.0,10.5,66.0,22.0,10.5,False
Libre GL,5,005_2020-08-24T08:04:00,360/tree,66.0,66.0,10.5,66.0,22.0,10.5,False
Libre GL,5,005_2020-08-25T08:13:00,360/tree,66.0,22.0,42.0,66.0,22.0,42.0,True
Libre GL,6,006_2023-04-13T10:05:00,360/tree,66.0,22.0,10.5,66.0,66.0,10.5,False
Libre GL,6,006_2023-04-16T07:16:00,360/tree,24.0,22.0,10.5,24.0,22.0,10.5,True
Libre GL,6,006_2023-04-14T09:08:00,360/tree,66.0,66.0,10.5,24.0,22.0,10.5,False
Libre GL,6,006_2023-04-15T08:45:00,360/tree,66.0,22.0,42.0,66.0,22.0,42.0,True
Libre GL,8,008_2023-02-05T09:57:00,360/tree,66.0,22.0,10.5,66.0,22.0,42.0,False
Libre GL,8,008_2023-02-08T08:01:00,360/tree,24.0,22.0,10.5,24.0,22.0,10.5,True
Libre GL,8,008_2023-02-06T08:13:00,360/tree,66.0,66.0,10.5,66.0,22.0,10.5,False
Libre GL,8,008_2023-02-07T08:07:00,360/tree,66.0,22.0,42.0,66.0,22.0,42.0,True
Libre GL,9,009_2020-09-21T08:39:00,360/tree,66.0,22.0,10.5,66.0,22.0,10.5,True
Libre GL,9,009_2020-09-24T07:51:00,360/tree,24.0,22.0,10.5,24.0,22.0,10.5,True
Libre GL,9,009_2020-09-22T07:37:00,360/tree,66.0,66.0,10.5,24.0,22.0,10.5,False
Libre GL,9,009_2020-09-23T07:29:00,360/tree,66.0,22.0,42.0,24.0,22.0,10.5,False
Libre GL,10,010_2020-06-27T05:25:00,360/tree,66.0,22.0,10.5,24.0,22.0,10.5,False
Libre GL,10,010_2020-06-30T07:27:00,360/tree,24.0,22.0,10.5,24.0,22.0,10.5,True
Libre GL,10,010_2020-06-28T05:16:00,360/tree,66.0,66.0,10.5,66.0,22.0,42.0,False
Libre GL,10,010_2020-06-29T06:06:00,360/tree,66.0,22.0,42.0,66.0,22.0,42.0,True
Libre GL,14,014_2023-05-15T07:29:00,360/tree,66.0,22.0,10.5,66.0,22.0,10.5,True
Libre GL,14,014_2023-05-18T08:15:00,360/tree,24.0,22.0,10.5,24.0,22.0,10.5,True
Libre GL,14,014_2023-05-16T07:28:00,360/tree,66.0,66.0,10.5,24.0,22.0,10.5,False
Libre GL,14,014_2023-05-17T08:34:00,360/tree,66.0,22.0,42.0,66.0,66.0,10.5,False
Libre GL,17,017_2023-10-16T09:41:00,360/tree,66.0,22.0,10.5,66.0,22.0,42.0,False
Libre GL,17,017_2023-10-19T08:30:00,360/tree,24.0,22.0,10.5,24.0,22.0,10.5,True
Libre GL,17,017_2023-10-17T11:12:00,360/tree,66.0,66.0,10.5,66.0,22.0,10.5,False
Libre GL,17,017_2023-10-18T11:43:00,360/tree,66.0,22.0,42.0,66.0,22.0,10.5,False
Libre GL,27,027_2024-06-16T10:15:00,360/tree,66.0,22.0,10.5,24.0,22.0,10.5,False
Libre GL,27,027_2024-06-19T10:11:00,360/tree,24.0,22.0,10.5,24.0,22.0,10.5,True
Libre GL,27,027_2024-06-17T08:15:00,360/tree,66.0,66.0,10.5,24.0,22.0,10.5,False
Libre GL,27,027_2024-06-18T09:20:00,360/tree,66.0,22.0,42.0,24.0,22.0,10.5,False
Libre GL,31,031_2022-07-05T07:45:00,360/tree,66.0,22.0,10.5,66.0,66.0,10.5,False
Libre GL,31,031_2022-07-08T07:18:00,360/tree,24.0,22.0,10.5,24.0,22.0,10.5,True
Libre GL,31,031_2022-07-06T07:56:00,360/tree,66.0,66.0,10.5,24.0,22.0,10.5,False
Libre GL,31,031_2022-07-07T07:04:00,360/tree,66.0,22.0,42.0,24.0,22.0,10.5,False
Libre GL,32,032_2022-01-07T07:01:00,360/tree,66.0,22.0,10.5,24.0,22.0,10.5,False
Libre GL,32,032_2022-01-10T05:10:00,360/tree,24.0,22.0,10.5,66.0,22.0,10.5,False
Libre GL,32,032_2022-01-08T06:37:00,360/tree,66.0,66.0,10.5,66.0,22.0,10.5,False
Libre GL,32,032_2022-01-09T05:32:00,360/tree,66.0,22.0,42.0,24.0,22.0,10.5,False
Libre GL,34,034_2022-03-08T06:16:00,360/tree,66.0,22.0,10.5,24.0,22.0,10.5,False
Libre GL,34,034_2022-03-11T07:24:00,360/tree,24.0,22.0,10.5,24.0,22.0,10.5,True
Libre GL,34,034_2022-03-09T07:18:00,360/tree,66.0,66.0,10.5,66.0,66.0,10.5,True
Libre GL,34,034_2022-03-10T07:12:00,360/tree,66.0,22.0,42.0,24.0,22.0,10.5,False
Libre GL,35,035_2024-12-18T07:10:00,360/tree,66.0,22.0,10.5,66.0,22.0,42.0,False
Libre GL,35,035_2024-12-21T06:53:00,360/tree,24.0,22.0,10.5,66.0,22.0,42.0,False
Libre GL,35,035_2024-12-19T06:25:00,360/tree,66.0,66.0,10.5,66.0,22.0,10.5,False
Libre GL,35,035_2024-12-20T06:39:00,360/tree,66.0,22.0,42.0,66.0,22.0,42.0,True
Libre GL,36,036_2022-04-04T08:18:00,360/tree,66.0,22.0,10.5,66.0,22.0,10.5,True
Libre GL,36,036_2022-04-07T07:54:00,360/tree,24.0,22.0,10.5,66.0,22.0,10.5,False
Libre GL,36,036_2022-04-05T08:14:00,360/tree,66.0,66.0,10.5,66.0,22.0,42.0,False
Libre GL,36,036_2022-04-06T08:01:00,360/tree,66.0,22.0,42.0,66.0,22.0,42.0,True
Libre GL,38,038_2022-01-31T07:03:00,360/tree,66.0,22.0,10.5,66.0,22.0,10.5,True
Libre GL,38,038_2022-02-03T07:17:00,360/tree,24.0,22.0,10.5,24.0,22.0,10.5,True
Libre GL,38,038_2022-02-01T07:18:00,360/tree,66.0,66.0,10.5,24.0,22.0,10.5,False
Libre GL,38,038_2022-02-02T07:02:00,360/tree,66.0,22.0,42.0,24.0,22.0,10.5,False
Libre GL,41,041_2022-05-02T08:19:00,360/tree,66.0,22.0,10.5,66.0,66.0,10.5,False
Libre GL,41,041_2022-05-05T07:59:00,360/tree,24.0,22.0,10.5,24.0,22.0,10.5,True
Libre GL,41,041_2022-05-03T07:44:00,360/tree,66.0,66.0,10.5,24.0,22.0,10.5,False
Libre GL,41,041_2022-05-04T07:58:00,360/tree,66.0,22.0,42.0,66.0,66.0,10.5,False
Libre GL,42,042_2025-07-31T08:40:00,360/tree,66.0,22.0,10.5,66.0,22.0,42.0,False
Libre GL,42,042_2025-08-03T10:28:00,360/tree,24.0,22.0,10.5,66.0,22.0,10.5,False
Libre GL,42,042_2025-08-01T07:50:00,360/tree,66.0,66.0,10.5,66.0,22.0,42.0,False
Libre GL,42,042_2025-08-02T08:15:00,360/tree,66.0,22.0,42.0,66.0,22.0,10.5,False
Libre GL,43,043_2025-10-20T08:00:00,360/tree,66.0,22.0,10.5,66.0,22.0,10.5,True
Libre GL,43,043_2025-10-23T08:08:00,360/tree,24.0,22.0,10.5,24.0,22.0,10.5,True
Libre GL,43,043_2025-10-21T07:51:00,360/tree,66.0,66.0,10.5,66.0,22.0,42.0,False
Libre GL,43,043_2025-10-22T08:03:00,360/tree,66.0,22.0,42.0,66.0,22.0,42.0,True
Libre GL,44,044_2022-10-23T06:24:00,360/tree,66.0,22.0,10.5,66.0,22.0,10.5,True
Libre GL,44,044_2022-10-26T07:45:00,360/tree,24.0,22.0,10.5,66.0,66.0,10.5,False
Libre GL,44,044_2022-10-24T07:49:00,360/tree,66.0,66.0,10.5,66.0,22.0,42.0,False
Libre GL,44,044_2022-10-25T07:45:00,360/tree,66.0,22.0,42.0,24.0,22.0,10.5,False
Libre GL,45,045_2025-03-31T08:56:00,360/tree,66.0,22.0,10.5,24.0,22.0,10.5,False
Libre GL,45,045_2025-04-03T08:46:00,360/tree,24.0,22.0,10.5,24.0,22.0,10.5,True
Libre GL,45,045_2025-04-01T09:05:00,360/tree,66.0,66.0,10.5,66.0,22.0,10.5,False
Libre GL,45,045_2025-04-02T09:40:00,360/tree,66.0,22.0,42.0,66.0,22.0,10.5,False
Libre GL,49,049_2025-05-17T07:11:00,360/tree,66.0,22.0,10.5,66.0,22.0,10.5,True
Libre GL,49,049_2025-05-20T07:06:00,360/tree,24.0,22.0,10.5,24.0,22.0,10.5,True
Libre GL,49,049_2025-05-18T08:59:00,360/tree,66.0,66.0,10.5,66.0,22.0,10.5,False
Libre GL,49,049_2025-05-19T07:06:00,360/tree,66.0,22.0,42.0,66.0,22.0,10.5,False
Libre GL,1,001_2020-05-07T10:07:00,720/rbf0.1,66.0,22.0,10.5,66.0,22.0,42.0,False
Libre GL,1,001_2020-05-10T09:27:00,720/rbf0.1,24.0,22.0,10.5,66.0,22.0,42.0,False
Libre GL,1,001_2020-05-08T09:58:00,720/rbf0.1,66.0,66.0,10.5,24.0,22.0,10.5,False
Libre GL,1,001_2020-05-09T09:35:00,720/rbf0.1,66.0,22.0,42.0,24.0,22.0,10.5,False
Libre GL,2,002_2019-11-21T09:55:00,720/rbf0.1,66.0,22.0,10.5,66.0,22.0,10.5,True
Libre GL,2,002_2019-11-24T08:09:00,720/rbf0.1,24.0,22.0,10.5,24.0,22.0,10.5,True
Libre GL,2,002_2019-11-22T08:48:00,720/rbf0.1,66.0,66.0,10.5,24.0,22.0,10.5,False
Libre GL,2,002_2019-11-23T09:59:00,720/rbf0.1,66.0,22.0,42.0,66.0,22.0,10.5,False
Libre GL,5,005_2020-08-23T10:48:00,720/rbf0.1,66.0,22.0,10.5,66.0,22.0,42.0,False
Libre GL,5,005_2020-08-26T08:19:00,720/rbf0.1,24.0,22.0,10.5,66.0,22.0,10.5,False
Libre GL,5,005_2020-08-24T08:04:00,720/rbf0.1,66.0,66.0,10.5,66.0,22.0,10.5,False
Libre GL,5,005_2020-08-25T08:13:00,720/rbf0.1,66.0,22.0,42.0,66.0,22.0,42.0,True
Libre GL,6,006_2023-04-13T10:05:00,720/rbf0.1,66.0,22.0,10.5,66.0,22.0,10.5,True
Libre GL,6,006_2023-04-16T07:16:00,720/rbf0.1,24.0,22.0,10.5,24.0,22.0,10.5,True
Libre GL,6,006_2023-04-14T09:08:00,720/rbf0.1,66.0,66.0,10.5,24.0,22.0,10.5,False
Libre GL,6,006_2023-04-15T08:45:00,720/rbf0.1,66.0,22.0,42.0,66.0,22.0,42.0,True
Libre GL,8,008_2023-02-05T09:57:00,720/rbf0.1,66.0,22.0,10.5,66.0,22.0,42.0,False
Libre GL,8,008_2023-02-08T08:01:00,720/rbf0.1,24.0,22.0,10.5,24.0,22.0,10.5,True
Libre GL,8,008_2023-02-06T08:13:00,720/rbf0.1,66.0,66.0,10.5,66.0,22.0,10.5,False
Libre GL,8,008_2023-02-07T08:07:00,720/rbf0.1,66.0,22.0,42.0,66.0,22.0,42.0,True
Libre GL,9,009_2020-09-21T08:39:00,720/rbf0.1,66.0,22.0,10.5,66.0,22.0,10.5,True
Libre GL,9,009_2020-09-24T07:51:00,720/rbf0.1,24.0,22.0,10.5,24.0,22.0,10.5,True
Libre GL,9,009_2020-09-22T07:37:00,720/rbf0.1,66.0,66.0,10.5,66.0,66.0,10.5,True
Libre GL,9,009_2020-09-23T07:29:00,720/rbf0.1,66.0,22.0,42.0,24.0,22.0,10.5,False
Libre GL,10,010_2020-06-27T05:25:00,720/rbf0.1,66.0,22.0,10.5,66.0,66.0,10.5,False
Libre GL,10,010_2020-06-30T07:27:00,720/rbf0.1,24.0,22.0,10.5,24.0,22.0,10.5,True
Libre GL,10,010_2020-06-28T05:16:00,720/rbf0.1,66.0,66.0,10.5,66.0,22.0,42.0,False
Libre GL,10,010_2020-06-29T06:06:00,720/rbf0.1,66.0,22.0,42.0,66.0,22.0,42.0,True
Libre GL,14,014_2023-05-15T07:29:00,720/rbf0.1,66.0,22.0,10.5,66.0,66.0,10.5,False
Libre GL,14,014_2023-05-18T08:15:00,720/rbf0.1,24.0,22.0,10.5,24.0,22.0,10.5,True
Libre GL,14,014_2023-05-16T07:28:00,720/rbf0.1,66.0,66.0,10.5,24.0,22.0,10.5,False
Libre GL,14,014_2023-05-17T08:34:00,720/rbf0.1,66.0,22.0,42.0,66.0,22.0,42.0,True
Libre GL,17,017_2023-10-16T09:41:00,720/rbf0.1,66.0,22.0,10.5,66.0,22.0,42.0,False
Libre GL,17,017_2023-10-19T08:30:00,720/rbf0.1,24.0,22.0,10.5,66.0,66.0,10.5,False
Libre GL,17,017_2023-10-17T11:12:00,720/rbf0.1,66.0,66.0,10.5,66.0,22.0,42.0,False
Libre GL,17,017_2023-10-18T11:43:00,720/rbf0.1,66.0,22.0,42.0,66.0,22.0,42.0,True
Libre GL,27,027_2024-06-16T10:15:00,720/rbf0.1,66.0,22.0,10.5,24.0,22.0,10.5,False
Libre GL,27,027_2024-06-19T10:11:00,720/rbf0.1,24.0,22.0,10.5,24.0,22.0,10.5,True
Libre GL,27,027_2024-06-17T08:15:00,720/rbf0.1,66.0,66.0,10.5,24.0,22.0,10.5,False
Libre GL,27,027_2024-06-18T09:20:00,720/rbf0.1,66.0,22.0,42.0,24.0,22.0,10.5,False
Libre GL,31,031_2022-07-05T07:45:00,720/rbf0.1,66.0,22.0,10.5,66.0,66.0,10.5,False
Libre GL,31,031_2022-07-08T07:18:00,720/rbf0.1,24.0,22.0,10.5,24.0,22.0,10.5,True
Libre GL,31,031_2022-07-06T07:56:00,720/rbf0.1,66.0,66.0,10.5,24.0,22.0,10.5,False
Libre GL,31,031_2022-07-07T07:04:00,720/rbf0.1,66.0,22.0,42.0,24.0,22.0,10.5,False
Libre GL,32,032_2022-01-07T07:01:00,720/rbf0.1,66.0,22.0,10.5,66.0,66.0,10.5,False
Libre GL,32,032_2022-01-10T05:10:00,720/rbf0.1,24.0,22.0,10.5,66.0,22.0,10.5,False
Libre GL,32,032_2022-01-08T06:37:00,720/rbf0.1,66.0,66.0,10.5,66.0,22.0,10.5,False
Libre GL,32,032_2022-01-09T05:32:00,720/rbf0.1,66.0,22.0,42.0,66.0,22.0,10.5,False
Libre GL,34,034_2022-03-08T06:16:00,720/rbf0.1,66.0,22.0,10.5,24.0,22.0,10.5,False
Libre GL,34,034_2022-03-11T07:24:00,720/rbf0.1,24.0,22.0,10.5,24.0,22.0,10.5,True
Libre GL,34,034_2022-03-09T07:18:00,720/rbf0.1,66.0,66.0,10.5,66.0,66.0,10.5,True
Libre GL,34,034_2022-03-10T07:12:00,720/rbf0.1,66.0,22.0,42.0,24.0,22.0,10.5,False
Libre GL,35,035_2024-12-18T07:10:00,720/rbf0.1,66.0,22.0,10.5,66.0,22.0,42.0,False
Libre GL,35,035_2024-12-21T06:53:00,720/rbf0.1,24.0,22.0,10.5,66.0,22.0,10.5,False
Libre GL,35,035_2024-12-19T06:25:00,720/rbf0.1,66.0,66.0,10.5,66.0,22.0,10.5,False
Libre GL,35,035_2024-12-20T06:39:00,720/rbf0.1,66.0,22.0,42.0,66.0,22.0,10.5,False
Libre GL,36,036_2022-04-04T08:18:00,720/rbf0.1,66.0,22.0,10.5,66.0,22.0,10.5,True
Libre GL,36,036_2022-04-07T07:54:00,720/rbf0.1,24.0,22.0,10.5,66.0,22.0,42.0,False
Libre GL,36,036_2022-04-05T08:14:00,720/rbf0.1,66.0,66.0,10.5,66.0,22.0,42.0,False
Libre GL,36,036_2022-04-06T08:01:00,720/rbf0.1,66.0,22.0,42.0,66.0,22.0,42.0,True
Libre GL,38,038_2022-01-31T07:03:00,720/rbf0.1,66.0,22.0,10.5,66.0,22.0,10.5,True
Libre GL,38,038_2022-02-03T07:17:00,720/rbf0.1,24.0,22.0,10.5,24.0,22.0,10.5,True
Libre GL,38,038_2022-02-01T07:18:00,720/rbf0.1,66.0,66.0,10.5,24.0,22.0,10.5,False
Libre GL,38,038_2022-02-02T07:02:00,720/rbf0.1,66.0,22.0,42.0,24.0,22.0,10.5,False
Libre GL,41,041_2022-05-02T08:19:00,720/rbf0.1,66.0,22.0,10.5,66.0,22.0,10.5,True
Libre GL,41,041_2022-05-05T07:59:00,720/rbf0.1,24.0,22.0,10.5,24.0,22.0,10.5,True
Libre GL,41,041_2022-05-03T07:44:00,720/rbf0.1,66.0,66.0,10.5,24.0,22.0,10.5,False
Libre GL,41,041_2022-05-04T07:58:00,720/rbf0.1,66.0,22.0,42.0,66.0,22.0,10.5,False
Libre GL,42,042_2025-07-31T08:40:00,720/rbf0.1,66.0,22.0,10.5,24.0,22.0,10.5,False
Libre GL,42,042_2025-08-03T10:28:00,720/rbf0.1,24.0,22.0,10.5,66.0,22.0,10.5,False
Libre GL,42,042_2025-08-01T07:50:00,720/rbf0.1,66.0,66.0,10.5,66.0,22.0,10.5,False
Libre GL,42,042_2025-08-02T08:15:00,720/rbf0.1,66.0,22.0,42.0,66.0,66.0,10.5,False
Libre GL,43,043_2025-10-20T08:00:00,720/rbf0.1,66.0,22.0,10.5,66.0,22.0,10.5,True
Libre GL,43,043_2025-10-23T08:08:00,720/rbf0.1,24.0,22.0,10.5,24.0,22.0,10.5,True
Libre GL,43,043_2025-10-21T07:51:00,720/rbf0.1,66.0,66.0,10.5,66.0,66.0,10.5,True
Libre GL,43,043_2025-10-22T08:03:00,720/rbf0.1,66.0,22.0,42.0,66.0,22.0,42.0,True
Libre GL,44,044_2022-10-23T06:24:00,720/rbf0.1,66.0,22.0,10.5,66.0,22.0,10.5,True
Libre GL,44,044_2022-10-26T07:45:00,720/rbf0.1,24.0,22.0,10.5,66.0,66.0,10.5,False
Libre GL,44,044_2022-10-24T07:49:00,720/rbf0.1,66.0,66.0,10.5,66.0,22.0,42.0,False
Libre GL,44,044_2022-10-25T07:45:00,720/rbf0.1,66.0,22.0,42.0,24.0,22.0,10.5,False
Libre GL,45,045_2025-03-31T08:56:00,720/rbf0.1,66.0,22.0,10.5,66.0,66.0,10.5,False
Libre GL,45,045_2025-04-03T08:46:00,720/rbf0.1,24.0,22.0,10.5,66.0,66.0,10.5,False
Libre GL,45,045_2025-04-01T09:05:00,720/rbf0.1,66.0,66.0,10.5,66.0,22.0,10.5,False
Libre GL,45,045_2025-04-02T09:40:00,720/rbf0.1,66.0,22.0,42.0,66.0,22.0,10.5,False
Libre GL,49,049_2025-05-17T07:11:00,720/rbf0.1,66.0,22.0,10.5,24.0,22.0,10.5,False
Libre GL,49,049_2025-05-20T07:06:00,720/rbf0.1,24.0,22.0,10.5,66.0,66.0,10.5,False
Libre GL,49,049_2025-05-18T08:59:00,720/rbf0.1,66.0,66.0,10.5,66.0,22.0,42.0,False
Libre GL,49,049_2025-05-19T07:06:00,720/rbf0.1,66.0,22.0,42.0,66.0,22.0,10.5,False
Libre GL,1,001_2020-05-07T10:07:00,720/rbf1,66.0,22.0,10.5,66.0,22.0,42.0,False
Libre GL,1,001_2020-05-10T09:27:00,720/rbf1,24.0,22.0,10.5,66.0,22.0,42.0,False
Libre GL,1,001_2020-05-08T09:58:00,720/rbf1,66.0,66.0,10.5,24.0,22.0,10.5,False
Libre GL,1,001_2020-05-09T09:35:00,720/rbf1,66.0,22.0,42.0,24.0,22.0,10.5,False
Libre GL,2,002_2019-11-21T09:55:00,720/rbf1,66.0,22.0,10.5,66.0,22.0,10.5,True
Libre GL,2,002_2019-11-24T08:09:00,720/rbf1,24.0,22.0,10.5,24.0,22.0,10.5,True
Libre GL,2,002_2019-11-22T08:48:00,720/rbf1,66.0,66.0,10.5,24.0,22.0,10.5,False
Libre GL,2,002_2019-11-23T09:59:00,720/rbf1,66.0,22.0,42.0,66.0,22.0,10.5,False
Libre GL,5,005_2020-08-23T10:48:00,720/rbf1,66.0,22.0,10.5,66.0,22.0,42.0,False
Libre GL,5,005_2020-08-26T08:19:00,720/rbf1,24.0,22.0,10.5,66.0,22.0,10.5,False
Libre GL,5,005_2020-08-24T08:04:00,720/rbf1,66.0,66.0,10.5,66.0,22.0,10.5,False
Libre GL,5,005_2020-08-25T08:13:00,720/rbf1,66.0,22.0,42.0,66.0,22.0,42.0,True
Libre GL,6,006_2023-04-13T10:05:00,720/rbf1,66.0,22.0,10.5,66.0,22.0,10.5,True
Libre GL,6,006_2023-04-16T07:16:00,720/rbf1,24.0,22.0,10.5,24.0,22.0,10.5,True
Libre GL,6,006_2023-04-14T09:08:00,720/rbf1,66.0,66.0,10.5,24.0,22.0,10.5,False
Libre GL,6,006_2023-04-15T08:45:00,720/rbf1,66.0,22.0,42.0,66.0,22.0,42.0,True
Libre GL,8,008_2023-02-05T09:57:00,720/rbf1,66.0,22.0,10.5,66.0,22.0,42.0,False
Libre GL,8,008_2023-02-08T08:01:00,720/rbf1,24.0,22.0,10.5,24.0,22.0,10.5,True
Libre GL,8,008_2023-02-06T08:13:00,720/rbf1,66.0,66.0,10.5,66.0,22.0,10.5,False
Libre GL,8,008_2023-02-07T08:07:00,720/rbf1,66.0,22.0,42.0,66.0,22.0,42.0,True
Libre GL,9,009_2020-09-21T08:39:00,720/rbf1,66.0,22.0,10.5,66.0,22.0,10.5,True
Libre GL,9,009_2020-09-24T07:51:00,720/rbf1,24.0,22.0,10.5,24.0,22.0,10.5,True
Libre GL,9,009_2020-09-22T07:37:00,720/rbf1,66.0,66.0,10.5,66.0,66.0,10.5,True
Libre GL,9,009_2020-09-23T07:29:00,720/rbf1,66.0,22.0,42.0,24.0,22.0,10.5,False
Libre GL,10,010_2020-06-27T05:25:00,720/rbf1,66.0,22.0,10.5,66.0,66.0,10.5,False
Libre GL,10,010_2020-06-30T07:27:00,720/rbf1,24.0,22.0,10.5,66.0,66.0,10.5,False
Libre GL,10,010_2020-06-28T05:16:00,720/rbf1,66.0,66.0,10.5,66.0,22.0,42.0,False
Libre GL,10,010_2020-06-29T06:06:00,720/rbf1,66.0,22.0,42.0,66.0,22.0,42.0,True
Libre GL,14,014_2023-05-15T07:29:00,720/rbf1,66.0,22.0,10.5,66.0,66.0,10.5,False
Libre GL,14,014_2023-05-18T08:15:00,720/rbf1,24.0,22.0,10.5,24.0,22.0,10.5,True
Libre GL,14,014_2023-05-16T07:28:00,720/rbf1,66.0,66.0,10.5,24.0,22.0,10.5,False
Libre GL,14,014_2023-05-17T08:34:00,720/rbf1,66.0,22.0,42.0,66.0,22.0,42.0,True
Libre GL,17,017_2023-10-16T09:41:00,720/rbf1,66.0,22.0,10.5,66.0,22.0,42.0,False
Libre GL,17,017_2023-10-19T08:30:00,720/rbf1,24.0,22.0,10.5,66.0,66.0,10.5,False
Libre GL,17,017_2023-10-17T11:12:00,720/rbf1,66.0,66.0,10.5,66.0,22.0,42.0,False
Libre GL,17,017_2023-10-18T11:43:00,720/rbf1,66.0,22.0,42.0,66.0,22.0,42.0,True
Libre GL,27,027_2024-06-16T10:15:00,720/rbf1,66.0,22.0,10.5,24.0,22.0,10.5,False
Libre GL,27,027_2024-06-19T10:11:00,720/rbf1,24.0,22.0,10.5,24.0,22.0,10.5,True
Libre GL,27,027_2024-06-17T08:15:00,720/rbf1,66.0,66.0,10.5,24.0,22.0,10.5,False
Libre GL,27,027_2024-06-18T09:20:00,720/rbf1,66.0,22.0,42.0,24.0,22.0,10.5,False
Libre GL,31,031_2022-07-05T07:45:00,720/rbf1,66.0,22.0,10.5,66.0,66.0,10.5,False
Libre GL,31,031_2022-07-08T07:18:00,720/rbf1,24.0,22.0,10.5,24.0,22.0,10.5,True
Libre GL,31,031_2022-07-06T07:56:00,720/rbf1,66.0,66.0,10.5,24.0,22.0,10.5,False
Libre GL,31,031_2022-07-07T07:04:00,720/rbf1,66.0,22.0,42.0,66.0,22.0,42.0,True
Libre GL,32,032_2022-01-07T07:01:00,720/rbf1,66.0,22.0,10.5,66.0,66.0,10.5,False
Libre GL,32,032_2022-01-10T05:10:00,720/rbf1,24.0,22.0,10.5,66.0,22.0,10.5,False
Libre GL,32,032_2022-01-08T06:37:00,720/rbf1,66.0,66.0,10.5,66.0,22.0,10.5,False
Libre GL,32,032_2022-01-09T05:32:00,720/rbf1,66.0,22.0,42.0,66.0,22.0,10.5,False
Libre GL,34,034_2022-03-08T06:16:00,720/rbf1,66.0,22.0,10.5,24.0,22.0,10.5,False
Libre GL,34,034_2022-03-11T07:24:00,720/rbf1,24.0,22.0,10.5,66.0,66.0,10.5,False
Libre GL,34,034_2022-03-09T07:18:00,720/rbf1,66.0,66.0,10.5,66.0,66.0,10.5,True
Libre GL,34,034_2022-03-10T07:12:00,720/rbf1,66.0,22.0,42.0,24.0,22.0,10.5,False
Libre GL,35,035_2024-12-18T07:10:00,720/rbf1,66.0,22.0,10.5,66.0,22.0,42.0,False
Libre GL,35,035_2024-12-21T06:53:00,720/rbf1,24.0,22.0,10.5,66.0,22.0,10.5,False
Libre GL,35,035_2024-12-19T06:25:00,720/rbf1,66.0,66.0,10.5,66.0,22.0,10.5,False
Libre GL,35,035_2024-12-20T06:39:00,720/rbf1,66.0,22.0,42.0,66.0,22.0,10.5,False
Libre GL,36,036_2022-04-04T08:18:00,720/rbf1,66.0,22.0,10.5,66.0,22.0,10.5,True
Libre GL,36,036_2022-04-07T07:54:00,720/rbf1,24.0,22.0,10.5,66.0,22.0,42.0,False
Libre GL,36,036_2022-04-05T08:14:00,720/rbf1,66.0,66.0,10.5,66.0,22.0,42.0,False
Libre GL,36,036_2022-04-06T08:01:00,720/rbf1,66.0,22.0,42.0,66.0,22.0,42.0,True
Libre GL,38,038_2022-01-31T07:03:00,720/rbf1,66.0,22.0,10.5,66.0,22.0,10.5,True
Libre GL,38,038_2022-02-03T07:17:00,720/rbf1,24.0,22.0,10.5,24.0,22.0,10.5,True
Libre GL,38,038_2022-02-01T07:18:00,720/rbf1,66.0,66.0,10.5,24.0,22.0,10.5,False
Libre GL,38,038_2022-02-02T07:02:00,720/rbf1,66.0,22.0,42.0,24.0,22.0,10.5,False
Libre GL,41,041_2022-05-02T08:19:00,720/rbf1,66.0,22.0,10.5,66.0,22.0,10.5,True
Libre GL,41,041_2022-05-05T07:59:00,720/rbf1,24.0,22.0,10.5,24.0,22.0,10.5,True
Libre GL,41,041_2022-05-03T07:44:00,720/rbf1,66.0,66.0,10.5,24.0,22.0,10.5,False
Libre GL,41,041_2022-05-04T07:58:00,720/rbf1,66.0,22.0,42.0,66.0,22.0,10.5,False
Libre GL,42,042_2025-07-31T08:40:00,720/rbf1,66.0,22.0,10.5,24.0,22.0,10.5,False
Libre GL,42,042_2025-08-03T10:28:00,720/rbf1,24.0,22.0,10.5,66.0,22.0,10.5,False
Libre GL,42,042_2025-08-01T07:50:00,720/rbf1,66.0,66.0,10.5,66.0,22.0,10.5,False
Libre GL,42,042_2025-08-02T08:15:00,720/rbf1,66.0,22.0,42.0,66.0,66.0,10.5,False
Libre GL,43,043_2025-10-20T08:00:00,720/rbf1,66.0,22.0,10.5,66.0,22.0,10.5,True
Libre GL,43,043_2025-10-23T08:08:00,720/rbf1,24.0,22.0,10.5,24.0,22.0,10.5,True
Libre GL,43,043_2025-10-21T07:51:00,720/rbf1,66.0,66.0,10.5,66.0,66.0,10.5,True
Libre GL,43,043_2025-10-22T08:03:00,720/rbf1,66.0,22.0,42.0,66.0,22.0,42.0,True
Libre GL,44,044_2022-10-23T06:24:00,720/rbf1,66.0,22.0,10.5,66.0,22.0,10.5,True
Libre GL,44,044_2022-10-26T07:45:00,720/rbf1,24.0,22.0,10.5,66.0,66.0,10.5,False
Libre GL,44,044_2022-10-24T07:49:00,720/rbf1,66.0,66.0,10.5,66.0,22.0,42.0,False
Libre GL,44,044_2022-10-25T07:45:00,720/rbf1,66.0,22.0,42.0,24.0,22.0,10.5,False
Libre GL,45,045_2025-03-31T08:56:00,720/rbf1,66.0,22.0,10.5,66.0,66.0,10.5,False
Libre GL,45,045_2025-04-03T08:46:00,720/rbf1,24.0,22.0,10.5,66.0,66.0,10.5,False
Libre GL,45,045_2025-04-01T09:05:00,720/rbf1,66.0,66.0,10.5,66.0,22.0,10.5,False
Libre GL,45,045_2025-04-02T09:40:00,720/rbf1,66.0,22.0,42.0,66.0,22.0,10.5,False
Libre GL,49,049_2025-05-17T07:11:00,720/rbf1,66.0,22.0,10.5,66.0,22.0,10.5,True
Libre GL,49,049_2025-05-20T07:06:00,720/rbf1,24.0,22.0,10.5,66.0,66.0,10.5,False
Libre GL,49,049_2025-05-18T08:59:00,720/rbf1,66.0,66.0,10.5,66.0,22.0,42.0,False
Libre GL,49,049_2025-05-19T07:06:00,720/rbf1,66.0,22.0,42.0,66.0,22.0,10.5,False
Libre GL,1,001_2020-05-07T10:07:00,720/rbf10,66.0,22.0,10.5,66.0,22.0,42.0,False
Libre GL,1,001_2020-05-10T09:27:00,720/rbf10,24.0,22.0,10.5,66.0,22.0,42.0,False
Libre GL,1,001_2020-05-08T09:58:00,720/rbf10,66.0,66.0,10.5,24.0,22.0,10.5,False
Libre GL,1,001_2020-05-09T09:35:00,720/rbf10,66.0,22.0,42.0,66.0,22.0,10.5,False
Libre GL,2,002_2019-11-21T09:55:00,720/rbf10,66.0,22.0,10.5,66.0,22.0,10.5,True
Libre GL,2,002_2019-11-24T08:09:00,720/rbf10,24.0,22.0,10.5,24.0,22.0,10.5,True
Libre GL,2,002_2019-11-22T08:48:00,720/rbf10,66.0,66.0,10.5,66.0,22.0,42.0,False
Libre GL,2,002_2019-11-23T09:59:00,720/rbf10,66.0,22.0,42.0,66.0,22.0,10.5,False
Libre GL,5,005_2020-08-23T10:48:00,720/rbf10,66.0,22.0,10.5,66.0,22.0,42.0,False
Libre GL,5,005_2020-08-26T08:19:00,720/rbf10,24.0,22.0,10.5,66.0,22.0,10.5,False
Libre GL,5,005_2020-08-24T08:04:00,720/rbf10,66.0,66.0,10.5,66.0,22.0,10.5,False
Libre GL,5,005_2020-08-25T08:13:00,720/rbf10,66.0,22.0,42.0,66.0,22.0,42.0,True
Libre GL,6,006_2023-04-13T10:05:00,720/rbf10,66.0,22.0,10.5,66.0,22.0,10.5,True
Libre GL,6,006_2023-04-16T07:16:00,720/rbf10,24.0,22.0,10.5,24.0,22.0,10.5,True
Libre GL,6,006_2023-04-14T09:08:00,720/rbf10,66.0,66.0,10.5,24.0,22.0,10.5,False
Libre GL,6,006_2023-04-15T08:45:00,720/rbf10,66.0,22.0,42.0,66.0,22.0,42.0,True
Libre GL,8,008_2023-02-05T09:57:00,720/rbf10,66.0,22.0,10.5,66.0,22.0,10.5,True
Libre GL,8,008_2023-02-08T08:01:00,720/rbf10,24.0,22.0,10.5,66.0,22.0,10.5,False
Libre GL,8,008_2023-02-06T08:13:00,720/rbf10,66.0,66.0,10.5,66.0,22.0,10.5,False
Libre GL,8,008_2023-02-07T08:07:00,720/rbf10,66.0,22.0,42.0,66.0,22.0,42.0,True
Libre GL,9,009_2020-09-21T08:39:00,720/rbf10,66.0,22.0,10.5,66.0,22.0,10.5,True
Libre GL,9,009_2020-09-24T07:51:00,720/rbf10,24.0,22.0,10.5,24.0,22.0,10.5,True
Libre GL,9,009_2020-09-22T07:37:00,720/rbf10,66.0,66.0,10.5,66.0,66.0,10.5,True
Libre GL,9,009_2020-09-23T07:29:00,720/rbf10,66.0,22.0,42.0,24.0,22.0,10.5,False
Libre GL,10,010_2020-06-27T05:25:00,720/rbf10,66.0,22.0,10.5,66.0,66.0,10.5,False
Libre GL,10,010_2020-06-30T07:27:00,720/rbf10,24.0,22.0,10.5,66.0,22.0,42.0,False
Libre GL,10,010_2020-06-28T05:16:00,720/rbf10,66.0,66.0,10.5,66.0,22.0,42.0,False
Libre GL,10,010_2020-06-29T06:06:00,720/rbf10,66.0,22.0,42.0,66.0,22.0,42.0,True
Libre GL,14,014_2023-05-15T07:29:00,720/rbf10,66.0,22.0,10.5,66.0,66.0,10.5,False
Libre GL,14,014_2023-05-18T08:15:00,720/rbf10,24.0,22.0,10.5,24.0,22.0,10.5,True
Libre GL,14,014_2023-05-16T07:28:00,720/rbf10,66.0,66.0,10.5,24.0,22.0,10.5,False
Libre GL,14,014_2023-05-17T08:34:00,720/rbf10,66.0,22.0,42.0,66.0,66.0,10.5,False
Libre GL,17,017_2023-10-16T09:41:00,720/rbf10,66.0,22.0,10.5,66.0,22.0,42.0,False
Libre GL,17,017_2023-10-19T08:30:00,720/rbf10,24.0,22.0,10.5,66.0,22.0,42.0,False
Libre GL,17,017_2023-10-17T11:12:00,720/rbf10,66.0,66.0,10.5,66.0,22.0,42.0,False
Libre GL,17,017_2023-10-18T11:43:00,720/rbf10,66.0,22.0,42.0,66.0,22.0,42.0,True
Libre GL,27,027_2024-06-16T10:15:00,720/rbf10,66.0,22.0,10.5,24.0,22.0,10.5,False
Libre GL,27,027_2024-06-19T10:11:00,720/rbf10,24.0,22.0,10.5,24.0,22.0,10.5,True
Libre GL,27,027_2024-06-17T08:15:00,720/rbf10,66.0,66.0,10.5,24.0,22.0,10.5,False
Libre GL,27,027_2024-06-18T09:20:00,720/rbf10,66.0,22.0,42.0,24.0,22.0,10.5,False
Libre GL,31,031_2022-07-05T07:45:00,720/rbf10,66.0,22.0,10.5,66.0,66.0,10.5,False
Libre GL,31,031_2022-07-08T07:18:00,720/rbf10,24.0,22.0,10.5,24.0,22.0,10.5,True
Libre GL,31,031_2022-07-06T07:56:00,720/rbf10,66.0,66.0,10.5,66.0,66.0,10.5,True
Libre GL,31,031_2022-07-07T07:04:00,720/rbf10,66.0,22.0,42.0,66.0,22.0,42.0,True
Libre GL,32,032_2022-01-07T07:01:00,720/rbf10,66.0,22.0,10.5,66.0,66.0,10.5,False
Libre GL,32,032_2022-01-10T05:10:00,720/rbf10,24.0,22.0,10.5,66.0,22.0,10.5,False
Libre GL,32,032_2022-01-08T06:37:00,720/rbf10,66.0,66.0,10.5,66.0,22.0,10.5,False
Libre GL,32,032_2022-01-09T05:32:00,720/rbf10,66.0,22.0,42.0,66.0,22.0,10.5,False
Libre GL,34,034_2022-03-08T06:16:00,720/rbf10,66.0,22.0,10.5,24.0,22.0,10.5,False
Libre GL,34,034_2022-03-11T07:24:00,720/rbf10,24.0,22.0,10.5,66.0,66.0,10.5,False
Libre GL,34,034_2022-03-09T07:18:00,720/rbf10,66.0,66.0,10.5,66.0,66.0,10.5,True
Libre GL,34,034_2022-03-10T07:12:00,720/rbf10,66.0,22.0,42.0,24.0,22.0,10.5,False
Libre GL,35,035_2024-12-18T07:10:00,720/rbf10,66.0,22.0,10.5,66.0,22.0,42.0,False
Libre GL,35,035_2024-12-21T06:53:00,720/rbf10,24.0,22.0,10.5,66.0,22.0,10.5,False
Libre GL,35,035_2024-12-19T06:25:00,720/rbf10,66.0,66.0,10.5,66.0,66.0,10.5,True
Libre GL,35,035_2024-12-20T06:39:00,720/rbf10,66.0,22.0,42.0,66.0,22.0,42.0,True
Libre GL,36,036_2022-04-04T08:18:00,720/rbf10,66.0,22.0,10.5,66.0,22.0,10.5,True
Libre GL,36,036_2022-04-07T07:54:00,720/rbf10,24.0,22.0,10.5,66.0,22.0,42.0,False
Libre GL,36,036_2022-04-05T08:14:00,720/rbf10,66.0,66.0,10.5,66.0,22.0,42.0,False
Libre GL,36,036_2022-04-06T08:01:00,720/rbf10,66.0,22.0,42.0,66.0,22.0,42.0,True
Libre GL,38,038_2022-01-31T07:03:00,720/rbf10,66.0,22.0,10.5,66.0,22.0,10.5,True
Libre GL,38,038_2022-02-03T07:17:00,720/rbf10,24.0,22.0,10.5,24.0,22.0,10.5,True
Libre GL,38,038_2022-02-01T07:18:00,720/rbf10,66.0,66.0,10.5,24.0,22.0,10.5,False
Libre GL,38,038_2022-02-02T07:02:00,720/rbf10,66.0,22.0,42.0,24.0,22.0,10.5,False
Libre GL,41,041_2022-05-02T08:19:00,720/rbf10,66.0,22.0,10.5,66.0,66.0,10.5,False
Libre GL,41,041_2022-05-05T07:59:00,720/rbf10,24.0,22.0,10.5,24.0,22.0,10.5,True
Libre GL,41,041_2022-05-03T07:44:00,720/rbf10,66.0,66.0,10.5,24.0,22.0,10.5,False
Libre GL,41,041_2022-05-04T07:58:00,720/rbf10,66.0,22.0,42.0,66.0,66.0,10.5,False
Libre GL,42,042_2025-07-31T08:40:00,720/rbf10,66.0,22.0,10.5,66.0,22.0,42.0,False
Libre GL,42,042_2025-08-03T10:28:00,720/rbf10,24.0,22.0,10.5,66.0,22.0,10.5,False
Libre GL,42,042_2025-08-01T07:50:00,720/rbf10,66.0,66.0,10.5,66.0,66.0,10.5,True
Libre GL,42,042_2025-08-02T08:15:00,720/rbf10,66.0,22.0,42.0,66.0,66.0,10.5,False
Libre GL,43,043_2025-10-20T08:00:00,720/rbf10,66.0,22.0,10.5,66.0,22.0,10.5,True
Libre GL,43,043_2025-10-23T08:08:00,720/rbf10,24.0,22.0,10.5,24.0,22.0,10.5,True
Libre GL,43,043_2025-10-21T07:51:00,720/rbf10,66.0,66.0,10.5,66.0,22.0,10.5,False
Libre GL,43,043_2025-10-22T08:03:00,720/rbf10,66.0,22.0,42.0,66.0,22.0,42.0,True
Libre GL,44,044_2022-10-23T06:24:00,720/rbf10,66.0,22.0,10.5,66.0,66.0,10.5,False
Libre GL,44,044_2022-10-26T07:45:00,720/rbf10,24.0,22.0,10.5,66.0,66.0,10.5,False
Libre GL,44,044_2022-10-24T07:49:00,720/rbf10,66.0,66.0,10.5,66.0,22.0,42.0,False
Libre GL,44,044_2022-10-25T07:45:00,720/rbf10,66.0,22.0,42.0,24.0,22.0,10.5,False
Libre GL,45,045_2025-03-31T08:56:00,720/rbf10,66.0,22.0,10.5,66.0,66.0,10.5,False
Libre GL,45,045_2025-04-03T08:46:00,720/rbf10,24.0,22.0,10.5,66.0,66.0,10.5,False
Libre GL,45,045_2025-04-01T09:05:00,720/rbf10,66.0,66.0,10.5,66.0,22.0,10.5,False
Libre GL,45,045_2025-04-02T09:40:00,720/rbf10,66.0,22.0,42.0,66.0,22.0,10.5,False
Libre GL,49,049_2025-05-17T07:11:00,720/rbf10,66.0,22.0,10.5,66.0,22.0,10.5,True
Libre GL,49,049_2025-05-20T07:06:00,720/rbf10,24.0,22.0,10.5,66.0,66.0,10.5,False
Libre GL,49,049_2025-05-18T08:59:00,720/rbf10,66.0,66.0,10.5,66.0,22.0,42.0,False
Libre GL,49,049_2025-05-19T07:06:00,720/rbf10,66.0,22.0,42.0,66.0,22.0,10.5,False
Libre GL,1,001_2020-05-07T10:07:00,720/lda,66.0,22.0,10.5,66.0,22.0,42.0,False
Libre GL,1,001_2020-05-10T09:27:00,720/lda,24.0,22.0,10.5,66.0,22.0,42.0,False
Libre GL,1,001_2020-05-08T09:58:00,720/lda,66.0,66.0,10.5,24.0,22.0,10.5,False
Libre GL,1,001_2020-05-09T09:35:00,720/lda,66.0,22.0,42.0,66.0,66.0,10.5,False
Libre GL,2,002_2019-11-21T09:55:00,720/lda,66.0,22.0,10.5,66.0,22.0,10.5,True
Libre GL,2,002_2019-11-24T08:09:00,720/lda,24.0,22.0,10.5,66.0,66.0,10.5,False
Libre GL,2,002_2019-11-22T08:48:00,720/lda,66.0,66.0,10.5,24.0,22.0,10.5,False
Libre GL,2,002_2019-11-23T09:59:00,720/lda,66.0,22.0,42.0,66.0,22.0,10.5,False
Libre GL,5,005_2020-08-23T10:48:00,720/lda,66.0,22.0,10.5,66.0,66.0,10.5,False
Libre GL,5,005_2020-08-26T08:19:00,720/lda,24.0,22.0,10.5,66.0,22.0,42.0,False
Libre GL,5,005_2020-08-24T08:04:00,720/lda,66.0,66.0,10.5,66.0,22.0,10.5,False
Libre GL,5,005_2020-08-25T08:13:00,720/lda,66.0,22.0,42.0,66.0,22.0,42.0,True
Libre GL,6,006_2023-04-13T10:05:00,720/lda,66.0,22.0,10.5,66.0,22.0,10.5,True
Libre GL,6,006_2023-04-16T07:16:00,720/lda,24.0,22.0,10.5,24.0,22.0,10.5,True
Libre GL,6,006_2023-04-14T09:08:00,720/lda,66.0,66.0,10.5,24.0,22.0,10.5,False
Libre GL,6,006_2023-04-15T08:45:00,720/lda,66.0,22.0,42.0,66.0,66.0,10.5,False
Libre GL,8,008_2023-02-05T09:57:00,720/lda,66.0,22.0,10.5,66.0,22.0,10.5,True
Libre GL,8,008_2023-02-08T08:01:00,720/lda,24.0,22.0,10.5,66.0,22.0,10.5,False
Libre GL,8,008_2023-02-06T08:13:00,720/lda,66.0,66.0,10.5,66.0,22.0,10.5,False
Libre GL,8,008_2023-02-07T08:07:00,720/lda,66.0,22.0,42.0,66.0,22.0,42.0,True
Libre GL,9,009_2020-09-21T08:39:00,720/lda,66.0,22.0,10.5,66.0,22.0,42.0,False
Libre GL,9,009_2020-09-24T07:51:00,720/lda,24.0,22.0,10.5,24.0,22.0,10.5,True
Libre GL,9,009_2020-09-22T07:37:00,720/lda,66.0,66.0,10.5,66.0,66.0,10.5,True
Libre GL,9,009_2020-09-23T07:29:00,720/lda,66.0,22.0,42.0,66.0,22.0,42.0,True
Libre GL,10,010_2020-06-27T05:25:00,720/lda,66.0,22.0,10.5,66.0,66.0,10.5,False
Libre GL,10,010_2020-06-30T07:27:00,720/lda,24.0,22.0,10.5,66.0,66.0,10.5,False
Libre GL,10,010_2020-06-28T05:16:00,720/lda,66.0,66.0,10.5,66.0,22.0,42.0,False
Libre GL,10,010_2020-06-29T06:06:00,720/lda,66.0,22.0,42.0,66.0,22.0,42.0,True
Libre GL,14,014_2023-05-15T07:29:00,720/lda,66.0,22.0,10.5,66.0,22.0,42.0,False
Libre GL,14,014_2023-05-18T08:15:00,720/lda,24.0,22.0,10.5,24.0,22.0,10.5,True
Libre GL,14,014_2023-05-16T07:28:00,720/lda,66.0,66.0,10.5,24.0,22.0,10.5,False
Libre GL,14,014_2023-05-17T08:34:00,720/lda,66.0,22.0,42.0,24.0,22.0,10.5,False
Libre GL,17,017_2023-10-16T09:41:00,720/lda,66.0,22.0,10.5,66.0,22.0,42.0,False
Libre GL,17,017_2023-10-19T08:30:00,720/lda,24.0,22.0,10.5,66.0,22.0,42.0,False
Libre GL,17,017_2023-10-17T11:12:00,720/lda,66.0,66.0,10.5,66.0,22.0,10.5,False
Libre GL,17,017_2023-10-18T11:43:00,720/lda,66.0,22.0,42.0,66.0,22.0,10.5,False
Libre GL,27,027_2024-06-16T10:15:00,720/lda,66.0,22.0,10.5,24.0,22.0,10.5,False
Libre GL,27,027_2024-06-19T10:11:00,720/lda,24.0,22.0,10.5,24.0,22.0,10.5,True
Libre GL,27,027_2024-06-17T08:15:00,720/lda,66.0,66.0,10.5,24.0,22.0,10.5,False
Libre GL,27,027_2024-06-18T09:20:00,720/lda,66.0,22.0,42.0,24.0,22.0,10.5,False
Libre GL,31,031_2022-07-05T07:45:00,720/lda,66.0,22.0,10.5,66.0,66.0,10.5,False
Libre GL,31,031_2022-07-08T07:18:00,720/lda,24.0,22.0,10.5,24.0,22.0,10.5,True
Libre GL,31,031_2022-07-06T07:56:00,720/lda,66.0,66.0,10.5,66.0,66.0,10.5,True
Libre GL,31,031_2022-07-07T07:04:00,720/lda,66.0,22.0,42.0,66.0,22.0,42.0,True
Libre GL,32,032_2022-01-07T07:01:00,720/lda,66.0,22.0,10.5,66.0,66.0,10.5,False
Libre GL,32,032_2022-01-10T05:10:00,720/lda,24.0,22.0,10.5,66.0,22.0,42.0,False
Libre GL,32,032_2022-01-08T06:37:00,720/lda,66.0,66.0,10.5,66.0,22.0,42.0,False
Libre GL,32,032_2022-01-09T05:32:00,720/lda,66.0,22.0,42.0,24.0,22.0,10.5,False
Libre GL,34,034_2022-03-08T06:16:00,720/lda,66.0,22.0,10.5,24.0,22.0,10.5,False
Libre GL,34,034_2022-03-11T07:24:00,720/lda,24.0,22.0,10.5,24.0,22.0,10.5,True
Libre GL,34,034_2022-03-09T07:18:00,720/lda,66.0,66.0,10.5,66.0,66.0,10.5,True
Libre GL,34,034_2022-03-10T07:12:00,720/lda,66.0,22.0,42.0,24.0,22.0,10.5,False
Libre GL,35,035_2024-12-18T07:10:00,720/lda,66.0,22.0,10.5,66.0,22.0,42.0,False
Libre GL,35,035_2024-12-21T06:53:00,720/lda,24.0,22.0,10.5,66.0,22.0,42.0,False
Libre GL,35,035_2024-12-19T06:25:00,720/lda,66.0,66.0,10.5,66.0,66.0,10.5,True
Libre GL,35,035_2024-12-20T06:39:00,720/lda,66.0,22.0,42.0,66.0,22.0,42.0,True
Libre GL,36,036_2022-04-04T08:18:00,720/lda,66.0,22.0,10.5,66.0,22.0,10.5,True
Libre GL,36,036_2022-04-07T07:54:00,720/lda,24.0,22.0,10.5,66.0,22.0,42.0,False
Libre GL,36,036_2022-04-05T08:14:00,720/lda,66.0,66.0,10.5,66.0,22.0,42.0,False
Libre GL,36,036_2022-04-06T08:01:00,720/lda,66.0,22.0,42.0,66.0,22.0,10.5,False
Libre GL,38,038_2022-01-31T07:03:00,720/lda,66.0,22.0,10.5,66.0,22.0,10.5,True
Libre GL,38,038_2022-02-03T07:17:00,720/lda,24.0,22.0,10.5,24.0,22.0,10.5,True
Libre GL,38,038_2022-02-01T07:18:00,720/lda,66.0,66.0,10.5,66.0,22.0,42.0,False
Libre GL,38,038_2022-02-02T07:02:00,720/lda,66.0,22.0,42.0,24.0,22.0,10.5,False
Libre GL,41,041_2022-05-02T08:19:00,720/lda,66.0,22.0,10.5,66.0,22.0,42.0,False
Libre GL,41,041_2022-05-05T07:59:00,720/lda,24.0,22.0,10.5,24.0,22.0,10.5,True
Libre GL,41,041_2022-05-03T07:44:00,720/lda,66.0,66.0,10.5,24.0,22.0,10.5,False
Libre GL,41,041_2022-05-04T07:58:00,720/lda,66.0,22.0,42.0,24.0,22.0,10.5,False
Libre GL,42,042_2025-07-31T08:40:00,720/lda,66.0,22.0,10.5,24.0,22.0,10.5,False
Libre GL,42,042_2025-08-03T10:28:00,720/lda,24.0,22.0,10.5,66.0,66.0,10.5,False
Libre GL,42,042_2025-08-01T07:50:00,720/lda,66.0,66.0,10.5,66.0,22.0,10.5,False
Libre GL,42,042_2025-08-02T08:15:00,720/lda,66.0,22.0,42.0,66.0,66.0,10.5,False
Libre GL,43,043_2025-10-20T08:00:00,720/lda,66.0,22.0,10.5,66.0,22.0,10.5,True
Libre GL,43,043_2025-10-23T08:08:00,720/lda,24.0,22.0,10.5,24.0,22.0,10.5,True
Libre GL,43,043_2025-10-21T07:51:00,720/lda,66.0,66.0,10.5,24.0,22.0,10.5,False
Libre GL,43,043_2025-10-22T08:03:00,720/lda,66.0,22.0,42.0,66.0,22.0,10.5,False
Libre GL,44,044_2022-10-23T06:24:00,720/lda,66.0,22.0,10.5,66.0,22.0,42.0,False
Libre GL,44,044_2022-10-26T07:45:00,720/lda,24.0,22.0,10.5,66.0,22.0,42.0,False
Libre GL,44,044_2022-10-24T07:49:00,720/lda,66.0,66.0,10.5,66.0,22.0,42.0,False
Libre GL,44,044_2022-10-25T07:45:00,720/lda,66.0,22.0,42.0,24.0,22.0,10.5,False
Libre GL,45,045_2025-03-31T08:56:00,720/lda,66.0,22.0,10.5,66.0,66.0,10.5,False
Libre GL,45,045_2025-04-03T08:46:00,720/lda,24.0,22.0,10.5,24.0,22.0,10.5,True
Libre GL,45,045_2025-04-01T09:05:00,720/lda,66.0,66.0,10.5,66.0,22.0,10.5,False
Libre GL,45,045_2025-04-02T09:40:00,720/lda,66.0,22.0,42.0,66.0,22.0,10.5,False
Libre GL,49,049_2025-05-17T07:11:00,720/lda,66.0,22.0,10.5,66.0,22.0,10.5,True
Libre GL,49,049_2025-05-20T07:06:00,720/lda,24.0,22.0,10.5,66.0,66.0,10.5,False
Libre GL,49,049_2025-05-18T08:59:00,720/lda,66.0,66.0,10.5,66.0,22.0,10.5,False
Libre GL,49,049_2025-05-19T07:06:00,720/lda,66.0,22.0,42.0,66.0,22.0,10.5,False
Libre GL,1,001_2020-05-07T10:07:00,720/tree,66.0,22.0,10.5,66.0,22.0,42.0,False
Libre GL,1,001_2020-05-10T09:27:00,720/tree,24.0,22.0,10.5,66.0,66.0,10.5,False
Libre GL,1,001_2020-05-08T09:58:00,720/tree,66.0,66.0,10.5,66.0,66.0,10.5,True
Libre GL,1,001_2020-05-09T09:35:00,720/tree,66.0,22.0,42.0,24.0,22.0,10.5,False
Libre GL,2,002_2019-11-21T09:55:00,720/tree,66.0,22.0,10.5,66.0,22.0,10.5,True
Libre GL,2,002_2019-11-24T08:09:00,720/tree,24.0,22.0,10.5,24.0,22.0,10.5,True
Libre GL,2,002_2019-11-22T08:48:00,720/tree,66.0,66.0,10.5,66.0,66.0,10.5,True
Libre GL,2,002_2019-11-23T09:59:00,720/tree,66.0,22.0,42.0,66.0,22.0,10.5,False
Libre GL,5,005_2020-08-23T10:48:00,720/tree,66.0,22.0,10.5,66.0,22.0,42.0,False
Libre GL,5,005_2020-08-26T08:19:00,720/tree,24.0,22.0,10.5,66.0,22.0,10.5,False
Libre GL,5,005_2020-08-24T08:04:00,720/tree,66.0,66.0,10.5,66.0,22.0,10.5,False
Libre GL,5,005_2020-08-25T08:13:00,720/tree,66.0,22.0,42.0,66.0,22.0,42.0,True
Libre GL,6,006_2023-04-13T10:05:00,720/tree,66.0,22.0,10.5,66.0,22.0,10.5,True
Libre GL,6,006_2023-04-16T07:16:00,720/tree,24.0,22.0,10.5,24.0,22.0,10.5,True
Libre GL,6,006_2023-04-14T09:08:00,720/tree,66.0,66.0,10.5,24.0,22.0,10.5,False
Libre GL,6,006_2023-04-15T08:45:00,720/tree,66.0,22.0,42.0,66.0,66.0,10.5,False
Libre GL,8,008_2023-02-05T09:57:00,720/tree,66.0,22.0,10.5,66.0,22.0,10.5,True
Libre GL,8,008_2023-02-08T08:01:00,720/tree,24.0,22.0,10.5,24.0,22.0,10.5,True
Libre GL,8,008_2023-02-06T08:13:00,720/tree,66.0,66.0,10.5,66.0,22.0,10.5,False
Libre GL,8,008_2023-02-07T08:07:00,720/tree,66.0,22.0,42.0,66.0,22.0,10.5,False
Libre GL,9,009_2020-09-21T08:39:00,720/tree,66.0,22.0,10.5,66.0,22.0,42.0,False
Libre GL,9,009_2020-09-24T07:51:00,720/tree,24.0,22.0,10.5,24.0,22.0,10.5,True
Libre GL,9,009_2020-09-22T07:37:00,720/tree,66.0,66.0,10.5,24.0,22.0,10.5,False
Libre GL,9,009_2020-09-23T07:29:00,720/tree,66.0,22.0,42.0,24.0,22.0,10.5,False
Libre GL,10,010_2020-06-27T05:25:00,720/tree,66.0,22.0,10.5,66.0,22.0,42.0,False
Libre GL,10,010_2020-06-30T07:27:00,720/tree,24.0,22.0,10.5,66.0,22.0,42.0,False
Libre GL,10,010_2020-06-28T05:16:00,720/tree,66.0,66.0,10.5,66.0,22.0,42.0,False
Libre GL,10,010_2020-06-29T06:06:00,720/tree,66.0,22.0,42.0,66.0,22.0,42.0,True
Libre GL,14,014_2023-05-15T07:29:00,720/tree,66.0,22.0,10.5,66.0,22.0,42.0,False
Libre GL,14,014_2023-05-18T08:15:00,720/tree,24.0,22.0,10.5,24.0,22.0,10.5,True
Libre GL,14,014_2023-05-16T07:28:00,720/tree,66.0,66.0,10.5,24.0,22.0,10.5,False
Libre GL,14,014_2023-05-17T08:34:00,720/tree,66.0,22.0,42.0,66.0,66.0,10.5,False
Libre GL,17,017_2023-10-16T09:41:00,720/tree,66.0,22.0,10.5,66.0,22.0,42.0,False
Libre GL,17,017_2023-10-19T08:30:00,720/tree,24.0,22.0,10.5,24.0,22.0,10.5,True
Libre GL,17,017_2023-10-17T11:12:00,720/tree,66.0,66.0,10.5,66.0,22.0,42.0,False
Libre GL,17,017_2023-10-18T11:43:00,720/tree,66.0,22.0,42.0,66.0,22.0,10.5,False
Libre GL,27,027_2024-06-16T10:15:00,720/tree,66.0,22.0,10.5,24.0,22.0,10.5,False
Libre GL,27,027_2024-06-19T10:11:00,720/tree,24.0,22.0,10.5,24.0,22.0,10.5,True
Libre GL,27,027_2024-06-17T08:15:00,720/tree,66.0,66.0,10.5,24.0,22.0,10.5,False
Libre GL,27,027_2024-06-18T09:20:00,720/tree,66.0,22.0,42.0,24.0,22.0,10.5,False
Libre GL,31,031_2022-07-05T07:45:00,720/tree,66.0,22.0,10.5,24.0,22.0,10.5,False
Libre GL,31,031_2022-07-08T07:18:00,720/tree,24.0,22.0,10.5,24.0,22.0,10.5,True
Libre GL,31,031_2022-07-06T07:56:00,720/tree,66.0,66.0,10.5,24.0,22.0,10.5,False
Libre GL,31,031_2022-07-07T07:04:00,720/tree,66.0,22.0,42.0,66.0,22.0,42.0,True
Libre GL,32,032_2022-01-07T07:01:00,720/tree,66.0,22.0,10.5,66.0,66.0,10.5,False
Libre GL,32,032_2022-01-10T05:10:00,720/tree,24.0,22.0,10.5,66.0,22.0,42.0,False
Libre GL,32,032_2022-01-08T06:37:00,720/tree,66.0,66.0,10.5,66.0,22.0,10.5,False
Libre GL,32,032_2022-01-09T05:32:00,720/tree,66.0,22.0,42.0,66.0,22.0,10.5,False
Libre GL,34,034_2022-03-08T06:16:00,720/tree,66.0,22.0,10.5,24.0,22.0,10.5,False
Libre GL,34,034_2022-03-11T07:24:00,720/tree,24.0,22.0,10.5,66.0,66.0,10.5,False
Libre GL,34,034_2022-03-09T07:18:00,720/tree,66.0,66.0,10.5,66.0,66.0,10.5,True
Libre GL,34,034_2022-03-10T07:12:00,720/tree,66.0,22.0,42.0,66.0,22.0,42.0,True
Libre GL,35,035_2024-12-18T07:10:00,720/tree,66.0,22.0,10.5,66.0,22.0,42.0,False
Libre GL,35,035_2024-12-21T06:53:00,720/tree,24.0,22.0,10.5,66.0,22.0,42.0,False
Libre GL,35,035_2024-12-19T06:25:00,720/tree,66.0,66.0,10.5,66.0,66.0,10.5,True
Libre GL,35,035_2024-12-20T06:39:00,720/tree,66.0,22.0,42.0,66.0,22.0,10.5,False
Libre GL,36,036_2022-04-04T08:18:00,720/tree,66.0,22.0,10.5,66.0,22.0,10.5,True
Libre GL,36,036_2022-04-07T07:54:00,720/tree,24.0,22.0,10.5,66.0,22.0,42.0,False
Libre GL,36,036_2022-04-05T08:14:00,720/tree,66.0,66.0,10.5,66.0,22.0,42.0,False
Libre GL,36,036_2022-04-06T08:01:00,720/tree,66.0,22.0,42.0,66.0,22.0,10.5,False
Libre GL,38,038_2022-01-31T07:03:00,720/tree,66.0,22.0,10.5,66.0,22.0,10.5,True
Libre GL,38,038_2022-02-03T07:17:00,720/tree,24.0,22.0,10.5,24.0,22.0,10.5,True
Libre GL,38,038_2022-02-01T07:18:00,720/tree,66.0,66.0,10.5,24.0,22.0,10.5,False
Libre GL,38,038_2022-02-02T07:02:00,720/tree,66.0,22.0,42.0,24.0,22.0,10.5,False
Libre GL,41,041_2022-05-02T08:19:00,720/tree,66.0,22.0,10.5,66.0,22.0,10.5,True
Libre GL,41,041_2022-05-05T07:59:00,720/tree,24.0,22.0,10.5,24.0,22.0,10.5,True
Libre GL,41,041_2022-05-03T07:44:00,720/tree,66.0,66.0,10.5,24.0,22.0,10.5,False
Libre GL,41,041_2022-05-04T07:58:00,720/tree,66.0,22.0,42.0,66.0,66.0,10.5,False
Libre GL,42,042_2025-07-31T08:40:00,720/tree,66.0,22.0,10.5,66.0,66.0,10.5,False
Libre GL,42,042_2025-08-03T10:28:00,720/tree,24.0,22.0,10.5,24.0,22.0,10.5,True
Libre GL,42,042_2025-08-01T07:50:00,720/tree,66.0,66.0,10.5,66.0,22.0,10.5,False
Libre GL,42,042_2025-08-02T08:15:00,720/tree,66.0,22.0,42.0,66.0,66.0,10.5,False
Libre GL,43,043_2025-10-20T08:00:00,720/tree,66.0,22.0,10.5,66.0,66.0,10.5,False
Libre GL,43,043_2025-10-23T08:08:00,720/tree,24.0,22.0,10.5,24.0,22.0,10.5,True
Libre GL,43,043_2025-10-21T07:51:00,720/tree,66.0,66.0,10.5,66.0,22.0,42.0,False
Libre GL,43,043_2025-10-22T08:03:00,720/tree,66.0,22.0,42.0,66.0,22.0,42.0,True
Libre GL,44,044_2022-10-23T06:24:00,720/tree,66.0,22.0,10.5,66.0,22.0,10.5,True
Libre GL,44,044_2022-10-26T07:45:00,720/tree,24.0,22.0,10.5,66.0,66.0,10.5,False
Libre GL,44,044_2022-10-24T07:49:00,720/tree,66.0,66.0,10.5,66.0,22.0,42.0,False
Libre GL,44,044_2022-10-25T07:45:00,720/tree,66.0,22.0,42.0,24.0,22.0,10.5,False
Libre GL,45,045_2025-03-31T08:56:00,720/tree,66.0,22.0,10.5,66.0,66.0,10.5,False
Libre GL,45,045_2025-04-03T08:46:00,720/tree,24.0,22.0,10.5,24.0,22.0,10.5,True
Libre GL,45,045_2025-04-01T09:05:00,720/tree,66.0,66.0,10.5,66.0,22.0,10.5,False
Libre GL,45,045_2025-04-02T09:40:00,720/tree,66.0,22.0,42.0,66.0,22.0,10.5,False
Libre GL,49,049_2025-05-17T07:11:00,720/tree,66.0,22.0,10.5,24.0,22.0,10.5,False
Libre GL,49,049_2025-05-20T07:06:00,720/tree,24.0,22.0,10.5,66.0,66.0,10.5,False
Libre GL,49,049_2025-05-18T08:59:00,720/tree,66.0,66.0,10.5,66.0,22.0,10.5,False
Libre GL,49,049_2025-05-19T07:06:00,720/tree,66.0,22.0,42.0,66.0,22.0,10.5,False
Libre GL,1,001_2020-05-07T10:07:00,nested_selected,66.0,22.0,10.5,66.0,22.0,10.5,True
Libre GL,1,001_2020-05-10T09:27:00,nested_selected,24.0,22.0,10.5,66.0,22.0,10.5,False
Libre GL,1,001_2020-05-08T09:58:00,nested_selected,66.0,66.0,10.5,66.0,22.0,10.5,False
Libre GL,1,001_2020-05-09T09:35:00,nested_selected,66.0,22.0,42.0,66.0,22.0,10.5,False
Libre GL,2,002_2019-11-21T09:55:00,nested_selected,66.0,22.0,10.5,66.0,22.0,10.5,True
Libre GL,2,002_2019-11-24T08:09:00,nested_selected,24.0,22.0,10.5,24.0,22.0,10.5,True
Libre GL,2,002_2019-11-22T08:48:00,nested_selected,66.0,66.0,10.5,24.0,22.0,10.5,False
Libre GL,2,002_2019-11-23T09:59:00,nested_selected,66.0,22.0,42.0,66.0,22.0,10.5,False
Libre GL,5,005_2020-08-23T10:48:00,nested_selected,66.0,22.0,10.5,66.0,22.0,42.0,False
Libre GL,5,005_2020-08-26T08:19:00,nested_selected,24.0,22.0,10.5,66.0,22.0,10.5,False
Libre GL,5,005_2020-08-24T08:04:00,nested_selected,66.0,66.0,10.5,66.0,22.0,10.5,False
Libre GL,5,005_2020-08-25T08:13:00,nested_selected,66.0,22.0,42.0,66.0,22.0,42.0,True
Libre GL,6,006_2023-04-13T10:05:00,nested_selected,66.0,22.0,10.5,66.0,22.0,42.0,False
Libre GL,6,006_2023-04-16T07:16:00,nested_selected,24.0,22.0,10.5,24.0,22.0,10.5,True
Libre GL,6,006_2023-04-14T09:08:00,nested_selected,66.0,66.0,10.5,24.0,22.0,10.5,False
Libre GL,6,006_2023-04-15T08:45:00,nested_selected,66.0,22.0,42.0,66.0,22.0,42.0,True
Libre GL,8,008_2023-02-05T09:57:00,nested_selected,66.0,22.0,10.5,66.0,22.0,10.5,True
Libre GL,8,008_2023-02-08T08:01:00,nested_selected,24.0,22.0,10.5,66.0,22.0,10.5,False
Libre GL,8,008_2023-02-06T08:13:00,nested_selected,66.0,66.0,10.5,66.0,22.0,10.5,False
Libre GL,8,008_2023-02-07T08:07:00,nested_selected,66.0,22.0,42.0,66.0,66.0,10.5,False
Libre GL,9,009_2020-09-21T08:39:00,nested_selected,66.0,22.0,10.5,66.0,22.0,10.5,True
Libre GL,9,009_2020-09-24T07:51:00,nested_selected,24.0,22.0,10.5,24.0,22.0,10.5,True
Libre GL,9,009_2020-09-22T07:37:00,nested_selected,66.0,66.0,10.5,66.0,66.0,10.5,True
Libre GL,9,009_2020-09-23T07:29:00,nested_selected,66.0,22.0,42.0,24.0,22.0,10.5,False
Libre GL,10,010_2020-06-27T05:25:00,nested_selected,66.0,22.0,10.5,24.0,22.0,10.5,False
Libre GL,10,010_2020-06-30T07:27:00,nested_selected,24.0,22.0,10.5,24.0,22.0,10.5,True
Libre GL,10,010_2020-06-28T05:16:00,nested_selected,66.0,66.0,10.5,66.0,22.0,42.0,False
Libre GL,10,010_2020-06-29T06:06:00,nested_selected,66.0,22.0,42.0,66.0,22.0,42.0,True
Libre GL,14,014_2023-05-15T07:29:00,nested_selected,66.0,22.0,10.5,66.0,22.0,10.5,True
Libre GL,14,014_2023-05-18T08:15:00,nested_selected,24.0,22.0,10.5,24.0,22.0,10.5,True
Libre GL,14,014_2023-05-16T07:28:00,nested_selected,66.0,66.0,10.5,24.0,22.0,10.5,False
Libre GL,14,014_2023-05-17T08:34:00,nested_selected,66.0,22.0,42.0,66.0,22.0,42.0,True
Libre GL,17,017_2023-10-16T09:41:00,nested_selected,66.0,22.0,10.5,66.0,22.0,42.0,False
Libre GL,17,017_2023-10-19T08:30:00,nested_selected,24.0,22.0,10.5,66.0,66.0,10.5,False
Libre GL,17,017_2023-10-17T11:12:00,nested_selected,66.0,66.0,10.5,66.0,22.0,10.5,False
Libre GL,17,017_2023-10-18T11:43:00,nested_selected,66.0,22.0,42.0,66.0,22.0,10.5,False
Libre GL,27,027_2024-06-16T10:15:00,nested_selected,66.0,22.0,10.5,24.0,22.0,10.5,False
Libre GL,27,027_2024-06-19T10:11:00,nested_selected,24.0,22.0,10.5,24.0,22.0,10.5,True
Libre GL,27,027_2024-06-17T08:15:00,nested_selected,66.0,66.0,10.5,24.0,22.0,10.5,False
Libre GL,27,027_2024-06-18T09:20:00,nested_selected,66.0,22.0,42.0,24.0,22.0,10.5,False
Libre GL,31,031_2022-07-05T07:45:00,nested_selected,66.0,22.0,10.5,66.0,66.0,10.5,False
Libre GL,31,031_2022-07-08T07:18:00,nested_selected,24.0,22.0,10.5,24.0,22.0,10.5,True
Libre GL,31,031_2022-07-06T07:56:00,nested_selected,66.0,66.0,10.5,66.0,66.0,10.5,True
Libre GL,31,031_2022-07-07T07:04:00,nested_selected,66.0,22.0,42.0,66.0,22.0,10.5,False
Libre GL,32,032_2022-01-07T07:01:00,nested_selected,66.0,22.0,10.5,66.0,22.0,10.5,True
Libre GL,32,032_2022-01-10T05:10:00,nested_selected,24.0,22.0,10.5,66.0,22.0,10.5,False
Libre GL,32,032_2022-01-08T06:37:00,nested_selected,66.0,66.0,10.5,66.0,22.0,10.5,False
Libre GL,32,032_2022-01-09T05:32:00,nested_selected,66.0,22.0,42.0,66.0,22.0,10.5,False
Libre GL,34,034_2022-03-08T06:16:00,nested_selected,66.0,22.0,10.5,24.0,22.0,10.5,False
Libre GL,34,034_2022-03-11T07:24:00,nested_selected,24.0,22.0,10.5,66.0,66.0,10.5,False
Libre GL,34,034_2022-03-09T07:18:00,nested_selected,66.0,66.0,10.5,66.0,66.0,10.5,True
Libre GL,34,034_2022-03-10T07:12:00,nested_selected,66.0,22.0,42.0,24.0,22.0,10.5,False
Libre GL,35,035_2024-12-18T07:10:00,nested_selected,66.0,22.0,10.5,66.0,22.0,42.0,False
Libre GL,35,035_2024-12-21T06:53:00,nested_selected,24.0,22.0,10.5,66.0,22.0,42.0,False
Libre GL,35,035_2024-12-19T06:25:00,nested_selected,66.0,66.0,10.5,66.0,22.0,42.0,False
Libre GL,35,035_2024-12-20T06:39:00,nested_selected,66.0,22.0,42.0,66.0,22.0,42.0,True
Libre GL,36,036_2022-04-04T08:18:00,nested_selected,66.0,22.0,10.5,66.0,22.0,10.5,True
Libre GL,36,036_2022-04-07T07:54:00,nested_selected,24.0,22.0,10.5,66.0,22.0,10.5,False
Libre GL,36,036_2022-04-05T08:14:00,nested_selected,66.0,66.0,10.5,66.0,22.0,42.0,False
Libre GL,36,036_2022-04-06T08:01:00,nested_selected,66.0,22.0,42.0,66.0,22.0,42.0,True
Libre GL,38,038_2022-01-31T07:03:00,nested_selected,66.0,22.0,10.5,66.0,22.0,10.5,True
Libre GL,38,038_2022-02-03T07:17:00,nested_selected,24.0,22.0,10.5,24.0,22.0,10.5,True
Libre GL,38,038_2022-02-01T07:18:00,nested_selected,66.0,66.0,10.5,24.0,22.0,10.5,False
Libre GL,38,038_2022-02-02T07:02:00,nested_selected,66.0,22.0,42.0,24.0,22.0,10.5,False
Libre GL,41,041_2022-05-02T08:19:00,nested_selected,66.0,22.0,10.5,66.0,66.0,10.5,False
Libre GL,41,041_2022-05-05T07:59:00,nested_selected,24.0,22.0,10.5,24.0,22.0,10.5,True
Libre GL,41,041_2022-05-03T07:44:00,nested_selected,66.0,66.0,10.5,24.0,22.0,10.5,False
Libre GL,41,041_2022-05-04T07:58:00,nested_selected,66.0,22.0,42.0,66.0,66.0,10.5,False
Libre GL,42,042_2025-07-31T08:40:00,nested_selected,66.0,22.0,10.5,66.0,22.0,42.0,False
Libre GL,42,042_2025-08-03T10:28:00,nested_selected,24.0,22.0,10.5,66.0,66.0,10.5,False
Libre GL,42,042_2025-08-01T07:50:00,nested_selected,66.0,66.0,10.5,66.0,66.0,10.5,True
Libre GL,42,042_2025-08-02T08:15:00,nested_selected,66.0,22.0,42.0,66.0,22.0,42.0,True
Libre GL,43,043_2025-10-20T08:00:00,nested_selected,66.0,22.0,10.5,66.0,22.0,10.5,True
Libre GL,43,043_2025-10-23T08:08:00,nested_selected,24.0,22.0,10.5,24.0,22.0,10.5,True
Libre GL,43,043_2025-10-21T07:51:00,nested_selected,66.0,66.0,10.5,66.0,66.0,10.5,True
Libre GL,43,043_2025-10-22T08:03:00,nested_selected,66.0,22.0,42.0,66.0,22.0,42.0,True
Libre GL,44,044_2022-10-23T06:24:00,nested_selected,66.0,22.0,10.5,66.0,22.0,42.0,False
Libre GL,44,044_2022-10-26T07:45:00,nested_selected,24.0,22.0,10.5,66.0,66.0,10.5,False
Libre GL,44,044_2022-10-24T07:49:00,nested_selected,66.0,66.0,10.5,66.0,22.0,42.0,False
Libre GL,44,044_2022-10-25T07:45:00,nested_selected,66.0,22.0,42.0,24.0,22.0,10.5,False
Libre GL,45,045_2025-03-31T08:56:00,nested_selected,66.0,22.0,10.5,66.0,22.0,10.5,True
Libre GL,45,045_2025-04-03T08:46:00,nested_selected,24.0,22.0,10.5,24.0,22.0,10.5,True
Libre GL,45,045_2025-04-01T09:05:00,nested_selected,66.0,66.0,10.5,66.0,22.0,42.0,False
Libre GL,45,045_2025-04-02T09:40:00,nested_selected,66.0,22.0,42.0,66.0,66.0,10.5,False
Libre GL,49,049_2025-05-17T07:11:00,nested_selected,66.0,22.0,10.5,66.0,22.0,10.5,True
Libre GL,49,049_2025-05-20T07:06:00,nested_selected,24.0,22.0,10.5,24.0,22.0,10.5,True
Libre GL,49,049_2025-05-18T08:59:00,nested_selected,66.0,66.0,10.5,66.0,22.0,10.5,False
Libre GL,49,049_2025-05-19T07:06:00,nested_selected,66.0,22.0,42.0,66.0,22.0,10.5,False
Dexcom GL,2,002_2019-11-21T09:55:00,60/rbf0.1,66.0,22.0,10.5,66.0,22.0,42.0,False
Dexcom GL,2,002_2019-11-24T08:09:00,60/rbf0.1,24.0,22.0,10.5,66.0,22.0,10.5,False
Dexcom GL,2,002_2019-11-22T08:48:00,60/rbf0.1,66.0,66.0,10.5,66.0,22.0,42.0,False
Dexcom GL,2,002_2019-11-23T09:59:00,60/rbf0.1,66.0,22.0,42.0,66.0,22.0,10.5,False
Dexcom GL,4,004_2023-09-17T08:49:00,60/rbf0.1,66.0,22.0,10.5,66.0,22.0,10.5,True
Dexcom GL,4,004_2023-09-20T09:30:00,60/rbf0.1,24.0,22.0,10.5,24.0,22.0,10.5,True
Dexcom GL,4,004_2023-09-18T08:57:00,60/rbf0.1,66.0,66.0,10.5,66.0,22.0,10.5,False
Dexcom GL,4,004_2023-09-19T09:33:00,60/rbf0.1,66.0,22.0,42.0,66.0,22.0,10.5,False
Dexcom GL,5,005_2020-08-23T10:48:00,60/rbf0.1,66.0,22.0,10.5,66.0,22.0,42.0,False
Dexcom GL,5,005_2020-08-26T08:19:00,60/rbf0.1,24.0,22.0,10.5,66.0,22.0,42.0,False
Dexcom GL,5,005_2020-08-24T08:04:00,60/rbf0.1,66.0,66.0,10.5,66.0,22.0,42.0,False
Dexcom GL,5,005_2020-08-25T08:13:00,60/rbf0.1,66.0,22.0,42.0,66.0,22.0,42.0,True
Dexcom GL,6,006_2023-04-13T10:05:00,60/rbf0.1,66.0,22.0,10.5,66.0,22.0,42.0,False
Dexcom GL,6,006_2023-04-16T07:16:00,60/rbf0.1,24.0,22.0,10.5,24.0,22.0,10.5,True
Dexcom GL,6,006_2023-04-14T09:08:00,60/rbf0.1,66.0,66.0,10.5,66.0,22.0,42.0,False
Dexcom GL,6,006_2023-04-15T08:45:00,60/rbf0.1,66.0,22.0,42.0,66.0,22.0,42.0,True
Dexcom GL,8,008_2023-02-05T09:57:00,60/rbf0.1,66.0,22.0,10.5,66.0,22.0,10.5,True
Dexcom GL,8,008_2023-02-08T08:01:00,60/rbf0.1,24.0,22.0,10.5,24.0,22.0,10.5,True
Dexcom GL,8,008_2023-02-06T08:13:00,60/rbf0.1,66.0,66.0,10.5,24.0,22.0,10.5,False
Dexcom GL,8,008_2023-02-07T08:07:00,60/rbf0.1,66.0,22.0,42.0,66.0,66.0,10.5,False
Dexcom GL,9,009_2020-09-21T08:39:00,60/rbf0.1,66.0,22.0,10.5,66.0,22.0,42.0,False
Dexcom GL,9,009_2020-09-24T07:51:00,60/rbf0.1,24.0,22.0,10.5,66.0,66.0,10.5,False
Dexcom GL,9,009_2020-09-22T07:37:00,60/rbf0.1,66.0,66.0,10.5,66.0,22.0,42.0,False
Dexcom GL,9,009_2020-09-23T07:29:00,60/rbf0.1,66.0,22.0,42.0,66.0,22.0,42.0,True
Dexcom GL,10,010_2020-06-27T05:25:00,60/rbf0.1,66.0,22.0,10.5,66.0,22.0,10.5,True
Dexcom GL,10,010_2020-06-30T07:27:00,60/rbf0.1,24.0,22.0,10.5,24.0,22.0,10.5,True
Dexcom GL,10,010_2020-06-28T05:16:00,60/rbf0.1,66.0,66.0,10.5,66.0,66.0,10.5,True
Dexcom GL,10,010_2020-06-29T06:06:00,60/rbf0.1,66.0,22.0,42.0,66.0,66.0,10.5,False
Dexcom GL,14,014_2023-05-15T07:29:00,60/rbf0.1,66.0,22.0,10.5,66.0,22.0,10.5,True
Dexcom GL,14,014_2023-05-18T08:15:00,60/rbf0.1,24.0,22.0,10.5,24.0,22.0,10.5,True
Dexcom GL,14,014_2023-05-16T07:28:00,60/rbf0.1,66.0,66.0,10.5,24.0,22.0,10.5,False
Dexcom GL,14,014_2023-05-17T08:34:00,60/rbf0.1,66.0,22.0,42.0,66.0,22.0,42.0,True
Dexcom GL,17,017_2023-10-16T09:41:00,60/rbf0.1,66.0,22.0,10.5,66.0,66.0,10.5,False
Dexcom GL,17,017_2023-10-19T08:30:00,60/rbf0.1,24.0,22.0,10.5,24.0,22.0,10.5,True
Dexcom GL,17,017_2023-10-17T11:12:00,60/rbf0.1,66.0,66.0,10.5,66.0,22.0,10.5,False
Dexcom GL,17,017_2023-10-18T11:43:00,60/rbf0.1,66.0,22.0,42.0,66.0,22.0,10.5,False
Dexcom GL,27,027_2024-06-16T10:15:00,60/rbf0.1,66.0,22.0,10.5,66.0,66.0,10.5,False
Dexcom GL,27,027_2024-06-19T10:11:00,60/rbf0.1,24.0,22.0,10.5,24.0,22.0,10.5,True
Dexcom GL,27,027_2024-06-17T08:15:00,60/rbf0.1,66.0,66.0,10.5,66.0,66.0,10.5,True
Dexcom GL,27,027_2024-06-18T09:20:00,60/rbf0.1,66.0,22.0,42.0,66.0,22.0,10.5,False
Dexcom GL,31,031_2022-07-05T07:45:00,60/rbf0.1,66.0,22.0,10.5,24.0,22.0,10.5,False
Dexcom GL,31,031_2022-07-08T07:18:00,60/rbf0.1,24.0,22.0,10.5,24.0,22.0,10.5,True
Dexcom GL,31,031_2022-07-06T07:56:00,60/rbf0.1,66.0,66.0,10.5,66.0,22.0,10.5,False
Dexcom GL,31,031_2022-07-07T07:04:00,60/rbf0.1,66.0,22.0,42.0,66.0,22.0,42.0,True
Dexcom GL,32,032_2022-01-07T07:01:00,60/rbf0.1,66.0,22.0,10.5,66.0,66.0,10.5,False
Dexcom GL,32,032_2022-01-10T05:10:00,60/rbf0.1,24.0,22.0,10.5,66.0,66.0,10.5,False
Dexcom GL,32,032_2022-01-08T06:37:00,60/rbf0.1,66.0,66.0,10.5,24.0,22.0,10.5,False
Dexcom GL,32,032_2022-01-09T05:32:00,60/rbf0.1,66.0,22.0,42.0,66.0,66.0,10.5,False
Dexcom GL,34,034_2022-03-08T06:16:00,60/rbf0.1,66.0,22.0,10.5,66.0,66.0,10.5,False
Dexcom GL,34,034_2022-03-11T07:24:00,60/rbf0.1,24.0,22.0,10.5,24.0,22.0,10.5,True
Dexcom GL,34,034_2022-03-09T07:18:00,60/rbf0.1,66.0,66.0,10.5,66.0,66.0,10.5,True
Dexcom GL,34,034_2022-03-10T07:12:00,60/rbf0.1,66.0,22.0,42.0,66.0,66.0,10.5,False
Dexcom GL,35,035_2024-12-18T07:10:00,60/rbf0.1,66.0,22.0,10.5,66.0,22.0,42.0,False
Dexcom GL,35,035_2024-12-21T06:53:00,60/rbf0.1,24.0,22.0,10.5,66.0,22.0,10.5,False
Dexcom GL,35,035_2024-12-19T06:25:00,60/rbf0.1,66.0,66.0,10.5,66.0,22.0,10.5,False
Dexcom GL,35,035_2024-12-20T06:39:00,60/rbf0.1,66.0,22.0,42.0,66.0,22.0,42.0,True
Dexcom GL,36,036_2022-04-04T08:18:00,60/rbf0.1,66.0,22.0,10.5,66.0,22.0,10.5,True
Dexcom GL,36,036_2022-04-07T07:54:00,60/rbf0.1,24.0,22.0,10.5,66.0,22.0,10.5,False
Dexcom GL,36,036_2022-04-05T08:14:00,60/rbf0.1,66.0,66.0,10.5,66.0,66.0,10.5,True
Dexcom GL,36,036_2022-04-06T08:01:00,60/rbf0.1,66.0,22.0,42.0,66.0,22.0,42.0,True
Dexcom GL,38,038_2022-01-31T07:03:00,60/rbf0.1,66.0,22.0,10.5,24.0,22.0,10.5,False
Dexcom GL,38,038_2022-02-03T07:17:00,60/rbf0.1,24.0,22.0,10.5,24.0,22.0,10.5,True
Dexcom GL,38,038_2022-02-01T07:18:00,60/rbf0.1,66.0,66.0,10.5,24.0,22.0,10.5,False
Dexcom GL,38,038_2022-02-02T07:02:00,60/rbf0.1,66.0,22.0,42.0,24.0,22.0,10.5,False
Dexcom GL,41,041_2022-05-02T08:19:00,60/rbf0.1,66.0,22.0,10.5,66.0,22.0,42.0,False
Dexcom GL,41,041_2022-05-05T07:59:00,60/rbf0.1,24.0,22.0,10.5,66.0,22.0,10.5,False
Dexcom GL,41,041_2022-05-03T07:44:00,60/rbf0.1,66.0,66.0,10.5,66.0,22.0,42.0,False
Dexcom GL,41,041_2022-05-04T07:58:00,60/rbf0.1,66.0,22.0,42.0,66.0,22.0,42.0,True
Dexcom GL,42,042_2025-07-31T08:40:00,60/rbf0.1,66.0,22.0,10.5,66.0,66.0,10.5,False
Dexcom GL,42,042_2025-08-03T10:28:00,60/rbf0.1,24.0,22.0,10.5,66.0,66.0,10.5,False
Dexcom GL,42,042_2025-08-01T07:50:00,60/rbf0.1,66.0,66.0,10.5,66.0,22.0,42.0,False
Dexcom GL,42,042_2025-08-02T08:15:00,60/rbf0.1,66.0,22.0,42.0,66.0,66.0,10.5,False
Dexcom GL,43,043_2025-10-20T08:00:00,60/rbf0.1,66.0,22.0,10.5,66.0,22.0,10.5,True
Dexcom GL,43,043_2025-10-23T08:08:00,60/rbf0.1,24.0,22.0,10.5,24.0,22.0,10.5,True
Dexcom GL,43,043_2025-10-21T07:51:00,60/rbf0.1,66.0,66.0,10.5,66.0,22.0,10.5,False
Dexcom GL,43,043_2025-10-22T08:03:00,60/rbf0.1,66.0,22.0,42.0,66.0,66.0,10.5,False
Dexcom GL,45,045_2025-03-31T08:56:00,60/rbf0.1,66.0,22.0,10.5,66.0,22.0,10.5,True
Dexcom GL,45,045_2025-04-03T08:46:00,60/rbf0.1,24.0,22.0,10.5,24.0,22.0,10.5,True
Dexcom GL,45,045_2025-04-01T09:05:00,60/rbf0.1,66.0,66.0,10.5,66.0,22.0,42.0,False
Dexcom GL,45,045_2025-04-02T09:40:00,60/rbf0.1,66.0,22.0,42.0,66.0,22.0,10.5,False
Dexcom GL,49,049_2025-05-17T07:11:00,60/rbf0.1,66.0,22.0,10.5,66.0,22.0,10.5,True
Dexcom GL,49,049_2025-05-20T07:06:00,60/rbf0.1,24.0,22.0,10.5,24.0,22.0,10.5,True
Dexcom GL,49,049_2025-05-18T08:59:00,60/rbf0.1,66.0,66.0,10.5,66.0,22.0,10.5,False
Dexcom GL,49,049_2025-05-19T07:06:00,60/rbf0.1,66.0,22.0,42.0,66.0,22.0,42.0,True
Dexcom GL,2,002_2019-11-21T09:55:00,60/rbf1,66.0,22.0,10.5,66.0,22.0,42.0,False
Dexcom GL,2,002_2019-11-24T08:09:00,60/rbf1,24.0,22.0,10.5,66.0,22.0,10.5,False
Dexcom GL,2,002_2019-11-22T08:48:00,60/rbf1,66.0,66.0,10.5,66.0,22.0,42.0,False
Dexcom GL,2,002_2019-11-23T09:59:00,60/rbf1,66.0,22.0,42.0,66.0,22.0,42.0,True
Dexcom GL,4,004_2023-09-17T08:49:00,60/rbf1,66.0,22.0,10.5,66.0,22.0,10.5,True
Dexcom GL,4,004_2023-09-20T09:30:00,60/rbf1,24.0,22.0,10.5,24.0,22.0,10.5,True
Dexcom GL,4,004_2023-09-18T08:57:00,60/rbf1,66.0,66.0,10.5,66.0,22.0,10.5,False
Dexcom GL,4,004_2023-09-19T09:33:00,60/rbf1,66.0,22.0,42.0,66.0,22.0,10.5,False
Dexcom GL,5,005_2020-08-23T10:48:00,60/rbf1,66.0,22.0,10.5,66.0,22.0,42.0,False
Dexcom GL,5,005_2020-08-26T08:19:00,60/rbf1,24.0,22.0,10.5,66.0,22.0,42.0,False
Dexcom GL,5,005_2020-08-24T08:04:00,60/rbf1,66.0,66.0,10.5,66.0,22.0,42.0,False
Dexcom GL,5,005_2020-08-25T08:13:00,60/rbf1,66.0,22.0,42.0,66.0,22.0,42.0,True
Dexcom GL,6,006_2023-04-13T10:05:00,60/rbf1,66.0,22.0,10.5,66.0,22.0,42.0,False
Dexcom GL,6,006_2023-04-16T07:16:00,60/rbf1,24.0,22.0,10.5,24.0,22.0,10.5,True
Dexcom GL,6,006_2023-04-14T09:08:00,60/rbf1,66.0,66.0,10.5,66.0,22.0,42.0,False
Dexcom GL,6,006_2023-04-15T08:45:00,60/rbf1,66.0,22.0,42.0,66.0,22.0,42.0,True
Dexcom GL,8,008_2023-02-05T09:57:00,60/rbf1,66.0,22.0,10.5,66.0,22.0,10.5,True
Dexcom GL,8,008_2023-02-08T08:01:00,60/rbf1,24.0,22.0,10.5,24.0,22.0,10.5,True
Dexcom GL,8,008_2023-02-06T08:13:00,60/rbf1,66.0,66.0,10.5,24.0,22.0,10.5,False
Dexcom GL,8,008_2023-02-07T08:07:00,60/rbf1,66.0,22.0,42.0,66.0,22.0,42.0,True
Dexcom GL,9,009_2020-09-21T08:39:00,60/rbf1,66.0,22.0,10.5,66.0,22.0,42.0,False
Dexcom GL,9,009_2020-09-24T07:51:00,60/rbf1,24.0,22.0,10.5,66.0,66.0,10.5,False
Dexcom GL,9,009_2020-09-22T07:37:00,60/rbf1,66.0,66.0,10.5,66.0,22.0,42.0,False
Dexcom GL,9,009_2020-09-23T07:29:00,60/rbf1,66.0,22.0,42.0,66.0,22.0,42.0,True
Dexcom GL,10,010_2020-06-27T05:25:00,60/rbf1,66.0,22.0,10.5,66.0,22.0,10.5,True
Dexcom GL,10,010_2020-06-30T07:27:00,60/rbf1,24.0,22.0,10.5,24.0,22.0,10.5,True
Dexcom GL,10,010_2020-06-28T05:16:00,60/rbf1,66.0,66.0,10.5,66.0,22.0,42.0,False
Dexcom GL,10,010_2020-06-29T06:06:00,60/rbf1,66.0,22.0,42.0,66.0,66.0,10.5,False
Dexcom GL,14,014_2023-05-15T07:29:00,60/rbf1,66.0,22.0,10.5,66.0,22.0,10.5,True
Dexcom GL,14,014_2023-05-18T08:15:00,60/rbf1,24.0,22.0,10.5,24.0,22.0,10.5,True
Dexcom GL,14,014_2023-05-16T07:28:00,60/rbf1,66.0,66.0,10.5,24.0,22.0,10.5,False
Dexcom GL,14,014_2023-05-17T08:34:00,60/rbf1,66.0,22.0,42.0,66.0,22.0,42.0,True
Dexcom GL,17,017_2023-10-16T09:41:00,60/rbf1,66.0,22.0,10.5,66.0,66.0,10.5,False
Dexcom GL,17,017_2023-10-19T08:30:00,60/rbf1,24.0,22.0,10.5,66.0,66.0,10.5,False
Dexcom GL,17,017_2023-10-17T11:12:00,60/rbf1,66.0,66.0,10.5,66.0,22.0,10.5,False
Dexcom GL,17,017_2023-10-18T11:43:00,60/rbf1,66.0,22.0,42.0,66.0,22.0,10.5,False
Dexcom GL,27,027_2024-06-16T10:15:00,60/rbf1,66.0,22.0,10.5,66.0,66.0,10.5,False
Dexcom GL,27,027_2024-06-19T10:11:00,60/rbf1,24.0,22.0,10.5,66.0,22.0,42.0,False
Dexcom GL,27,027_2024-06-17T08:15:00,60/rbf1,66.0,66.0,10.5,66.0,66.0,10.5,True
Dexcom GL,27,027_2024-06-18T09:20:00,60/rbf1,66.0,22.0,42.0,66.0,22.0,10.5,False
Dexcom GL,31,031_2022-07-05T07:45:00,60/rbf1,66.0,22.0,10.5,24.0,22.0,10.5,False
Dexcom GL,31,031_2022-07-08T07:18:00,60/rbf1,24.0,22.0,10.5,24.0,22.0,10.5,True
Dexcom GL,31,031_2022-07-06T07:56:00,60/rbf1,66.0,66.0,10.5,66.0,22.0,10.5,False
Dexcom GL,31,031_2022-07-07T07:04:00,60/rbf1,66.0,22.0,42.0,66.0,22.0,42.0,True
Dexcom GL,32,032_2022-01-07T07:01:00,60/rbf1,66.0,22.0,10.5,66.0,22.0,10.5,True
Dexcom GL,32,032_2022-01-10T05:10:00,60/rbf1,24.0,22.0,10.5,24.0,22.0,10.5,True
Dexcom GL,32,032_2022-01-08T06:37:00,60/rbf1,66.0,66.0,10.5,24.0,22.0,10.5,False
Dexcom GL,32,032_2022-01-09T05:32:00,60/rbf1,66.0,22.0,42.0,66.0,66.0,10.5,False
Dexcom GL,34,034_2022-03-08T06:16:00,60/rbf1,66.0,22.0,10.5,66.0,66.0,10.5,False
Dexcom GL,34,034_2022-03-11T07:24:00,60/rbf1,24.0,22.0,10.5,24.0,22.0,10.5,True
Dexcom GL,34,034_2022-03-09T07:18:00,60/rbf1,66.0,66.0,10.5,66.0,66.0,10.5,True
Dexcom GL,34,034_2022-03-10T07:12:00,60/rbf1,66.0,22.0,42.0,66.0,66.0,10.5,False
Dexcom GL,35,035_2024-12-18T07:10:00,60/rbf1,66.0,22.0,10.5,66.0,22.0,42.0,False
Dexcom GL,35,035_2024-12-21T06:53:00,60/rbf1,24.0,22.0,10.5,66.0,66.0,10.5,False
Dexcom GL,35,035_2024-12-19T06:25:00,60/rbf1,66.0,66.0,10.5,66.0,22.0,10.5,False
Dexcom GL,35,035_2024-12-20T06:39:00,60/rbf1,66.0,22.0,42.0,66.0,22.0,42.0,True
Dexcom GL,36,036_2022-04-04T08:18:00,60/rbf1,66.0,22.0,10.5,66.0,22.0,10.5,True
Dexcom GL,36,036_2022-04-07T07:54:00,60/rbf1,24.0,22.0,10.5,66.0,22.0,10.5,False
Dexcom GL,36,036_2022-04-05T08:14:00,60/rbf1,66.0,66.0,10.5,66.0,66.0,10.5,True
Dexcom GL,36,036_2022-04-06T08:01:00,60/rbf1,66.0,22.0,42.0,66.0,22.0,42.0,True
Dexcom GL,38,038_2022-01-31T07:03:00,60/rbf1,66.0,22.0,10.5,24.0,22.0,10.5,False
Dexcom GL,38,038_2022-02-03T07:17:00,60/rbf1,24.0,22.0,10.5,24.0,22.0,10.5,True
Dexcom GL,38,038_2022-02-01T07:18:00,60/rbf1,66.0,66.0,10.5,24.0,22.0,10.5,False
Dexcom GL,38,038_2022-02-02T07:02:00,60/rbf1,66.0,22.0,42.0,24.0,22.0,10.5,False
Dexcom GL,41,041_2022-05-02T08:19:00,60/rbf1,66.0,22.0,10.5,66.0,22.0,42.0,False
Dexcom GL,41,041_2022-05-05T07:59:00,60/rbf1,24.0,22.0,10.5,66.0,22.0,10.5,False
Dexcom GL,41,041_2022-05-03T07:44:00,60/rbf1,66.0,66.0,10.5,66.0,22.0,42.0,False
Dexcom GL,41,041_2022-05-04T07:58:00,60/rbf1,66.0,22.0,42.0,66.0,22.0,42.0,True
Dexcom GL,42,042_2025-07-31T08:40:00,60/rbf1,66.0,22.0,10.5,66.0,66.0,10.5,False
Dexcom GL,42,042_2025-08-03T10:28:00,60/rbf1,24.0,22.0,10.5,66.0,66.0,10.5,False
Dexcom GL,42,042_2025-08-01T07:50:00,60/rbf1,66.0,66.0,10.5,66.0,22.0,42.0,False
Dexcom GL,42,042_2025-08-02T08:15:00,60/rbf1,66.0,22.0,42.0,24.0,22.0,10.5,False
Dexcom GL,43,043_2025-10-20T08:00:00,60/rbf1,66.0,22.0,10.5,66.0,22.0,10.5,True
Dexcom GL,43,043_2025-10-23T08:08:00,60/rbf1,24.0,22.0,10.5,24.0,22.0,10.5,True
Dexcom GL,43,043_2025-10-21T07:51:00,60/rbf1,66.0,66.0,10.5,66.0,22.0,10.5,False
Dexcom GL,43,043_2025-10-22T08:03:00,60/rbf1,66.0,22.0,42.0,66.0,66.0,10.5,False
Dexcom GL,45,045_2025-03-31T08:56:00,60/rbf1,66.0,22.0,10.5,66.0,22.0,10.5,True
Dexcom GL,45,045_2025-04-03T08:46:00,60/rbf1,24.0,22.0,10.5,24.0,22.0,10.5,True
Dexcom GL,45,045_2025-04-01T09:05:00,60/rbf1,66.0,66.0,10.5,66.0,22.0,42.0,False
Dexcom GL,45,045_2025-04-02T09:40:00,60/rbf1,66.0,22.0,42.0,66.0,22.0,10.5,False
Dexcom GL,49,049_2025-05-17T07:11:00,60/rbf1,66.0,22.0,10.5,66.0,22.0,10.5,True
Dexcom GL,49,049_2025-05-20T07:06:00,60/rbf1,24.0,22.0,10.5,24.0,22.0,10.5,True
Dexcom GL,49,049_2025-05-18T08:59:00,60/rbf1,66.0,66.0,10.5,66.0,22.0,10.5,False
Dexcom GL,49,049_2025-05-19T07:06:00,60/rbf1,66.0,22.0,42.0,66.0,22.0,42.0,True
Dexcom GL,2,002_2019-11-21T09:55:00,60/rbf10,66.0,22.0,10.5,66.0,22.0,42.0,False
Dexcom GL,2,002_2019-11-24T08:09:00,60/rbf10,24.0,22.0,10.5,66.0,66.0,10.5,False
Dexcom GL,2,002_2019-11-22T08:48:00,60/rbf10,66.0,66.0,10.5,66.0,22.0,42.0,False
Dexcom GL,2,002_2019-11-23T09:59:00,60/rbf10,66.0,22.0,42.0,66.0,22.0,10.5,False
Dexcom GL,4,004_2023-09-17T08:49:00,60/rbf10,66.0,22.0,10.5,66.0,22.0,10.5,True
Dexcom GL,4,004_2023-09-20T09:30:00,60/rbf10,24.0,22.0,10.5,24.0,22.0,10.5,True
Dexcom GL,4,004_2023-09-18T08:57:00,60/rbf10,66.0,66.0,10.5,66.0,22.0,10.5,False
Dexcom GL,4,004_2023-09-19T09:33:00,60/rbf10,66.0,22.0,42.0,66.0,22.0,10.5,False
Dexcom GL,5,005_2020-08-23T10:48:00,60/rbf10,66.0,22.0,10.5,66.0,22.0,10.5,True
Dexcom GL,5,005_2020-08-26T08:19:00,60/rbf10,24.0,22.0,10.5,66.0,22.0,42.0,False
Dexcom GL,5,005_2020-08-24T08:04:00,60/rbf10,66.0,66.0,10.5,66.0,22.0,42.0,False
Dexcom GL,5,005_2020-08-25T08:13:00,60/rbf10,66.0,22.0,42.0,66.0,22.0,42.0,True
Dexcom GL,6,006_2023-04-13T10:05:00,60/rbf10,66.0,22.0,10.5,66.0,22.0,10.5,True
Dexcom GL,6,006_2023-04-16T07:16:00,60/rbf10,24.0,22.0,10.5,24.0,22.0,10.5,True
Dexcom GL,6,006_2023-04-14T09:08:00,60/rbf10,66.0,66.0,10.5,66.0,22.0,42.0,False
Dexcom GL,6,006_2023-04-15T08:45:00,60/rbf10,66.0,22.0,42.0,66.0,22.0,42.0,True
Dexcom GL,8,008_2023-02-05T09:57:00,60/rbf10,66.0,22.0,10.5,66.0,22.0,42.0,False
Dexcom GL,8,008_2023-02-08T08:01:00,60/rbf10,24.0,22.0,10.5,24.0,22.0,10.5,True
Dexcom GL,8,008_2023-02-06T08:13:00,60/rbf10,66.0,66.0,10.5,66.0,66.0,10.5,True
Dexcom GL,8,008_2023-02-07T08:07:00,60/rbf10,66.0,22.0,42.0,66.0,66.0,10.5,False
Dexcom GL,9,009_2020-09-21T08:39:00,60/rbf10,66.0,22.0,10.5,66.0,22.0,42.0,False
Dexcom GL,9,009_2020-09-24T07:51:00,60/rbf10,24.0,22.0,10.5,66.0,22.0,10.5,False
Dexcom GL,9,009_2020-09-22T07:37:00,60/rbf10,66.0,66.0,10.5,66.0,22.0,42.0,False
Dexcom GL,9,009_2020-09-23T07:29:00,60/rbf10,66.0,22.0,42.0,66.0,22.0,42.0,True
Dexcom GL,10,010_2020-06-27T05:25:00,60/rbf10,66.0,22.0,10.5,66.0,22.0,10.5,True
Dexcom GL,10,010_2020-06-30T07:27:00,60/rbf10,24.0,22.0,10.5,24.0,22.0,10.5,True
Dexcom GL,10,010_2020-06-28T05:16:00,60/rbf10,66.0,66.0,10.5,66.0,22.0,42.0,False
Dexcom GL,10,010_2020-06-29T06:06:00,60/rbf10,66.0,22.0,42.0,66.0,22.0,42.0,True
Dexcom GL,14,014_2023-05-15T07:29:00,60/rbf10,66.0,22.0,10.5,66.0,22.0,42.0,False
Dexcom GL,14,014_2023-05-18T08:15:00,60/rbf10,24.0,22.0,10.5,24.0,22.0,10.5,True
Dexcom GL,14,014_2023-05-16T07:28:00,60/rbf10,66.0,66.0,10.5,24.0,22.0,10.5,False
Dexcom GL,14,014_2023-05-17T08:34:00,60/rbf10,66.0,22.0,42.0,66.0,66.0,10.5,False
Dexcom GL,17,017_2023-10-16T09:41:00,60/rbf10,66.0,22.0,10.5,66.0,66.0,10.5,False
Dexcom GL,17,017_2023-10-19T08:30:00,60/rbf10,24.0,22.0,10.5,66.0,66.0,10.5,False
Dexcom GL,17,017_2023-10-17T11:12:00,60/rbf10,66.0,66.0,10.5,66.0,66.0,10.5,True
Dexcom GL,17,017_2023-10-18T11:43:00,60/rbf10,66.0,22.0,42.0,66.0,66.0,10.5,False
Dexcom GL,27,027_2024-06-16T10:15:00,60/rbf10,66.0,22.0,10.5,66.0,66.0,10.5,False
Dexcom GL,27,027_2024-06-19T10:11:00,60/rbf10,24.0,22.0,10.5,66.0,66.0,10.5,False
Dexcom GL,27,027_2024-06-17T08:15:00,60/rbf10,66.0,66.0,10.5,66.0,66.0,10.5,True
Dexcom GL,27,027_2024-06-18T09:20:00,60/rbf10,66.0,22.0,42.0,66.0,22.0,42.0,True
Dexcom GL,31,031_2022-07-05T07:45:00,60/rbf10,66.0,22.0,10.5,24.0,22.0,10.5,False
Dexcom GL,31,031_2022-07-08T07:18:00,60/rbf10,24.0,22.0,10.5,24.0,22.0,10.5,True
Dexcom GL,31,031_2022-07-06T07:56:00,60/rbf10,66.0,66.0,10.5,66.0,22.0,10.5,False
Dexcom GL,31,031_2022-07-07T07:04:00,60/rbf10,66.0,22.0,42.0,66.0,66.0,10.5,False
Dexcom GL,32,032_2022-01-07T07:01:00,60/rbf10,66.0,22.0,10.5,66.0,22.0,10.5,True
Dexcom GL,32,032_2022-01-10T05:10:00,60/rbf10,24.0,22.0,10.5,24.0,22.0,10.5,True
Dexcom GL,32,032_2022-01-08T06:37:00,60/rbf10,66.0,66.0,10.5,24.0,22.0,10.5,False
Dexcom GL,32,032_2022-01-09T05:32:00,60/rbf10,66.0,22.0,42.0,66.0,66.0,10.5,False
Dexcom GL,34,034_2022-03-08T06:16:00,60/rbf10,66.0,22.0,10.5,66.0,66.0,10.5,False
Dexcom GL,34,034_2022-03-11T07:24:00,60/rbf10,24.0,22.0,10.5,24.0,22.0,10.5,True
Dexcom GL,34,034_2022-03-09T07:18:00,60/rbf10,66.0,66.0,10.5,66.0,22.0,10.5,False
Dexcom GL,34,034_2022-03-10T07:12:00,60/rbf10,66.0,22.0,42.0,66.0,66.0,10.5,False
Dexcom GL,35,035_2024-12-18T07:10:00,60/rbf10,66.0,22.0,10.5,66.0,66.0,10.5,False
Dexcom GL,35,035_2024-12-21T06:53:00,60/rbf10,24.0,22.0,10.5,66.0,66.0,10.5,False
Dexcom GL,35,035_2024-12-19T06:25:00,60/rbf10,66.0,66.0,10.5,66.0,66.0,10.5,True
Dexcom GL,35,035_2024-12-20T06:39:00,60/rbf10,66.0,22.0,42.0,66.0,22.0,42.0,True
Dexcom GL,36,036_2022-04-04T08:18:00,60/rbf10,66.0,22.0,10.5,24.0,22.0,10.5,False
Dexcom GL,36,036_2022-04-07T07:54:00,60/rbf10,24.0,22.0,10.5,66.0,22.0,10.5,False
Dexcom GL,36,036_2022-04-05T08:14:00,60/rbf10,66.0,66.0,10.5,66.0,66.0,10.5,True
Dexcom GL,36,036_2022-04-06T08:01:00,60/rbf10,66.0,22.0,42.0,66.0,22.0,10.5,False
Dexcom GL,38,038_2022-01-31T07:03:00,60/rbf10,66.0,22.0,10.5,24.0,22.0,10.5,False
Dexcom GL,38,038_2022-02-03T07:17:00,60/rbf10,24.0,22.0,10.5,24.0,22.0,10.5,True
Dexcom GL,38,038_2022-02-01T07:18:00,60/rbf10,66.0,66.0,10.5,24.0,22.0,10.5,False
Dexcom GL,38,038_2022-02-02T07:02:00,60/rbf10,66.0,22.0,42.0,24.0,22.0,10.5,False
Dexcom GL,41,041_2022-05-02T08:19:00,60/rbf10,66.0,22.0,10.5,66.0,22.0,42.0,False
Dexcom GL,41,041_2022-05-05T07:59:00,60/rbf10,24.0,22.0,10.5,24.0,22.0,10.5,True
Dexcom GL,41,041_2022-05-03T07:44:00,60/rbf10,66.0,66.0,10.5,66.0,66.0,10.5,True
Dexcom GL,41,041_2022-05-04T07:58:00,60/rbf10,66.0,22.0,42.0,66.0,66.0,10.5,False
Dexcom GL,42,042_2025-07-31T08:40:00,60/rbf10,66.0,22.0,10.5,66.0,22.0,42.0,False
Dexcom GL,42,042_2025-08-03T10:28:00,60/rbf10,24.0,22.0,10.5,66.0,66.0,10.5,False
Dexcom GL,42,042_2025-08-01T07:50:00,60/rbf10,66.0,66.0,10.5,66.0,22.0,10.5,False
Dexcom GL,42,042_2025-08-02T08:15:00,60/rbf10,66.0,22.0,42.0,24.0,22.0,10.5,False
Dexcom GL,43,043_2025-10-20T08:00:00,60/rbf10,66.0,22.0,10.5,66.0,22.0,42.0,False
Dexcom GL,43,043_2025-10-23T08:08:00,60/rbf10,24.0,22.0,10.5,24.0,22.0,10.5,True
Dexcom GL,43,043_2025-10-21T07:51:00,60/rbf10,66.0,66.0,10.5,66.0,22.0,10.5,False
Dexcom GL,43,043_2025-10-22T08:03:00,60/rbf10,66.0,22.0,42.0,66.0,66.0,10.5,False
Dexcom GL,45,045_2025-03-31T08:56:00,60/rbf10,66.0,22.0,10.5,66.0,66.0,10.5,False
Dexcom GL,45,045_2025-04-03T08:46:00,60/rbf10,24.0,22.0,10.5,24.0,22.0,10.5,True
Dexcom GL,45,045_2025-04-01T09:05:00,60/rbf10,66.0,66.0,10.5,66.0,22.0,10.5,False
Dexcom GL,45,045_2025-04-02T09:40:00,60/rbf10,66.0,22.0,42.0,66.0,22.0,10.5,False
Dexcom GL,49,049_2025-05-17T07:11:00,60/rbf10,66.0,22.0,10.5,66.0,22.0,10.5,True
Dexcom GL,49,049_2025-05-20T07:06:00,60/rbf10,24.0,22.0,10.5,66.0,22.0,10.5,False
Dexcom GL,49,049_2025-05-18T08:59:00,60/rbf10,66.0,66.0,10.5,66.0,22.0,10.5,False
Dexcom GL,49,049_2025-05-19T07:06:00,60/rbf10,66.0,22.0,42.0,66.0,22.0,42.0,True
Dexcom GL,2,002_2019-11-21T09:55:00,60/lda,66.0,22.0,10.5,66.0,22.0,42.0,False
Dexcom GL,2,002_2019-11-24T08:09:00,60/lda,24.0,22.0,10.5,66.0,66.0,10.5,False
Dexcom GL,2,002_2019-11-22T08:48:00,60/lda,66.0,66.0,10.5,66.0,22.0,42.0,False
Dexcom GL,2,002_2019-11-23T09:59:00,60/lda,66.0,22.0,42.0,66.0,22.0,10.5,False
Dexcom GL,4,004_2023-09-17T08:49:00,60/lda,66.0,22.0,10.5,66.0,22.0,10.5,True
Dexcom GL,4,004_2023-09-20T09:30:00,60/lda,24.0,22.0,10.5,24.0,22.0,10.5,True
Dexcom GL,4,004_2023-09-18T08:57:00,60/lda,66.0,66.0,10.5,66.0,22.0,10.5,False
Dexcom GL,4,004_2023-09-19T09:33:00,60/lda,66.0,22.0,42.0,66.0,22.0,10.5,False
Dexcom GL,5,005_2020-08-23T10:48:00,60/lda,66.0,22.0,10.5,66.0,22.0,42.0,False
Dexcom GL,5,005_2020-08-26T08:19:00,60/lda,24.0,22.0,10.5,66.0,66.0,10.5,False
Dexcom GL,5,005_2020-08-24T08:04:00,60/lda,66.0,66.0,10.5,66.0,66.0,10.5,True
Dexcom GL,5,005_2020-08-25T08:13:00,60/lda,66.0,22.0,42.0,66.0,22.0,42.0,True
Dexcom GL,6,006_2023-04-13T10:05:00,60/lda,66.0,22.0,10.5,66.0,22.0,10.5,True
Dexcom GL,6,006_2023-04-16T07:16:00,60/lda,24.0,22.0,10.5,24.0,22.0,10.5,True
Dexcom GL,6,006_2023-04-14T09:08:00,60/lda,66.0,66.0,10.5,66.0,22.0,42.0,False
Dexcom GL,6,006_2023-04-15T08:45:00,60/lda,66.0,22.0,42.0,66.0,22.0,42.0,True
Dexcom GL,8,008_2023-02-05T09:57:00,60/lda,66.0,22.0,10.5,66.0,22.0,10.5,True
Dexcom GL,8,008_2023-02-08T08:01:00,60/lda,24.0,22.0,10.5,24.0,22.0,10.5,True
Dexcom GL,8,008_2023-02-06T08:13:00,60/lda,66.0,66.0,10.5,66.0,66.0,10.5,True
Dexcom GL,8,008_2023-02-07T08:07:00,60/lda,66.0,22.0,42.0,66.0,66.0,10.5,False
Dexcom GL,9,009_2020-09-21T08:39:00,60/lda,66.0,22.0,10.5,66.0,22.0,42.0,False
Dexcom GL,9,009_2020-09-24T07:51:00,60/lda,24.0,22.0,10.5,24.0,22.0,10.5,True
Dexcom GL,9,009_2020-09-22T07:37:00,60/lda,66.0,66.0,10.5,66.0,22.0,42.0,False
Dexcom GL,9,009_2020-09-23T07:29:00,60/lda,66.0,22.0,42.0,66.0,22.0,42.0,True
Dexcom GL,10,010_2020-06-27T05:25:00,60/lda,66.0,22.0,10.5,66.0,22.0,42.0,False
Dexcom GL,10,010_2020-06-30T07:27:00,60/lda,24.0,22.0,10.5,24.0,22.0,10.5,True
Dexcom GL,10,010_2020-06-28T05:16:00,60/lda,66.0,66.0,10.5,66.0,22.0,42.0,False
Dexcom GL,10,010_2020-06-29T06:06:00,60/lda,66.0,22.0,42.0,66.0,66.0,10.5,False
Dexcom GL,14,014_2023-05-15T07:29:00,60/lda,66.0,22.0,10.5,66.0,22.0,10.5,True
Dexcom GL,14,014_2023-05-18T08:15:00,60/lda,24.0,22.0,10.5,24.0,22.0,10.5,True
Dexcom GL,14,014_2023-05-16T07:28:00,60/lda,66.0,66.0,10.5,24.0,22.0,10.5,False
Dexcom GL,14,014_2023-05-17T08:34:00,60/lda,66.0,22.0,42.0,66.0,22.0,42.0,True
Dexcom GL,17,017_2023-10-16T09:41:00,60/lda,66.0,22.0,10.5,24.0,22.0,10.5,False
Dexcom GL,17,017_2023-10-19T08:30:00,60/lda,24.0,22.0,10.5,66.0,66.0,10.5,False
Dexcom GL,17,017_2023-10-17T11:12:00,60/lda,66.0,66.0,10.5,24.0,22.0,10.5,False
Dexcom GL,17,017_2023-10-18T11:43:00,60/lda,66.0,22.0,42.0,66.0,22.0,10.5,False
Dexcom GL,27,027_2024-06-16T10:15:00,60/lda,66.0,22.0,10.5,66.0,66.0,10.5,False
Dexcom GL,27,027_2024-06-19T10:11:00,60/lda,24.0,22.0,10.5,66.0,22.0,42.0,False
Dexcom GL,27,027_2024-06-17T08:15:00,60/lda,66.0,66.0,10.5,66.0,66.0,10.5,True
Dexcom GL,27,027_2024-06-18T09:20:00,60/lda,66.0,22.0,42.0,66.0,22.0,10.5,False
Dexcom GL,31,031_2022-07-05T07:45:00,60/lda,66.0,22.0,10.5,24.0,22.0,10.5,False
Dexcom GL,31,031_2022-07-08T07:18:00,60/lda,24.0,22.0,10.5,24.0,22.0,10.5,True
Dexcom GL,31,031_2022-07-06T07:56:00,60/lda,66.0,66.0,10.5,66.0,22.0,10.5,False
Dexcom GL,31,031_2022-07-07T07:04:00,60/lda,66.0,22.0,42.0,66.0,66.0,10.5,False
Dexcom GL,32,032_2022-01-07T07:01:00,60/lda,66.0,22.0,10.5,24.0,22.0,10.5,False
Dexcom GL,32,032_2022-01-10T05:10:00,60/lda,24.0,22.0,10.5,24.0,22.0,10.5,True
Dexcom GL,32,032_2022-01-08T06:37:00,60/lda,66.0,66.0,10.5,24.0,22.0,10.5,False
Dexcom GL,32,032_2022-01-09T05:32:00,60/lda,66.0,22.0,42.0,66.0,66.0,10.5,False
Dexcom GL,34,034_2022-03-08T06:16:00,60/lda,66.0,22.0,10.5,66.0,66.0,10.5,False
Dexcom GL,34,034_2022-03-11T07:24:00,60/lda,24.0,22.0,10.5,24.0,22.0,10.5,True
Dexcom GL,34,034_2022-03-09T07:18:00,60/lda,66.0,66.0,10.5,24.0,22.0,10.5,False
Dexcom GL,34,034_2022-03-10T07:12:00,60/lda,66.0,22.0,42.0,24.0,22.0,10.5,False
Dexcom GL,35,035_2024-12-18T07:10:00,60/lda,66.0,22.0,10.5,66.0,66.0,10.5,False
Dexcom GL,35,035_2024-12-21T06:53:00,60/lda,24.0,22.0,10.5,66.0,66.0,10.5,False
Dexcom GL,35,035_2024-12-19T06:25:00,60/lda,66.0,66.0,10.5,66.0,66.0,10.5,True
Dexcom GL,35,035_2024-12-20T06:39:00,60/lda,66.0,22.0,42.0,66.0,22.0,42.0,True
Dexcom GL,36,036_2022-04-04T08:18:00,60/lda,66.0,22.0,10.5,66.0,22.0,10.5,True
Dexcom GL,36,036_2022-04-07T07:54:00,60/lda,24.0,22.0,10.5,66.0,22.0,10.5,False
Dexcom GL,36,036_2022-04-05T08:14:00,60/lda,66.0,66.0,10.5,66.0,22.0,42.0,False
Dexcom GL,36,036_2022-04-06T08:01:00,60/lda,66.0,22.0,42.0,66.0,22.0,10.5,False
Dexcom GL,38,038_2022-01-31T07:03:00,60/lda,66.0,22.0,10.5,24.0,22.0,10.5,False
Dexcom GL,38,038_2022-02-03T07:17:00,60/lda,24.0,22.0,10.5,24.0,22.0,10.5,True
Dexcom GL,38,038_2022-02-01T07:18:00,60/lda,66.0,66.0,10.5,24.0,22.0,10.5,False
Dexcom GL,38,038_2022-02-02T07:02:00,60/lda,66.0,22.0,42.0,24.0,22.0,10.5,False
Dexcom GL,41,041_2022-05-02T08:19:00,60/lda,66.0,22.0,10.5,66.0,22.0,42.0,False
Dexcom GL,41,041_2022-05-05T07:59:00,60/lda,24.0,22.0,10.5,24.0,22.0,10.5,True
Dexcom GL,41,041_2022-05-03T07:44:00,60/lda,66.0,66.0,10.5,66.0,22.0,42.0,False
Dexcom GL,41,041_2022-05-04T07:58:00,60/lda,66.0,22.0,42.0,66.0,22.0,42.0,True
Dexcom GL,42,042_2025-07-31T08:40:00,60/lda,66.0,22.0,10.5,66.0,22.0,42.0,False
Dexcom GL,42,042_2025-08-03T10:28:00,60/lda,24.0,22.0,10.5,66.0,22.0,10.5,False
Dexcom GL,42,042_2025-08-01T07:50:00,60/lda,66.0,66.0,10.5,66.0,22.0,10.5,False
Dexcom GL,42,042_2025-08-02T08:15:00,60/lda,66.0,22.0,42.0,24.0,22.0,10.5,False
Dexcom GL,43,043_2025-10-20T08:00:00,60/lda,66.0,22.0,10.5,66.0,22.0,10.5,True
Dexcom GL,43,043_2025-10-23T08:08:00,60/lda,24.0,22.0,10.5,24.0,22.0,10.5,True
Dexcom GL,43,043_2025-10-21T07:51:00,60/lda,66.0,66.0,10.5,66.0,22.0,10.5,False
Dexcom GL,43,043_2025-10-22T08:03:00,60/lda,66.0,22.0,42.0,66.0,22.0,10.5,False
Dexcom GL,45,045_2025-03-31T08:56:00,60/lda,66.0,22.0,10.5,66.0,66.0,10.5,False
Dexcom GL,45,045_2025-04-03T08:46:00,60/lda,24.0,22.0,10.5,24.0,22.0,10.5,True
Dexcom GL,45,045_2025-04-01T09:05:00,60/lda,66.0,66.0,10.5,66.0,22.0,42.0,False
Dexcom GL,45,045_2025-04-02T09:40:00,60/lda,66.0,22.0,42.0,66.0,22.0,10.5,False
Dexcom GL,49,049_2025-05-17T07:11:00,60/lda,66.0,22.0,10.5,66.0,22.0,10.5,True
Dexcom GL,49,049_2025-05-20T07:06:00,60/lda,24.0,22.0,10.5,24.0,22.0,10.5,True
Dexcom GL,49,049_2025-05-18T08:59:00,60/lda,66.0,66.0,10.5,66.0,22.0,10.5,False
Dexcom GL,49,049_2025-05-19T07:06:00,60/lda,66.0,22.0,42.0,66.0,22.0,42.0,True
Dexcom GL,2,002_2019-11-21T09:55:00,60/tree,66.0,22.0,10.5,66.0,22.0,42.0,False
Dexcom GL,2,002_2019-11-24T08:09:00,60/tree,24.0,22.0,10.5,66.0,22.0,10.5,False
Dexcom GL,2,002_2019-11-22T08:48:00,60/tree,66.0,66.0,10.5,66.0,66.0,10.5,True
Dexcom GL,2,002_2019-11-23T09:59:00,60/tree,66.0,22.0,42.0,66.0,22.0,10.5,False
Dexcom GL,4,004_2023-09-17T08:49:00,60/tree,66.0,22.0,10.5,66.0,22.0,10.5,True
Dexcom GL,4,004_2023-09-20T09:30:00,60/tree,24.0,22.0,10.5,24.0,22.0,10.5,True
Dexcom GL,4,004_2023-09-18T08:57:00,60/tree,66.0,66.0,10.5,66.0,22.0,10.5,False
Dexcom GL,4,004_2023-09-19T09:33:00,60/tree,66.0,22.0,42.0,66.0,22.0,10.5,False
Dexcom GL,5,005_2020-08-23T10:48:00,60/tree,66.0,22.0,10.5,66.0,22.0,42.0,False
Dexcom GL,5,005_2020-08-26T08:19:00,60/tree,24.0,22.0,10.5,66.0,22.0,42.0,False
Dexcom GL,5,005_2020-08-24T08:04:00,60/tree,66.0,66.0,10.5,66.0,22.0,42.0,False
Dexcom GL,5,005_2020-08-25T08:13:00,60/tree,66.0,22.0,42.0,66.0,22.0,42.0,True
Dexcom GL,6,006_2023-04-13T10:05:00,60/tree,66.0,22.0,10.5,66.0,22.0,42.0,False
Dexcom GL,6,006_2023-04-16T07:16:00,60/tree,24.0,22.0,10.5,24.0,22.0,10.5,True
Dexcom GL,6,006_2023-04-14T09:08:00,60/tree,66.0,66.0,10.5,66.0,22.0,42.0,False
Dexcom GL,6,006_2023-04-15T08:45:00,60/tree,66.0,22.0,42.0,66.0,22.0,42.0,True
Dexcom GL,8,008_2023-02-05T09:57:00,60/tree,66.0,22.0,10.5,66.0,22.0,10.5,True
Dexcom GL,8,008_2023-02-08T08:01:00,60/tree,24.0,22.0,10.5,24.0,22.0,10.5,True
Dexcom GL,8,008_2023-02-06T08:13:00,60/tree,66.0,66.0,10.5,24.0,22.0,10.5,False
Dexcom GL,8,008_2023-02-07T08:07:00,60/tree,66.0,22.0,42.0,66.0,66.0,10.5,False
Dexcom GL,9,009_2020-09-21T08:39:00,60/tree,66.0,22.0,10.5,66.0,22.0,42.0,False
Dexcom GL,9,009_2020-09-24T07:51:00,60/tree,24.0,22.0,10.5,24.0,22.0,10.5,True
Dexcom GL,9,009_2020-09-22T07:37:00,60/tree,66.0,66.0,10.5,66.0,22.0,42.0,False
Dexcom GL,9,009_2020-09-23T07:29:00,60/tree,66.0,22.0,42.0,66.0,22.0,42.0,True
Dexcom GL,10,010_2020-06-27T05:25:00,60/tree,66.0,22.0,10.5,66.0,66.0,10.5,False
Dexcom GL,10,010_2020-06-30T07:27:00,60/tree,24.0,22.0,10.5,24.0,22.0,10.5,True
Dexcom GL,10,010_2020-06-28T05:16:00,60/tree,66.0,66.0,10.5,66.0,22.0,42.0,False
Dexcom GL,10,010_2020-06-29T06:06:00,60/tree,66.0,22.0,42.0,66.0,22.0,42.0,True
Dexcom GL,14,014_2023-05-15T07:29:00,60/tree,66.0,22.0,10.5,66.0,22.0,10.5,True
Dexcom GL,14,014_2023-05-18T08:15:00,60/tree,24.0,22.0,10.5,24.0,22.0,10.5,True
Dexcom GL,14,014_2023-05-16T07:28:00,60/tree,66.0,66.0,10.5,24.0,22.0,10.5,False
Dexcom GL,14,014_2023-05-17T08:34:00,60/tree,66.0,22.0,42.0,66.0,66.0,10.5,False
Dexcom GL,17,017_2023-10-16T09:41:00,60/tree,66.0,22.0,10.5,66.0,66.0,10.5,False
Dexcom GL,17,017_2023-10-19T08:30:00,60/tree,24.0,22.0,10.5,24.0,22.0,10.5,True
Dexcom GL,17,017_2023-10-17T11:12:00,60/tree,66.0,66.0,10.5,24.0,22.0,10.5,False
Dexcom GL,17,017_2023-10-18T11:43:00,60/tree,66.0,22.0,42.0,66.0,22.0,42.0,True
Dexcom GL,27,027_2024-06-16T10:15:00,60/tree,66.0,22.0,10.5,24.0,22.0,10.5,False
Dexcom GL,27,027_2024-06-19T10:11:00,60/tree,24.0,22.0,10.5,24.0,22.0,10.5,True
Dexcom GL,27,027_2024-06-17T08:15:00,60/tree,66.0,66.0,10.5,24.0,22.0,10.5,False
Dexcom GL,27,027_2024-06-18T09:20:00,60/tree,66.0,22.0,42.0,66.0,22.0,10.5,False
Dexcom GL,31,031_2022-07-05T07:45:00,60/tree,66.0,22.0,10.5,24.0,22.0,10.5,False
Dexcom GL,31,031_2022-07-08T07:18:00,60/tree,24.0,22.0,10.5,24.0,22.0,10.5,True
Dexcom GL,31,031_2022-07-06T07:56:00,60/tree,66.0,66.0,10.5,66.0,22.0,42.0,False
Dexcom GL,31,031_2022-07-07T07:04:00,60/tree,66.0,22.0,42.0,66.0,66.0,10.5,False
Dexcom GL,32,032_2022-01-07T07:01:00,60/tree,66.0,22.0,10.5,24.0,22.0,10.5,False
Dexcom GL,32,032_2022-01-10T05:10:00,60/tree,24.0,22.0,10.5,24.0,22.0,10.5,True
Dexcom GL,32,032_2022-01-08T06:37:00,60/tree,66.0,66.0,10.5,24.0,22.0,10.5,False
Dexcom GL,32,032_2022-01-09T05:32:00,60/tree,66.0,22.0,42.0,24.0,22.0,10.5,False
Dexcom GL,34,034_2022-03-08T06:16:00,60/tree,66.0,22.0,10.5,24.0,22.0,10.5,False
Dexcom GL,34,034_2022-03-11T07:24:00,60/tree,24.0,22.0,10.5,24.0,22.0,10.5,True
Dexcom GL,34,034_2022-03-09T07:18:00,60/tree,66.0,66.0,10.5,24.0,22.0,10.5,False
Dexcom GL,34,034_2022-03-10T07:12:00,60/tree,66.0,22.0,42.0,24.0,22.0,10.5,False
Dexcom GL,35,035_2024-12-18T07:10:00,60/tree,66.0,22.0,10.5,66.0,66.0,10.5,False
Dexcom GL,35,035_2024-12-21T06:53:00,60/tree,24.0,22.0,10.5,66.0,22.0,42.0,False
Dexcom GL,35,035_2024-12-19T06:25:00,60/tree,66.0,66.0,10.5,66.0,66.0,10.5,True
Dexcom GL,35,035_2024-12-20T06:39:00,60/tree,66.0,22.0,42.0,66.0,22.0,42.0,True
Dexcom GL,36,036_2022-04-04T08:18:00,60/tree,66.0,22.0,10.5,66.0,22.0,42.0,False
Dexcom GL,36,036_2022-04-07T07:54:00,60/tree,24.0,22.0,10.5,66.0,22.0,10.5,False
Dexcom GL,36,036_2022-04-05T08:14:00,60/tree,66.0,66.0,10.5,66.0,66.0,10.5,True
Dexcom GL,36,036_2022-04-06T08:01:00,60/tree,66.0,22.0,42.0,66.0,22.0,42.0,True
Dexcom GL,38,038_2022-01-31T07:03:00,60/tree,66.0,22.0,10.5,24.0,22.0,10.5,False
Dexcom GL,38,038_2022-02-03T07:17:00,60/tree,24.0,22.0,10.5,24.0,22.0,10.5,True
Dexcom GL,38,038_2022-02-01T07:18:00,60/tree,66.0,66.0,10.5,24.0,22.0,10.5,False
Dexcom GL,38,038_2022-02-02T07:02:00,60/tree,66.0,22.0,42.0,24.0,22.0,10.5,False
Dexcom GL,41,041_2022-05-02T08:19:00,60/tree,66.0,22.0,10.5,66.0,22.0,42.0,False
Dexcom GL,41,041_2022-05-05T07:59:00,60/tree,24.0,22.0,10.5,24.0,22.0,10.5,True
Dexcom GL,41,041_2022-05-03T07:44:00,60/tree,66.0,66.0,10.5,66.0,22.0,42.0,False
Dexcom GL,41,041_2022-05-04T07:58:00,60/tree,66.0,22.0,42.0,66.0,22.0,42.0,True
Dexcom GL,42,042_2025-07-31T08:40:00,60/tree,66.0,22.0,10.5,66.0,22.0,42.0,False
Dexcom GL,42,042_2025-08-03T10:28:00,60/tree,24.0,22.0,10.5,24.0,22.0,10.5,True
Dexcom GL,42,042_2025-08-01T07:50:00,60/tree,66.0,66.0,10.5,66.0,22.0,10.5,False
Dexcom GL,42,042_2025-08-02T08:15:00,60/tree,66.0,22.0,42.0,66.0,66.0,10.5,False
Dexcom GL,43,043_2025-10-20T08:00:00,60/tree,66.0,22.0,10.5,66.0,22.0,10.5,True
Dexcom GL,43,043_2025-10-23T08:08:00,60/tree,24.0,22.0,10.5,24.0,22.0,10.5,True
Dexcom GL,43,043_2025-10-21T07:51:00,60/tree,66.0,66.0,10.5,66.0,66.0,10.5,True
Dexcom GL,43,043_2025-10-22T08:03:00,60/tree,66.0,22.0,42.0,66.0,22.0,42.0,True
Dexcom GL,45,045_2025-03-31T08:56:00,60/tree,66.0,22.0,10.5,66.0,22.0,10.5,True
Dexcom GL,45,045_2025-04-03T08:46:00,60/tree,24.0,22.0,10.5,24.0,22.0,10.5,True
Dexcom GL,45,045_2025-04-01T09:05:00,60/tree,66.0,66.0,10.5,66.0,22.0,42.0,False
Dexcom GL,45,045_2025-04-02T09:40:00,60/tree,66.0,22.0,42.0,66.0,22.0,10.5,False
Dexcom GL,49,049_2025-05-17T07:11:00,60/tree,66.0,22.0,10.5,66.0,22.0,10.5,True
Dexcom GL,49,049_2025-05-20T07:06:00,60/tree,24.0,22.0,10.5,24.0,22.0,10.5,True
Dexcom GL,49,049_2025-05-18T08:59:00,60/tree,66.0,66.0,10.5,66.0,22.0,10.5,False
Dexcom GL,49,049_2025-05-19T07:06:00,60/tree,66.0,22.0,42.0,66.0,22.0,10.5,False
Dexcom GL,2,002_2019-11-21T09:55:00,360/rbf0.1,66.0,22.0,10.5,66.0,22.0,10.5,True
Dexcom GL,2,002_2019-11-24T08:09:00,360/rbf0.1,24.0,22.0,10.5,66.0,22.0,10.5,False
Dexcom GL,2,002_2019-11-22T08:48:00,360/rbf0.1,66.0,66.0,10.5,66.0,22.0,42.0,False
Dexcom GL,2,002_2019-11-23T09:59:00,360/rbf0.1,66.0,22.0,42.0,66.0,22.0,10.5,False
Dexcom GL,4,004_2023-09-17T08:49:00,360/rbf0.1,66.0,22.0,10.5,66.0,22.0,10.5,True
Dexcom GL,4,004_2023-09-20T09:30:00,360/rbf0.1,24.0,22.0,10.5,24.0,22.0,10.5,True
Dexcom GL,4,004_2023-09-18T08:57:00,360/rbf0.1,66.0,66.0,10.5,66.0,22.0,10.5,False
Dexcom GL,4,004_2023-09-19T09:33:00,360/rbf0.1,66.0,22.0,42.0,66.0,22.0,10.5,False
Dexcom GL,5,005_2020-08-23T10:48:00,360/rbf0.1,66.0,22.0,10.5,66.0,22.0,42.0,False
Dexcom GL,5,005_2020-08-26T08:19:00,360/rbf0.1,24.0,22.0,10.5,66.0,22.0,42.0,False
Dexcom GL,5,005_2020-08-24T08:04:00,360/rbf0.1,66.0,66.0,10.5,66.0,22.0,42.0,False
Dexcom GL,5,005_2020-08-25T08:13:00,360/rbf0.1,66.0,22.0,42.0,66.0,22.0,42.0,True
Dexcom GL,6,006_2023-04-13T10:05:00,360/rbf0.1,66.0,22.0,10.5,66.0,22.0,10.5,True
Dexcom GL,6,006_2023-04-16T07:16:00,360/rbf0.1,24.0,22.0,10.5,24.0,22.0,10.5,True
Dexcom GL,6,006_2023-04-14T09:08:00,360/rbf0.1,66.0,66.0,10.5,66.0,22.0,10.5,False
Dexcom GL,6,006_2023-04-15T08:45:00,360/rbf0.1,66.0,22.0,42.0,66.0,22.0,42.0,True
Dexcom GL,8,008_2023-02-05T09:57:00,360/rbf0.1,66.0,22.0,10.5,66.0,22.0,10.5,True
Dexcom GL,8,008_2023-02-08T08:01:00,360/rbf0.1,24.0,22.0,10.5,24.0,22.0,10.5,True
Dexcom GL,8,008_2023-02-06T08:13:00,360/rbf0.1,66.0,66.0,10.5,66.0,22.0,42.0,False
Dexcom GL,8,008_2023-02-07T08:07:00,360/rbf0.1,66.0,22.0,42.0,66.0,22.0,42.0,True
Dexcom GL,9,009_2020-09-21T08:39:00,360/rbf0.1,66.0,22.0,10.5,66.0,22.0,42.0,False
Dexcom GL,9,009_2020-09-24T07:51:00,360/rbf0.1,24.0,22.0,10.5,24.0,22.0,10.5,True
Dexcom GL,9,009_2020-09-22T07:37:00,360/rbf0.1,66.0,66.0,10.5,24.0,22.0,10.5,False
Dexcom GL,9,009_2020-09-23T07:29:00,360/rbf0.1,66.0,22.0,42.0,66.0,22.0,10.5,False
Dexcom GL,10,010_2020-06-27T05:25:00,360/rbf0.1,66.0,22.0,10.5,24.0,22.0,10.5,False
Dexcom GL,10,010_2020-06-30T07:27:00,360/rbf0.1,24.0,22.0,10.5,24.0,22.0,10.5,True
Dexcom GL,10,010_2020-06-28T05:16:00,360/rbf0.1,66.0,66.0,10.5,66.0,66.0,10.5,True
Dexcom GL,10,010_2020-06-29T06:06:00,360/rbf0.1,66.0,22.0,42.0,66.0,66.0,10.5,False
Dexcom GL,14,014_2023-05-15T07:29:00,360/rbf0.1,66.0,22.0,10.5,66.0,22.0,42.0,False
Dexcom GL,14,014_2023-05-18T08:15:00,360/rbf0.1,24.0,22.0,10.5,66.0,66.0,10.5,False
Dexcom GL,14,014_2023-05-16T07:28:00,360/rbf0.1,66.0,66.0,10.5,24.0,22.0,10.5,False
Dexcom GL,14,014_2023-05-17T08:34:00,360/rbf0.1,66.0,22.0,42.0,66.0,22.0,42.0,True
Dexcom GL,17,017_2023-10-16T09:41:00,360/rbf0.1,66.0,22.0,10.5,24.0,22.0,10.5,False
Dexcom GL,17,017_2023-10-19T08:30:00,360/rbf0.1,24.0,22.0,10.5,24.0,22.0,10.5,True
Dexcom GL,17,017_2023-10-17T11:12:00,360/rbf0.1,66.0,66.0,10.5,66.0,22.0,10.5,False
Dexcom GL,17,017_2023-10-18T11:43:00,360/rbf0.1,66.0,22.0,42.0,66.0,22.0,42.0,True
Dexcom GL,27,027_2024-06-16T10:15:00,360/rbf0.1,66.0,22.0,10.5,24.0,22.0,10.5,False
Dexcom GL,27,027_2024-06-19T10:11:00,360/rbf0.1,24.0,22.0,10.5,66.0,22.0,42.0,False
Dexcom GL,27,027_2024-06-17T08:15:00,360/rbf0.1,66.0,66.0,10.5,24.0,22.0,10.5,False
Dexcom GL,27,027_2024-06-18T09:20:00,360/rbf0.1,66.0,22.0,42.0,66.0,22.0,10.5,False
Dexcom GL,31,031_2022-07-05T07:45:00,360/rbf0.1,66.0,22.0,10.5,24.0,22.0,10.5,False
Dexcom GL,31,031_2022-07-08T07:18:00,360/rbf0.1,24.0,22.0,10.5,24.0,22.0,10.5,True
Dexcom GL,31,031_2022-07-06T07:56:00,360/rbf0.1,66.0,66.0,10.5,66.0,22.0,10.5,False
Dexcom GL,31,031_2022-07-07T07:04:00,360/rbf0.1,66.0,22.0,42.0,66.0,22.0,42.0,True
Dexcom GL,32,032_2022-01-07T07:01:00,360/rbf0.1,66.0,22.0,10.5,24.0,22.0,10.5,False
Dexcom GL,32,032_2022-01-10T05:10:00,360/rbf0.1,24.0,22.0,10.5,24.0,22.0,10.5,True
Dexcom GL,32,032_2022-01-08T06:37:00,360/rbf0.1,66.0,66.0,10.5,24.0,22.0,10.5,False
Dexcom GL,32,032_2022-01-09T05:32:00,360/rbf0.1,66.0,22.0,42.0,66.0,22.0,10.5,False
Dexcom GL,34,034_2022-03-08T06:16:00,360/rbf0.1,66.0,22.0,10.5,66.0,66.0,10.5,False
Dexcom GL,34,034_2022-03-11T07:24:00,360/rbf0.1,24.0,22.0,10.5,24.0,22.0,10.5,True
Dexcom GL,34,034_2022-03-09T07:18:00,360/rbf0.1,66.0,66.0,10.5,24.0,22.0,10.5,False
Dexcom GL,34,034_2022-03-10T07:12:00,360/rbf0.1,66.0,22.0,42.0,24.0,22.0,10.5,False
Dexcom GL,35,035_2024-12-18T07:10:00,360/rbf0.1,66.0,22.0,10.5,66.0,22.0,42.0,False
Dexcom GL,35,035_2024-12-21T06:53:00,360/rbf0.1,24.0,22.0,10.5,66.0,22.0,10.5,False
Dexcom GL,35,035_2024-12-19T06:25:00,360/rbf0.1,66.0,66.0,10.5,66.0,22.0,42.0,False
Dexcom GL,35,035_2024-12-20T06:39:00,360/rbf0.1,66.0,22.0,42.0,66.0,22.0,42.0,True
Dexcom GL,36,036_2022-04-04T08:18:00,360/rbf0.1,66.0,22.0,10.5,66.0,22.0,10.5,True
Dexcom GL,36,036_2022-04-07T07:54:00,360/rbf0.1,24.0,22.0,10.5,66.0,22.0,10.5,False
Dexcom GL,36,036_2022-04-05T08:14:00,360/rbf0.1,66.0,66.0,10.5,66.0,22.0,10.5,False
Dexcom GL,36,036_2022-04-06T08:01:00,360/rbf0.1,66.0,22.0,42.0,66.0,22.0,10.5,False
Dexcom GL,38,038_2022-01-31T07:03:00,360/rbf0.1,66.0,22.0,10.5,66.0,22.0,42.0,False
Dexcom GL,38,038_2022-02-03T07:17:00,360/rbf0.1,24.0,22.0,10.5,24.0,22.0,10.5,True
Dexcom GL,38,038_2022-02-01T07:18:00,360/rbf0.1,66.0,66.0,10.5,24.0,22.0,10.5,False
Dexcom GL,38,038_2022-02-02T07:02:00,360/rbf0.1,66.0,22.0,42.0,24.0,22.0,10.5,False
Dexcom GL,41,041_2022-05-02T08:19:00,360/rbf0.1,66.0,22.0,10.5,66.0,22.0,42.0,False
Dexcom GL,41,041_2022-05-05T07:59:00,360/rbf0.1,24.0,22.0,10.5,66.0,22.0,10.5,False
Dexcom GL,41,041_2022-05-03T07:44:00,360/rbf0.1,66.0,66.0,10.5,66.0,22.0,42.0,False
Dexcom GL,41,041_2022-05-04T07:58:00,360/rbf0.1,66.0,22.0,42.0,66.0,22.0,42.0,True
Dexcom GL,42,042_2025-07-31T08:40:00,360/rbf0.1,66.0,22.0,10.5,66.0,66.0,10.5,False
Dexcom GL,42,042_2025-08-03T10:28:00,360/rbf0.1,24.0,22.0,10.5,66.0,66.0,10.5,False
Dexcom GL,42,042_2025-08-01T07:50:00,360/rbf0.1,66.0,66.0,10.5,66.0,22.0,42.0,False
Dexcom GL,42,042_2025-08-02T08:15:00,360/rbf0.1,66.0,22.0,42.0,66.0,66.0,10.5,False
Dexcom GL,43,043_2025-10-20T08:00:00,360/rbf0.1,66.0,22.0,10.5,66.0,22.0,10.5,True
Dexcom GL,43,043_2025-10-23T08:08:00,360/rbf0.1,24.0,22.0,10.5,24.0,22.0,10.5,True
Dexcom GL,43,043_2025-10-21T07:51:00,360/rbf0.1,66.0,66.0,10.5,66.0,22.0,10.5,False
Dexcom GL,43,043_2025-10-22T08:03:00,360/rbf0.1,66.0,22.0,42.0,66.0,22.0,10.5,False
Dexcom GL,45,045_2025-03-31T08:56:00,360/rbf0.1,66.0,22.0,10.5,66.0,22.0,42.0,False
Dexcom GL,45,045_2025-04-03T08:46:00,360/rbf0.1,24.0,22.0,10.5,66.0,66.0,10.5,False
Dexcom GL,45,045_2025-04-01T09:05:00,360/rbf0.1,66.0,66.0,10.5,66.0,22.0,42.0,False
Dexcom GL,45,045_2025-04-02T09:40:00,360/rbf0.1,66.0,22.0,42.0,66.0,22.0,10.5,False
Dexcom GL,49,049_2025-05-17T07:11:00,360/rbf0.1,66.0,22.0,10.5,66.0,22.0,10.5,True
Dexcom GL,49,049_2025-05-20T07:06:00,360/rbf0.1,24.0,22.0,10.5,66.0,66.0,10.5,False
Dexcom GL,49,049_2025-05-18T08:59:00,360/rbf0.1,66.0,66.0,10.5,66.0,22.0,10.5,False
Dexcom GL,49,049_2025-05-19T07:06:00,360/rbf0.1,66.0,22.0,42.0,66.0,22.0,42.0,True
Dexcom GL,2,002_2019-11-21T09:55:00,360/rbf1,66.0,22.0,10.5,66.0,22.0,10.5,True
Dexcom GL,2,002_2019-11-24T08:09:00,360/rbf1,24.0,22.0,10.5,66.0,22.0,10.5,False
Dexcom GL,2,002_2019-11-22T08:48:00,360/rbf1,66.0,66.0,10.5,66.0,22.0,42.0,False
Dexcom GL,2,002_2019-11-23T09:59:00,360/rbf1,66.0,22.0,42.0,66.0,22.0,10.5,False
Dexcom GL,4,004_2023-09-17T08:49:00,360/rbf1,66.0,22.0,10.5,66.0,22.0,10.5,True
Dexcom GL,4,004_2023-09-20T09:30:00,360/rbf1,24.0,22.0,10.5,24.0,22.0,10.5,True
Dexcom GL,4,004_2023-09-18T08:57:00,360/rbf1,66.0,66.0,10.5,66.0,22.0,10.5,False
Dexcom GL,4,004_2023-09-19T09:33:00,360/rbf1,66.0,22.0,42.0,66.0,22.0,10.5,False
Dexcom GL,5,005_2020-08-23T10:48:00,360/rbf1,66.0,22.0,10.5,66.0,22.0,42.0,False
Dexcom GL,5,005_2020-08-26T08:19:00,360/rbf1,24.0,22.0,10.5,66.0,22.0,42.0,False
Dexcom GL,5,005_2020-08-24T08:04:00,360/rbf1,66.0,66.0,10.5,66.0,22.0,42.0,False
Dexcom GL,5,005_2020-08-25T08:13:00,360/rbf1,66.0,22.0,42.0,66.0,22.0,42.0,True
Dexcom GL,6,006_2023-04-13T10:05:00,360/rbf1,66.0,22.0,10.5,66.0,22.0,10.5,True
Dexcom GL,6,006_2023-04-16T07:16:00,360/rbf1,24.0,22.0,10.5,24.0,22.0,10.5,True
Dexcom GL,6,006_2023-04-14T09:08:00,360/rbf1,66.0,66.0,10.5,66.0,22.0,10.5,False
Dexcom GL,6,006_2023-04-15T08:45:00,360/rbf1,66.0,22.0,42.0,66.0,22.0,42.0,True
Dexcom GL,8,008_2023-02-05T09:57:00,360/rbf1,66.0,22.0,10.5,66.0,22.0,10.5,True
Dexcom GL,8,008_2023-02-08T08:01:00,360/rbf1,24.0,22.0,10.5,24.0,22.0,10.5,True
Dexcom GL,8,008_2023-02-06T08:13:00,360/rbf1,66.0,66.0,10.5,66.0,22.0,42.0,False
Dexcom GL,8,008_2023-02-07T08:07:00,360/rbf1,66.0,22.0,42.0,66.0,66.0,10.5,False
Dexcom GL,9,009_2020-09-21T08:39:00,360/rbf1,66.0,22.0,10.5,66.0,22.0,42.0,False
Dexcom GL,9,009_2020-09-24T07:51:00,360/rbf1,24.0,22.0,10.5,24.0,22.0,10.5,True
Dexcom GL,9,009_2020-09-22T07:37:00,360/rbf1,66.0,66.0,10.5,24.0,22.0,10.5,False
Dexcom GL,9,009_2020-09-23T07:29:00,360/rbf1,66.0,22.0,42.0,66.0,22.0,42.0,True
Dexcom GL,10,010_2020-06-27T05:25:00,360/rbf1,66.0,22.0,10.5,24.0,22.0,10.5,False
Dexcom GL,10,010_2020-06-30T07:27:00,360/rbf1,24.0,22.0,10.5,24.0,22.0,10.5,True
Dexcom GL,10,010_2020-06-28T05:16:00,360/rbf1,66.0,66.0,10.5,24.0,22.0,10.5,False
Dexcom GL,10,010_2020-06-29T06:06:00,360/rbf1,66.0,22.0,42.0,66.0,22.0,42.0,True
Dexcom GL,14,014_2023-05-15T07:29:00,360/rbf1,66.0,22.0,10.5,66.0,22.0,42.0,False
Dexcom GL,14,014_2023-05-18T08:15:00,360/rbf1,24.0,22.0,10.5,66.0,66.0,10.5,False
Dexcom GL,14,014_2023-05-16T07:28:00,360/rbf1,66.0,66.0,10.5,24.0,22.0,10.5,False
Dexcom GL,14,014_2023-05-17T08:34:00,360/rbf1,66.0,22.0,42.0,66.0,22.0,42.0,True
Dexcom GL,17,017_2023-10-16T09:41:00,360/rbf1,66.0,22.0,10.5,24.0,22.0,10.5,False
Dexcom GL,17,017_2023-10-19T08:30:00,360/rbf1,24.0,22.0,10.5,24.0,22.0,10.5,True
Dexcom GL,17,017_2023-10-17T11:12:00,360/rbf1,66.0,66.0,10.5,66.0,22.0,10.5,False
Dexcom GL,17,017_2023-10-18T11:43:00,360/rbf1,66.0,22.0,42.0,66.0,22.0,42.0,True
Dexcom GL,27,027_2024-06-16T10:15:00,360/rbf1,66.0,22.0,10.5,24.0,22.0,10.5,False
Dexcom GL,27,027_2024-06-19T10:11:00,360/rbf1,24.0,22.0,10.5,66.0,22.0,42.0,False
Dexcom GL,27,027_2024-06-17T08:15:00,360/rbf1,66.0,66.0,10.5,66.0,66.0,10.5,True
Dexcom GL,27,027_2024-06-18T09:20:00,360/rbf1,66.0,22.0,42.0,66.0,22.0,10.5,False
Dexcom GL,31,031_2022-07-05T07:45:00,360/rbf1,66.0,22.0,10.5,24.0,22.0,10.5,False
Dexcom GL,31,031_2022-07-08T07:18:00,360/rbf1,24.0,22.0,10.5,24.0,22.0,10.5,True
Dexcom GL,31,031_2022-07-06T07:56:00,360/rbf1,66.0,66.0,10.5,66.0,22.0,10.5,False
Dexcom GL,31,031_2022-07-07T07:04:00,360/rbf1,66.0,22.0,42.0,66.0,22.0,42.0,True
Dexcom GL,32,032_2022-01-07T07:01:00,360/rbf1,66.0,22.0,10.5,24.0,22.0,10.5,False
Dexcom GL,32,032_2022-01-10T05:10:00,360/rbf1,24.0,22.0,10.5,24.0,22.0,10.5,True
Dexcom GL,32,032_2022-01-08T06:37:00,360/rbf1,66.0,66.0,10.5,24.0,22.0,10.5,False
Dexcom GL,32,032_2022-01-09T05:32:00,360/rbf1,66.0,22.0,42.0,66.0,22.0,10.5,False
Dexcom GL,34,034_2022-03-08T06:16:00,360/rbf1,66.0,22.0,10.5,66.0,66.0,10.5,False
Dexcom GL,34,034_2022-03-11T07:24:00,360/rbf1,24.0,22.0,10.5,24.0,22.0,10.5,True
Dexcom GL,34,034_2022-03-09T07:18:00,360/rbf1,66.0,66.0,10.5,24.0,22.0,10.5,False
Dexcom GL,34,034_2022-03-10T07:12:00,360/rbf1,66.0,22.0,42.0,24.0,22.0,10.5,False
Dexcom GL,35,035_2024-12-18T07:10:00,360/rbf1,66.0,22.0,10.5,66.0,22.0,42.0,False
Dexcom GL,35,035_2024-12-21T06:53:00,360/rbf1,24.0,22.0,10.5,66.0,22.0,10.5,False
Dexcom GL,35,035_2024-12-19T06:25:00,360/rbf1,66.0,66.0,10.5,66.0,22.0,42.0,False
Dexcom GL,35,035_2024-12-20T06:39:00,360/rbf1,66.0,22.0,42.0,66.0,22.0,42.0,True
Dexcom GL,36,036_2022-04-04T08:18:00,360/rbf1,66.0,22.0,10.5,66.0,22.0,10.5,True
Dexcom GL,36,036_2022-04-07T07:54:00,360/rbf1,24.0,22.0,10.5,66.0,22.0,10.5,False
Dexcom GL,36,036_2022-04-05T08:14:00,360/rbf1,66.0,66.0,10.5,66.0,22.0,10.5,False
Dexcom GL,36,036_2022-04-06T08:01:00,360/rbf1,66.0,22.0,42.0,66.0,22.0,10.5,False
Dexcom GL,38,038_2022-01-31T07:03:00,360/rbf1,66.0,22.0,10.5,24.0,22.0,10.5,False
Dexcom GL,38,038_2022-02-03T07:17:00,360/rbf1,24.0,22.0,10.5,24.0,22.0,10.5,True
Dexcom GL,38,038_2022-02-01T07:18:00,360/rbf1,66.0,66.0,10.5,24.0,22.0,10.5,False
Dexcom GL,38,038_2022-02-02T07:02:00,360/rbf1,66.0,22.0,42.0,24.0,22.0,10.5,False
Dexcom GL,41,041_2022-05-02T08:19:00,360/rbf1,66.0,22.0,10.5,66.0,22.0,42.0,False
Dexcom GL,41,041_2022-05-05T07:59:00,360/rbf1,24.0,22.0,10.5,66.0,22.0,10.5,False
Dexcom GL,41,041_2022-05-03T07:44:00,360/rbf1,66.0,66.0,10.5,66.0,22.0,42.0,False
Dexcom GL,41,041_2022-05-04T07:58:00,360/rbf1,66.0,22.0,42.0,66.0,22.0,42.0,True
Dexcom GL,42,042_2025-07-31T08:40:00,360/rbf1,66.0,22.0,10.5,24.0,22.0,10.5,False
Dexcom GL,42,042_2025-08-03T10:28:00,360/rbf1,24.0,22.0,10.5,66.0,66.0,10.5,False
Dexcom GL,42,042_2025-08-01T07:50:00,360/rbf1,66.0,66.0,10.5,66.0,22.0,42.0,False
Dexcom GL,42,042_2025-08-02T08:15:00,360/rbf1,66.0,22.0,42.0,24.0,22.0,10.5,False
Dexcom GL,43,043_2025-10-20T08:00:00,360/rbf1,66.0,22.0,10.5,66.0,22.0,10.5,True
Dexcom GL,43,043_2025-10-23T08:08:00,360/rbf1,24.0,22.0,10.5,24.0,22.0,10.5,True
Dexcom GL,43,043_2025-10-21T07:51:00,360/rbf1,66.0,66.0,10.5,66.0,22.0,10.5,False
Dexcom GL,43,043_2025-10-22T08:03:00,360/rbf1,66.0,22.0,42.0,66.0,22.0,10.5,False
Dexcom GL,45,045_2025-03-31T08:56:00,360/rbf1,66.0,22.0,10.5,66.0,22.0,42.0,False
Dexcom GL,45,045_2025-04-03T08:46:00,360/rbf1,24.0,22.0,10.5,66.0,66.0,10.5,False
Dexcom GL,45,045_2025-04-01T09:05:00,360/rbf1,66.0,66.0,10.5,66.0,22.0,42.0,False
Dexcom GL,45,045_2025-04-02T09:40:00,360/rbf1,66.0,22.0,42.0,66.0,22.0,10.5,False
Dexcom GL,49,049_2025-05-17T07:11:00,360/rbf1,66.0,22.0,10.5,66.0,22.0,10.5,True
Dexcom GL,49,049_2025-05-20T07:06:00,360/rbf1,24.0,22.0,10.5,66.0,66.0,10.5,False
Dexcom GL,49,049_2025-05-18T08:59:00,360/rbf1,66.0,66.0,10.5,66.0,22.0,42.0,False
Dexcom GL,49,049_2025-05-19T07:06:00,360/rbf1,66.0,22.0,42.0,66.0,22.0,42.0,True
Dexcom GL,2,002_2019-11-21T09:55:00,360/rbf10,66.0,22.0,10.5,66.0,66.0,10.5,False
Dexcom GL,2,002_2019-11-24T08:09:00,360/rbf10,24.0,22.0,10.5,66.0,66.0,10.5,False
Dexcom GL,2,002_2019-11-22T08:48:00,360/rbf10,66.0,66.0,10.5,66.0,22.0,42.0,False
Dexcom GL,2,002_2019-11-23T09:59:00,360/rbf10,66.0,22.0,42.0,66.0,22.0,10.5,False
Dexcom GL,4,004_2023-09-17T08:49:00,360/rbf10,66.0,22.0,10.5,24.0,22.0,10.5,False
Dexcom GL,4,004_2023-09-20T09:30:00,360/rbf10,24.0,22.0,10.5,24.0,22.0,10.5,True
Dexcom GL,4,004_2023-09-18T08:57:00,360/rbf10,66.0,66.0,10.5,66.0,22.0,10.5,False
Dexcom GL,4,004_2023-09-19T09:33:00,360/rbf10,66.0,22.0,42.0,66.0,22.0,10.5,False
Dexcom GL,5,005_2020-08-23T10:48:00,360/rbf10,66.0,22.0,10.5,66.0,22.0,42.0,False
Dexcom GL,5,005_2020-08-26T08:19:00,360/rbf10,24.0,22.0,10.5,66.0,22.0,42.0,False
Dexcom GL,5,005_2020-08-24T08:04:00,360/rbf10,66.0,66.0,10.5,66.0,22.0,42.0,False
Dexcom GL,5,005_2020-08-25T08:13:00,360/rbf10,66.0,22.0,42.0,66.0,22.0,42.0,True
Dexcom GL,6,006_2023-04-13T10:05:00,360/rbf10,66.0,22.0,10.5,66.0,22.0,10.5,True
Dexcom GL,6,006_2023-04-16T07:16:00,360/rbf10,24.0,22.0,10.5,24.0,22.0,10.5,True
Dexcom GL,6,006_2023-04-14T09:08:00,360/rbf10,66.0,66.0,10.5,66.0,22.0,42.0,False
Dexcom GL,6,006_2023-04-15T08:45:00,360/rbf10,66.0,22.0,42.0,66.0,22.0,42.0,True
Dexcom GL,8,008_2023-02-05T09:57:00,360/rbf10,66.0,22.0,10.5,66.0,22.0,10.5,True
Dexcom GL,8,008_2023-02-08T08:01:00,360/rbf10,24.0,22.0,10.5,24.0,22.0,10.5,True
Dexcom GL,8,008_2023-02-06T08:13:00,360/rbf10,66.0,66.0,10.5,66.0,66.0,10.5,True
Dexcom GL,8,008_2023-02-07T08:07:00,360/rbf10,66.0,22.0,42.0,66.0,22.0,10.5,False
Dexcom GL,9,009_2020-09-21T08:39:00,360/rbf10,66.0,22.0,10.5,66.0,22.0,42.0,False
Dexcom GL,9,009_2020-09-24T07:51:00,360/rbf10,24.0,22.0,10.5,24.0,22.0,10.5,True
Dexcom GL,9,009_2020-09-22T07:37:00,360/rbf10,66.0,66.0,10.5,66.0,22.0,10.5,False
Dexcom GL,9,009_2020-09-23T07:29:00,360/rbf10,66.0,22.0,42.0,66.0,22.0,42.0,True
Dexcom GL,10,010_2020-06-27T05:25:00,360/rbf10,66.0,22.0,10.5,24.0,22.0,10.5,False
Dexcom GL,10,010_2020-06-30T07:27:00,360/rbf10,24.0,22.0,10.5,24.0,22.0,10.5,True
Dexcom GL,10,010_2020-06-28T05:16:00,360/rbf10,66.0,66.0,10.5,66.0,22.0,42.0,False
Dexcom GL,10,010_2020-06-29T06:06:00,360/rbf10,66.0,22.0,42.0,66.0,22.0,42.0,True
Dexcom GL,14,014_2023-05-15T07:29:00,360/rbf10,66.0,22.0,10.5,66.0,66.0,10.5,False
Dexcom GL,14,014_2023-05-18T08:15:00,360/rbf10,24.0,22.0,10.5,66.0,22.0,10.5,False
Dexcom GL,14,014_2023-05-16T07:28:00,360/rbf10,66.0,66.0,10.5,24.0,22.0,10.5,False
Dexcom GL,14,014_2023-05-17T08:34:00,360/rbf10,66.0,22.0,42.0,66.0,22.0,42.0,True
Dexcom GL,17,017_2023-10-16T09:41:00,360/rbf10,66.0,22.0,10.5,66.0,66.0,10.5,False
Dexcom GL,17,017_2023-10-19T08:30:00,360/rbf10,24.0,22.0,10.5,24.0,22.0,10.5,True
Dexcom GL,17,017_2023-10-17T11:12:00,360/rbf10,66.0,66.0,10.5,24.0,22.0,10.5,False
Dexcom GL,17,017_2023-10-18T11:43:00,360/rbf10,66.0,22.0,42.0,66.0,66.0,10.5,False
Dexcom GL,27,027_2024-06-16T10:15:00,360/rbf10,66.0,22.0,10.5,66.0,22.0,10.5,True
Dexcom GL,27,027_2024-06-19T10:11:00,360/rbf10,24.0,22.0,10.5,66.0,22.0,42.0,False
Dexcom GL,27,027_2024-06-17T08:15:00,360/rbf10,66.0,66.0,10.5,66.0,66.0,10.5,True
Dexcom GL,27,027_2024-06-18T09:20:00,360/rbf10,66.0,22.0,42.0,66.0,22.0,10.5,False
Dexcom GL,31,031_2022-07-05T07:45:00,360/rbf10,66.0,22.0,10.5,24.0,22.0,10.5,False
Dexcom GL,31,031_2022-07-08T07:18:00,360/rbf10,24.0,22.0,10.5,24.0,22.0,10.5,True
Dexcom GL,31,031_2022-07-06T07:56:00,360/rbf10,66.0,66.0,10.5,66.0,66.0,10.5,True
Dexcom GL,31,031_2022-07-07T07:04:00,360/rbf10,66.0,22.0,42.0,66.0,66.0,10.5,False
Dexcom GL,32,032_2022-01-07T07:01:00,360/rbf10,66.0,22.0,10.5,24.0,22.0,10.5,False
Dexcom GL,32,032_2022-01-10T05:10:00,360/rbf10,24.0,22.0,10.5,24.0,22.0,10.5,True
Dexcom GL,32,032_2022-01-08T06:37:00,360/rbf10,66.0,66.0,10.5,24.0,22.0,10.5,False
Dexcom GL,32,032_2022-01-09T05:32:00,360/rbf10,66.0,22.0,42.0,66.0,22.0,10.5,False
Dexcom GL,34,034_2022-03-08T06:16:00,360/rbf10,66.0,22.0,10.5,66.0,66.0,10.5,False
Dexcom GL,34,034_2022-03-11T07:24:00,360/rbf10,24.0,22.0,10.5,24.0,22.0,10.5,True
Dexcom GL,34,034_2022-03-09T07:18:00,360/rbf10,66.0,66.0,10.5,66.0,66.0,10.5,True
Dexcom GL,34,034_2022-03-10T07:12:00,360/rbf10,66.0,22.0,42.0,24.0,22.0,10.5,False
Dexcom GL,35,035_2024-12-18T07:10:00,360/rbf10,66.0,22.0,10.5,66.0,22.0,42.0,False
Dexcom GL,35,035_2024-12-21T06:53:00,360/rbf10,24.0,22.0,10.5,66.0,66.0,10.5,False
Dexcom GL,35,035_2024-12-19T06:25:00,360/rbf10,66.0,66.0,10.5,66.0,66.0,10.5,True
Dexcom GL,35,035_2024-12-20T06:39:00,360/rbf10,66.0,22.0,42.0,66.0,66.0,10.5,False
Dexcom GL,36,036_2022-04-04T08:18:00,360/rbf10,66.0,22.0,10.5,66.0,22.0,10.5,True
Dexcom GL,36,036_2022-04-07T07:54:00,360/rbf10,24.0,22.0,10.5,66.0,22.0,10.5,False
Dexcom GL,36,036_2022-04-05T08:14:00,360/rbf10,66.0,66.0,10.5,66.0,22.0,10.5,False
Dexcom GL,36,036_2022-04-06T08:01:00,360/rbf10,66.0,22.0,42.0,66.0,22.0,10.5,False
Dexcom GL,38,038_2022-01-31T07:03:00,360/rbf10,66.0,22.0,10.5,24.0,22.0,10.5,False
Dexcom GL,38,038_2022-02-03T07:17:00,360/rbf10,24.0,22.0,10.5,24.0,22.0,10.5,True
Dexcom GL,38,038_2022-02-01T07:18:00,360/rbf10,66.0,66.0,10.5,24.0,22.0,10.5,False
Dexcom GL,38,038_2022-02-02T07:02:00,360/rbf10,66.0,22.0,42.0,24.0,22.0,10.5,False
Dexcom GL,41,041_2022-05-02T08:19:00,360/rbf10,66.0,22.0,10.5,66.0,22.0,42.0,False
Dexcom GL,41,041_2022-05-05T07:59:00,360/rbf10,24.0,22.0,10.5,66.0,22.0,10.5,False
Dexcom GL,41,041_2022-05-03T07:44:00,360/rbf10,66.0,66.0,10.5,66.0,22.0,42.0,False
Dexcom GL,41,041_2022-05-04T07:58:00,360/rbf10,66.0,22.0,42.0,66.0,22.0,42.0,True
Dexcom GL,42,042_2025-07-31T08:40:00,360/rbf10,66.0,22.0,10.5,66.0,22.0,10.5,True
Dexcom GL,42,042_2025-08-03T10:28:00,360/rbf10,24.0,22.0,10.5,66.0,22.0,10.5,False
Dexcom GL,42,042_2025-08-01T07:50:00,360/rbf10,66.0,66.0,10.5,66.0,22.0,10.5,False
Dexcom GL,42,042_2025-08-02T08:15:00,360/rbf10,66.0,22.0,42.0,24.0,22.0,10.5,False
Dexcom GL,43,043_2025-10-20T08:00:00,360/rbf10,66.0,22.0,10.5,66.0,22.0,10.5,True
Dexcom GL,43,043_2025-10-23T08:08:00,360/rbf10,24.0,22.0,10.5,24.0,22.0,10.5,True
Dexcom GL,43,043_2025-10-21T07:51:00,360/rbf10,66.0,66.0,10.5,66.0,22.0,10.5,False
Dexcom GL,43,043_2025-10-22T08:03:00,360/rbf10,66.0,22.0,42.0,66.0,22.0,42.0,True
Dexcom GL,45,045_2025-03-31T08:56:00,360/rbf10,66.0,22.0,10.5,66.0,22.0,10.5,True
Dexcom GL,45,045_2025-04-03T08:46:00,360/rbf10,24.0,22.0,10.5,66.0,22.0,10.5,False
Dexcom GL,45,045_2025-04-01T09:05:00,360/rbf10,66.0,66.0,10.5,66.0,22.0,10.5,False
Dexcom GL,45,045_2025-04-02T09:40:00,360/rbf10,66.0,22.0,42.0,66.0,22.0,10.5,False
Dexcom GL,49,049_2025-05-17T07:11:00,360/rbf10,66.0,22.0,10.5,66.0,22.0,10.5,True
Dexcom GL,49,049_2025-05-20T07:06:00,360/rbf10,24.0,22.0,10.5,66.0,22.0,10.5,False
Dexcom GL,49,049_2025-05-18T08:59:00,360/rbf10,66.0,66.0,10.5,66.0,22.0,10.5,False
Dexcom GL,49,049_2025-05-19T07:06:00,360/rbf10,66.0,22.0,42.0,66.0,22.0,42.0,True
Dexcom GL,2,002_2019-11-21T09:55:00,360/lda,66.0,22.0,10.5,66.0,22.0,10.5,True
Dexcom GL,2,002_2019-11-24T08:09:00,360/lda,24.0,22.0,10.5,66.0,66.0,10.5,False
Dexcom GL,2,002_2019-11-22T08:48:00,360/lda,66.0,66.0,10.5,66.0,22.0,42.0,False
Dexcom GL,2,002_2019-11-23T09:59:00,360/lda,66.0,22.0,42.0,66.0,22.0,10.5,False
Dexcom GL,4,004_2023-09-17T08:49:00,360/lda,66.0,22.0,10.5,66.0,22.0,10.5,True
Dexcom GL,4,004_2023-09-20T09:30:00,360/lda,24.0,22.0,10.5,24.0,22.0,10.5,True
Dexcom GL,4,004_2023-09-18T08:57:00,360/lda,66.0,66.0,10.5,66.0,22.0,10.5,False
Dexcom GL,4,004_2023-09-19T09:33:00,360/lda,66.0,22.0,42.0,66.0,22.0,10.5,False
Dexcom GL,5,005_2020-08-23T10:48:00,360/lda,66.0,22.0,10.5,66.0,22.0,42.0,False
Dexcom GL,5,005_2020-08-26T08:19:00,360/lda,24.0,22.0,10.5,66.0,66.0,10.5,False
Dexcom GL,5,005_2020-08-24T08:04:00,360/lda,66.0,66.0,10.5,66.0,22.0,42.0,False
Dexcom GL,5,005_2020-08-25T08:13:00,360/lda,66.0,22.0,42.0,66.0,22.0,42.0,True
Dexcom GL,6,006_2023-04-13T10:05:00,360/lda,66.0,22.0,10.5,66.0,22.0,10.5,True
Dexcom GL,6,006_2023-04-16T07:16:00,360/lda,24.0,22.0,10.5,24.0,22.0,10.5,True
Dexcom GL,6,006_2023-04-14T09:08:00,360/lda,66.0,66.0,10.5,66.0,22.0,42.0,False
Dexcom GL,6,006_2023-04-15T08:45:00,360/lda,66.0,22.0,42.0,66.0,22.0,42.0,True
Dexcom GL,8,008_2023-02-05T09:57:00,360/lda,66.0,22.0,10.5,66.0,22.0,10.5,True
Dexcom GL,8,008_2023-02-08T08:01:00,360/lda,24.0,22.0,10.5,24.0,22.0,10.5,True
Dexcom GL,8,008_2023-02-06T08:13:00,360/lda,66.0,66.0,10.5,66.0,66.0,10.5,True
Dexcom GL,8,008_2023-02-07T08:07:00,360/lda,66.0,22.0,42.0,66.0,66.0,10.5,False
Dexcom GL,9,009_2020-09-21T08:39:00,360/lda,66.0,22.0,10.5,66.0,66.0,10.5,False
Dexcom GL,9,009_2020-09-24T07:51:00,360/lda,24.0,22.0,10.5,24.0,22.0,10.5,True
Dexcom GL,9,009_2020-09-22T07:37:00,360/lda,66.0,66.0,10.5,66.0,22.0,42.0,False
Dexcom GL,9,009_2020-09-23T07:29:00,360/lda,66.0,22.0,42.0,66.0,22.0,42.0,True
Dexcom GL,10,010_2020-06-27T05:25:00,360/lda,66.0,22.0,10.5,66.0,22.0,42.0,False
Dexcom GL,10,010_2020-06-30T07:27:00,360/lda,24.0,22.0,10.5,66.0,22.0,10.5,False
Dexcom GL,10,010_2020-06-28T05:16:00,360/lda,66.0,66.0,10.5,66.0,22.0,42.0,False
Dexcom GL,10,010_2020-06-29T06:06:00,360/lda,66.0,22.0,42.0,66.0,66.0,10.5,False
Dexcom GL,14,014_2023-05-15T07:29:00,360/lda,66.0,22.0,10.5,66.0,22.0,10.5,True
Dexcom GL,14,014_2023-05-18T08:15:00,360/lda,24.0,22.0,10.5,66.0,22.0,10.5,False
Dexcom GL,14,014_2023-05-16T07:28:00,360/lda,66.0,66.0,10.5,24.0,22.0,10.5,False
Dexcom GL,14,014_2023-05-17T08:34:00,360/lda,66.0,22.0,42.0,66.0,22.0,42.0,True
Dexcom GL,17,017_2023-10-16T09:41:00,360/lda,66.0,22.0,10.5,24.0,22.0,10.5,False
Dexcom GL,17,017_2023-10-19T08:30:00,360/lda,24.0,22.0,10.5,24.0,22.0,10.5,True
Dexcom GL,17,017_2023-10-17T11:12:00,360/lda,66.0,66.0,10.5,24.0,22.0,10.5,False
Dexcom GL,17,017_2023-10-18T11:43:00,360/lda,66.0,22.0,42.0,66.0,22.0,10.5,False
Dexcom GL,27,027_2024-06-16T10:15:00,360/lda,66.0,22.0,10.5,66.0,66.0,10.5,False
Dexcom GL,27,027_2024-06-19T10:11:00,360/lda,24.0,22.0,10.5,66.0,22.0,10.5,False
Dexcom GL,27,027_2024-06-17T08:15:00,360/lda,66.0,66.0,10.5,66.0,66.0,10.5,True
Dexcom GL,27,027_2024-06-18T09:20:00,360/lda,66.0,22.0,42.0,66.0,22.0,10.5,False
Dexcom GL,31,031_2022-07-05T07:45:00,360/lda,66.0,22.0,10.5,24.0,22.0,10.5,False
Dexcom GL,31,031_2022-07-08T07:18:00,360/lda,24.0,22.0,10.5,24.0,22.0,10.5,True
Dexcom GL,31,031_2022-07-06T07:56:00,360/lda,66.0,66.0,10.5,66.0,22.0,10.5,False
Dexcom GL,31,031_2022-07-07T07:04:00,360/lda,66.0,22.0,42.0,66.0,66.0,10.5,False
Dexcom GL,32,032_2022-01-07T07:01:00,360/lda,66.0,22.0,10.5,24.0,22.0,10.5,False
Dexcom GL,32,032_2022-01-10T05:10:00,360/lda,24.0,22.0,10.5,24.0,22.0,10.5,True
Dexcom GL,32,032_2022-01-08T06:37:00,360/lda,66.0,66.0,10.5,24.0,22.0,10.5,False
Dexcom GL,32,032_2022-01-09T05:32:00,360/lda,66.0,22.0,42.0,24.0,22.0,10.5,False
Dexcom GL,34,034_2022-03-08T06:16:00,360/lda,66.0,22.0,10.5,24.0,22.0,10.5,False
Dexcom GL,34,034_2022-03-11T07:24:00,360/lda,24.0,22.0,10.5,24.0,22.0,10.5,True
Dexcom GL,34,034_2022-03-09T07:18:00,360/lda,66.0,66.0,10.5,66.0,66.0,10.5,True
Dexcom GL,34,034_2022-03-10T07:12:00,360/lda,66.0,22.0,42.0,24.0,22.0,10.5,False
Dexcom GL,35,035_2024-12-18T07:10:00,360/lda,66.0,22.0,10.5,66.0,66.0,10.5,False
Dexcom GL,35,035_2024-12-21T06:53:00,360/lda,24.0,22.0,10.5,66.0,66.0,10.5,False
Dexcom GL,35,035_2024-12-19T06:25:00,360/lda,66.0,66.0,10.5,66.0,66.0,10.5,True
Dexcom GL,35,035_2024-12-20T06:39:00,360/lda,66.0,22.0,42.0,66.0,22.0,42.0,True
Dexcom GL,36,036_2022-04-04T08:18:00,360/lda,66.0,22.0,10.5,66.0,22.0,10.5,True
Dexcom GL,36,036_2022-04-07T07:54:00,360/lda,24.0,22.0,10.5,66.0,22.0,10.5,False
Dexcom GL,36,036_2022-04-05T08:14:00,360/lda,66.0,66.0,10.5,66.0,22.0,42.0,False
Dexcom GL,36,036_2022-04-06T08:01:00,360/lda,66.0,22.0,42.0,66.0,66.0,10.5,False
Dexcom GL,38,038_2022-01-31T07:03:00,360/lda,66.0,22.0,10.5,24.0,22.0,10.5,False
Dexcom GL,38,038_2022-02-03T07:17:00,360/lda,24.0,22.0,10.5,24.0,22.0,10.5,True
Dexcom GL,38,038_2022-02-01T07:18:00,360/lda,66.0,66.0,10.5,24.0,22.0,10.5,False
Dexcom GL,38,038_2022-02-02T07:02:00,360/lda,66.0,22.0,42.0,24.0,22.0,10.5,False
Dexcom GL,41,041_2022-05-02T08:19:00,360/lda,66.0,22.0,10.5,66.0,66.0,10.5,False
Dexcom GL,41,041_2022-05-05T07:59:00,360/lda,24.0,22.0,10.5,24.0,22.0,10.5,True
Dexcom GL,41,041_2022-05-03T07:44:00,360/lda,66.0,66.0,10.5,66.0,22.0,42.0,False
Dexcom GL,41,041_2022-05-04T07:58:00,360/lda,66.0,22.0,42.0,66.0,22.0,42.0,True
Dexcom GL,42,042_2025-07-31T08:40:00,360/lda,66.0,22.0,10.5,66.0,22.0,42.0,False
Dexcom GL,42,042_2025-08-03T10:28:00,360/lda,24.0,22.0,10.5,66.0,66.0,10.5,False
Dexcom GL,42,042_2025-08-01T07:50:00,360/lda,66.0,66.0,10.5,66.0,22.0,10.5,False
Dexcom GL,42,042_2025-08-02T08:15:00,360/lda,66.0,22.0,42.0,24.0,22.0,10.5,False
Dexcom GL,43,043_2025-10-20T08:00:00,360/lda,66.0,22.0,10.5,66.0,22.0,10.5,True
Dexcom GL,43,043_2025-10-23T08:08:00,360/lda,24.0,22.0,10.5,24.0,22.0,10.5,True
Dexcom GL,43,043_2025-10-21T07:51:00,360/lda,66.0,66.0,10.5,66.0,66.0,10.5,True
Dexcom GL,43,043_2025-10-22T08:03:00,360/lda,66.0,22.0,42.0,66.0,22.0,42.0,True
Dexcom GL,45,045_2025-03-31T08:56:00,360/lda,66.0,22.0,10.5,66.0,66.0,10.5,False
Dexcom GL,45,045_2025-04-03T08:46:00,360/lda,24.0,22.0,10.5,24.0,22.0,10.5,True
Dexcom GL,45,045_2025-04-01T09:05:00,360/lda,66.0,66.0,10.5,66.0,22.0,42.0,False
Dexcom GL,45,045_2025-04-02T09:40:00,360/lda,66.0,22.0,42.0,66.0,66.0,10.5,False
Dexcom GL,49,049_2025-05-17T07:11:00,360/lda,66.0,22.0,10.5,66.0,22.0,10.5,True
Dexcom GL,49,049_2025-05-20T07:06:00,360/lda,24.0,22.0,10.5,66.0,22.0,42.0,False
Dexcom GL,49,049_2025-05-18T08:59:00,360/lda,66.0,66.0,10.5,66.0,22.0,42.0,False
Dexcom GL,49,049_2025-05-19T07:06:00,360/lda,66.0,22.0,42.0,66.0,22.0,42.0,True
Dexcom GL,2,002_2019-11-21T09:55:00,360/tree,66.0,22.0,10.5,66.0,22.0,10.5,True
Dexcom GL,2,002_2019-11-24T08:09:00,360/tree,24.0,22.0,10.5,66.0,22.0,10.5,False
Dexcom GL,2,002_2019-11-22T08:48:00,360/tree,66.0,66.0,10.5,66.0,22.0,42.0,False
Dexcom GL,2,002_2019-11-23T09:59:00,360/tree,66.0,22.0,42.0,66.0,22.0,10.5,False
Dexcom GL,4,004_2023-09-17T08:49:00,360/tree,66.0,22.0,10.5,66.0,22.0,10.5,True
Dexcom GL,4,004_2023-09-20T09:30:00,360/tree,24.0,22.0,10.5,24.0,22.0,10.5,True
Dexcom GL,4,004_2023-09-18T08:57:00,360/tree,66.0,66.0,10.5,66.0,22.0,10.5,False
Dexcom GL,4,004_2023-09-19T09:33:00,360/tree,66.0,22.0,42.0,66.0,22.0,10.5,False
Dexcom GL,5,005_2020-08-23T10:48:00,360/tree,66.0,22.0,10.5,66.0,22.0,42.0,False
Dexcom GL,5,005_2020-08-26T08:19:00,360/tree,24.0,22.0,10.5,66.0,22.0,42.0,False
Dexcom GL,5,005_2020-08-24T08:04:00,360/tree,66.0,66.0,10.5,66.0,22.0,42.0,False
Dexcom GL,5,005_2020-08-25T08:13:00,360/tree,66.0,22.0,42.0,66.0,22.0,42.0,True
Dexcom GL,6,006_2023-04-13T10:05:00,360/tree,66.0,22.0,10.5,66.0,22.0,42.0,False
Dexcom GL,6,006_2023-04-16T07:16:00,360/tree,24.0,22.0,10.5,24.0,22.0,10.5,True
Dexcom GL,6,006_2023-04-14T09:08:00,360/tree,66.0,66.0,10.5,66.0,22.0,42.0,False
Dexcom GL,6,006_2023-04-15T08:45:00,360/tree,66.0,22.0,42.0,66.0,22.0,42.0,True
Dexcom GL,8,008_2023-02-05T09:57:00,360/tree,66.0,22.0,10.5,66.0,22.0,10.5,True
Dexcom GL,8,008_2023-02-08T08:01:00,360/tree,24.0,22.0,10.5,24.0,22.0,10.5,True
Dexcom GL,8,008_2023-02-06T08:13:00,360/tree,66.0,66.0,10.5,24.0,22.0,10.5,False
Dexcom GL,8,008_2023-02-07T08:07:00,360/tree,66.0,22.0,42.0,24.0,22.0,10.5,False
Dexcom GL,9,009_2020-09-21T08:39:00,360/tree,66.0,22.0,10.5,66.0,22.0,42.0,False
Dexcom GL,9,009_2020-09-24T07:51:00,360/tree,24.0,22.0,10.5,66.0,22.0,10.5,False
Dexcom GL,9,009_2020-09-22T07:37:00,360/tree,66.0,66.0,10.5,66.0,66.0,10.5,True
Dexcom GL,9,009_2020-09-23T07:29:00,360/tree,66.0,22.0,42.0,66.0,22.0,42.0,True
Dexcom GL,10,010_2020-06-27T05:25:00,360/tree,66.0,22.0,10.5,24.0,22.0,10.5,False
Dexcom GL,10,010_2020-06-30T07:27:00,360/tree,24.0,22.0,10.5,24.0,22.0,10.5,True
Dexcom GL,10,010_2020-06-28T05:16:00,360/tree,66.0,66.0,10.5,66.0,22.0,42.0,False
Dexcom GL,10,010_2020-06-29T06:06:00,360/tree,66.0,22.0,42.0,66.0,22.0,42.0,True
Dexcom GL,14,014_2023-05-15T07:29:00,360/tree,66.0,22.0,10.5,66.0,22.0,42.0,False
Dexcom GL,14,014_2023-05-18T08:15:00,360/tree,24.0,22.0,10.5,66.0,66.0,10.5,False
Dexcom GL,14,014_2023-05-16T07:28:00,360/tree,66.0,66.0,10.5,24.0,22.0,10.5,False
Dexcom GL,14,014_2023-05-17T08:34:00,360/tree,66.0,22.0,42.0,66.0,66.0,10.5,False
Dexcom GL,17,017_2023-10-16T09:41:00,360/tree,66.0,22.0,10.5,66.0,66.0,10.5,False
Dexcom GL,17,017_2023-10-19T08:30:00,360/tree,24.0,22.0,10.5,24.0,22.0,10.5,True
Dexcom GL,17,017_2023-10-17T11:12:00,360/tree,66.0,66.0,10.5,66.0,22.0,42.0,False
Dexcom GL,17,017_2023-10-18T11:43:00,360/tree,66.0,22.0,42.0,66.0,66.0,10.5,False
Dexcom GL,27,027_2024-06-16T10:15:00,360/tree,66.0,22.0,10.5,24.0,22.0,10.5,False
Dexcom GL,27,027_2024-06-19T10:11:00,360/tree,24.0,22.0,10.5,66.0,66.0,10.5,False
Dexcom GL,27,027_2024-06-17T08:15:00,360/tree,66.0,66.0,10.5,24.0,22.0,10.5,False
Dexcom GL,27,027_2024-06-18T09:20:00,360/tree,66.0,22.0,42.0,66.0,22.0,10.5,False
Dexcom GL,31,031_2022-07-05T07:45:00,360/tree,66.0,22.0,10.5,24.0,22.0,10.5,False
Dexcom GL,31,031_2022-07-08T07:18:00,360/tree,24.0,22.0,10.5,24.0,22.0,10.5,True
Dexcom GL,31,031_2022-07-06T07:56:00,360/tree,66.0,66.0,10.5,66.0,22.0,42.0,False
Dexcom GL,31,031_2022-07-07T07:04:00,360/tree,66.0,22.0,42.0,66.0,66.0,10.5,False
Dexcom GL,32,032_2022-01-07T07:01:00,360/tree,66.0,22.0,10.5,24.0,22.0,10.5,False
Dexcom GL,32,032_2022-01-10T05:10:00,360/tree,24.0,22.0,10.5,24.0,22.0,10.5,True
Dexcom GL,32,032_2022-01-08T06:37:00,360/tree,66.0,66.0,10.5,24.0,22.0,10.5,False
Dexcom GL,32,032_2022-01-09T05:32:00,360/tree,66.0,22.0,42.0,24.0,22.0,10.5,False
Dexcom GL,34,034_2022-03-08T06:16:00,360/tree,66.0,22.0,10.5,24.0,22.0,10.5,False
Dexcom GL,34,034_2022-03-11T07:24:00,360/tree,24.0,22.0,10.5,24.0,22.0,10.5,True
Dexcom GL,34,034_2022-03-09T07:18:00,360/tree,66.0,66.0,10.5,24.0,22.0,10.5,False
Dexcom GL,34,034_2022-03-10T07:12:00,360/tree,66.0,22.0,42.0,24.0,22.0,10.5,False
Dexcom GL,35,035_2024-12-18T07:10:00,360/tree,66.0,22.0,10.5,66.0,22.0,42.0,False
Dexcom GL,35,035_2024-12-21T06:53:00,360/tree,24.0,22.0,10.5,66.0,66.0,10.5,False
Dexcom GL,35,035_2024-12-19T06:25:00,360/tree,66.0,66.0,10.5,66.0,22.0,10.5,False
Dexcom GL,35,035_2024-12-20T06:39:00,360/tree,66.0,22.0,42.0,66.0,22.0,42.0,True
Dexcom GL,36,036_2022-04-04T08:18:00,360/tree,66.0,22.0,10.5,66.0,22.0,42.0,False
Dexcom GL,36,036_2022-04-07T07:54:00,360/tree,24.0,22.0,10.5,66.0,66.0,10.5,False
Dexcom GL,36,036_2022-04-05T08:14:00,360/tree,66.0,66.0,10.5,66.0,22.0,42.0,False
Dexcom GL,36,036_2022-04-06T08:01:00,360/tree,66.0,22.0,42.0,66.0,22.0,42.0,True
Dexcom GL,38,038_2022-01-31T07:03:00,360/tree,66.0,22.0,10.5,24.0,22.0,10.5,False
Dexcom GL,38,038_2022-02-03T07:17:00,360/tree,24.0,22.0,10.5,24.0,22.0,10.5,True
Dexcom GL,38,038_2022-02-01T07:18:00,360/tree,66.0,66.0,10.5,24.0,22.0,10.5,False
Dexcom GL,38,038_2022-02-02T07:02:00,360/tree,66.0,22.0,42.0,24.0,22.0,10.5,False
Dexcom GL,41,041_2022-05-02T08:19:00,360/tree,66.0,22.0,10.5,66.0,22.0,42.0,False
Dexcom GL,41,041_2022-05-05T07:59:00,360/tree,24.0,22.0,10.5,66.0,22.0,10.5,False
Dexcom GL,41,041_2022-05-03T07:44:00,360/tree,66.0,66.0,10.5,66.0,22.0,42.0,False
Dexcom GL,41,041_2022-05-04T07:58:00,360/tree,66.0,22.0,42.0,66.0,22.0,42.0,True
Dexcom GL,42,042_2025-07-31T08:40:00,360/tree,66.0,22.0,10.5,66.0,22.0,42.0,False
Dexcom GL,42,042_2025-08-03T10:28:00,360/tree,24.0,22.0,10.5,24.0,22.0,10.5,True
Dexcom GL,42,042_2025-08-01T07:50:00,360/tree,66.0,66.0,10.5,66.0,22.0,42.0,False
Dexcom GL,42,042_2025-08-02T08:15:00,360/tree,66.0,22.0,42.0,66.0,22.0,10.5,False
Dexcom GL,43,043_2025-10-20T08:00:00,360/tree,66.0,22.0,10.5,66.0,66.0,10.5,False
Dexcom GL,43,043_2025-10-23T08:08:00,360/tree,24.0,22.0,10.5,24.0,22.0,10.5,True
Dexcom GL,43,043_2025-10-21T07:51:00,360/tree,66.0,66.0,10.5,66.0,66.0,10.5,True
Dexcom GL,43,043_2025-10-22T08:03:00,360/tree,66.0,22.0,42.0,66.0,22.0,42.0,True
Dexcom GL,45,045_2025-03-31T08:56:00,360/tree,66.0,22.0,10.5,66.0,22.0,42.0,False
Dexcom GL,45,045_2025-04-03T08:46:00,360/tree,24.0,22.0,10.5,24.0,22.0,10.5,True
Dexcom GL,45,045_2025-04-01T09:05:00,360/tree,66.0,66.0,10.5,66.0,22.0,42.0,False
Dexcom GL,45,045_2025-04-02T09:40:00,360/tree,66.0,22.0,42.0,66.0,22.0,42.0,True
Dexcom GL,49,049_2025-05-17T07:11:00,360/tree,66.0,22.0,10.5,66.0,22.0,10.5,True
Dexcom GL,49,049_2025-05-20T07:06:00,360/tree,24.0,22.0,10.5,66.0,22.0,42.0,False
Dexcom GL,49,049_2025-05-18T08:59:00,360/tree,66.0,66.0,10.5,66.0,22.0,10.5,False
Dexcom GL,49,049_2025-05-19T07:06:00,360/tree,66.0,22.0,42.0,66.0,22.0,10.5,False
Dexcom GL,2,002_2019-11-21T09:55:00,720/rbf0.1,66.0,22.0,10.5,66.0,22.0,10.5,True
Dexcom GL,2,002_2019-11-24T08:09:00,720/rbf0.1,24.0,22.0,10.5,66.0,66.0,10.5,False
Dexcom GL,2,002_2019-11-22T08:48:00,720/rbf0.1,66.0,66.0,10.5,66.0,66.0,10.5,True
Dexcom GL,2,002_2019-11-23T09:59:00,720/rbf0.1,66.0,22.0,42.0,66.0,22.0,42.0,True
Dexcom GL,4,004_2023-09-17T08:49:00,720/rbf0.1,66.0,22.0,10.5,66.0,22.0,42.0,False
Dexcom GL,4,004_2023-09-20T09:30:00,720/rbf0.1,24.0,22.0,10.5,24.0,22.0,10.5,True
Dexcom GL,4,004_2023-09-18T08:57:00,720/rbf0.1,66.0,66.0,10.5,66.0,22.0,10.5,False
Dexcom GL,4,004_2023-09-19T09:33:00,720/rbf0.1,66.0,22.0,42.0,66.0,22.0,10.5,False
Dexcom GL,5,005_2020-08-23T10:48:00,720/rbf0.1,66.0,22.0,10.5,66.0,22.0,42.0,False
Dexcom GL,5,005_2020-08-26T08:19:00,720/rbf0.1,24.0,22.0,10.5,66.0,22.0,10.5,False
Dexcom GL,5,005_2020-08-24T08:04:00,720/rbf0.1,66.0,66.0,10.5,66.0,22.0,42.0,False
Dexcom GL,5,005_2020-08-25T08:13:00,720/rbf0.1,66.0,22.0,42.0,66.0,22.0,42.0,True
Dexcom GL,6,006_2023-04-13T10:05:00,720/rbf0.1,66.0,22.0,10.5,66.0,22.0,10.5,True
Dexcom GL,6,006_2023-04-16T07:16:00,720/rbf0.1,24.0,22.0,10.5,24.0,22.0,10.5,True
Dexcom GL,6,006_2023-04-14T09:08:00,720/rbf0.1,66.0,66.0,10.5,66.0,66.0,10.5,True
Dexcom GL,6,006_2023-04-15T08:45:00,720/rbf0.1,66.0,22.0,42.0,66.0,22.0,42.0,True
Dexcom GL,8,008_2023-02-05T09:57:00,720/rbf0.1,66.0,22.0,10.5,66.0,22.0,42.0,False
Dexcom GL,8,008_2023-02-08T08:01:00,720/rbf0.1,24.0,22.0,10.5,24.0,22.0,10.5,True
Dexcom GL,8,008_2023-02-06T08:13:00,720/rbf0.1,66.0,66.0,10.5,66.0,22.0,42.0,False
Dexcom GL,8,008_2023-02-07T08:07:00,720/rbf0.1,66.0,22.0,42.0,66.0,22.0,42.0,True
Dexcom GL,9,009_2020-09-21T08:39:00,720/rbf0.1,66.0,22.0,10.5,66.0,22.0,42.0,False
Dexcom GL,9,009_2020-09-24T07:51:00,720/rbf0.1,24.0,22.0,10.5,66.0,66.0,10.5,False
Dexcom GL,9,009_2020-09-22T07:37:00,720/rbf0.1,66.0,66.0,10.5,66.0,66.0,10.5,True
Dexcom GL,9,009_2020-09-23T07:29:00,720/rbf0.1,66.0,22.0,42.0,66.0,22.0,42.0,True
Dexcom GL,10,010_2020-06-27T05:25:00,720/rbf0.1,66.0,22.0,10.5,66.0,66.0,10.5,False
Dexcom GL,10,010_2020-06-30T07:27:00,720/rbf0.1,24.0,22.0,10.5,24.0,22.0,10.5,True
Dexcom GL,10,010_2020-06-28T05:16:00,720/rbf0.1,66.0,66.0,10.5,66.0,22.0,42.0,False
Dexcom GL,10,010_2020-06-29T06:06:00,720/rbf0.1,66.0,22.0,42.0,66.0,22.0,42.0,True
Dexcom GL,14,014_2023-05-15T07:29:00,720/rbf0.1,66.0,22.0,10.5,66.0,22.0,42.0,False
Dexcom GL,14,014_2023-05-18T08:15:00,720/rbf0.1,24.0,22.0,10.5,66.0,66.0,10.5,False
Dexcom GL,14,014_2023-05-16T07:28:00,720/rbf0.1,66.0,66.0,10.5,24.0,22.0,10.5,False
Dexcom GL,14,014_2023-05-17T08:34:00,720/rbf0.1,66.0,22.0,42.0,66.0,22.0,42.0,True
Dexcom GL,17,017_2023-10-16T09:41:00,720/rbf0.1,66.0,22.0,10.5,66.0,22.0,42.0,False
Dexcom GL,17,017_2023-10-19T08:30:00,720/rbf0.1,24.0,22.0,10.5,24.0,22.0,10.5,True
Dexcom GL,17,017_2023-10-17T11:12:00,720/rbf0.1,66.0,66.0,10.5,66.0,22.0,42.0,False
Dexcom GL,17,017_2023-10-18T11:43:00,720/rbf0.1,66.0,22.0,42.0,66.0,22.0,42.0,True
Dexcom GL,27,027_2024-06-16T10:15:00,720/rbf0.1,66.0,22.0,10.5,24.0,22.0,10.5,False
Dexcom GL,27,027_2024-06-19T10:11:00,720/rbf0.1,24.0,22.0,10.5,66.0,66.0,10.5,False
Dexcom GL,27,027_2024-06-17T08:15:00,720/rbf0.1,66.0,66.0,10.5,24.0,22.0,10.5,False
Dexcom GL,27,027_2024-06-18T09:20:00,720/rbf0.1,66.0,22.0,42.0,66.0,22.0,10.5,False
Dexcom GL,31,031_2022-07-05T07:45:00,720/rbf0.1,66.0,22.0,10.5,24.0,22.0,10.5,False
Dexcom GL,31,031_2022-07-08T07:18:00,720/rbf0.1,24.0,22.0,10.5,24.0,22.0,10.5,True
Dexcom GL,31,031_2022-07-06T07:56:00,720/rbf0.1,66.0,66.0,10.5,66.0,22.0,10.5,False
Dexcom GL,31,031_2022-07-07T07:04:00,720/rbf0.1,66.0,22.0,42.0,66.0,22.0,42.0,True
Dexcom GL,32,032_2022-01-07T07:01:00,720/rbf0.1,66.0,22.0,10.5,66.0,66.0,10.5,False
Dexcom GL,32,032_2022-01-10T05:10:00,720/rbf0.1,24.0,22.0,10.5,66.0,66.0,10.5,False
Dexcom GL,32,032_2022-01-08T06:37:00,720/rbf0.1,66.0,66.0,10.5,24.0,22.0,10.5,False
Dexcom GL,32,032_2022-01-09T05:32:00,720/rbf0.1,66.0,22.0,42.0,66.0,66.0,10.5,False
Dexcom GL,34,034_2022-03-08T06:16:00,720/rbf0.1,66.0,22.0,10.5,66.0,66.0,10.5,False
Dexcom GL,34,034_2022-03-11T07:24:00,720/rbf0.1,24.0,22.0,10.5,24.0,22.0,10.5,True
Dexcom GL,34,034_2022-03-09T07:18:00,720/rbf0.1,66.0,66.0,10.5,24.0,22.0,10.5,False
Dexcom GL,34,034_2022-03-10T07:12:00,720/rbf0.1,66.0,22.0,42.0,24.0,22.0,10.5,False
Dexcom GL,35,035_2024-12-18T07:10:00,720/rbf0.1,66.0,22.0,10.5,66.0,66.0,10.5,False
Dexcom GL,35,035_2024-12-21T06:53:00,720/rbf0.1,24.0,22.0,10.5,66.0,66.0,10.5,False
Dexcom GL,35,035_2024-12-19T06:25:00,720/rbf0.1,66.0,66.0,10.5,66.0,66.0,10.5,True
Dexcom GL,35,035_2024-12-20T06:39:00,720/rbf0.1,66.0,22.0,42.0,66.0,22.0,10.5,False
Dexcom GL,36,036_2022-04-04T08:18:00,720/rbf0.1,66.0,22.0,10.5,66.0,22.0,42.0,False
Dexcom GL,36,036_2022-04-07T07:54:00,720/rbf0.1,24.0,22.0,10.5,66.0,22.0,42.0,False
Dexcom GL,36,036_2022-04-05T08:14:00,720/rbf0.1,66.0,66.0,10.5,66.0,22.0,42.0,False
Dexcom GL,36,036_2022-04-06T08:01:00,720/rbf0.1,66.0,22.0,42.0,66.0,22.0,10.5,False
Dexcom GL,38,038_2022-01-31T07:03:00,720/rbf0.1,66.0,22.0,10.5,66.0,22.0,10.5,True
Dexcom GL,38,038_2022-02-03T07:17:00,720/rbf0.1,24.0,22.0,10.5,24.0,22.0,10.5,True
Dexcom GL,38,038_2022-02-01T07:18:00,720/rbf0.1,66.0,66.0,10.5,24.0,22.0,10.5,False
Dexcom GL,38,038_2022-02-02T07:02:00,720/rbf0.1,66.0,22.0,42.0,24.0,22.0,10.5,False
Dexcom GL,41,041_2022-05-02T08:19:00,720/rbf0.1,66.0,22.0,10.5,66.0,22.0,42.0,False
Dexcom GL,41,041_2022-05-05T07:59:00,720/rbf0.1,24.0,22.0,10.5,66.0,66.0,10.5,False
Dexcom GL,41,041_2022-05-03T07:44:00,720/rbf0.1,66.0,66.0,10.5,66.0,22.0,10.5,False
Dexcom GL,41,041_2022-05-04T07:58:00,720/rbf0.1,66.0,22.0,42.0,66.0,22.0,42.0,True
Dexcom GL,42,042_2025-07-31T08:40:00,720/rbf0.1,66.0,22.0,10.5,66.0,66.0,10.5,False
Dexcom GL,42,042_2025-08-03T10:28:00,720/rbf0.1,24.0,22.0,10.5,66.0,66.0,10.5,False
Dexcom GL,42,042_2025-08-01T07:50:00,720/rbf0.1,66.0,66.0,10.5,66.0,22.0,10.5,False
Dexcom GL,42,042_2025-08-02T08:15:00,720/rbf0.1,66.0,22.0,42.0,66.0,66.0,10.5,False
Dexcom GL,43,043_2025-10-20T08:00:00,720/rbf0.1,66.0,22.0,10.5,66.0,22.0,10.5,True
Dexcom GL,43,043_2025-10-23T08:08:00,720/rbf0.1,24.0,22.0,10.5,24.0,22.0,10.5,True
Dexcom GL,43,043_2025-10-21T07:51:00,720/rbf0.1,66.0,66.0,10.5,66.0,66.0,10.5,True
Dexcom GL,43,043_2025-10-22T08:03:00,720/rbf0.1,66.0,22.0,42.0,66.0,22.0,10.5,False
Dexcom GL,45,045_2025-03-31T08:56:00,720/rbf0.1,66.0,22.0,10.5,66.0,66.0,10.5,False
Dexcom GL,45,045_2025-04-03T08:46:00,720/rbf0.1,24.0,22.0,10.5,66.0,66.0,10.5,False
Dexcom GL,45,045_2025-04-01T09:05:00,720/rbf0.1,66.0,66.0,10.5,66.0,22.0,42.0,False
Dexcom GL,45,045_2025-04-02T09:40:00,720/rbf0.1,66.0,22.0,42.0,66.0,22.0,10.5,False
Dexcom GL,49,049_2025-05-17T07:11:00,720/rbf0.1,66.0,22.0,10.5,66.0,22.0,10.5,True
Dexcom GL,49,049_2025-05-20T07:06:00,720/rbf0.1,24.0,22.0,10.5,66.0,22.0,10.5,False
Dexcom GL,49,049_2025-05-18T08:59:00,720/rbf0.1,66.0,66.0,10.5,66.0,22.0,42.0,False
Dexcom GL,49,049_2025-05-19T07:06:00,720/rbf0.1,66.0,22.0,42.0,66.0,66.0,10.5,False
Dexcom GL,2,002_2019-11-21T09:55:00,720/rbf1,66.0,22.0,10.5,66.0,22.0,10.5,True
Dexcom GL,2,002_2019-11-24T08:09:00,720/rbf1,24.0,22.0,10.5,66.0,66.0,10.5,False
Dexcom GL,2,002_2019-11-22T08:48:00,720/rbf1,66.0,66.0,10.5,66.0,66.0,10.5,True
Dexcom GL,2,002_2019-11-23T09:59:00,720/rbf1,66.0,22.0,42.0,66.0,22.0,42.0,True
Dexcom GL,4,004_2023-09-17T08:49:00,720/rbf1,66.0,22.0,10.5,66.0,22.0,42.0,False
Dexcom GL,4,004_2023-09-20T09:30:00,720/rbf1,24.0,22.0,10.5,24.0,22.0,10.5,True
Dexcom GL,4,004_2023-09-18T08:57:00,720/rbf1,66.0,66.0,10.5,66.0,22.0,10.5,False
Dexcom GL,4,004_2023-09-19T09:33:00,720/rbf1,66.0,22.0,42.0,66.0,22.0,10.5,False
Dexcom GL,5,005_2020-08-23T10:48:00,720/rbf1,66.0,22.0,10.5,66.0,22.0,42.0,False
Dexcom GL,5,005_2020-08-26T08:19:00,720/rbf1,24.0,22.0,10.5,66.0,22.0,10.5,False
Dexcom GL,5,005_2020-08-24T08:04:00,720/rbf1,66.0,66.0,10.5,66.0,22.0,42.0,False
Dexcom GL,5,005_2020-08-25T08:13:00,720/rbf1,66.0,22.0,42.0,66.0,22.0,42.0,True
Dexcom GL,6,006_2023-04-13T10:05:00,720/rbf1,66.0,22.0,10.5,66.0,22.0,10.5,True
Dexcom GL,6,006_2023-04-16T07:16:00,720/rbf1,24.0,22.0,10.5,24.0,22.0,10.5,True
Dexcom GL,6,006_2023-04-14T09:08:00,720/rbf1,66.0,66.0,10.5,66.0,66.0,10.5,True
Dexcom GL,6,006_2023-04-15T08:45:00,720/rbf1,66.0,22.0,42.0,66.0,22.0,42.0,True
Dexcom GL,8,008_2023-02-05T09:57:00,720/rbf1,66.0,22.0,10.5,66.0,22.0,42.0,False
Dexcom GL,8,008_2023-02-08T08:01:00,720/rbf1,24.0,22.0,10.5,24.0,22.0,10.5,True
Dexcom GL,8,008_2023-02-06T08:13:00,720/rbf1,66.0,66.0,10.5,66.0,22.0,42.0,False
Dexcom GL,8,008_2023-02-07T08:07:00,720/rbf1,66.0,22.0,42.0,66.0,22.0,42.0,True
Dexcom GL,9,009_2020-09-21T08:39:00,720/rbf1,66.0,22.0,10.5,66.0,22.0,42.0,False
Dexcom GL,9,009_2020-09-24T07:51:00,720/rbf1,24.0,22.0,10.5,66.0,66.0,10.5,False
Dexcom GL,9,009_2020-09-22T07:37:00,720/rbf1,66.0,66.0,10.5,66.0,66.0,10.5,True
Dexcom GL,9,009_2020-09-23T07:29:00,720/rbf1,66.0,22.0,42.0,66.0,22.0,42.0,True
Dexcom GL,10,010_2020-06-27T05:25:00,720/rbf1,66.0,22.0,10.5,66.0,66.0,10.5,False
Dexcom GL,10,010_2020-06-30T07:27:00,720/rbf1,24.0,22.0,10.5,24.0,22.0,10.5,True
Dexcom GL,10,010_2020-06-28T05:16:00,720/rbf1,66.0,66.0,10.5,24.0,22.0,10.5,False
Dexcom GL,10,010_2020-06-29T06:06:00,720/rbf1,66.0,22.0,42.0,66.0,22.0,42.0,True
Dexcom GL,14,014_2023-05-15T07:29:00,720/rbf1,66.0,22.0,10.5,66.0,22.0,42.0,False
Dexcom GL,14,014_2023-05-18T08:15:00,720/rbf1,24.0,22.0,10.5,66.0,66.0,10.5,False
Dexcom GL,14,014_2023-05-16T07:28:00,720/rbf1,66.0,66.0,10.5,24.0,22.0,10.5,False
Dexcom GL,14,014_2023-05-17T08:34:00,720/rbf1,66.0,22.0,42.0,66.0,22.0,42.0,True
Dexcom GL,17,017_2023-10-16T09:41:00,720/rbf1,66.0,22.0,10.5,66.0,66.0,10.5,False
Dexcom GL,17,017_2023-10-19T08:30:00,720/rbf1,24.0,22.0,10.5,24.0,22.0,10.5,True
Dexcom GL,17,017_2023-10-17T11:12:00,720/rbf1,66.0,66.0,10.5,66.0,22.0,42.0,False
Dexcom GL,17,017_2023-10-18T11:43:00,720/rbf1,66.0,22.0,42.0,66.0,22.0,42.0,True
Dexcom GL,27,027_2024-06-16T10:15:00,720/rbf1,66.0,22.0,10.5,24.0,22.0,10.5,False
Dexcom GL,27,027_2024-06-19T10:11:00,720/rbf1,24.0,22.0,10.5,66.0,66.0,10.5,False
Dexcom GL,27,027_2024-06-17T08:15:00,720/rbf1,66.0,66.0,10.5,24.0,22.0,10.5,False
Dexcom GL,27,027_2024-06-18T09:20:00,720/rbf1,66.0,22.0,42.0,66.0,22.0,10.5,False
Dexcom GL,31,031_2022-07-05T07:45:00,720/rbf1,66.0,22.0,10.5,24.0,22.0,10.5,False
Dexcom GL,31,031_2022-07-08T07:18:00,720/rbf1,24.0,22.0,10.5,24.0,22.0,10.5,True
Dexcom GL,31,031_2022-07-06T07:56:00,720/rbf1,66.0,66.0,10.5,66.0,22.0,10.5,False
Dexcom GL,31,031_2022-07-07T07:04:00,720/rbf1,66.0,22.0,42.0,66.0,22.0,42.0,True
Dexcom GL,32,032_2022-01-07T07:01:00,720/rbf1,66.0,22.0,10.5,24.0,22.0,10.5,False
Dexcom GL,32,032_2022-01-10T05:10:00,720/rbf1,24.0,22.0,10.5,66.0,66.0,10.5,False
Dexcom GL,32,032_2022-01-08T06:37:00,720/rbf1,66.0,66.0,10.5,24.0,22.0,10.5,False
Dexcom GL,32,032_2022-01-09T05:32:00,720/rbf1,66.0,22.0,42.0,66.0,66.0,10.5,False
Dexcom GL,34,034_2022-03-08T06:16:00,720/rbf1,66.0,22.0,10.5,24.0,22.0,10.5,False
Dexcom GL,34,034_2022-03-11T07:24:00,720/rbf1,24.0,22.0,10.5,24.0,22.0,10.5,True
Dexcom GL,34,034_2022-03-09T07:18:00,720/rbf1,66.0,66.0,10.5,24.0,22.0,10.5,False
Dexcom GL,34,034_2022-03-10T07:12:00,720/rbf1,66.0,22.0,42.0,24.0,22.0,10.5,False
Dexcom GL,35,035_2024-12-18T07:10:00,720/rbf1,66.0,22.0,10.5,66.0,66.0,10.5,False
Dexcom GL,35,035_2024-12-21T06:53:00,720/rbf1,24.0,22.0,10.5,66.0,66.0,10.5,False
Dexcom GL,35,035_2024-12-19T06:25:00,720/rbf1,66.0,66.0,10.5,66.0,66.0,10.5,True
Dexcom GL,35,035_2024-12-20T06:39:00,720/rbf1,66.0,22.0,42.0,66.0,22.0,10.5,False
Dexcom GL,36,036_2022-04-04T08:18:00,720/rbf1,66.0,22.0,10.5,66.0,22.0,42.0,False
Dexcom GL,36,036_2022-04-07T07:54:00,720/rbf1,24.0,22.0,10.5,66.0,66.0,10.5,False
Dexcom GL,36,036_2022-04-05T08:14:00,720/rbf1,66.0,66.0,10.5,66.0,22.0,42.0,False
Dexcom GL,36,036_2022-04-06T08:01:00,720/rbf1,66.0,22.0,42.0,66.0,22.0,10.5,False
Dexcom GL,38,038_2022-01-31T07:03:00,720/rbf1,66.0,22.0,10.5,66.0,22.0,10.5,True
Dexcom GL,38,038_2022-02-03T07:17:00,720/rbf1,24.0,22.0,10.5,24.0,22.0,10.5,True
Dexcom GL,38,038_2022-02-01T07:18:00,720/rbf1,66.0,66.0,10.5,24.0,22.0,10.5,False
Dexcom GL,38,038_2022-02-02T07:02:00,720/rbf1,66.0,22.0,42.0,24.0,22.0,10.5,False
Dexcom GL,41,041_2022-05-02T08:19:00,720/rbf1,66.0,22.0,10.5,66.0,22.0,42.0,False
Dexcom GL,41,041_2022-05-05T07:59:00,720/rbf1,24.0,22.0,10.5,66.0,66.0,10.5,False
Dexcom GL,41,041_2022-05-03T07:44:00,720/rbf1,66.0,66.0,10.5,66.0,22.0,10.5,False
Dexcom GL,41,041_2022-05-04T07:58:00,720/rbf1,66.0,22.0,42.0,66.0,22.0,42.0,True
Dexcom GL,42,042_2025-07-31T08:40:00,720/rbf1,66.0,22.0,10.5,24.0,22.0,10.5,False
Dexcom GL,42,042_2025-08-03T10:28:00,720/rbf1,24.0,22.0,10.5,66.0,66.0,10.5,False
Dexcom GL,42,042_2025-08-01T07:50:00,720/rbf1,66.0,66.0,10.5,66.0,22.0,10.5,False
Dexcom GL,42,042_2025-08-02T08:15:00,720/rbf1,66.0,22.0,42.0,66.0,66.0,10.5,False
Dexcom GL,43,043_2025-10-20T08:00:00,720/rbf1,66.0,22.0,10.5,66.0,22.0,10.5,True
Dexcom GL,43,043_2025-10-23T08:08:00,720/rbf1,24.0,22.0,10.5,24.0,22.0,10.5,True
Dexcom GL,43,043_2025-10-21T07:51:00,720/rbf1,66.0,66.0,10.5,66.0,66.0,10.5,True
Dexcom GL,43,043_2025-10-22T08:03:00,720/rbf1,66.0,22.0,42.0,66.0,22.0,42.0,True
Dexcom GL,45,045_2025-03-31T08:56:00,720/rbf1,66.0,22.0,10.5,66.0,66.0,10.5,False
Dexcom GL,45,045_2025-04-03T08:46:00,720/rbf1,24.0,22.0,10.5,66.0,66.0,10.5,False
Dexcom GL,45,045_2025-04-01T09:05:00,720/rbf1,66.0,66.0,10.5,66.0,22.0,42.0,False
Dexcom GL,45,045_2025-04-02T09:40:00,720/rbf1,66.0,22.0,42.0,66.0,22.0,10.5,False
Dexcom GL,49,049_2025-05-17T07:11:00,720/rbf1,66.0,22.0,10.5,66.0,22.0,10.5,True
Dexcom GL,49,049_2025-05-20T07:06:00,720/rbf1,24.0,22.0,10.5,66.0,22.0,10.5,False
Dexcom GL,49,049_2025-05-18T08:59:00,720/rbf1,66.0,66.0,10.5,24.0,22.0,10.5,False
Dexcom GL,49,049_2025-05-19T07:06:00,720/rbf1,66.0,22.0,42.0,66.0,66.0,10.5,False
Dexcom GL,2,002_2019-11-21T09:55:00,720/rbf10,66.0,22.0,10.5,66.0,66.0,10.5,False
Dexcom GL,2,002_2019-11-24T08:09:00,720/rbf10,24.0,22.0,10.5,66.0,66.0,10.5,False
Dexcom GL,2,002_2019-11-22T08:48:00,720/rbf10,66.0,66.0,10.5,66.0,66.0,10.5,True
Dexcom GL,2,002_2019-11-23T09:59:00,720/rbf10,66.0,22.0,42.0,66.0,22.0,10.5,False
Dexcom GL,4,004_2023-09-17T08:49:00,720/rbf10,66.0,22.0,10.5,66.0,22.0,42.0,False
Dexcom GL,4,004_2023-09-20T09:30:00,720/rbf10,24.0,22.0,10.5,24.0,22.0,10.5,True
Dexcom GL,4,004_2023-09-18T08:57:00,720/rbf10,66.0,66.0,10.5,24.0,22.0,10.5,False
Dexcom GL,4,004_2023-09-19T09:33:00,720/rbf10,66.0,22.0,42.0,66.0,22.0,10.5,False
Dexcom GL,5,005_2020-08-23T10:48:00,720/rbf10,66.0,22.0,10.5,66.0,22.0,42.0,False
Dexcom GL,5,005_2020-08-26T08:19:00,720/rbf10,24.0,22.0,10.5,66.0,66.0,10.5,False
Dexcom GL,5,005_2020-08-24T08:04:00,720/rbf10,66.0,66.0,10.5,66.0,22.0,42.0,False
Dexcom GL,5,005_2020-08-25T08:13:00,720/rbf10,66.0,22.0,42.0,66.0,22.0,42.0,True
Dexcom GL,6,006_2023-04-13T10:05:00,720/rbf10,66.0,22.0,10.5,66.0,22.0,10.5,True
Dexcom GL,6,006_2023-04-16T07:16:00,720/rbf10,24.0,22.0,10.5,24.0,22.0,10.5,True
Dexcom GL,6,006_2023-04-14T09:08:00,720/rbf10,66.0,66.0,10.5,66.0,22.0,10.5,False
Dexcom GL,6,006_2023-04-15T08:45:00,720/rbf10,66.0,22.0,42.0,66.0,22.0,42.0,True
Dexcom GL,8,008_2023-02-05T09:57:00,720/rbf10,66.0,22.0,10.5,66.0,22.0,42.0,False
Dexcom GL,8,008_2023-02-08T08:01:00,720/rbf10,24.0,22.0,10.5,24.0,22.0,10.5,True
Dexcom GL,8,008_2023-02-06T08:13:00,720/rbf10,66.0,66.0,10.5,66.0,66.0,10.5,True
Dexcom GL,8,008_2023-02-07T08:07:00,720/rbf10,66.0,22.0,42.0,24.0,22.0,10.5,False
Dexcom GL,9,009_2020-09-21T08:39:00,720/rbf10,66.0,22.0,10.5,66.0,22.0,42.0,False
Dexcom GL,9,009_2020-09-24T07:51:00,720/rbf10,24.0,22.0,10.5,66.0,66.0,10.5,False
Dexcom GL,9,009_2020-09-22T07:37:00,720/rbf10,66.0,66.0,10.5,66.0,66.0,10.5,True
Dexcom GL,9,009_2020-09-23T07:29:00,720/rbf10,66.0,22.0,42.0,66.0,22.0,42.0,True
Dexcom GL,10,010_2020-06-27T05:25:00,720/rbf10,66.0,22.0,10.5,66.0,66.0,10.5,False
Dexcom GL,10,010_2020-06-30T07:27:00,720/rbf10,24.0,22.0,10.5,66.0,22.0,10.5,False
Dexcom GL,10,010_2020-06-28T05:16:00,720/rbf10,66.0,66.0,10.5,66.0,22.0,42.0,False
Dexcom GL,10,010_2020-06-29T06:06:00,720/rbf10,66.0,22.0,42.0,66.0,22.0,42.0,True
Dexcom GL,14,014_2023-05-15T07:29:00,720/rbf10,66.0,22.0,10.5,66.0,22.0,42.0,False
Dexcom GL,14,014_2023-05-18T08:15:00,720/rbf10,24.0,22.0,10.5,66.0,66.0,10.5,False
Dexcom GL,14,014_2023-05-16T07:28:00,720/rbf10,66.0,66.0,10.5,24.0,22.0,10.5,False
Dexcom GL,14,014_2023-05-17T08:34:00,720/rbf10,66.0,22.0,42.0,66.0,66.0,10.5,False
Dexcom GL,17,017_2023-10-16T09:41:00,720/rbf10,66.0,22.0,10.5,24.0,22.0,10.5,False
Dexcom GL,17,017_2023-10-19T08:30:00,720/rbf10,24.0,22.0,10.5,24.0,22.0,10.5,True
Dexcom GL,17,017_2023-10-17T11:12:00,720/rbf10,66.0,66.0,10.5,66.0,22.0,42.0,False
Dexcom GL,17,017_2023-10-18T11:43:00,720/rbf10,66.0,22.0,42.0,66.0,22.0,42.0,True
Dexcom GL,27,027_2024-06-16T10:15:00,720/rbf10,66.0,22.0,10.5,24.0,22.0,10.5,False
Dexcom GL,27,027_2024-06-19T10:11:00,720/rbf10,24.0,22.0,10.5,66.0,66.0,10.5,False
Dexcom GL,27,027_2024-06-17T08:15:00,720/rbf10,66.0,66.0,10.5,24.0,22.0,10.5,False
Dexcom GL,27,027_2024-06-18T09:20:00,720/rbf10,66.0,22.0,42.0,66.0,22.0,10.5,False
Dexcom GL,31,031_2022-07-05T07:45:00,720/rbf10,66.0,22.0,10.5,24.0,22.0,10.5,False
Dexcom GL,31,031_2022-07-08T07:18:00,720/rbf10,24.0,22.0,10.5,24.0,22.0,10.5,True
Dexcom GL,31,031_2022-07-06T07:56:00,720/rbf10,66.0,66.0,10.5,66.0,22.0,10.5,False
Dexcom GL,31,031_2022-07-07T07:04:00,720/rbf10,66.0,22.0,42.0,66.0,22.0,42.0,True
Dexcom GL,32,032_2022-01-07T07:01:00,720/rbf10,66.0,22.0,10.5,66.0,22.0,10.5,True
Dexcom GL,32,032_2022-01-10T05:10:00,720/rbf10,24.0,22.0,10.5,66.0,22.0,10.5,False
Dexcom GL,32,032_2022-01-08T06:37:00,720/rbf10,66.0,66.0,10.5,66.0,22.0,10.5,False
Dexcom GL,32,032_2022-01-09T05:32:00,720/rbf10,66.0,22.0,42.0,66.0,66.0,10.5,False
Dexcom GL,34,034_2022-03-08T06:16:00,720/rbf10,66.0,22.0,10.5,24.0,22.0,10.5,False
Dexcom GL,34,034_2022-03-11T07:24:00,720/rbf10,24.0,22.0,10.5,24.0,22.0,10.5,True
Dexcom GL,34,034_2022-03-09T07:18:00,720/rbf10,66.0,66.0,10.5,66.0,66.0,10.5,True
Dexcom GL,34,034_2022-03-10T07:12:00,720/rbf10,66.0,22.0,42.0,24.0,22.0,10.5,False
Dexcom GL,35,035_2024-12-18T07:10:00,720/rbf10,66.0,22.0,10.5,66.0,66.0,10.5,False
Dexcom GL,35,035_2024-12-21T06:53:00,720/rbf10,24.0,22.0,10.5,66.0,66.0,10.5,False
Dexcom GL,35,035_2024-12-19T06:25:00,720/rbf10,66.0,66.0,10.5,24.0,22.0,10.5,False
Dexcom GL,35,035_2024-12-20T06:39:00,720/rbf10,66.0,22.0,42.0,66.0,22.0,10.5,False
Dexcom GL,36,036_2022-04-04T08:18:00,720/rbf10,66.0,22.0,10.5,66.0,22.0,42.0,False
Dexcom GL,36,036_2022-04-07T07:54:00,720/rbf10,24.0,22.0,10.5,66.0,66.0,10.5,False
Dexcom GL,36,036_2022-04-05T08:14:00,720/rbf10,66.0,66.0,10.5,66.0,22.0,42.0,False
Dexcom GL,36,036_2022-04-06T08:01:00,720/rbf10,66.0,22.0,42.0,66.0,22.0,10.5,False
Dexcom GL,38,038_2022-01-31T07:03:00,720/rbf10,66.0,22.0,10.5,66.0,22.0,10.5,True
Dexcom GL,38,038_2022-02-03T07:17:00,720/rbf10,24.0,22.0,10.5,24.0,22.0,10.5,True
Dexcom GL,38,038_2022-02-01T07:18:00,720/rbf10,66.0,66.0,10.5,24.0,22.0,10.5,False
Dexcom GL,38,038_2022-02-02T07:02:00,720/rbf10,66.0,22.0,42.0,24.0,22.0,10.5,False
Dexcom GL,41,041_2022-05-02T08:19:00,720/rbf10,66.0,22.0,10.5,66.0,22.0,42.0,False
Dexcom GL,41,041_2022-05-05T07:59:00,720/rbf10,24.0,22.0,10.5,24.0,22.0,10.5,True
Dexcom GL,41,041_2022-05-03T07:44:00,720/rbf10,66.0,66.0,10.5,66.0,66.0,10.5,True
Dexcom GL,41,041_2022-05-04T07:58:00,720/rbf10,66.0,22.0,42.0,66.0,22.0,42.0,True
Dexcom GL,42,042_2025-07-31T08:40:00,720/rbf10,66.0,22.0,10.5,24.0,22.0,10.5,False
Dexcom GL,42,042_2025-08-03T10:28:00,720/rbf10,24.0,22.0,10.5,24.0,22.0,10.5,True
Dexcom GL,42,042_2025-08-01T07:50:00,720/rbf10,66.0,66.0,10.5,66.0,22.0,10.5,False
Dexcom GL,42,042_2025-08-02T08:15:00,720/rbf10,66.0,22.0,42.0,24.0,22.0,10.5,False
Dexcom GL,43,043_2025-10-20T08:00:00,720/rbf10,66.0,22.0,10.5,24.0,22.0,10.5,False
Dexcom GL,43,043_2025-10-23T08:08:00,720/rbf10,24.0,22.0,10.5,24.0,22.0,10.5,True
Dexcom GL,43,043_2025-10-21T07:51:00,720/rbf10,66.0,66.0,10.5,66.0,66.0,10.5,True
Dexcom GL,43,043_2025-10-22T08:03:00,720/rbf10,66.0,22.0,42.0,66.0,22.0,42.0,True
Dexcom GL,45,045_2025-03-31T08:56:00,720/rbf10,66.0,22.0,10.5,66.0,66.0,10.5,False
Dexcom GL,45,045_2025-04-03T08:46:00,720/rbf10,24.0,22.0,10.5,66.0,66.0,10.5,False
Dexcom GL,45,045_2025-04-01T09:05:00,720/rbf10,66.0,66.0,10.5,66.0,22.0,10.5,False
Dexcom GL,45,045_2025-04-02T09:40:00,720/rbf10,66.0,22.0,42.0,66.0,22.0,10.5,False
Dexcom GL,49,049_2025-05-17T07:11:00,720/rbf10,66.0,22.0,10.5,66.0,22.0,10.5,True
Dexcom GL,49,049_2025-05-20T07:06:00,720/rbf10,24.0,22.0,10.5,66.0,22.0,10.5,False
Dexcom GL,49,049_2025-05-18T08:59:00,720/rbf10,66.0,66.0,10.5,24.0,22.0,10.5,False
Dexcom GL,49,049_2025-05-19T07:06:00,720/rbf10,66.0,22.0,42.0,66.0,66.0,10.5,False
Dexcom GL,2,002_2019-11-21T09:55:00,720/lda,66.0,22.0,10.5,66.0,22.0,42.0,False
Dexcom GL,2,002_2019-11-24T08:09:00,720/lda,24.0,22.0,10.5,66.0,66.0,10.5,False
Dexcom GL,2,002_2019-11-22T08:48:00,720/lda,66.0,66.0,10.5,66.0,66.0,10.5,True
Dexcom GL,2,002_2019-11-23T09:59:00,720/lda,66.0,22.0,42.0,66.0,22.0,10.5,False
Dexcom GL,4,004_2023-09-17T08:49:00,720/lda,66.0,22.0,10.5,66.0,22.0,42.0,False
Dexcom GL,4,004_2023-09-20T09:30:00,720/lda,24.0,22.0,10.5,24.0,22.0,10.5,True
Dexcom GL,4,004_2023-09-18T08:57:00,720/lda,66.0,66.0,10.5,24.0,22.0,10.5,False
Dexcom GL,4,004_2023-09-19T09:33:00,720/lda,66.0,22.0,42.0,66.0,22.0,10.5,False
Dexcom GL,5,005_2020-08-23T10:48:00,720/lda,66.0,22.0,10.5,66.0,22.0,42.0,False
Dexcom GL,5,005_2020-08-26T08:19:00,720/lda,24.0,22.0,10.5,66.0,66.0,10.5,False
Dexcom GL,5,005_2020-08-24T08:04:00,720/lda,66.0,66.0,10.5,66.0,22.0,42.0,False
Dexcom GL,5,005_2020-08-25T08:13:00,720/lda,66.0,22.0,42.0,66.0,22.0,42.0,True
Dexcom GL,6,006_2023-04-13T10:05:00,720/lda,66.0,22.0,10.5,66.0,22.0,10.5,True
Dexcom GL,6,006_2023-04-16T07:16:00,720/lda,24.0,22.0,10.5,24.0,22.0,10.5,True
Dexcom GL,6,006_2023-04-14T09:08:00,720/lda,66.0,66.0,10.5,66.0,22.0,42.0,False
Dexcom GL,6,006_2023-04-15T08:45:00,720/lda,66.0,22.0,42.0,66.0,22.0,42.0,True
Dexcom GL,8,008_2023-02-05T09:57:00,720/lda,66.0,22.0,10.5,66.0,22.0,10.5,True
Dexcom GL,8,008_2023-02-08T08:01:00,720/lda,24.0,22.0,10.5,24.0,22.0,10.5,True
Dexcom GL,8,008_2023-02-06T08:13:00,720/lda,66.0,66.0,10.5,66.0,66.0,10.5,True
Dexcom GL,8,008_2023-02-07T08:07:00,720/lda,66.0,22.0,42.0,24.0,22.0,10.5,False
Dexcom GL,9,009_2020-09-21T08:39:00,720/lda,66.0,22.0,10.5,66.0,22.0,42.0,False
Dexcom GL,9,009_2020-09-24T07:51:00,720/lda,24.0,22.0,10.5,24.0,22.0,10.5,True
Dexcom GL,9,009_2020-09-22T07:37:00,720/lda,66.0,66.0,10.5,66.0,22.0,42.0,False
Dexcom GL,9,009_2020-09-23T07:29:00,720/lda,66.0,22.0,42.0,66.0,22.0,42.0,True
Dexcom GL,10,010_2020-06-27T05:25:00,720/lda,66.0,22.0,10.5,66.0,66.0,10.5,False
Dexcom GL,10,010_2020-06-30T07:27:00,720/lda,24.0,22.0,10.5,66.0,22.0,10.5,False
Dexcom GL,10,010_2020-06-28T05:16:00,720/lda,66.0,66.0,10.5,66.0,22.0,42.0,False
Dexcom GL,10,010_2020-06-29T06:06:00,720/lda,66.0,22.0,42.0,66.0,66.0,10.5,False
Dexcom GL,14,014_2023-05-15T07:29:00,720/lda,66.0,22.0,10.5,66.0,22.0,42.0,False
Dexcom GL,14,014_2023-05-18T08:15:00,720/lda,24.0,22.0,10.5,66.0,66.0,10.5,False
Dexcom GL,14,014_2023-05-16T07:28:00,720/lda,66.0,66.0,10.5,66.0,66.0,10.5,True
Dexcom GL,14,014_2023-05-17T08:34:00,720/lda,66.0,22.0,42.0,66.0,66.0,10.5,False
Dexcom GL,17,017_2023-10-16T09:41:00,720/lda,66.0,22.0,10.5,24.0,22.0,10.5,False
Dexcom GL,17,017_2023-10-19T08:30:00,720/lda,24.0,22.0,10.5,24.0,22.0,10.5,True
Dexcom GL,17,017_2023-10-17T11:12:00,720/lda,66.0,66.0,10.5,24.0,22.0,10.5,False
Dexcom GL,17,017_2023-10-18T11:43:00,720/lda,66.0,22.0,42.0,66.0,22.0,10.5,False
Dexcom GL,27,027_2024-06-16T10:15:00,720/lda,66.0,22.0,10.5,24.0,22.0,10.5,False
Dexcom GL,27,027_2024-06-19T10:11:00,720/lda,24.0,22.0,10.5,66.0,22.0,42.0,False
Dexcom GL,27,027_2024-06-17T08:15:00,720/lda,66.0,66.0,10.5,24.0,22.0,10.5,False
Dexcom GL,27,027_2024-06-18T09:20:00,720/lda,66.0,22.0,42.0,66.0,22.0,10.5,False
Dexcom GL,31,031_2022-07-05T07:45:00,720/lda,66.0,22.0,10.5,24.0,22.0,10.5,False
Dexcom GL,31,031_2022-07-08T07:18:00,720/lda,24.0,22.0,10.5,24.0,22.0,10.5,True
Dexcom GL,31,031_2022-07-06T07:56:00,720/lda,66.0,66.0,10.5,66.0,22.0,10.5,False
Dexcom GL,31,031_2022-07-07T07:04:00,720/lda,66.0,22.0,42.0,66.0,66.0,10.5,False
Dexcom GL,32,032_2022-01-07T07:01:00,720/lda,66.0,22.0,10.5,24.0,22.0,10.5,False
Dexcom GL,32,032_2022-01-10T05:10:00,720/lda,24.0,22.0,10.5,24.0,22.0,10.5,True
Dexcom GL,32,032_2022-01-08T06:37:00,720/lda,66.0,66.0,10.5,24.0,22.0,10.5,False
Dexcom GL,32,032_2022-01-09T05:32:00,720/lda,66.0,22.0,42.0,66.0,66.0,10.5,False
Dexcom GL,34,034_2022-03-08T06:16:00,720/lda,66.0,22.0,10.5,24.0,22.0,10.5,False
Dexcom GL,34,034_2022-03-11T07:24:00,720/lda,24.0,22.0,10.5,24.0,22.0,10.5,True
Dexcom GL,34,034_2022-03-09T07:18:00,720/lda,66.0,66.0,10.5,66.0,66.0,10.5,True
Dexcom GL,34,034_2022-03-10T07:12:00,720/lda,66.0,22.0,42.0,24.0,22.0,10.5,False
Dexcom GL,35,035_2024-12-18T07:10:00,720/lda,66.0,22.0,10.5,66.0,66.0,10.5,False
Dexcom GL,35,035_2024-12-21T06:53:00,720/lda,24.0,22.0,10.5,66.0,66.0,10.5,False
Dexcom GL,35,035_2024-12-19T06:25:00,720/lda,66.0,66.0,10.5,66.0,66.0,10.5,True
Dexcom GL,35,035_2024-12-20T06:39:00,720/lda,66.0,22.0,42.0,66.0,22.0,10.5,False
Dexcom GL,36,036_2022-04-04T08:18:00,720/lda,66.0,22.0,10.5,66.0,22.0,42.0,False
Dexcom GL,36,036_2022-04-07T07:54:00,720/lda,24.0,22.0,10.5,66.0,22.0,42.0,False
Dexcom GL,36,036_2022-04-05T08:14:00,720/lda,66.0,66.0,10.5,66.0,22.0,42.0,False
Dexcom GL,36,036_2022-04-06T08:01:00,720/lda,66.0,22.0,42.0,66.0,22.0,42.0,True
Dexcom GL,38,038_2022-01-31T07:03:00,720/lda,66.0,22.0,10.5,24.0,22.0,10.5,False
Dexcom GL,38,038_2022-02-03T07:17:00,720/lda,24.0,22.0,10.5,24.0,22.0,10.5,True
Dexcom GL,38,038_2022-02-01T07:18:00,720/lda,66.0,66.0,10.5,24.0,22.0,10.5,False
Dexcom GL,38,038_2022-02-02T07:02:00,720/lda,66.0,22.0,42.0,24.0,22.0,10.5,False
Dexcom GL,41,041_2022-05-02T08:19:00,720/lda,66.0,22.0,10.5,66.0,22.0,42.0,False
Dexcom GL,41,041_2022-05-05T07:59:00,720/lda,24.0,22.0,10.5,24.0,22.0,10.5,True
Dexcom GL,41,041_2022-05-03T07:44:00,720/lda,66.0,66.0,10.5,66.0,66.0,10.5,True
Dexcom GL,41,041_2022-05-04T07:58:00,720/lda,66.0,22.0,42.0,66.0,22.0,42.0,True
Dexcom GL,42,042_2025-07-31T08:40:00,720/lda,66.0,22.0,10.5,24.0,22.0,10.5,False
Dexcom GL,42,042_2025-08-03T10:28:00,720/lda,24.0,22.0,10.5,66.0,66.0,10.5,False
Dexcom GL,42,042_2025-08-01T07:50:00,720/lda,66.0,66.0,10.5,66.0,22.0,10.5,False
Dexcom GL,42,042_2025-08-02T08:15:00,720/lda,66.0,22.0,42.0,24.0,22.0,10.5,False
Dexcom GL,43,043_2025-10-20T08:00:00,720/lda,66.0,22.0,10.5,66.0,22.0,10.5,True
Dexcom GL,43,043_2025-10-23T08:08:00,720/lda,24.0,22.0,10.5,24.0,22.0,10.5,True
Dexcom GL,43,043_2025-10-21T07:51:00,720/lda,66.0,66.0,10.5,66.0,66.0,10.5,True
Dexcom GL,43,043_2025-10-22T08:03:00,720/lda,66.0,22.0,42.0,66.0,22.0,42.0,True
Dexcom GL,45,045_2025-03-31T08:56:00,720/lda,66.0,22.0,10.5,66.0,66.0,10.5,False
Dexcom GL,45,045_2025-04-03T08:46:00,720/lda,24.0,22.0,10.5,66.0,22.0,10.5,False
Dexcom GL,45,045_2025-04-01T09:05:00,720/lda,66.0,66.0,10.5,66.0,22.0,42.0,False
Dexcom GL,45,045_2025-04-02T09:40:00,720/lda,66.0,22.0,42.0,66.0,66.0,10.5,False
Dexcom GL,49,049_2025-05-17T07:11:00,720/lda,66.0,22.0,10.5,66.0,22.0,10.5,True
Dexcom GL,49,049_2025-05-20T07:06:00,720/lda,24.0,22.0,10.5,66.0,22.0,10.5,False
Dexcom GL,49,049_2025-05-18T08:59:00,720/lda,66.0,66.0,10.5,66.0,22.0,42.0,False
Dexcom GL,49,049_2025-05-19T07:06:00,720/lda,66.0,22.0,42.0,66.0,22.0,10.5,False
Dexcom GL,2,002_2019-11-21T09:55:00,720/tree,66.0,22.0,10.5,66.0,22.0,10.5,True
Dexcom GL,2,002_2019-11-24T08:09:00,720/tree,24.0,22.0,10.5,66.0,22.0,10.5,False
Dexcom GL,2,002_2019-11-22T08:48:00,720/tree,66.0,66.0,10.5,66.0,66.0,10.5,True
Dexcom GL,2,002_2019-11-23T09:59:00,720/tree,66.0,22.0,42.0,66.0,22.0,10.5,False
Dexcom GL,4,004_2023-09-17T08:49:00,720/tree,66.0,22.0,10.5,66.0,22.0,10.5,True
Dexcom GL,4,004_2023-09-20T09:30:00,720/tree,24.0,22.0,10.5,24.0,22.0,10.5,True
Dexcom GL,4,004_2023-09-18T08:57:00,720/tree,66.0,66.0,10.5,66.0,22.0,10.5,False
Dexcom GL,4,004_2023-09-19T09:33:00,720/tree,66.0,22.0,42.0,66.0,22.0,10.5,False
Dexcom GL,5,005_2020-08-23T10:48:00,720/tree,66.0,22.0,10.5,66.0,66.0,10.5,False
Dexcom GL,5,005_2020-08-26T08:19:00,720/tree,24.0,22.0,10.5,66.0,22.0,42.0,False
Dexcom GL,5,005_2020-08-24T08:04:00,720/tree,66.0,66.0,10.5,66.0,22.0,42.0,False
Dexcom GL,5,005_2020-08-25T08:13:00,720/tree,66.0,22.0,42.0,66.0,22.0,42.0,True
Dexcom GL,6,006_2023-04-13T10:05:00,720/tree,66.0,22.0,10.5,66.0,22.0,10.5,True
Dexcom GL,6,006_2023-04-16T07:16:00,720/tree,24.0,22.0,10.5,24.0,22.0,10.5,True
Dexcom GL,6,006_2023-04-14T09:08:00,720/tree,66.0,66.0,10.5,66.0,66.0,10.5,True
Dexcom GL,6,006_2023-04-15T08:45:00,720/tree,66.0,22.0,42.0,66.0,22.0,42.0,True
Dexcom GL,8,008_2023-02-05T09:57:00,720/tree,66.0,22.0,10.5,66.0,22.0,10.5,True
Dexcom GL,8,008_2023-02-08T08:01:00,720/tree,24.0,22.0,10.5,24.0,22.0,10.5,True
Dexcom GL,8,008_2023-02-06T08:13:00,720/tree,66.0,66.0,10.5,66.0,22.0,42.0,False
Dexcom GL,8,008_2023-02-07T08:07:00,720/tree,66.0,22.0,42.0,24.0,22.0,10.5,False
Dexcom GL,9,009_2020-09-21T08:39:00,720/tree,66.0,22.0,10.5,66.0,22.0,42.0,False
Dexcom GL,9,009_2020-09-24T07:51:00,720/tree,24.0,22.0,10.5,24.0,22.0,10.5,True
Dexcom GL,9,009_2020-09-22T07:37:00,720/tree,66.0,66.0,10.5,66.0,22.0,42.0,False
Dexcom GL,9,009_2020-09-23T07:29:00,720/tree,66.0,22.0,42.0,66.0,22.0,42.0,True
Dexcom GL,10,010_2020-06-27T05:25:00,720/tree,66.0,22.0,10.5,66.0,66.0,10.5,False
Dexcom GL,10,010_2020-06-30T07:27:00,720/tree,24.0,22.0,10.5,24.0,22.0,10.5,True
Dexcom GL,10,010_2020-06-28T05:16:00,720/tree,66.0,66.0,10.5,66.0,22.0,42.0,False
Dexcom GL,10,010_2020-06-29T06:06:00,720/tree,66.0,22.0,42.0,66.0,22.0,42.0,True
Dexcom GL,14,014_2023-05-15T07:29:00,720/tree,66.0,22.0,10.5,66.0,22.0,42.0,False
Dexcom GL,14,014_2023-05-18T08:15:00,720/tree,24.0,22.0,10.5,66.0,66.0,10.5,False
Dexcom GL,14,014_2023-05-16T07:28:00,720/tree,66.0,66.0,10.5,24.0,22.0,10.5,False
Dexcom GL,14,014_2023-05-17T08:34:00,720/tree,66.0,22.0,42.0,66.0,66.0,10.5,False
Dexcom GL,17,017_2023-10-16T09:41:00,720/tree,66.0,22.0,10.5,24.0,22.0,10.5,False
Dexcom GL,17,017_2023-10-19T08:30:00,720/tree,24.0,22.0,10.5,24.0,22.0,10.5,True
Dexcom GL,17,017_2023-10-17T11:12:00,720/tree,66.0,66.0,10.5,66.0,66.0,10.5,True
Dexcom GL,17,017_2023-10-18T11:43:00,720/tree,66.0,22.0,42.0,66.0,22.0,42.0,True
Dexcom GL,27,027_2024-06-16T10:15:00,720/tree,66.0,22.0,10.5,24.0,22.0,10.5,False
Dexcom GL,27,027_2024-06-19T10:11:00,720/tree,24.0,22.0,10.5,66.0,66.0,10.5,False
Dexcom GL,27,027_2024-06-17T08:15:00,720/tree,66.0,66.0,10.5,24.0,22.0,10.5,False
Dexcom GL,27,027_2024-06-18T09:20:00,720/tree,66.0,22.0,42.0,66.0,22.0,10.5,False
Dexcom GL,31,031_2022-07-05T07:45:00,720/tree,66.0,22.0,10.5,24.0,22.0,10.5,False
Dexcom GL,31,031_2022-07-08T07:18:00,720/tree,24.0,22.0,10.5,24.0,22.0,10.5,True
Dexcom GL,31,031_2022-07-06T07:56:00,720/tree,66.0,66.0,10.5,66.0,22.0,10.5,False
Dexcom GL,31,031_2022-07-07T07:04:00,720/tree,66.0,22.0,42.0,66.0,22.0,42.0,True
Dexcom GL,32,032_2022-01-07T07:01:00,720/tree,66.0,22.0,10.5,24.0,22.0,10.5,False
Dexcom GL,32,032_2022-01-10T05:10:00,720/tree,24.0,22.0,10.5,24.0,22.0,10.5,True
Dexcom GL,32,032_2022-01-08T06:37:00,720/tree,66.0,66.0,10.5,24.0,22.0,10.5,False
Dexcom GL,32,032_2022-01-09T05:32:00,720/tree,66.0,22.0,42.0,24.0,22.0,10.5,False
Dexcom GL,34,034_2022-03-08T06:16:00,720/tree,66.0,22.0,10.5,24.0,22.0,10.5,False
Dexcom GL,34,034_2022-03-11T07:24:00,720/tree,24.0,22.0,10.5,24.0,22.0,10.5,True
Dexcom GL,34,034_2022-03-09T07:18:00,720/tree,66.0,66.0,10.5,24.0,22.0,10.5,False
Dexcom GL,34,034_2022-03-10T07:12:00,720/tree,66.0,22.0,42.0,24.0,22.0,10.5,False
Dexcom GL,35,035_2024-12-18T07:10:00,720/tree,66.0,22.0,10.5,66.0,22.0,42.0,False
Dexcom GL,35,035_2024-12-21T06:53:00,720/tree,24.0,22.0,10.5,66.0,66.0,10.5,False
Dexcom GL,35,035_2024-12-19T06:25:00,720/tree,66.0,66.0,10.5,66.0,22.0,10.5,False
Dexcom GL,35,035_2024-12-20T06:39:00,720/tree,66.0,22.0,42.0,66.0,22.0,42.0,True
Dexcom GL,36,036_2022-04-04T08:18:00,720/tree,66.0,22.0,10.5,66.0,66.0,10.5,False
Dexcom GL,36,036_2022-04-07T07:54:00,720/tree,24.0,22.0,10.5,66.0,66.0,10.5,False
Dexcom GL,36,036_2022-04-05T08:14:00,720/tree,66.0,66.0,10.5,66.0,22.0,42.0,False
Dexcom GL,36,036_2022-04-06T08:01:00,720/tree,66.0,22.0,42.0,66.0,22.0,42.0,True
Dexcom GL,38,038_2022-01-31T07:03:00,720/tree,66.0,22.0,10.5,24.0,22.0,10.5,False
Dexcom GL,38,038_2022-02-03T07:17:00,720/tree,24.0,22.0,10.5,24.0,22.0,10.5,True
Dexcom GL,38,038_2022-02-01T07:18:00,720/tree,66.0,66.0,10.5,24.0,22.0,10.5,False
Dexcom GL,38,038_2022-02-02T07:02:00,720/tree,66.0,22.0,42.0,24.0,22.0,10.5,False
Dexcom GL,41,041_2022-05-02T08:19:00,720/tree,66.0,22.0,10.5,66.0,22.0,42.0,False
Dexcom GL,41,041_2022-05-05T07:59:00,720/tree,24.0,22.0,10.5,66.0,66.0,10.5,False
Dexcom GL,41,041_2022-05-03T07:44:00,720/tree,66.0,66.0,10.5,66.0,66.0,10.5,True
Dexcom GL,41,041_2022-05-04T07:58:00,720/tree,66.0,22.0,42.0,66.0,22.0,42.0,True
Dexcom GL,42,042_2025-07-31T08:40:00,720/tree,66.0,22.0,10.5,24.0,22.0,10.5,False
Dexcom GL,42,042_2025-08-03T10:28:00,720/tree,24.0,22.0,10.5,66.0,22.0,10.5,False
Dexcom GL,42,042_2025-08-01T07:50:00,720/tree,66.0,66.0,10.5,66.0,22.0,10.5,False
Dexcom GL,42,042_2025-08-02T08:15:00,720/tree,66.0,22.0,42.0,66.0,66.0,10.5,False
Dexcom GL,43,043_2025-10-20T08:00:00,720/tree,66.0,22.0,10.5,66.0,22.0,10.5,True
Dexcom GL,43,043_2025-10-23T08:08:00,720/tree,24.0,22.0,10.5,24.0,22.0,10.5,True
Dexcom GL,43,043_2025-10-21T07:51:00,720/tree,66.0,66.0,10.5,24.0,22.0,10.5,False
Dexcom GL,43,043_2025-10-22T08:03:00,720/tree,66.0,22.0,42.0,66.0,22.0,42.0,True
Dexcom GL,45,045_2025-03-31T08:56:00,720/tree,66.0,22.0,10.5,66.0,66.0,10.5,False
Dexcom GL,45,045_2025-04-03T08:46:00,720/tree,24.0,22.0,10.5,66.0,22.0,10.5,False
Dexcom GL,45,045_2025-04-01T09:05:00,720/tree,66.0,66.0,10.5,66.0,22.0,42.0,False
Dexcom GL,45,045_2025-04-02T09:40:00,720/tree,66.0,22.0,42.0,66.0,22.0,10.5,False
Dexcom GL,49,049_2025-05-17T07:11:00,720/tree,66.0,22.0,10.5,66.0,22.0,10.5,True
Dexcom GL,49,049_2025-05-20T07:06:00,720/tree,24.0,22.0,10.5,66.0,22.0,10.5,False
Dexcom GL,49,049_2025-05-18T08:59:00,720/tree,66.0,66.0,10.5,24.0,22.0,10.5,False
Dexcom GL,49,049_2025-05-19T07:06:00,720/tree,66.0,22.0,42.0,66.0,66.0,10.5,False
Dexcom GL,2,002_2019-11-21T09:55:00,nested_selected,66.0,22.0,10.5,66.0,22.0,42.0,False
Dexcom GL,2,002_2019-11-24T08:09:00,nested_selected,24.0,22.0,10.5,66.0,66.0,10.5,False
Dexcom GL,2,002_2019-11-22T08:48:00,nested_selected,66.0,66.0,10.5,66.0,22.0,42.0,False
Dexcom GL,2,002_2019-11-23T09:59:00,nested_selected,66.0,22.0,42.0,66.0,22.0,10.5,False
Dexcom GL,4,004_2023-09-17T08:49:00,nested_selected,66.0,22.0,10.5,66.0,22.0,10.5,True
Dexcom GL,4,004_2023-09-20T09:30:00,nested_selected,24.0,22.0,10.5,24.0,22.0,10.5,True
Dexcom GL,4,004_2023-09-18T08:57:00,nested_selected,66.0,66.0,10.5,66.0,22.0,10.5,False
Dexcom GL,4,004_2023-09-19T09:33:00,nested_selected,66.0,22.0,42.0,66.0,22.0,10.5,False
Dexcom GL,5,005_2020-08-23T10:48:00,nested_selected,66.0,22.0,10.5,66.0,22.0,42.0,False
Dexcom GL,5,005_2020-08-26T08:19:00,nested_selected,24.0,22.0,10.5,66.0,22.0,42.0,False
Dexcom GL,5,005_2020-08-24T08:04:00,nested_selected,66.0,66.0,10.5,66.0,22.0,42.0,False
Dexcom GL,5,005_2020-08-25T08:13:00,nested_selected,66.0,22.0,42.0,66.0,22.0,42.0,True
Dexcom GL,6,006_2023-04-13T10:05:00,nested_selected,66.0,22.0,10.5,66.0,22.0,42.0,False
Dexcom GL,6,006_2023-04-16T07:16:00,nested_selected,24.0,22.0,10.5,24.0,22.0,10.5,True
Dexcom GL,6,006_2023-04-14T09:08:00,nested_selected,66.0,66.0,10.5,66.0,22.0,42.0,False
Dexcom GL,6,006_2023-04-15T08:45:00,nested_selected,66.0,22.0,42.0,66.0,22.0,42.0,True
Dexcom GL,8,008_2023-02-05T09:57:00,nested_selected,66.0,22.0,10.5,66.0,22.0,10.5,True
Dexcom GL,8,008_2023-02-08T08:01:00,nested_selected,24.0,22.0,10.5,24.0,22.0,10.5,True
Dexcom GL,8,008_2023-02-06T08:13:00,nested_selected,66.0,66.0,10.5,24.0,22.0,10.5,False
Dexcom GL,8,008_2023-02-07T08:07:00,nested_selected,66.0,22.0,42.0,66.0,22.0,42.0,True
Dexcom GL,9,009_2020-09-21T08:39:00,nested_selected,66.0,22.0,10.5,66.0,22.0,42.0,False
Dexcom GL,9,009_2020-09-24T07:51:00,nested_selected,24.0,22.0,10.5,66.0,66.0,10.5,False
Dexcom GL,9,009_2020-09-22T07:37:00,nested_selected,66.0,66.0,10.5,66.0,22.0,42.0,False
Dexcom GL,9,009_2020-09-23T07:29:00,nested_selected,66.0,22.0,42.0,66.0,22.0,42.0,True
Dexcom GL,10,010_2020-06-27T05:25:00,nested_selected,66.0,22.0,10.5,66.0,22.0,10.5,True
Dexcom GL,10,010_2020-06-30T07:27:00,nested_selected,24.0,22.0,10.5,24.0,22.0,10.5,True
Dexcom GL,10,010_2020-06-28T05:16:00,nested_selected,66.0,66.0,10.5,66.0,22.0,42.0,False
Dexcom GL,10,010_2020-06-29T06:06:00,nested_selected,66.0,22.0,42.0,66.0,66.0,10.5,False
Dexcom GL,14,014_2023-05-15T07:29:00,nested_selected,66.0,22.0,10.5,66.0,22.0,10.5,True
Dexcom GL,14,014_2023-05-18T08:15:00,nested_selected,24.0,22.0,10.5,24.0,22.0,10.5,True
Dexcom GL,14,014_2023-05-16T07:28:00,nested_selected,66.0,66.0,10.5,24.0,22.0,10.5,False
Dexcom GL,14,014_2023-05-17T08:34:00,nested_selected,66.0,22.0,42.0,66.0,22.0,42.0,True
Dexcom GL,17,017_2023-10-16T09:41:00,nested_selected,66.0,22.0,10.5,66.0,66.0,10.5,False
Dexcom GL,17,017_2023-10-19T08:30:00,nested_selected,24.0,22.0,10.5,66.0,66.0,10.5,False
Dexcom GL,17,017_2023-10-17T11:12:00,nested_selected,66.0,66.0,10.5,66.0,22.0,10.5,False
Dexcom GL,17,017_2023-10-18T11:43:00,nested_selected,66.0,22.0,42.0,66.0,22.0,10.5,False
Dexcom GL,27,027_2024-06-16T10:15:00,nested_selected,66.0,22.0,10.5,66.0,66.0,10.5,False
Dexcom GL,27,027_2024-06-19T10:11:00,nested_selected,24.0,22.0,10.5,66.0,22.0,42.0,False
Dexcom GL,27,027_2024-06-17T08:15:00,nested_selected,66.0,66.0,10.5,66.0,66.0,10.5,True
Dexcom GL,27,027_2024-06-18T09:20:00,nested_selected,66.0,22.0,42.0,66.0,22.0,10.5,False
Dexcom GL,31,031_2022-07-05T07:45:00,nested_selected,66.0,22.0,10.5,24.0,22.0,10.5,False
Dexcom GL,31,031_2022-07-08T07:18:00,nested_selected,24.0,22.0,10.5,24.0,22.0,10.5,True
Dexcom GL,31,031_2022-07-06T07:56:00,nested_selected,66.0,66.0,10.5,66.0,22.0,10.5,False
Dexcom GL,31,031_2022-07-07T07:04:00,nested_selected,66.0,22.0,42.0,66.0,22.0,42.0,True
Dexcom GL,32,032_2022-01-07T07:01:00,nested_selected,66.0,22.0,10.5,66.0,66.0,10.5,False
Dexcom GL,32,032_2022-01-10T05:10:00,nested_selected,24.0,22.0,10.5,66.0,66.0,10.5,False
Dexcom GL,32,032_2022-01-08T06:37:00,nested_selected,66.0,66.0,10.5,24.0,22.0,10.5,False
Dexcom GL,32,032_2022-01-09T05:32:00,nested_selected,66.0,22.0,42.0,66.0,66.0,10.5,False
Dexcom GL,34,034_2022-03-08T06:16:00,nested_selected,66.0,22.0,10.5,66.0,66.0,10.5,False
Dexcom GL,34,034_2022-03-11T07:24:00,nested_selected,24.0,22.0,10.5,24.0,22.0,10.5,True
Dexcom GL,34,034_2022-03-09T07:18:00,nested_selected,66.0,66.0,10.5,66.0,66.0,10.5,True
Dexcom GL,34,034_2022-03-10T07:12:00,nested_selected,66.0,22.0,42.0,66.0,66.0,10.5,False
Dexcom GL,35,035_2024-12-18T07:10:00,nested_selected,66.0,22.0,10.5,66.0,22.0,42.0,False
Dexcom GL,35,035_2024-12-21T06:53:00,nested_selected,24.0,22.0,10.5,66.0,66.0,10.5,False
Dexcom GL,35,035_2024-12-19T06:25:00,nested_selected,66.0,66.0,10.5,66.0,22.0,10.5,False
Dexcom GL,35,035_2024-12-20T06:39:00,nested_selected,66.0,22.0,42.0,66.0,22.0,42.0,True
Dexcom GL,36,036_2022-04-04T08:18:00,nested_selected,66.0,22.0,10.5,66.0,22.0,10.5,True
Dexcom GL,36,036_2022-04-07T07:54:00,nested_selected,24.0,22.0,10.5,66.0,22.0,10.5,False
Dexcom GL,36,036_2022-04-05T08:14:00,nested_selected,66.0,66.0,10.5,66.0,66.0,10.5,True
Dexcom GL,36,036_2022-04-06T08:01:00,nested_selected,66.0,22.0,42.0,66.0,22.0,42.0,True
Dexcom GL,38,038_2022-01-31T07:03:00,nested_selected,66.0,22.0,10.5,24.0,22.0,10.5,False
Dexcom GL,38,038_2022-02-03T07:17:00,nested_selected,24.0,22.0,10.5,24.0,22.0,10.5,True
Dexcom GL,38,038_2022-02-01T07:18:00,nested_selected,66.0,66.0,10.5,24.0,22.0,10.5,False
Dexcom GL,38,038_2022-02-02T07:02:00,nested_selected,66.0,22.0,42.0,24.0,22.0,10.5,False
Dexcom GL,41,041_2022-05-02T08:19:00,nested_selected,66.0,22.0,10.5,66.0,22.0,42.0,False
Dexcom GL,41,041_2022-05-05T07:59:00,nested_selected,24.0,22.0,10.5,66.0,22.0,10.5,False
Dexcom GL,41,041_2022-05-03T07:44:00,nested_selected,66.0,66.0,10.5,66.0,22.0,42.0,False
Dexcom GL,41,041_2022-05-04T07:58:00,nested_selected,66.0,22.0,42.0,66.0,22.0,42.0,True
Dexcom GL,42,042_2025-07-31T08:40:00,nested_selected,66.0,22.0,10.5,66.0,22.0,42.0,False
Dexcom GL,42,042_2025-08-03T10:28:00,nested_selected,24.0,22.0,10.5,66.0,22.0,10.5,False
Dexcom GL,42,042_2025-08-01T07:50:00,nested_selected,66.0,66.0,10.5,66.0,22.0,10.5,False
Dexcom GL,42,042_2025-08-02T08:15:00,nested_selected,66.0,22.0,42.0,24.0,22.0,10.5,False
Dexcom GL,43,043_2025-10-20T08:00:00,nested_selected,66.0,22.0,10.5,66.0,22.0,10.5,True
Dexcom GL,43,043_2025-10-23T08:08:00,nested_selected,24.0,22.0,10.5,24.0,22.0,10.5,True
Dexcom GL,43,043_2025-10-21T07:51:00,nested_selected,66.0,66.0,10.5,66.0,22.0,10.5,False
Dexcom GL,43,043_2025-10-22T08:03:00,nested_selected,66.0,22.0,42.0,66.0,66.0,10.5,False
Dexcom GL,45,045_2025-03-31T08:56:00,nested_selected,66.0,22.0,10.5,66.0,22.0,10.5,True
Dexcom GL,45,045_2025-04-03T08:46:00,nested_selected,24.0,22.0,10.5,24.0,22.0,10.5,True
Dexcom GL,45,045_2025-04-01T09:05:00,nested_selected,66.0,66.0,10.5,66.0,22.0,42.0,False
Dexcom GL,45,045_2025-04-02T09:40:00,nested_selected,66.0,22.0,42.0,66.0,22.0,10.5,False
Dexcom GL,49,049_2025-05-17T07:11:00,nested_selected,66.0,22.0,10.5,66.0,22.0,10.5,True
Dexcom GL,49,049_2025-05-20T07:06:00,nested_selected,24.0,22.0,10.5,24.0,22.0,10.5,True
Dexcom GL,49,049_2025-05-18T08:59:00,nested_selected,66.0,66.0,10.5,66.0,22.0,10.5,False
Dexcom GL,49,049_2025-05-19T07:06:00,nested_selected,66.0,22.0,42.0,66.0,22.0,42.0,True
