sensor,pid,id,method,Carbs_actual,Carbs_predicted,Carbs_absolute_error,Carbs_within10,Protein_actual,Protein_predicted,Protein_absolute_error,Protein_within10,Fat_actual,Fat_predicted,Fat_absolute_error,Fat_within10,all_three_within10
Dexcom GL,2,002_2019-11-21T09:55:00,calibration_mean,66.0,55.5,10.5,False,22.0,33.0,11.0,False,10.5,18.375,7.875,False,False
Dexcom GL,2,002_2019-11-24T08:09:00,calibration_mean,24.0,55.5,31.5,False,22.0,33.0,11.0,False,10.5,18.375,7.875,False,False
Dexcom GL,2,002_2019-11-22T08:48:00,calibration_mean,66.0,55.5,10.5,False,66.0,33.0,33.0,False,10.5,18.375,7.875,False,False
Dexcom GL,2,002_2019-11-23T09:59:00,calibration_mean,66.0,55.5,10.5,False,22.0,33.0,11.0,False,42.0,18.375,23.625,False,False
Dexcom GL,2,002_2019-11-21T09:55:00,calibration_median,66.0,66.0,0.0,True,22.0,22.0,0.0,True,10.5,10.5,0.0,True,True
Dexcom GL,2,002_2019-11-24T08:09:00,calibration_median,24.0,66.0,42.0,False,22.0,22.0,0.0,True,10.5,10.5,0.0,True,False
Dexcom GL,2,002_2019-11-22T08:48:00,calibration_median,66.0,66.0,0.0,True,66.0,22.0,44.0,False,10.5,10.5,0.0,True,False
Dexcom GL,2,002_2019-11-23T09:59:00,calibration_median,66.0,66.0,0.0,True,22.0,22.0,0.0,True,42.0,10.5,31.5,False,False
Dexcom GL,2,002_2019-11-21T09:55:00,nearest_personal_curve,66.0,66.0,0.0,True,22.0,22.0,0.0,True,10.5,42.0,31.5,False,False
Dexcom GL,2,002_2019-11-24T08:09:00,nearest_personal_curve,24.0,66.0,42.0,False,22.0,66.0,44.0,False,10.5,10.5,0.0,True,False
Dexcom GL,2,002_2019-11-22T08:48:00,nearest_personal_curve,66.0,24.0,42.0,False,66.0,22.0,44.0,False,10.5,10.5,0.0,True,False
Dexcom GL,2,002_2019-11-23T09:59:00,nearest_personal_curve,66.0,66.0,0.0,True,22.0,22.0,0.0,True,42.0,10.5,31.5,False,False
Dexcom GL,2,002_2019-11-21T09:55:00,ridge_0.1,66.0,35.09266449412331,30.907335505876688,False,22.0,0.0,22.0,False,10.5,79.7646328032267,69.2646328032267,False,False
Dexcom GL,2,002_2019-11-24T08:09:00,ridge_0.1,24.0,12.420752492945233,11.579247507054767,False,22.0,0.0,22.0,False,10.5,47.193830392738654,36.693830392738654,False,False
Dexcom GL,2,002_2019-11-22T08:48:00,ridge_0.1,66.0,0.0,66.0,False,66.0,0.0,66.0,False,10.5,55.80243449452949,45.30243449452949,False,False
Dexcom GL,2,002_2019-11-23T09:59:00,ridge_0.1,66.0,9.9750349201881,56.0249650798119,False,22.0,0.0,22.0,False,42.0,54.27191803789614,12.271918037896143,False,False
Dexcom GL,2,002_2019-11-21T09:55:00,ridge_1,66.0,76.66293885363042,10.662938853630422,False,22.0,0.0,22.0,False,10.5,56.21275167533032,45.71275167533032,False,False
Dexcom GL,2,002_2019-11-24T08:09:00,ridge_1,24.0,50.73213987457615,26.73213987457615,False,22.0,12.8094811386534,9.1905188613466,False,10.5,29.16022936888279,18.66022936888279,False,False
Dexcom GL,2,002_2019-11-22T08:48:00,ridge_1,66.0,40.25930933103179,25.740690668968213,False,66.0,0.0,66.0,False,10.5,37.88425776551473,27.384257765514732,False,False
Dexcom GL,2,002_2019-11-23T09:59:00,ridge_1,66.0,58.23724847680707,7.762751523192932,False,22.0,0.0,22.0,False,42.0,35.49318026854701,6.5068197314529925,False,False
Dexcom GL,2,002_2019-11-21T09:55:00,ridge_10,66.0,78.53785681723818,12.537856817238179,False,22.0,14.4804814654035,7.5195185345965,False,10.5,38.24610949321455,27.746109493214547,False,False
Dexcom GL,2,002_2019-11-24T08:09:00,ridge_10,24.0,57.4744405408652,33.4744405408652,False,22.0,39.279429819133526,17.279429819133526,False,10.5,16.479364920053317,5.979364920053317,False,False
Dexcom GL,2,002_2019-11-22T08:48:00,ridge_10,66.0,50.29052759501384,15.709472404986158,False,66.0,22.76506744231194,43.23493255768806,False,10.5,25.343251686183883,14.843251686183883,False,False
Dexcom GL,2,002_2019-11-23T09:59:00,ridge_10,66.0,65.33416040004077,0.6658395999592273,True,22.0,17.216546264050734,4.783453735949266,False,42.0,22.115002589415873,19.884997410584127,False,False
Dexcom GL,2,002_2019-11-21T09:55:00,ridge_100,66.0,74.03840530903682,8.038405309036818,False,22.0,27.12931566762193,5.129315667621931,False,10.5,29.95584174868894,19.45584174868894,False,False
Dexcom GL,2,002_2019-11-24T08:09:00,ridge_100,24.0,55.19982619687315,31.199826196873147,False,22.0,37.99638405786868,15.996384057868681,False,10.5,15.438323501503131,4.938323501503131,False,False
Dexcom GL,2,002_2019-11-22T08:48:00,ridge_100,66.0,52.30737585311156,13.692624146888441,False,66.0,30.405462170119065,35.594537829880935,False,10.5,20.7297351970366,10.2297351970366,False,False
Dexcom GL,2,002_2019-11-23T09:59:00,ridge_100,66.0,59.83865208213676,6.161347917863239,True,22.0,27.903980686524733,5.903980686524733,False,42.0,17.51997511320823,24.48002488679177,False,False
Dexcom GL,2,002_2019-11-21T09:55:00,trees_1,66.0,65.16,0.8400000000000034,True,22.0,28.6,6.600000000000001,False,10.5,28.14,17.64,False,False
Dexcom GL,2,002_2019-11-24T08:09:00,trees_1,24.0,61.38,37.38,False,22.0,44.44,22.439999999999998,False,10.5,13.02,2.5199999999999996,False,False
Dexcom GL,2,002_2019-11-22T08:48:00,trees_1,66.0,49.62,16.380000000000003,False,66.0,30.36,35.64,False,10.5,19.32,8.82,False,False
Dexcom GL,2,002_2019-11-23T09:59:00,trees_1,66.0,50.04,15.96,False,22.0,29.04,7.039999999999999,False,42.0,16.8,25.2,False,False
Dexcom GL,2,002_2019-11-21T09:55:00,trees_4,66.0,64.56,1.4399999999999977,True,22.0,27.26638095238095,5.266380952380949,False,10.5,27.196499999999993,16.696499999999993,False,False
Dexcom GL,2,002_2019-11-24T08:09:00,trees_4,24.0,60.03900000000001,36.03900000000001,False,22.0,39.53085714285714,17.530857142857137,False,10.5,17.084999999999994,6.584999999999994,False,False
Dexcom GL,2,002_2019-11-22T08:48:00,trees_4,66.0,55.79900000000001,10.200999999999993,False,66.0,33.08380952380953,32.91619047619047,False,10.5,20.343749999999996,9.843749999999996,False,False
Dexcom GL,2,002_2019-11-23T09:59:00,trees_4,66.0,53.894,12.106000000000002,False,22.0,31.68942857142857,9.689428571428572,False,42.0,17.640749999999997,24.359250000000003,False,False
Dexcom GL,2,002_2019-11-21T09:55:00,nested_selected,66.0,65.16,0.8400000000000034,True,22.0,28.6,6.600000000000001,False,10.5,28.14,17.64,False,False
Dexcom GL,2,002_2019-11-24T08:09:00,nested_selected,24.0,61.38,37.38,False,22.0,44.44,22.439999999999998,False,10.5,13.02,2.5199999999999996,False,False
Dexcom GL,2,002_2019-11-22T08:48:00,nested_selected,66.0,49.62,16.380000000000003,False,66.0,30.36,35.64,False,10.5,19.32,8.82,False,False
Dexcom GL,2,002_2019-11-23T09:59:00,nested_selected,66.0,50.04,15.96,False,22.0,29.04,7.039999999999999,False,42.0,16.8,25.2,False,False
Dexcom GL,4,004_2023-09-17T08:49:00,calibration_mean,66.0,55.5,10.5,False,22.0,33.0,11.0,False,10.5,18.375,7.875,False,False
Dexcom GL,4,004_2023-09-20T09:30:00,calibration_mean,24.0,55.5,31.5,False,22.0,33.0,11.0,False,10.5,18.375,7.875,False,False
Dexcom GL,4,004_2023-09-18T08:57:00,calibration_mean,66.0,55.5,10.5,False,66.0,33.0,33.0,False,10.5,18.375,7.875,False,False
Dexcom GL,4,004_2023-09-19T09:33:00,calibration_mean,66.0,55.5,10.5,False,22.0,33.0,11.0,False,42.0,18.375,23.625,False,False
Dexcom GL,4,004_2023-09-17T08:49:00,calibration_median,66.0,66.0,0.0,True,22.0,22.0,0.0,True,10.5,10.5,0.0,True,True
Dexcom GL,4,004_2023-09-20T09:30:00,calibration_median,24.0,66.0,42.0,False,22.0,22.0,0.0,True,10.5,10.5,0.0,True,False
Dexcom GL,4,004_2023-09-18T08:57:00,calibration_median,66.0,66.0,0.0,True,66.0,22.0,44.0,False,10.5,10.5,0.0,True,False
Dexcom GL,4,004_2023-09-19T09:33:00,calibration_median,66.0,66.0,0.0,True,22.0,22.0,0.0,True,42.0,10.5,31.5,False,False
Dexcom GL,4,004_2023-09-17T08:49:00,nearest_personal_curve,66.0,66.0,0.0,True,22.0,22.0,0.0,True,10.5,42.0,31.5,False,False
Dexcom GL,4,004_2023-09-20T09:30:00,nearest_personal_curve,24.0,24.0,0.0,True,22.0,22.0,0.0,True,10.5,10.5,0.0,True,True
Dexcom GL,4,004_2023-09-18T08:57:00,nearest_personal_curve,66.0,66.0,0.0,True,66.0,66.0,0.0,True,10.5,10.5,0.0,True,True
Dexcom GL,4,004_2023-09-19T09:33:00,nearest_personal_curve,66.0,66.0,0.0,True,22.0,66.0,44.0,False,42.0,10.5,31.5,False,False
Dexcom GL,4,004_2023-09-17T08:49:00,ridge_0.1,66.0,44.69402042545081,21.30597957454919,False,22.0,0.0,22.0,False,10.5,36.46005562483713,25.960055624837132,False,False
Dexcom GL,4,004_2023-09-20T09:30:00,ridge_0.1,24.0,0.0,24.0,False,22.0,0.0,22.0,False,10.5,17.39932506426894,6.89932506426894,False,False
Dexcom GL,4,004_2023-09-18T08:57:00,ridge_0.1,66.0,25.510230467358408,40.48976953264159,False,66.0,0.0,66.0,False,10.5,29.713728171589032,19.213728171589032,False,False
Dexcom GL,4,004_2023-09-19T09:33:00,ridge_0.1,66.0,44.007119497552544,21.992880502447456,False,22.0,0.0,22.0,False,42.0,23.20791042459355,18.79208957540645,False,False
Dexcom GL,4,004_2023-09-17T08:49:00,ridge_1,66.0,66.21838342993091,0.21838342993090976,True,22.0,25.10510191456146,3.105101914561459,False,10.5,26.44075129121001,15.94075129121001,False,False
Dexcom GL,4,004_2023-09-20T09:30:00,ridge_1,24.0,33.4337631446895,9.4337631446895,False,22.0,14.762916337323649,7.237083662676351,False,10.5,15.212903865517124,4.712903865517124,False,False
Dexcom GL,4,004_2023-09-18T08:57:00,ridge_1,66.0,54.877889279385926,11.122110720614074,False,66.0,15.836046497320442,50.16395350267956,False,10.5,22.949058344331313,12.449058344331313,False,False
Dexcom GL,4,004_2023-09-19T09:33:00,ridge_1,66.0,70.7278997595201,4.727899759520099,True,22.0,8.701004548067079,13.298995451932921,False,42.0,25.23254530653989,16.76745469346011,False,False
Dexcom GL,4,004_2023-09-17T08:49:00,ridge_10,66.0,66.14484821577774,0.14484821577774198,True,22.0,31.918825412809795,9.918825412809795,False,10.5,23.20472959794585,12.70472959794585,False,False
Dexcom GL,4,004_2023-09-20T09:30:00,ridge_10,24.0,42.7369512272355,18.7369512272355,False,22.0,24.067782978457295,2.067782978457295,True,10.5,16.225526818517952,5.725526818517952,False,False
Dexcom GL,4,004_2023-09-18T08:57:00,ridge_10,66.0,59.80542422366821,6.194575776331789,True,66.0,26.856335149006405,39.143664850993595,False,10.5,20.80426924711485,10.30426924711485,False,False
Dexcom GL,4,004_2023-09-19T09:33:00,ridge_10,66.0,70.44390013870415,4.4439001387041515,True,22.0,21.645194404128027,0.3548055958719729,True,42.0,23.66521547110408,18.33478452889592,False,False
Dexcom GL,4,004_2023-09-17T08:49:00,ridge_100,66.0,63.517654136292784,2.4823458637072164,True,22.0,33.29452491153385,11.294524911533848,False,10.5,21.446803701345935,10.946803701345935,False,False
Dexcom GL,4,004_2023-09-20T09:30:00,ridge_100,24.0,48.147106834904434,24.147106834904434,False,22.0,32.08937733212878,10.089377332128777,False,10.5,16.238777663512156,5.738777663512156,False,False
Dexcom GL,4,004_2023-09-18T08:57:00,ridge_100,66.0,59.869942823420544,6.130057176579456,True,66.0,33.543557233985574,32.456442766014426,False,10.5,20.136695818975944,9.636695818975944,False,False
Dexcom GL,4,004_2023-09-19T09:33:00,ridge_100,66.0,64.55501588109622,1.4449841189037755,True,22.0,29.944950193265985,7.944950193265985,False,42.0,21.476589213139814,20.523410786860186,False,False
Dexcom GL,4,004_2023-09-17T08:49:00,trees_1,66.0,63.48,2.520000000000003,True,22.0,26.84,4.84,False,10.5,24.36,13.86,False,False
Dexcom GL,4,004_2023-09-20T09:30:00,trees_1,24.0,37.86,13.86,False,22.0,30.8,8.8,False,10.5,13.02,2.5199999999999996,False,False
Dexcom GL,4,004_2023-09-18T08:57:00,trees_1,66.0,60.96,5.039999999999999,True,66.0,30.8,35.2,False,10.5,19.32,8.82,False,False
Dexcom GL,4,004_2023-09-19T09:33:00,trees_1,66.0,63.48,2.520000000000003,True,22.0,31.24,9.239999999999998,False,42.0,20.58,21.42,False,False
Dexcom GL,4,004_2023-09-17T08:49:00,trees_4,66.0,61.056999999999995,4.943000000000005,True,22.0,28.23542857142857,6.235428571428571,False,10.5,22.26975,11.769749999999998,False,False
Dexcom GL,4,004_2023-09-20T09:30:00,trees_4,24.0,38.569,14.569000000000003,False,22.0,28.906952380952383,6.906952380952383,False,10.5,13.478999999999996,2.9789999999999957,False,False
Dexcom GL,4,004_2023-09-18T08:57:00,trees_4,66.0,59.608999999999995,6.391000000000005,True,66.0,31.100666666666665,34.89933333333333,False,10.5,19.632749999999994,9.132749999999994,False,False
Dexcom GL,4,004_2023-09-19T09:33:00,trees_4,66.0,62.017999999999994,3.9820000000000064,True,22.0,33.36247619047618,11.36247619047618,False,42.0,20.457749999999994,21.542250000000006,False,False
Dexcom GL,4,004_2023-09-17T08:49:00,nested_selected,66.0,63.48,2.520000000000003,True,22.0,26.84,4.84,False,10.5,24.36,13.86,False,False
Dexcom GL,4,004_2023-09-20T09:30:00,nested_selected,24.0,37.86,13.86,False,22.0,30.8,8.8,False,10.5,13.02,2.5199999999999996,False,False
Dexcom GL,4,004_2023-09-18T08:57:00,nested_selected,66.0,60.96,5.039999999999999,True,66.0,30.8,35.2,False,10.5,19.32,8.82,False,False
Dexcom GL,4,004_2023-09-19T09:33:00,nested_selected,66.0,63.48,2.520000000000003,True,22.0,31.24,9.239999999999998,False,42.0,20.58,21.42,False,False
Dexcom GL,5,005_2020-08-23T10:48:00,calibration_mean,66.0,55.5,10.5,False,22.0,33.0,11.0,False,10.5,18.375,7.875,False,False
Dexcom GL,5,005_2020-08-26T08:19:00,calibration_mean,24.0,55.5,31.5,False,22.0,33.0,11.0,False,10.5,18.375,7.875,False,False
Dexcom GL,5,005_2020-08-24T08:04:00,calibration_mean,66.0,55.5,10.5,False,66.0,33.0,33.0,False,10.5,18.375,7.875,False,False
Dexcom GL,5,005_2020-08-25T08:13:00,calibration_mean,66.0,55.5,10.5,False,22.0,33.0,11.0,False,42.0,18.375,23.625,False,False
Dexcom GL,5,005_2020-08-23T10:48:00,calibration_median,66.0,66.0,0.0,True,22.0,22.0,0.0,True,10.5,10.5,0.0,True,True
Dexcom GL,5,005_2020-08-26T08:19:00,calibration_median,24.0,66.0,42.0,False,22.0,22.0,0.0,True,10.5,10.5,0.0,True,False
Dexcom GL,5,005_2020-08-24T08:04:00,calibration_median,66.0,66.0,0.0,True,66.0,22.0,44.0,False,10.5,10.5,0.0,True,False
Dexcom GL,5,005_2020-08-25T08:13:00,calibration_median,66.0,66.0,0.0,True,22.0,22.0,0.0,True,42.0,10.5,31.5,False,False
Dexcom GL,5,005_2020-08-23T10:48:00,nearest_personal_curve,66.0,66.0,0.0,True,22.0,22.0,0.0,True,10.5,10.5,0.0,True,True
Dexcom GL,5,005_2020-08-26T08:19:00,nearest_personal_curve,24.0,66.0,42.0,False,22.0,66.0,44.0,False,10.5,10.5,0.0,True,False
Dexcom GL,5,005_2020-08-24T08:04:00,nearest_personal_curve,66.0,24.0,42.0,False,66.0,22.0,44.0,False,10.5,10.5,0.0,True,False
Dexcom GL,5,005_2020-08-25T08:13:00,nearest_personal_curve,66.0,66.0,0.0,True,22.0,22.0,0.0,True,42.0,10.5,31.5,False,False
Dexcom GL,5,005_2020-08-23T10:48:00,ridge_0.1,66.0,93.11224749306962,27.112247493069617,False,22.0,0.0,22.0,False,10.5,82.95244780833042,72.45244780833042,False,False
Dexcom GL,5,005_2020-08-26T08:19:00,ridge_0.1,24.0,84.2762387500214,60.276238750021406,False,22.0,0.0,22.0,False,10.5,68.97271339310876,58.47271339310876,False,False
Dexcom GL,5,005_2020-08-24T08:04:00,ridge_0.1,66.0,71.61208706558922,5.612087065589222,True,66.0,0.0,66.0,False,10.5,70.2952572708037,59.7952572708037,False,False
Dexcom GL,5,005_2020-08-25T08:13:00,ridge_0.1,66.0,125.77641593396281,59.77641593396281,False,22.0,4.09135103658323,17.90864896341677,False,42.0,76.76432965006862,34.76432965006862,False,False
Dexcom GL,5,005_2020-08-23T10:48:00,ridge_1,66.0,75.09652922688942,9.096529226889416,False,22.0,26.042338957643626,4.042338957643626,False,10.5,52.046095962664275,41.546095962664275,False,False
Dexcom GL,5,005_2020-08-26T08:19:00,ridge_1,24.0,68.2652678472322,44.265267847232195,False,22.0,19.45586970451151,2.5441302954884897,False,10.5,46.30553559492254,35.80553559492254,False,False
Dexcom GL,5,005_2020-08-24T08:04:00,ridge_1,66.0,58.89547898064875,7.104521019351253,False,66.0,15.91528320038,50.08471679962,False,10.5,49.99858670121353,39.49858670121353,False,False
Dexcom GL,5,005_2020-08-25T08:13:00,ridge_1,66.0,106.3022042611048,40.302204261104805,False,22.0,39.24628420479798,17.24628420479798,False,42.0,53.61219565894769,11.612195658947691,False,False
Dexcom GL,5,005_2020-08-23T10:48:00,ridge_10,66.0,69.90322701129728,3.9032270112972753,True,22.0,39.61978070958217,17.619780709582173,False,10.5,30.033719330383434,19.533719330383434,False,False
Dexcom GL,5,005_2020-08-26T08:19:00,ridge_10,24.0,67.72089074258983,43.72089074258983,False,22.0,31.234601620911086,9.234601620911086,False,10.5,29.555659582591804,19.055659582591804,False,False
Dexcom GL,5,005_2020-08-24T08:04:00,ridge_10,66.0,61.45150059673459,4.54849940326541,True,66.0,30.491941820112395,35.508058179887605,False,10.5,31.003143033852197,20.503143033852197,False,False
Dexcom GL,5,005_2020-08-25T08:13:00,ridge_10,66.0,88.61822920975885,22.61822920975885,False,22.0,49.87694535330373,27.876945353303732,False,42.0,34.80502336958537,7.194976630414629,False,False
Dexcom GL,5,005_2020-08-23T10:48:00,ridge_100,66.0,62.632303122150404,3.367696877849596,True,22.0,36.41938993361576,14.419389933615761,False,10.5,22.521357225963953,12.021357225963953,False,False
Dexcom GL,5,005_2020-08-26T08:19:00,ridge_100,24.0,63.629886257490995,39.629886257490995,False,22.0,29.760809821478354,7.760809821478354,False,10.5,22.877366650266975,12.377366650266975,False,False
Dexcom GL,5,005_2020-08-24T08:04:00,ridge_100,66.0,60.95513620355467,5.044863796445327,True,66.0,30.034045694992212,35.965954305007784,False,10.5,22.639066177145484,12.139066177145484,False,False
Dexcom GL,5,005_2020-08-25T08:13:00,ridge_100,66.0,71.44256449527668,5.4425644952766845,True,22.0,40.174591129648235,18.174591129648235,False,42.0,26.86722524476879,15.13277475523121,False,False
Dexcom GL,5,005_2020-08-23T10:48:00,trees_1,66.0,64.74,1.2600000000000051,True,22.0,39.6,17.6,False,10.5,21.84,11.34,False,False
Dexcom GL,5,005_2020-08-26T08:19:00,trees_1,24.0,56.34,32.34,False,22.0,32.56,10.560000000000002,False,10.5,19.32,8.82,False,False
Dexcom GL,5,005_2020-08-24T08:04:00,trees_1,66.0,57.6,8.399999999999999,False,66.0,32.12,33.88,False,10.5,20.265,9.765,False,False
Dexcom GL,5,005_2020-08-25T08:13:00,trees_1,66.0,63.06,2.9399999999999977,True,22.0,32.12,10.119999999999997,False,42.0,22.785,19.215,False,False
Dexcom GL,5,005_2020-08-23T10:48:00,trees_4,66.0,63.153,2.8470000000000013,True,22.0,34.323142857142855,12.323142857142855,False,10.5,22.22925,11.72925,False,False
Dexcom GL,5,005_2020-08-26T08:19:00,trees_4,24.0,60.04600000000001,36.04600000000001,False,22.0,33.19904761904761,11.199047619047612,False,10.5,20.985,10.485,False,False
Dexcom GL,5,005_2020-08-24T08:04:00,trees_4,66.0,59.092000000000006,6.907999999999994,False,66.0,33.14457142857143,32.85542857142857,False,10.5,21.204750000000004,10.704750000000004,False,False
Dexcom GL,5,005_2020-08-25T08:13:00,trees_4,66.0,64.32400000000001,1.6759999999999877,True,22.0,34.0287619047619,12.0287619047619,False,42.0,22.988250000000004,19.011749999999996,False,False
Dexcom GL,5,005_2020-08-23T10:48:00,nested_selected,66.0,64.74,1.2600000000000051,True,22.0,39.6,17.6,False,10.5,21.84,11.34,False,False
Dexcom GL,5,005_2020-08-26T08:19:00,nested_selected,24.0,56.34,32.34,False,22.0,32.56,10.560000000000002,False,10.5,19.32,8.82,False,False
Dexcom GL,5,005_2020-08-24T08:04:00,nested_selected,66.0,57.6,8.399999999999999,False,66.0,32.12,33.88,False,10.5,20.265,9.765,False,False
Dexcom GL,5,005_2020-08-25T08:13:00,nested_selected,66.0,63.06,2.9399999999999977,True,22.0,32.12,10.119999999999997,False,42.0,22.785,19.215,False,False
Dexcom GL,6,006_2023-04-13T10:05:00,calibration_mean,66.0,55.5,10.5,False,22.0,33.0,11.0,False,10.5,18.375,7.875,False,False
Dexcom GL,6,006_2023-04-16T07:16:00,calibration_mean,24.0,55.5,31.5,False,22.0,33.0,11.0,False,10.5,18.375,7.875,False,False
Dexcom GL,6,006_2023-04-14T09:08:00,calibration_mean,66.0,55.5,10.5,False,66.0,33.0,33.0,False,10.5,18.375,7.875,False,False
Dexcom GL,6,006_2023-04-15T08:45:00,calibration_mean,66.0,55.5,10.5,False,22.0,33.0,11.0,False,42.0,18.375,23.625,False,False
Dexcom GL,6,006_2023-04-13T10:05:00,calibration_median,66.0,66.0,0.0,True,22.0,22.0,0.0,True,10.5,10.5,0.0,True,True
Dexcom GL,6,006_2023-04-16T07:16:00,calibration_median,24.0,66.0,42.0,False,22.0,22.0,0.0,True,10.5,10.5,0.0,True,False
Dexcom GL,6,006_2023-04-14T09:08:00,calibration_median,66.0,66.0,0.0,True,66.0,22.0,44.0,False,10.5,10.5,0.0,True,False
Dexcom GL,6,006_2023-04-15T08:45:00,calibration_median,66.0,66.0,0.0,True,22.0,22.0,0.0,True,42.0,10.5,31.5,False,False
Dexcom GL,6,006_2023-04-13T10:05:00,nearest_personal_curve,66.0,66.0,0.0,True,22.0,22.0,0.0,True,10.5,42.0,31.5,False,False
Dexcom GL,6,006_2023-04-16T07:16:00,nearest_personal_curve,24.0,66.0,42.0,False,22.0,22.0,0.0,True,10.5,10.5,0.0,True,False
Dexcom GL,6,006_2023-04-14T09:08:00,nearest_personal_curve,66.0,66.0,0.0,True,66.0,22.0,44.0,False,10.5,10.5,0.0,True,False
Dexcom GL,6,006_2023-04-15T08:45:00,nearest_personal_curve,66.0,66.0,0.0,True,22.0,22.0,0.0,True,42.0,10.5,31.5,False,False
Dexcom GL,6,006_2023-04-13T10:05:00,ridge_0.1,66.0,75.21159787435818,9.211597874358176,False,22.0,355.50158224003934,333.50158224003934,False,10.5,0.0,10.5,False,False
Dexcom GL,6,006_2023-04-16T07:16:00,ridge_0.1,24.0,97.13397501584515,73.13397501584515,False,22.0,339.7516713526054,317.7516713526054,False,10.5,0.0,10.5,False,False
Dexcom GL,6,006_2023-04-14T09:08:00,ridge_0.1,66.0,105.46463408657547,39.46463408657547,False,66.0,360.6990358276889,294.6990358276889,False,10.5,0.0,10.5,False,False
Dexcom GL,6,006_2023-04-15T08:45:00,ridge_0.1,66.0,96.01813109814128,30.018131098141282,False,22.0,385.9444382054995,363.9444382054995,False,42.0,0.0,42.0,False,False
Dexcom GL,6,006_2023-04-13T10:05:00,ridge_1,66.0,33.41704798761522,32.58295201238478,False,22.0,89.70447198526378,67.70447198526378,False,10.5,0.0,10.5,False,False
Dexcom GL,6,006_2023-04-16T07:16:00,ridge_1,24.0,46.46457897608302,22.46457897608302,False,22.0,98.65290734383794,76.65290734383794,False,10.5,0.0,10.5,False,False
Dexcom GL,6,006_2023-04-14T09:08:00,ridge_1,66.0,37.95715222873248,28.042847771267517,False,66.0,111.60256285418721,45.60256285418721,False,10.5,0.0,10.5,False,False
Dexcom GL,6,006_2023-04-15T08:45:00,ridge_1,66.0,40.49619470943655,25.50380529056345,False,22.0,115.20142552322338,93.20142552322338,False,42.0,0.0,42.0,False,False
Dexcom GL,6,006_2023-04-13T10:05:00,ridge_10,66.0,47.706409329755864,18.293590670244136,False,22.0,30.87702011597112,8.87702011597112,False,10.5,11.81588214448604,1.3158821444860394,False,False
Dexcom GL,6,006_2023-04-16T07:16:00,ridge_10,24.0,41.20283124474831,17.20283124474831,False,22.0,38.27745388464714,16.277453884647137,False,10.5,0.0,10.5,False,False
Dexcom GL,6,006_2023-04-14T09:08:00,ridge_10,66.0,44.63184485245238,21.36815514754762,False,66.0,45.92707908139859,20.07292091860141,False,10.5,4.502873399265242,5.997126600734758,False,False
Dexcom GL,6,006_2023-04-15T08:45:00,ridge_10,66.0,48.67841937998612,17.321580620013883,False,22.0,42.96875354596463,20.96875354596463,False,42.0,9.507543655514041,32.49245634448596,False,False
Dexcom GL,6,006_2023-04-13T10:05:00,ridge_100,66.0,59.705976938616004,6.294023061383996,True,22.0,30.359461691124718,8.359461691124718,False,10.5,21.905564959010693,11.405564959010693,False,False
Dexcom GL,6,006_2023-04-16T07:16:00,ridge_100,24.0,41.659365450725886,17.659365450725886,False,22.0,31.725692296621503,9.725692296621503,False,10.5,9.409463677710226,1.0905363222897737,False,False
Dexcom GL,6,006_2023-04-14T09:08:00,ridge_100,66.0,52.54392851400426,13.456071485995743,False,66.0,35.214152206485416,30.785847793514584,False,10.5,15.761455767861047,5.261455767861047,False,False
Dexcom GL,6,006_2023-04-15T08:45:00,ridge_100,66.0,57.98257868920581,8.017421310794191,False,22.0,33.329310440882814,11.329310440882814,False,42.0,19.574604791844234,22.425395208155766,False,False
Dexcom GL,6,006_2023-04-13T10:05:00,trees_1,66.0,62.22,3.780000000000001,True,22.0,33.88,11.880000000000003,False,10.5,20.895,10.395,False,False
Dexcom GL,6,006_2023-04-16T07:16:00,trees_1,24.0,38.7,14.700000000000003,False,22.0,27.28,5.280000000000001,False,10.5,12.705,2.205,False,False
Dexcom GL,6,006_2023-04-14T09:08:00,trees_1,66.0,61.8,4.200000000000003,True,66.0,47.52,18.479999999999997,False,10.5,15.855,5.355,False,False
Dexcom GL,6,006_2023-04-15T08:45:00,trees_1,66.0,64.32,1.6800000000000068,True,22.0,40.92,18.92,False,42.0,22.47,19.53,False,False
Dexcom GL,6,006_2023-04-13T10:05:00,trees_4,66.0,62.832,3.1679999999999993,True,22.0,34.92866666666668,12.928666666666679,False,10.5,20.91525,10.41525,False,False
Dexcom GL,6,006_2023-04-16T07:16:00,trees_4,24.0,44.29500000000001,20.29500000000001,False,22.0,29.372095238095234,7.372095238095234,False,10.5,13.847999999999997,3.347999999999997,False,False
Dexcom GL,6,006_2023-04-14T09:08:00,trees_4,66.0,61.739,4.261000000000003,True,66.0,42.615047619047616,23.384952380952384,False,10.5,17.837999999999997,7.337999999999997,False,False
Dexcom GL,6,006_2023-04-15T08:45:00,trees_4,66.0,62.209,3.790999999999997,True,22.0,35.74895238095238,13.748952380952382,False,42.0,23.612250000000003,18.387749999999997,False,False
Dexcom GL,6,006_2023-04-13T10:05:00,nested_selected,66.0,62.22,3.780000000000001,True,22.0,33.88,11.880000000000003,False,10.5,20.895,10.395,False,False
Dexcom GL,6,006_2023-04-16T07:16:00,nested_selected,24.0,38.7,14.700000000000003,False,22.0,27.28,5.280000000000001,False,10.5,12.705,2.205,False,False
Dexcom GL,6,006_2023-04-14T09:08:00,nested_selected,66.0,61.8,4.200000000000003,True,66.0,47.52,18.479999999999997,False,10.5,15.855,5.355,False,False
Dexcom GL,6,006_2023-04-15T08:45:00,nested_selected,66.0,64.32,1.6800000000000068,True,22.0,40.92,18.92,False,42.0,22.47,19.53,False,False
Dexcom GL,8,008_2023-02-05T09:57:00,calibration_mean,66.0,55.5,10.5,False,22.0,33.0,11.0,False,10.5,18.375,7.875,False,False
Dexcom GL,8,008_2023-02-08T08:01:00,calibration_mean,24.0,55.5,31.5,False,22.0,33.0,11.0,False,10.5,18.375,7.875,False,False
Dexcom GL,8,008_2023-02-06T08:13:00,calibration_mean,66.0,55.5,10.5,False,66.0,33.0,33.0,False,10.5,18.375,7.875,False,False
Dexcom GL,8,008_2023-02-07T08:07:00,calibration_mean,66.0,55.5,10.5,False,22.0,33.0,11.0,False,42.0,18.375,23.625,False,False
Dexcom GL,8,008_2023-02-05T09:57:00,calibration_median,66.0,66.0,0.0,True,22.0,22.0,0.0,True,10.5,10.5,0.0,True,True
Dexcom GL,8,008_2023-02-08T08:01:00,calibration_median,24.0,66.0,42.0,False,22.0,22.0,0.0,True,10.5,10.5,0.0,True,False
Dexcom GL,8,008_2023-02-06T08:13:00,calibration_median,66.0,66.0,0.0,True,66.0,22.0,44.0,False,10.5,10.5,0.0,True,False
Dexcom GL,8,008_2023-02-07T08:07:00,calibration_median,66.0,66.0,0.0,True,22.0,22.0,0.0,True,42.0,10.5,31.5,False,False
Dexcom GL,8,008_2023-02-05T09:57:00,nearest_personal_curve,66.0,66.0,0.0,True,22.0,22.0,0.0,True,10.5,10.5,0.0,True,True
Dexcom GL,8,008_2023-02-08T08:01:00,nearest_personal_curve,24.0,24.0,0.0,True,22.0,22.0,0.0,True,10.5,10.5,0.0,True,True
Dexcom GL,8,008_2023-02-06T08:13:00,nearest_personal_curve,66.0,66.0,0.0,True,66.0,66.0,0.0,True,10.5,10.5,0.0,True,True
Dexcom GL,8,008_2023-02-07T08:07:00,nearest_personal_curve,66.0,66.0,0.0,True,22.0,22.0,0.0,True,42.0,10.5,31.5,False,False
Dexcom GL,8,008_2023-02-05T09:57:00,ridge_0.1,66.0,50.17795471411305,15.82204528588695,False,22.0,0.0,22.0,False,10.5,32.95925465835457,22.459254658354567,False,False
Dexcom GL,8,008_2023-02-08T08:01:00,ridge_0.1,24.0,14.721108224941794,9.278891775058206,False,22.0,0.0,22.0,False,10.5,25.90694578548526,15.40694578548526,False,False
Dexcom GL,8,008_2023-02-06T08:13:00,ridge_0.1,66.0,17.302652823344076,48.697347176655924,False,66.0,0.0,66.0,False,10.5,29.275594647906853,18.775594647906853,False,False
Dexcom GL,8,008_2023-02-07T08:07:00,ridge_0.1,66.0,49.58382147638248,16.416178523617518,False,22.0,0.0,22.0,False,42.0,62.52077266583957,20.520772665839573,False,False
Dexcom GL,8,008_2023-02-05T09:57:00,ridge_1,66.0,54.8156167896822,11.184383210317797,False,22.0,23.873420929146448,1.873420929146448,True,10.5,11.878876229330219,1.3788762293302188,False,False
Dexcom GL,8,008_2023-02-08T08:01:00,ridge_1,24.0,26.679056974150708,2.6790569741507078,False,22.0,34.21217957223686,12.212179572236863,False,10.5,8.569518009986448,1.9304819900135524,False,False
Dexcom GL,8,008_2023-02-06T08:13:00,ridge_1,66.0,27.316920035731776,38.683079964268224,False,66.0,31.959390224986407,34.04060977501359,False,10.5,10.999668147032414,0.49966814703241447,True,False
Dexcom GL,8,008_2023-02-07T08:07:00,ridge_1,66.0,55.28302671002966,10.71697328997034,False,22.0,30.61364786307386,8.613647863073862,False,42.0,29.42454505274305,12.57545494725695,False,False
Dexcom GL,8,008_2023-02-05T09:57:00,ridge_10,66.0,60.65619235100002,5.343807648999977,True,22.0,34.88931843618513,12.889318436185128,False,10.5,14.992701491515504,4.492701491515504,False,False
Dexcom GL,8,008_2023-02-08T08:01:00,ridge_10,24.0,35.95651717420007,11.956517174200073,False,22.0,40.03364456466917,18.033644564669167,False,10.5,10.877959905261793,0.37795990526179324,True,False
Dexcom GL,8,008_2023-02-06T08:13:00,ridge_10,66.0,41.91128913617763,24.08871086382237,False,66.0,40.28469688524031,25.715303114759692,False,10.5,15.518389663437862,5.018389663437862,False,False
Dexcom GL,8,008_2023-02-07T08:07:00,ridge_10,66.0,53.06938549527765,12.93061450472235,False,22.0,35.438500587364906,13.438500587364906,False,42.0,19.88558112524275,22.11441887475725,False,False
Dexcom GL,8,008_2023-02-05T09:57:00,ridge_100,66.0,59.89156960872707,6.1084303912729325,True,22.0,33.28518579704078,11.285185797040782,False,10.5,17.448554865344683,6.948554865344683,False,False
Dexcom GL,8,008_2023-02-08T08:01:00,ridge_100,24.0,46.44553911393449,22.445539113934487,False,22.0,38.69681371447007,16.696813714470068,False,10.5,14.514881033902602,4.014881033902602,False,False
Dexcom GL,8,008_2023-02-06T08:13:00,ridge_100,66.0,52.71634227042343,13.283657729576568,False,66.0,37.46225050197611,28.537749498023892,False,10.5,18.53850726465239,8.038507264652392,False,False
Dexcom GL,8,008_2023-02-07T08:07:00,ridge_100,66.0,53.31665269749061,12.68334730250939,False,22.0,32.92512327842838,10.92512327842838,False,42.0,16.847050631218035,25.152949368781965,False,False
Dexcom GL,8,008_2023-02-05T09:57:00,trees_1,66.0,60.12,5.880000000000003,True,22.0,27.28,5.280000000000001,False,10.5,19.635,9.135000000000002,False,False
Dexcom GL,8,008_2023-02-08T08:01:00,trees_1,24.0,37.86,13.86,False,22.0,29.48,7.48,False,10.5,12.705,2.205,False,False
Dexcom GL,8,008_2023-02-06T08:13:00,trees_1,66.0,48.78,17.22,False,66.0,35.2,30.799999999999997,False,10.5,15.54,5.039999999999999,False,False
Dexcom GL,8,008_2023-02-07T08:07:00,trees_1,66.0,55.92,10.079999999999998,False,22.0,34.32,12.32,False,42.0,16.8,25.2,False,False
Dexcom GL,8,008_2023-02-05T09:57:00,trees_4,66.0,60.16600000000001,5.833999999999989,True,22.0,27.311428571428575,5.311428571428575,False,10.5,20.72025,10.22025,False,False
Dexcom GL,8,008_2023-02-08T08:01:00,trees_4,24.0,42.46900000000001,18.46900000000001,False,22.0,31.339523809523815,9.339523809523815,False,10.5,14.252999999999997,3.7529999999999966,False,False
Dexcom GL,8,008_2023-02-06T08:13:00,trees_4,66.0,51.163999999999994,14.836000000000006,False,66.0,31.676857142857138,34.32314285714286,False,10.5,16.39125,5.891249999999999,False,False
Dexcom GL,8,008_2023-02-07T08:07:00,trees_4,66.0,54.783,11.216999999999999,False,22.0,34.94752380952381,12.947523809523808,False,42.0,15.66075,26.33925,False,False
Dexcom GL,8,008_2023-02-05T09:57:00,nested_selected,66.0,60.12,5.880000000000003,True,22.0,27.28,5.280000000000001,False,10.5,19.635,9.135000000000002,False,False
Dexcom GL,8,008_2023-02-08T08:01:00,nested_selected,24.0,37.86,13.86,False,22.0,29.48,7.48,False,10.5,12.705,2.205,False,False
Dexcom GL,8,008_2023-02-06T08:13:00,nested_selected,66.0,48.78,17.22,False,66.0,35.2,30.799999999999997,False,10.5,15.54,5.039999999999999,False,False
Dexcom GL,8,008_2023-02-07T08:07:00,nested_selected,66.0,55.92,10.079999999999998,False,22.0,34.32,12.32,False,42.0,16.8,25.2,False,False
Dexcom GL,9,009_2020-09-21T08:39:00,calibration_mean,66.0,55.5,10.5,False,22.0,33.0,11.0,False,10.5,18.375,7.875,False,False
Dexcom GL,9,009_2020-09-24T07:51:00,calibration_mean,24.0,55.5,31.5,False,22.0,33.0,11.0,False,10.5,18.375,7.875,False,False
Dexcom GL,9,009_2020-09-22T07:37:00,calibration_mean,66.0,55.5,10.5,False,66.0,33.0,33.0,False,10.5,18.375,7.875,False,False
Dexcom GL,9,009_2020-09-23T07:29:00,calibration_mean,66.0,55.5,10.5,False,22.0,33.0,11.0,False,42.0,18.375,23.625,False,False
Dexcom GL,9,009_2020-09-21T08:39:00,calibration_median,66.0,66.0,0.0,True,22.0,22.0,0.0,True,10.5,10.5,0.0,True,True
Dexcom GL,9,009_2020-09-24T07:51:00,calibration_median,24.0,66.0,42.0,False,22.0,22.0,0.0,True,10.5,10.5,0.0,True,False
Dexcom GL,9,009_2020-09-22T07:37:00,calibration_median,66.0,66.0,0.0,True,66.0,22.0,44.0,False,10.5,10.5,0.0,True,False
Dexcom GL,9,009_2020-09-23T07:29:00,calibration_median,66.0,66.0,0.0,True,22.0,22.0,0.0,True,42.0,10.5,31.5,False,False
Dexcom GL,9,009_2020-09-21T08:39:00,nearest_personal_curve,66.0,66.0,0.0,True,22.0,22.0,0.0,True,10.5,42.0,31.5,False,False
Dexcom GL,9,009_2020-09-24T07:51:00,nearest_personal_curve,24.0,24.0,0.0,True,22.0,22.0,0.0,True,10.5,10.5,0.0,True,True
Dexcom GL,9,009_2020-09-22T07:37:00,nearest_personal_curve,66.0,66.0,0.0,True,66.0,22.0,44.0,False,10.5,42.0,31.5,False,False
Dexcom GL,9,009_2020-09-23T07:29:00,nearest_personal_curve,66.0,66.0,0.0,True,22.0,22.0,0.0,True,42.0,42.0,0.0,True,True
Dexcom GL,9,009_2020-09-21T08:39:00,ridge_0.1,66.0,33.840424155904515,32.159575844095485,False,22.0,0.0,22.0,False,10.5,53.705859313345314,43.205859313345314,False,False
Dexcom GL,9,009_2020-09-24T07:51:00,ridge_0.1,24.0,0.9727359168137752,23.027264083186225,False,22.0,0.0,22.0,False,10.5,50.00991959870069,39.50991959870069,False,False
Dexcom GL,9,009_2020-09-22T07:37:00,ridge_0.1,66.0,29.549105538880763,36.45089446111923,False,66.0,0.0,66.0,False,10.5,58.01850104942281,47.51850104942281,False,False
Dexcom GL,9,009_2020-09-23T07:29:00,ridge_0.1,66.0,28.0855823605686,37.9144176394314,False,22.0,0.0,22.0,False,42.0,48.581830422142424,6.581830422142424,False,False
Dexcom GL,9,009_2020-09-21T08:39:00,ridge_1,66.0,73.76883283054143,7.768832830541427,False,22.0,9.919429986808932,12.080570013191068,False,10.5,38.59717130032029,28.09717130032029,False,False
Dexcom GL,9,009_2020-09-24T07:51:00,ridge_1,24.0,41.17410079528965,17.174100795289647,False,22.0,0.6991095915023067,21.300890408497693,False,10.5,30.97088162142393,20.47088162142393,False,False
Dexcom GL,9,009_2020-09-22T07:37:00,ridge_1,66.0,63.869011015840535,2.1309889841594654,True,66.0,4.5485269724556225,61.45147302754438,False,10.5,41.1901833465668,30.690183346566798,False,False
Dexcom GL,9,009_2020-09-23T07:29:00,ridge_1,66.0,65.76920568830488,0.23079431169512077,True,22.0,11.428176880762937,10.571823119237063,False,42.0,33.88242341049038,8.117576589509618,False,False
Dexcom GL,9,009_2020-09-21T08:39:00,ridge_10,66.0,70.46724717368281,4.467247173682807,True,22.0,26.611206441943544,4.611206441943544,False,10.5,31.72819086235273,21.22819086235273,False,False
Dexcom GL,9,009_2020-09-24T07:51:00,ridge_10,24.0,46.28362196225382,22.283621962253818,False,22.0,24.50485399771534,2.5048539977153403,False,10.5,19.232662646698937,8.732662646698937,False,False
Dexcom GL,9,009_2020-09-22T07:37:00,ridge_10,66.0,65.0567559613821,0.9432440386179053,True,66.0,28.8933352283578,37.1066647716422,False,10.5,30.738599885431984,20.238599885431984,False,False
Dexcom GL,9,009_2020-09-23T07:29:00,ridge_10,66.0,67.41755743206907,1.4175574320690743,True,22.0,28.13431233130359,6.13431233130359,False,42.0,29.78302328882737,12.21697671117263,False,False
Dexcom GL,9,009_2020-09-21T08:39:00,ridge_100,66.0,60.970073513621685,5.029926486378315,True,22.0,31.252321639573285,9.252321639573285,False,10.5,23.546268188280703,13.046268188280703,False,False
Dexcom GL,9,009_2020-09-24T07:51:00,ridge_100,24.0,49.73305165027545,25.73305165027545,False,22.0,29.965742739623938,7.965742739623938,False,10.5,14.422817725407157,3.922817725407157,False,False
Dexcom GL,9,009_2020-09-22T07:37:00,ridge_100,66.0,59.194425419086116,6.805574580913884,False,66.0,32.439861178763664,33.560138821236336,False,10.5,21.90688402607493,11.40688402607493,False,False
Dexcom GL,9,009_2020-09-23T07:29:00,ridge_100,66.0,61.09526097286133,4.9047390271386675,True,22.0,30.835649480261157,8.835649480261157,False,42.0,23.37600967660438,18.62399032339562,False,False
Dexcom GL,9,009_2020-09-21T08:39:00,trees_1,66.0,64.32,1.6800000000000068,True,22.0,37.4,15.399999999999999,False,10.5,21.84,11.34,False,False
Dexcom GL,9,009_2020-09-24T07:51:00,trees_1,24.0,40.38,16.380000000000003,False,22.0,25.96,3.960000000000001,False,10.5,14.91,4.41,False,False
Dexcom GL,9,009_2020-09-22T07:37:00,trees_1,66.0,60.96,5.039999999999999,True,66.0,36.08,29.92,False,10.5,19.95,9.45,False,False
Dexcom GL,9,009_2020-09-23T07:29:00,trees_1,66.0,62.22,3.780000000000001,True,22.0,31.24,9.239999999999998,False,42.0,23.73,18.27,False,False
Dexcom GL,9,009_2020-09-21T08:39:00,trees_4,66.0,62.328,3.671999999999997,True,22.0,32.5987619047619,10.5987619047619,False,10.5,23.51775,13.01775,False,False
Dexcom GL,9,009_2020-09-24T07:51:00,trees_4,24.0,47.413999999999994,23.413999999999994,False,22.0,29.489428571428572,7.489428571428572,False,10.5,15.756749999999997,5.256749999999997,False,False
Dexcom GL,9,009_2020-09-22T07:37:00,trees_4,66.0,60.81499999999999,5.185000000000009,True,66.0,31.065047619047615,34.93495238095238,False,10.5,22.85475,12.35475,False,False
Dexcom GL,9,009_2020-09-23T07:29:00,trees_4,66.0,62.821999999999996,3.1780000000000044,True,22.0,30.44904761904762,8.449047619047619,False,42.0,23.908499999999993,18.091500000000007,False,False
Dexcom GL,9,009_2020-09-21T08:39:00,nested_selected,66.0,62.328,3.671999999999997,True,22.0,32.5987619047619,10.5987619047619,False,10.5,23.51775,13.01775,False,False
Dexcom GL,9,009_2020-09-24T07:51:00,nested_selected,24.0,47.413999999999994,23.413999999999994,False,22.0,29.489428571428572,7.489428571428572,False,10.5,15.756749999999997,5.256749999999997,False,False
Dexcom GL,9,009_2020-09-22T07:37:00,nested_selected,66.0,60.81499999999999,5.185000000000009,True,66.0,31.065047619047615,34.93495238095238,False,10.5,22.85475,12.35475,False,False
Dexcom GL,9,009_2020-09-23T07:29:00,nested_selected,66.0,62.821999999999996,3.1780000000000044,True,22.0,30.44904761904762,8.449047619047619,False,42.0,23.908499999999993,18.091500000000007,False,False
Dexcom GL,10,010_2020-06-27T05:25:00,calibration_mean,66.0,55.5,10.5,False,22.0,33.0,11.0,False,10.5,18.375,7.875,False,False
Dexcom GL,10,010_2020-06-30T07:27:00,calibration_mean,24.0,55.5,31.5,False,22.0,33.0,11.0,False,10.5,18.375,7.875,False,False
Dexcom GL,10,010_2020-06-28T05:16:00,calibration_mean,66.0,55.5,10.5,False,66.0,33.0,33.0,False,10.5,18.375,7.875,False,False
Dexcom GL,10,010_2020-06-29T06:06:00,calibration_mean,66.0,55.5,10.5,False,22.0,33.0,11.0,False,42.0,18.375,23.625,False,False
Dexcom GL,10,010_2020-06-27T05:25:00,calibration_median,66.0,66.0,0.0,True,22.0,22.0,0.0,True,10.5,10.5,0.0,True,True
Dexcom GL,10,010_2020-06-30T07:27:00,calibration_median,24.0,66.0,42.0,False,22.0,22.0,0.0,True,10.5,10.5,0.0,True,False
Dexcom GL,10,010_2020-06-28T05:16:00,calibration_median,66.0,66.0,0.0,True,66.0,22.0,44.0,False,10.5,10.5,0.0,True,False
Dexcom GL,10,010_2020-06-29T06:06:00,calibration_median,66.0,66.0,0.0,True,22.0,22.0,0.0,True,42.0,10.5,31.5,False,False
Dexcom GL,10,010_2020-06-27T05:25:00,nearest_personal_curve,66.0,66.0,0.0,True,22.0,22.0,0.0,True,10.5,10.5,0.0,True,True
Dexcom GL,10,010_2020-06-30T07:27:00,nearest_personal_curve,24.0,24.0,0.0,True,22.0,22.0,0.0,True,10.5,10.5,0.0,True,True
Dexcom GL,10,010_2020-06-28T05:16:00,nearest_personal_curve,66.0,66.0,0.0,True,66.0,22.0,44.0,False,10.5,42.0,31.5,False,False
Dexcom GL,10,010_2020-06-29T06:06:00,nearest_personal_curve,66.0,66.0,0.0,True,22.0,66.0,44.0,False,42.0,10.5,31.5,False,False
Dexcom GL,10,010_2020-06-27T05:25:00,ridge_0.1,66.0,126.70632690697525,60.70632690697525,False,22.0,173.82054251403352,151.82054251403352,False,10.5,0.0,10.5,False,False
Dexcom GL,10,010_2020-06-30T07:27:00,ridge_0.1,24.0,106.02321392798483,82.02321392798483,False,22.0,150.92847956913022,128.92847956913022,False,10.5,0.0,10.5,False,False
Dexcom GL,10,010_2020-06-28T05:16:00,ridge_0.1,66.0,125.6179037897249,59.617903789724906,False,66.0,126.8208717878884,60.82087178788839,False,10.5,9.264846765479582,1.2351532345204177,False,False
Dexcom GL,10,010_2020-06-29T06:06:00,ridge_0.1,66.0,194.15993550852977,128.15993550852977,False,22.0,192.61709420868195,170.61709420868195,False,42.0,0.0,42.0,False,False
Dexcom GL,10,010_2020-06-27T05:25:00,ridge_1,66.0,97.47987612540933,31.479876125409334,False,22.0,82.3338740916486,60.333874091648596,False,10.5,8.044549296180453,2.4554507038195474,False,False
Dexcom GL,10,010_2020-06-30T07:27:00,ridge_1,24.0,68.01498500309347,44.01498500309347,False,22.0,68.8187269821518,46.8187269821518,False,10.5,3.750181607521892,6.749818392478108,False,False
Dexcom GL,10,010_2020-06-28T05:16:00,ridge_1,66.0,94.72234731723896,28.722347317238956,False,66.0,51.540659825674965,14.459340174325035,False,10.5,33.22810623636641,22.728106236366408,False,False
Dexcom GL,10,010_2020-06-29T06:06:00,ridge_1,66.0,137.41518607700164,71.41518607700164,False,22.0,104.14658426806315,82.14658426806315,False,42.0,5.765579887045099,36.2344201129549,False,False
Dexcom GL,10,010_2020-06-27T05:25:00,ridge_10,66.0,78.99364246086905,12.993642460869054,False,22.0,43.07975719875876,21.079757198758763,False,10.5,19.076401699479653,8.576401699479653,False,False
Dexcom GL,10,010_2020-06-30T07:27:00,ridge_10,24.0,50.95068407557576,26.950684075575758,False,22.0,42.76418797792889,20.76418797792889,False,10.5,9.162048086384209,1.3379519136157914,False,False
Dexcom GL,10,010_2020-06-28T05:16:00,ridge_10,66.0,72.77579641322173,6.775796413221727,False,66.0,29.247223621948457,36.75277637805154,False,10.5,31.432161099693694,20.932161099693694,False,False
Dexcom GL,10,010_2020-06-29T06:06:00,ridge_10,66.0,103.02789890523393,37.027898905233926,False,22.0,55.93747913841075,33.93747913841075,False,42.0,19.299988676163423,22.700011323836577,False,False
Dexcom GL,10,010_2020-06-27T05:25:00,ridge_100,66.0,63.846506820405686,2.1534931795943137,True,22.0,31.27554273130928,9.27554273130928,False,10.5,19.455464566495074,8.955464566495074,False,False
Dexcom GL,10,010_2020-06-30T07:27:00,ridge_100,24.0,45.950687606640415,21.950687606640415,False,22.0,35.33669279241774,13.336692792417743,False,10.5,10.591718979658676,0.09171897965867615,True,False
Dexcom GL,10,010_2020-06-28T05:16:00,ridge_100,66.0,61.4373904041196,4.562609595880403,True,66.0,27.48519093099015,38.51480906900985,False,10.5,24.668185160203635,14.168185160203635,False,False
Dexcom GL,10,010_2020-06-29T06:06:00,ridge_100,66.0,80.16795831268526,14.167958312685258,False,22.0,35.55269968611772,13.55269968611772,False,42.0,23.13711866821378,18.86288133178622,False,False
Dexcom GL,10,010_2020-06-27T05:25:00,trees_1,66.0,59.28,6.719999999999999,False,22.0,31.68,9.68,False,10.5,16.8,6.300000000000001,False,False
Dexcom GL,10,010_2020-06-30T07:27:00,trees_1,24.0,45.84,21.840000000000003,False,22.0,34.32,12.32,False,10.5,13.335,2.835000000000001,False,False
Dexcom GL,10,010_2020-06-28T05:16:00,trees_1,66.0,60.54,5.460000000000001,True,66.0,27.72,38.28,False,10.5,24.675,14.175,False,False
Dexcom GL,10,010_2020-06-29T06:06:00,trees_1,66.0,63.48,2.520000000000003,True,22.0,40.04,18.04,False,42.0,16.17,25.83,False,False
Dexcom GL,10,010_2020-06-27T05:25:00,trees_4,66.0,59.774000000000015,6.225999999999985,True,22.0,31.07342857142858,9.073428571428579,False,10.5,18.599999999999998,8.099999999999998,False,False
Dexcom GL,10,010_2020-06-30T07:27:00,trees_4,24.0,47.867999999999995,23.867999999999995,False,22.0,34.91085714285715,12.910857142857147,False,10.5,13.104,2.603999999999999,False,False
Dexcom GL,10,010_2020-06-28T05:16:00,trees_4,66.0,61.81100000000001,4.188999999999993,True,66.0,32.89314285714286,33.10685714285714,False,10.5,21.384750000000004,10.884750000000004,False,False
Dexcom GL,10,010_2020-06-29T06:06:00,trees_4,66.0,63.68500000000001,2.3149999999999906,True,22.0,30.409238095238088,8.409238095238088,False,42.0,22.60275,19.39725,False,False
Dexcom GL,10,010_2020-06-27T05:25:00,nested_selected,66.0,59.28,6.719999999999999,False,22.0,31.68,9.68,False,10.5,16.8,6.300000000000001,False,False
Dexcom GL,10,010_2020-06-30T07:27:00,nested_selected,24.0,45.84,21.840000000000003,False,22.0,34.32,12.32,False,10.5,13.335,2.835000000000001,False,False
Dexcom GL,10,010_2020-06-28T05:16:00,nested_selected,66.0,60.54,5.460000000000001,True,66.0,27.72,38.28,False,10.5,24.675,14.175,False,False
Dexcom GL,10,010_2020-06-29T06:06:00,nested_selected,66.0,63.48,2.520000000000003,True,22.0,40.04,18.04,False,42.0,16.17,25.83,False,False
Dexcom GL,14,014_2023-05-15T07:29:00,calibration_mean,66.0,55.5,10.5,False,22.0,33.0,11.0,False,10.5,18.375,7.875,False,False
Dexcom GL,14,014_2023-05-18T08:15:00,calibration_mean,24.0,55.5,31.5,False,22.0,33.0,11.0,False,10.5,18.375,7.875,False,False
Dexcom GL,14,014_2023-05-16T07:28:00,calibration_mean,66.0,55.5,10.5,False,66.0,33.0,33.0,False,10.5,18.375,7.875,False,False
Dexcom GL,14,014_2023-05-17T08:34:00,calibration_mean,66.0,55.5,10.5,False,22.0,33.0,11.0,False,42.0,18.375,23.625,False,False
Dexcom GL,14,014_2023-05-15T07:29:00,calibration_median,66.0,66.0,0.0,True,22.0,22.0,0.0,True,10.5,10.5,0.0,True,True
Dexcom GL,14,014_2023-05-18T08:15:00,calibration_median,24.0,66.0,42.0,False,22.0,22.0,0.0,True,10.5,10.5,0.0,True,False
Dexcom GL,14,014_2023-05-16T07:28:00,calibration_median,66.0,66.0,0.0,True,66.0,22.0,44.0,False,10.5,10.5,0.0,True,False
Dexcom GL,14,014_2023-05-17T08:34:00,calibration_median,66.0,66.0,0.0,True,22.0,22.0,0.0,True,42.0,10.5,31.5,False,False
Dexcom GL,14,014_2023-05-15T07:29:00,nearest_personal_curve,66.0,66.0,0.0,True,22.0,22.0,0.0,True,10.5,10.5,0.0,True,True
Dexcom GL,14,014_2023-05-18T08:15:00,nearest_personal_curve,24.0,66.0,42.0,False,22.0,66.0,44.0,False,10.5,10.5,0.0,True,False
Dexcom GL,14,014_2023-05-16T07:28:00,nearest_personal_curve,66.0,24.0,42.0,False,66.0,22.0,44.0,False,10.5,10.5,0.0,True,False
Dexcom GL,14,014_2023-05-17T08:34:00,nearest_personal_curve,66.0,66.0,0.0,True,22.0,22.0,0.0,True,42.0,42.0,0.0,True,True
Dexcom GL,14,014_2023-05-15T07:29:00,ridge_0.1,66.0,139.10704404436825,73.10704404436825,False,22.0,0.0,22.0,False,10.5,86.64096498523368,76.14096498523368,False,False
Dexcom GL,14,014_2023-05-18T08:15:00,ridge_0.1,24.0,73.00733174064183,49.00733174064183,False,22.0,0.0,22.0,False,10.5,39.714952626089804,29.214952626089804,False,False
Dexcom GL,14,014_2023-05-16T07:28:00,ridge_0.1,66.0,66.50240366830839,0.5024036683083892,True,66.0,0.0,66.0,False,10.5,62.12208521146838,51.62208521146838,False,False
Dexcom GL,14,014_2023-05-17T08:34:00,ridge_0.1,66.0,77.7610319151699,11.761031915169895,False,22.0,4.940933047851519,17.05906695214848,False,42.0,38.582575690353906,3.417424309646094,True,False
Dexcom GL,14,014_2023-05-15T07:29:00,ridge_1,66.0,99.4980983100152,33.498098310015195,False,22.0,0.0,22.0,False,10.5,58.99790334457929,48.49790334457929,False,False
Dexcom GL,14,014_2023-05-18T08:15:00,ridge_1,24.0,56.94655733449039,32.94655733449039,False,22.0,11.385352731948618,10.614647268051382,False,10.5,30.555139861985197,20.055139861985197,False,False
Dexcom GL,14,014_2023-05-16T07:28:00,ridge_1,66.0,42.14270332898909,23.857296671010907,False,66.0,0.0,66.0,False,10.5,44.10361736598417,33.60361736598417,False,False
Dexcom GL,14,014_2023-05-17T08:34:00,ridge_1,66.0,64.50967639274877,1.4903236072512271,True,22.0,22.90978389063317,0.9097838906331717,True,42.0,33.56656812590853,8.433431874091468,False,False
Dexcom GL,14,014_2023-05-15T07:29:00,ridge_10,66.0,79.49754162431934,13.49754162431934,False,22.0,9.900714951114313,12.099285048885687,False,10.5,31.946435759173337,21.446435759173337,False,False
Dexcom GL,14,014_2023-05-18T08:15:00,ridge_10,24.0,52.140734660727155,28.140734660727155,False,22.0,28.540595869309435,6.540595869309435,False,10.5,18.784827451684375,8.284827451684375,False,False
Dexcom GL,14,014_2023-05-16T07:28:00,ridge_10,66.0,37.44010847251145,28.559891527488553,False,66.0,20.388464138707054,45.61153586129295,False,10.5,19.218084747710492,8.718084747710492,False,False
Dexcom GL,14,014_2023-05-17T08:34:00,ridge_10,66.0,59.80674312298567,6.193256877014328,True,22.0,34.08326097557037,12.083260975570369,False,42.0,24.4820041823154,17.5179958176846,False,False
Dexcom GL,14,014_2023-05-15T07:29:00,ridge_100,66.0,66.88715540956254,0.8871554095625385,True,22.0,26.008204320911577,4.008204320911577,False,10.5,22.19263422215441,11.69263422215441,False,False
Dexcom GL,14,014_2023-05-18T08:15:00,ridge_100,24.0,52.95475224719531,28.95475224719531,False,22.0,35.20773328673856,13.20773328673856,False,10.5,15.232637851669963,4.732637851669963,False,False
Dexcom GL,14,014_2023-05-16T07:28:00,ridge_100,66.0,42.1416987390296,23.8583012609704,False,66.0,31.709175909629153,34.29082409037085,False,10.5,12.442850134189015,1.9428501341890154,False,False
Dexcom GL,14,014_2023-05-17T08:34:00,ridge_100,66.0,60.22941109974205,5.770588900257948,True,22.0,35.4987529749093,13.498752974909301,False,42.0,20.53834899949079,21.46165100050921,False,False
Dexcom GL,14,014_2023-05-15T07:29:00,trees_1,66.0,60.12,5.880000000000003,True,22.0,24.64,2.6400000000000006,False,10.5,25.935,15.434999999999999,False,False
Dexcom GL,14,014_2023-05-18T08:15:00,trees_1,24.0,59.7,35.7,False,22.0,47.52,25.520000000000003,False,10.5,14.28,3.7799999999999994,False,False
Dexcom GL,14,014_2023-05-16T07:28:00,trees_1,66.0,41.22,24.78,False,66.0,29.04,36.96,False,10.5,13.65,3.1500000000000004,False,False
Dexcom GL,14,014_2023-05-17T08:34:00,trees_1,66.0,61.38,4.619999999999997,True,22.0,34.76,12.759999999999998,False,42.0,20.58,21.42,False,False
Dexcom GL,14,014_2023-05-15T07:29:00,trees_4,66.0,61.02199999999999,4.978000000000009,True,22.0,25.686571428571433,3.6865714285714333,False,10.5,26.604000000000006,16.104000000000006,False,False
Dexcom GL,14,014_2023-05-18T08:15:00,trees_4,24.0,60.20399999999999,36.20399999999999,False,22.0,41.9655238095238,19.965523809523802,False,10.5,15.791999999999994,5.2919999999999945,False,False
Dexcom GL,14,014_2023-05-16T07:28:00,trees_4,66.0,39.687,26.313000000000002,False,66.0,27.487428571428566,38.512571428571434,False,10.5,13.142249999999999,2.642249999999999,False,False
Dexcom GL,14,014_2023-05-17T08:34:00,trees_4,66.0,59.56000000000001,6.439999999999991,True,22.0,32.09171428571429,10.09171428571429,False,42.0,18.964499999999997,23.035500000000003,False,False
Dexcom GL,14,014_2023-05-15T07:29:00,nested_selected,66.0,60.12,5.880000000000003,True,22.0,24.64,2.6400000000000006,False,10.5,25.935,15.434999999999999,False,False
Dexcom GL,14,014_2023-05-18T08:15:00,nested_selected,24.0,59.7,35.7,False,22.0,47.52,25.520000000000003,False,10.5,14.28,3.7799999999999994,False,False
Dexcom GL,14,014_2023-05-16T07:28:00,nested_selected,66.0,41.22,24.78,False,66.0,29.04,36.96,False,10.5,13.65,3.1500000000000004,False,False
Dexcom GL,14,014_2023-05-17T08:34:00,nested_selected,66.0,61.38,4.619999999999997,True,22.0,34.76,12.759999999999998,False,42.0,20.58,21.42,False,False
Dexcom GL,17,017_2023-10-16T09:41:00,calibration_mean,66.0,55.5,10.5,False,22.0,33.0,11.0,False,10.5,18.375,7.875,False,False
Dexcom GL,17,017_2023-10-19T08:30:00,calibration_mean,24.0,55.5,31.5,False,22.0,33.0,11.0,False,10.5,18.375,7.875,False,False
Dexcom GL,17,017_2023-10-17T11:12:00,calibration_mean,66.0,55.5,10.5,False,66.0,33.0,33.0,False,10.5,18.375,7.875,False,False
Dexcom GL,17,017_2023-10-18T11:43:00,calibration_mean,66.0,55.5,10.5,False,22.0,33.0,11.0,False,42.0,18.375,23.625,False,False
Dexcom GL,17,017_2023-10-16T09:41:00,calibration_median,66.0,66.0,0.0,True,22.0,22.0,0.0,True,10.5,10.5,0.0,True,True
Dexcom GL,17,017_2023-10-19T08:30:00,calibration_median,24.0,66.0,42.0,False,22.0,22.0,0.0,True,10.5,10.5,0.0,True,False
Dexcom GL,17,017_2023-10-17T11:12:00,calibration_median,66.0,66.0,0.0,True,66.0,22.0,44.0,False,10.5,10.5,0.0,True,False
Dexcom GL,17,017_2023-10-18T11:43:00,calibration_median,66.0,66.0,0.0,True,22.0,22.0,0.0,True,42.0,10.5,31.5,False,False
Dexcom GL,17,017_2023-10-16T09:41:00,nearest_personal_curve,66.0,24.0,42.0,False,22.0,22.0,0.0,True,10.5,10.5,0.0,True,False
Dexcom GL,17,017_2023-10-19T08:30:00,nearest_personal_curve,24.0,24.0,0.0,True,22.0,22.0,0.0,True,10.5,10.5,0.0,True,True
Dexcom GL,17,017_2023-10-17T11:12:00,nearest_personal_curve,66.0,66.0,0.0,True,66.0,66.0,0.0,True,10.5,10.5,0.0,True,True
Dexcom GL,17,017_2023-10-18T11:43:00,nearest_personal_curve,66.0,24.0,42.0,False,22.0,22.0,0.0,True,42.0,10.5,31.5,False,False
Dexcom GL,17,017_2023-10-16T09:41:00,ridge_0.1,66.0,0.0,66.0,False,22.0,0.0,22.0,False,10.5,53.28896857605249,42.78896857605249,False,False
Dexcom GL,17,017_2023-10-19T08:30:00,ridge_0.1,24.0,19.342514543943054,4.657485456056946,False,22.0,0.0,22.0,False,10.5,58.655646675807006,48.155646675807006,False,False
Dexcom GL,17,017_2023-10-17T11:12:00,ridge_0.1,66.0,6.062785269467184,59.937214730532816,False,66.0,0.0,66.0,False,10.5,68.97162459046825,58.47162459046825,False,False
Dexcom GL,17,017_2023-10-18T11:43:00,ridge_0.1,66.0,28.78996349382234,37.21003650617766,False,22.0,0.0,22.0,False,42.0,73.58046533367117,31.58046533367117,False,False
Dexcom GL,17,017_2023-10-16T09:41:00,ridge_1,66.0,12.265130698960697,53.7348693010393,False,22.0,1.8373504151120592,20.16264958488794,False,10.5,26.83108569604136,16.33108569604136,False,False
Dexcom GL,17,017_2023-10-19T08:30:00,ridge_1,24.0,30.051253541597106,6.051253541597106,False,22.0,0.0,22.0,False,10.5,29.669029592354413,19.169029592354413,False,False
Dexcom GL,17,017_2023-10-17T11:12:00,ridge_1,66.0,18.643868330977426,47.356131669022574,False,66.0,3.6240570691736025,62.3759429308264,False,10.5,38.58900651210299,28.08900651210299,False,False
Dexcom GL,17,017_2023-10-18T11:43:00,ridge_1,66.0,32.34327139361019,33.65672860638981,False,22.0,1.0846875034096684,20.91531249659033,False,42.0,39.36921618470024,2.6307838152997576,True,False
Dexcom GL,17,017_2023-10-16T09:41:00,ridge_10,66.0,37.75333310232684,28.24666689767316,False,22.0,32.11211590051626,10.112115900516258,False,10.5,18.882402867193118,8.382402867193118,False,False
Dexcom GL,17,017_2023-10-19T08:30:00,ridge_10,24.0,39.121417995430036,15.121417995430036,False,22.0,25.25149710119808,3.2514971011980798,False,10.5,17.11729303720826,6.61729303720826,False,False
Dexcom GL,17,017_2023-10-17T11:12:00,ridge_10,66.0,32.590563660535736,33.409436339464264,False,66.0,26.981830869696125,39.018169130303875,False,10.5,17.49977921902251,6.9997792190225105,False,False
Dexcom GL,17,017_2023-10-18T11:43:00,ridge_10,66.0,42.989500900713985,23.010499099286015,False,22.0,29.66700073423798,7.6670007342379805,False,42.0,21.893770684320256,20.106229315679744,False,False
Dexcom GL,17,017_2023-10-16T09:41:00,ridge_100,66.0,49.823316730282684,16.176683269717316,False,22.0,37.568064631505,15.568064631505003,False,10.5,18.739509491375607,8.239509491375607,False,False
Dexcom GL,17,017_2023-10-19T08:30:00,ridge_100,24.0,45.59270746223093,21.592707462230933,False,22.0,34.504730869304616,12.504730869304616,False,10.5,16.113269155414912,5.613269155414912,False,False
Dexcom GL,17,017_2023-10-17T11:12:00,ridge_100,66.0,46.08777297217604,19.91222702782396,False,66.0,32.024745455684844,33.975254544315156,False,10.5,15.744388872422459,5.2443888724224585,False,False
Dexcom GL,17,017_2023-10-18T11:43:00,ridge_100,66.0,51.83470980815474,14.165290191845259,False,22.0,36.46032773710901,14.460327737109012,False,42.0,19.85856178151937,22.14143821848063,False,False
Dexcom GL,17,017_2023-10-16T09:41:00,trees_1,66.0,58.02,7.979999999999997,False,22.0,41.8,19.799999999999997,False,10.5,15.225,4.725,False,False
Dexcom GL,17,017_2023-10-19T08:30:00,trees_1,24.0,47.94,23.939999999999998,False,22.0,29.92,7.920000000000002,False,10.5,16.485,5.984999999999999,False,False
Dexcom GL,17,017_2023-10-17T11:12:00,trees_1,66.0,56.34,9.659999999999997,False,66.0,27.72,38.28,False,10.5,19.95,9.45,False,False
Dexcom GL,17,017_2023-10-18T11:43:00,trees_1,66.0,58.44,7.560000000000002,False,22.0,36.96,14.96,False,42.0,19.95,22.05,False,False
Dexcom GL,17,017_2023-10-16T09:41:00,trees_4,66.0,55.489000000000004,10.510999999999996,False,22.0,39.6335238095238,17.6335238095238,False,10.5,15.80625,5.30625,False,False
Dexcom GL,17,017_2023-10-19T08:30:00,trees_4,24.0,47.571999999999996,23.571999999999996,False,22.0,31.967047619047626,9.967047619047626,False,10.5,15.312000000000001,4.812000000000001,False,False
Dexcom GL,17,017_2023-10-17T11:12:00,trees_4,66.0,58.32999999999999,7.670000000000009,False,66.0,33.77628571428572,32.22371428571428,False,10.5,19.479,8.979,False,False
Dexcom GL,17,017_2023-10-18T11:43:00,trees_4,66.0,57.228999999999985,8.771000000000015,False,22.0,38.036952380952386,16.036952380952386,False,42.0,17.241749999999996,24.758250000000004,False,False
Dexcom GL,17,017_2023-10-16T09:41:00,nested_selected,66.0,58.02,7.979999999999997,False,22.0,41.8,19.799999999999997,False,10.5,15.225,4.725,False,False
Dexcom GL,17,017_2023-10-19T08:30:00,nested_selected,24.0,47.94,23.939999999999998,False,22.0,29.92,7.920000000000002,False,10.5,16.485,5.984999999999999,False,False
Dexcom GL,17,017_2023-10-17T11:12:00,nested_selected,66.0,56.34,9.659999999999997,False,66.0,27.72,38.28,False,10.5,19.95,9.45,False,False
Dexcom GL,17,017_2023-10-18T11:43:00,nested_selected,66.0,58.44,7.560000000000002,False,22.0,36.96,14.96,False,42.0,19.95,22.05,False,False
Dexcom GL,27,027_2024-06-16T10:15:00,calibration_mean,66.0,55.5,10.5,False,22.0,33.0,11.0,False,10.5,18.375,7.875,False,False
Dexcom GL,27,027_2024-06-19T10:11:00,calibration_mean,24.0,55.5,31.5,False,22.0,33.0,11.0,False,10.5,18.375,7.875,False,False
Dexcom GL,27,027_2024-06-17T08:15:00,calibration_mean,66.0,55.5,10.5,False,66.0,33.0,33.0,False,10.5,18.375,7.875,False,False
Dexcom GL,27,027_2024-06-18T09:20:00,calibration_mean,66.0,55.5,10.5,False,22.0,33.0,11.0,False,42.0,18.375,23.625,False,False
Dexcom GL,27,027_2024-06-16T10:15:00,calibration_median,66.0,66.0,0.0,True,22.0,22.0,0.0,True,10.5,10.5,0.0,True,True
Dexcom GL,27,027_2024-06-19T10:11:00,calibration_median,24.0,66.0,42.0,False,22.0,22.0,0.0,True,10.5,10.5,0.0,True,False
Dexcom GL,27,027_2024-06-17T08:15:00,calibration_median,66.0,66.0,0.0,True,66.0,22.0,44.0,False,10.5,10.5,0.0,True,False
Dexcom GL,27,027_2024-06-18T09:20:00,calibration_median,66.0,66.0,0.0,True,22.0,22.0,0.0,True,42.0,10.5,31.5,False,False
Dexcom GL,27,027_2024-06-16T10:15:00,nearest_personal_curve,66.0,24.0,42.0,False,22.0,22.0,0.0,True,10.5,10.5,0.0,True,False
Dexcom GL,27,027_2024-06-19T10:11:00,nearest_personal_curve,24.0,24.0,0.0,True,22.0,22.0,0.0,True,10.5,10.5,0.0,True,True
Dexcom GL,27,027_2024-06-17T08:15:00,nearest_personal_curve,66.0,24.0,42.0,False,66.0,22.0,44.0,False,10.5,10.5,0.0,True,False
Dexcom GL,27,027_2024-06-18T09:20:00,nearest_personal_curve,66.0,66.0,0.0,True,22.0,22.0,0.0,True,42.0,42.0,0.0,True,True
Dexcom GL,27,027_2024-06-16T10:15:00,ridge_0.1,66.0,0.0,66.0,False,22.0,0.0,22.0,False,10.5,11.835393531297767,1.3353935312977665,False,False
Dexcom GL,27,027_2024-06-19T10:11:00,ridge_0.1,24.0,0.0,24.0,False,22.0,0.0,22.0,False,10.5,0.0,10.5,False,False
Dexcom GL,27,027_2024-06-17T08:15:00,ridge_0.1,66.0,0.0,66.0,False,66.0,2.1426375530847928,63.857362446915204,False,10.5,24.122941021231714,13.622941021231714,False,False
Dexcom GL,27,027_2024-06-18T09:20:00,ridge_0.1,66.0,18.61131660254533,47.38868339745467,False,22.0,0.0,22.0,False,42.0,26.13407996788215,15.865920032117849,False,False
Dexcom GL,27,027_2024-06-16T10:15:00,ridge_1,66.0,0.0,66.0,False,22.0,30.51161433294443,8.51161433294443,False,10.5,10.652952313229207,0.152952313229207,True,False
Dexcom GL,27,027_2024-06-19T10:11:00,ridge_1,24.0,13.393183683643763,10.606816316356237,False,22.0,16.28535050034412,5.714649499655881,False,10.5,0.0,10.5,False,False
Dexcom GL,27,027_2024-06-17T08:15:00,ridge_1,66.0,5.701833966043637,60.29816603395636,False,66.0,33.77906235216613,32.22093764783387,False,10.5,20.573304988838313,10.073304988838313,False,False
Dexcom GL,27,027_2024-06-18T09:20:00,ridge_1,66.0,57.41602343340722,8.583976566592781,False,22.0,4.5662533715077664,17.433746628492234,False,42.0,10.904743339257344,31.095256660742656,False,False
Dexcom GL,27,027_2024-06-16T10:15:00,ridge_10,66.0,19.82392954119824,46.17607045880176,False,22.0,34.423466932296016,12.423466932296016,False,10.5,16.48851127684559,5.988511276845589,False,False
Dexcom GL,27,027_2024-06-19T10:11:00,ridge_10,24.0,33.32026326831844,9.320263268318442,False,22.0,25.850053640171897,3.8500536401718968,False,10.5,8.386701914729416,2.113298085270584,False,False
Dexcom GL,27,027_2024-06-17T08:15:00,ridge_10,66.0,25.374479927264243,40.62552007273575,False,66.0,37.57212051837475,28.427879481625247,False,10.5,15.108934204537041,4.608934204537041,False,False
Dexcom GL,27,027_2024-06-18T09:20:00,ridge_10,66.0,67.10880533974276,1.1088053397427586,True,22.0,19.156778185211152,2.8432218147888477,False,42.0,12.307346784648804,29.692653215351196,False,False
Dexcom GL,27,027_2024-06-16T10:15:00,ridge_100,66.0,36.175537969550206,29.824462030449794,False,22.0,32.23318190145549,10.233181901455488,False,10.5,17.7526726362803,7.252672636280298,False,False
Dexcom GL,27,027_2024-06-19T10:11:00,ridge_100,24.0,44.831393867927964,20.831393867927964,False,22.0,31.835366345862226,9.835366345862226,False,10.5,14.95470622943931,4.45470622943931,False,False
Dexcom GL,27,027_2024-06-17T08:15:00,ridge_100,66.0,36.88633935168285,29.11366064831715,False,66.0,35.01487083095347,30.98512916904653,False,10.5,13.140680471499035,2.640680471499035,False,False
Dexcom GL,27,027_2024-06-18T09:20:00,ridge_100,66.0,67.71809753058409,1.7180975305840889,True,22.0,26.496241351065844,4.496241351065844,False,42.0,18.48568871640949,23.51431128359051,False,False
Dexcom GL,27,027_2024-06-16T10:15:00,trees_1,66.0,36.6,29.4,False,22.0,29.92,7.920000000000002,False,10.5,11.445,0.9450000000000003,True,False
Dexcom GL,27,027_2024-06-19T10:11:00,trees_1,24.0,47.52,23.520000000000003,False,22.0,33.0,11.0,False,10.5,15.225,4.725,False,False
Dexcom GL,27,027_2024-06-17T08:15:00,trees_1,66.0,40.38,25.619999999999997,False,66.0,30.8,35.2,False,10.5,14.91,4.41,False,False
Dexcom GL,27,027_2024-06-18T09:20:00,trees_1,66.0,62.64,3.3599999999999994,True,22.0,31.68,9.68,False,42.0,20.895,21.105,False,False
Dexcom GL,27,027_2024-06-16T10:15:00,trees_4,66.0,37.268,28.732,False,22.0,27.314571428571426,5.314571428571426,False,10.5,13.418249999999999,2.9182499999999987,False,False
Dexcom GL,27,027_2024-06-19T10:11:00,trees_4,24.0,50.13,26.130000000000003,False,22.0,35.894571428571425,13.894571428571425,False,10.5,16.382249999999996,5.8822499999999955,False,False
Dexcom GL,27,027_2024-06-17T08:15:00,trees_4,66.0,43.812,22.188000000000002,False,66.0,29.809999999999995,36.190000000000005,False,10.5,15.268499999999996,4.768499999999996,False,False
Dexcom GL,27,027_2024-06-18T09:20:00,trees_4,66.0,62.6,3.3999999999999986,True,22.0,27.825809523809525,5.825809523809525,False,42.0,23.249249999999996,18.750750000000004,False,False
Dexcom GL,27,027_2024-06-16T10:15:00,nested_selected,66.0,37.268,28.732,False,22.0,27.314571428571426,5.314571428571426,False,10.5,13.418249999999999,2.9182499999999987,False,False
Dexcom GL,27,027_2024-06-19T10:11:00,nested_selected,24.0,50.13,26.130000000000003,False,22.0,35.894571428571425,13.894571428571425,False,10.5,16.382249999999996,5.8822499999999955,False,False
Dexcom GL,27,027_2024-06-17T08:15:00,nested_selected,66.0,43.812,22.188000000000002,False,66.0,29.809999999999995,36.190000000000005,False,10.5,15.268499999999996,4.768499999999996,False,False
Dexcom GL,27,027_2024-06-18T09:20:00,nested_selected,66.0,62.6,3.3999999999999986,True,22.0,27.825809523809525,5.825809523809525,False,42.0,23.249249999999996,18.750750000000004,False,False
Dexcom GL,31,031_2022-07-05T07:45:00,calibration_mean,66.0,55.5,10.5,False,22.0,33.0,11.0,False,10.5,18.375,7.875,False,False
Dexcom GL,31,031_2022-07-08T07:18:00,calibration_mean,24.0,55.5,31.5,False,22.0,33.0,11.0,False,10.5,18.375,7.875,False,False
Dexcom GL,31,031_2022-07-06T07:56:00,calibration_mean,66.0,55.5,10.5,False,66.0,33.0,33.0,False,10.5,18.375,7.875,False,False
Dexcom GL,31,031_2022-07-07T07:04:00,calibration_mean,66.0,55.5,10.5,False,22.0,33.0,11.0,False,42.0,18.375,23.625,False,False
Dexcom GL,31,031_2022-07-05T07:45:00,calibration_median,66.0,66.0,0.0,True,22.0,22.0,0.0,True,10.5,10.5,0.0,True,True
Dexcom GL,31,031_2022-07-08T07:18:00,calibration_median,24.0,66.0,42.0,False,22.0,22.0,0.0,True,10.5,10.5,0.0,True,False
Dexcom GL,31,031_2022-07-06T07:56:00,calibration_median,66.0,66.0,0.0,True,66.0,22.0,44.0,False,10.5,10.5,0.0,True,False
Dexcom GL,31,031_2022-07-07T07:04:00,calibration_median,66.0,66.0,0.0,True,22.0,22.0,0.0,True,42.0,10.5,31.5,False,False
Dexcom GL,31,031_2022-07-05T07:45:00,nearest_personal_curve,66.0,24.0,42.0,False,22.0,22.0,0.0,True,10.5,10.5,0.0,True,False
Dexcom GL,31,031_2022-07-08T07:18:00,nearest_personal_curve,24.0,66.0,42.0,False,22.0,66.0,44.0,False,10.5,10.5,0.0,True,False
Dexcom GL,31,031_2022-07-06T07:56:00,nearest_personal_curve,66.0,24.0,42.0,False,66.0,22.0,44.0,False,10.5,10.5,0.0,True,False
Dexcom GL,31,031_2022-07-07T07:04:00,nearest_personal_curve,66.0,24.0,42.0,False,22.0,22.0,0.0,True,42.0,10.5,31.5,False,False
Dexcom GL,31,031_2022-07-05T07:45:00,ridge_0.1,66.0,87.66965700692273,21.669657006922733,False,22.0,133.94319543732558,111.94319543732558,False,10.5,0.0,10.5,False,False
Dexcom GL,31,031_2022-07-08T07:18:00,ridge_0.1,24.0,101.7404096467579,77.7404096467579,False,22.0,157.87958027173875,135.87958027173875,False,10.5,0.0,10.5,False,False
Dexcom GL,31,031_2022-07-06T07:56:00,ridge_0.1,66.0,163.00189129833421,97.00189129833421,False,66.0,211.8747042338603,145.8747042338603,False,10.5,0.0,10.5,False,False
Dexcom GL,31,031_2022-07-07T07:04:00,ridge_0.1,66.0,141.5422893545287,75.54228935452869,False,22.0,177.11907806311342,155.11907806311342,False,42.0,0.0,42.0,False,False
Dexcom GL,31,031_2022-07-05T07:45:00,ridge_1,66.0,18.962707785887623,47.03729221411238,False,22.0,36.20849902817888,14.208499028178878,False,10.5,5.913377762574946,4.586622237425054,False,False
Dexcom GL,31,031_2022-07-08T07:18:00,ridge_1,24.0,34.73499404923247,10.73499404923247,False,22.0,50.255862471074934,28.255862471074934,False,10.5,0.0,10.5,False,False
Dexcom GL,31,031_2022-07-06T07:56:00,ridge_1,66.0,90.10319359133476,24.103193591334758,False,66.0,86.2131745871214,20.2131745871214,False,10.5,0.49946420084987153,10.000535799150128,False,False
Dexcom GL,31,031_2022-07-07T07:04:00,ridge_1,66.0,70.71799867879129,4.7179986787912895,True,22.0,75.11502545953383,53.115025459533825,False,42.0,0.0,42.0,False,False
Dexcom GL,31,031_2022-07-05T07:45:00,ridge_10,66.0,14.842891075680903,51.1571089243191,False,22.0,14.069310638024827,7.930689361975173,False,10.5,18.403575356726595,7.903575356726595,False,False
Dexcom GL,31,031_2022-07-08T07:18:00,ridge_10,24.0,31.879107333540883,7.879107333540883,False,22.0,31.159770856272225,9.159770856272225,False,10.5,6.423251847373262,4.076748152626738,False,False
Dexcom GL,31,031_2022-07-06T07:56:00,ridge_10,66.0,67.69280401827622,1.6928040182762203,True,66.0,43.20603881187937,22.793961188120633,False,10.5,12.96685362291307,2.466853622913071,False,False
Dexcom GL,31,031_2022-07-07T07:04:00,ridge_10,66.0,53.27399368902277,12.726006310977233,False,22.0,44.30226029367004,22.302260293670038,False,42.0,0.5252403495424396,41.47475965045756,False,False
Dexcom GL,31,031_2022-07-05T07:45:00,ridge_100,66.0,35.344562928777115,30.655437071222885,False,22.0,22.80273952772825,0.8027395277282494,True,10.5,18.31853943145683,7.818539431456831,False,False
Dexcom GL,31,031_2022-07-08T07:18:00,ridge_100,24.0,40.13276570882637,16.13276570882637,False,22.0,32.8932174546253,10.893217454625301,False,10.5,13.948478279512564,3.448478279512564,False,False
Dexcom GL,31,031_2022-07-06T07:56:00,ridge_100,66.0,58.78104315273871,7.218956847261289,False,66.0,34.042860326255166,31.957139673744834,False,10.5,17.424254961653865,6.924254961653865,False,False
Dexcom GL,31,031_2022-07-07T07:04:00,ridge_100,66.0,52.44237012798997,13.557629872010033,False,22.0,36.8313095086431,14.831309508643102,False,42.0,9.760544140602846,32.239455859397154,False,False
Dexcom GL,31,031_2022-07-05T07:45:00,trees_1,66.0,43.74,22.259999999999998,False,22.0,31.68,9.68,False,10.5,13.02,2.5199999999999996,False,False
Dexcom GL,31,031_2022-07-08T07:18:00,trees_1,24.0,37.86,13.86,False,22.0,24.2,2.1999999999999993,True,10.5,12.39,1.8900000000000006,False,False
Dexcom GL,31,031_2022-07-06T07:56:00,trees_1,66.0,60.54,5.460000000000001,True,66.0,36.08,29.92,False,10.5,21.21,10.71,False,False
Dexcom GL,31,031_2022-07-07T07:04:00,trees_1,66.0,54.24,11.759999999999998,False,22.0,38.28,16.28,False,42.0,16.17,25.83,False,False
Dexcom GL,31,031_2022-07-05T07:45:00,trees_4,66.0,47.791000000000004,18.208999999999996,False,22.0,32.062380952380956,10.062380952380956,False,10.5,14.049,3.5489999999999995,False,False
Dexcom GL,31,031_2022-07-08T07:18:00,trees_4,24.0,42.891000000000005,18.891000000000005,False,22.0,29.61409523809523,7.614095238095231,False,10.5,13.730249999999998,3.230249999999998,False,False
Dexcom GL,31,031_2022-07-06T07:56:00,trees_4,66.0,62.04199999999999,3.9580000000000126,True,66.0,39.84619047619048,26.15380952380952,False,10.5,18.29175,7.79175,False,False
Dexcom GL,31,031_2022-07-07T07:04:00,trees_4,66.0,55.73400000000001,10.265999999999991,False,22.0,40.15733333333335,18.157333333333348,False,42.0,14.168999999999999,27.831000000000003,False,False
Dexcom GL,31,031_2022-07-05T07:45:00,nested_selected,66.0,43.74,22.259999999999998,False,22.0,31.68,9.68,False,10.5,13.02,2.5199999999999996,False,False
Dexcom GL,31,031_2022-07-08T07:18:00,nested_selected,24.0,37.86,13.86,False,22.0,24.2,2.1999999999999993,True,10.5,12.39,1.8900000000000006,False,False
Dexcom GL,31,031_2022-07-06T07:56:00,nested_selected,66.0,60.54,5.460000000000001,True,66.0,36.08,29.92,False,10.5,21.21,10.71,False,False
Dexcom GL,31,031_2022-07-07T07:04:00,nested_selected,66.0,54.24,11.759999999999998,False,22.0,38.28,16.28,False,42.0,16.17,25.83,False,False
Dexcom GL,32,032_2022-01-07T07:01:00,calibration_mean,66.0,55.5,10.5,False,22.0,33.0,11.0,False,10.5,18.375,7.875,False,False
Dexcom GL,32,032_2022-01-10T05:10:00,calibration_mean,24.0,55.5,31.5,False,22.0,33.0,11.0,False,10.5,18.375,7.875,False,False
Dexcom GL,32,032_2022-01-08T06:37:00,calibration_mean,66.0,55.5,10.5,False,66.0,33.0,33.0,False,10.5,18.375,7.875,False,False
Dexcom GL,32,032_2022-01-09T05:32:00,calibration_mean,66.0,55.5,10.5,False,22.0,33.0,11.0,False,42.0,18.375,23.625,False,False
Dexcom GL,32,032_2022-01-07T07:01:00,calibration_median,66.0,66.0,0.0,True,22.0,22.0,0.0,True,10.5,10.5,0.0,True,True
Dexcom GL,32,032_2022-01-10T05:10:00,calibration_median,24.0,66.0,42.0,False,22.0,22.0,0.0,True,10.5,10.5,0.0,True,False
Dexcom GL,32,032_2022-01-08T06:37:00,calibration_median,66.0,66.0,0.0,True,66.0,22.0,44.0,False,10.5,10.5,0.0,True,False
Dexcom GL,32,032_2022-01-09T05:32:00,calibration_median,66.0,66.0,0.0,True,22.0,22.0,0.0,True,42.0,10.5,31.5,False,False
Dexcom GL,32,032_2022-01-07T07:01:00,nearest_personal_curve,66.0,66.0,0.0,True,22.0,22.0,0.0,True,10.5,42.0,31.5,False,False
Dexcom GL,32,032_2022-01-10T05:10:00,nearest_personal_curve,24.0,24.0,0.0,True,22.0,22.0,0.0,True,10.5,10.5,0.0,True,True
Dexcom GL,32,032_2022-01-08T06:37:00,nearest_personal_curve,66.0,24.0,42.0,False,66.0,22.0,44.0,False,10.5,10.5,0.0,True,False
Dexcom GL,32,032_2022-01-09T05:32:00,nearest_personal_curve,66.0,24.0,42.0,False,22.0,22.0,0.0,True,42.0,10.5,31.5,False,False
Dexcom GL,32,032_2022-01-07T07:01:00,ridge_0.1,66.0,275.9870417107062,209.9870417107062,False,22.0,555.2279834303062,533.2279834303062,False,10.5,0.0,10.5,False,False
Dexcom GL,32,032_2022-01-10T05:10:00,ridge_0.1,24.0,270.42598546364644,246.42598546364644,False,22.0,523.9132874143219,501.91328741432187,False,10.5,0.0,10.5,False,False
Dexcom GL,32,032_2022-01-08T06:37:00,ridge_0.1,66.0,211.23202600112873,145.23202600112873,False,66.0,450.2897354305993,384.2897354305993,False,10.5,0.0,10.5,False,False
Dexcom GL,32,032_2022-01-09T05:32:00,ridge_0.1,66.0,293.97114075952766,227.97114075952766,False,22.0,520.7415803134186,498.7415803134186,False,42.0,0.0,42.0,False,False
Dexcom GL,32,032_2022-01-07T07:01:00,ridge_1,66.0,84.90219005531705,18.90219005531705,False,22.0,129.39781241188803,107.39781241188803,False,10.5,0.0,10.5,False,False
Dexcom GL,32,032_2022-01-10T05:10:00,ridge_1,24.0,100.54342904517719,76.54342904517719,False,22.0,143.6041543666709,121.60415436667091,False,10.5,0.0,10.5,False,False
Dexcom GL,32,032_2022-01-08T06:37:00,ridge_1,66.0,57.469558294694565,8.530441705305435,False,66.0,91.69803955697546,25.69803955697546,False,10.5,0.0,10.5,False,False
Dexcom GL,32,032_2022-01-09T05:32:00,ridge_1,66.0,96.69993188177017,30.69993188177017,False,22.0,125.65352673976956,103.65352673976956,False,42.0,0.0,42.0,False,False
Dexcom GL,32,032_2022-01-07T07:01:00,ridge_10,66.0,43.04643585585433,22.953564144145673,False,22.0,26.99456146091085,4.994561460910852,False,10.5,2.741919659633318,7.758080340366682,False,False
Dexcom GL,32,032_2022-01-10T05:10:00,ridge_10,24.0,63.272875409273,39.272875409273,False,22.0,42.90976047702999,20.90976047702999,False,10.5,9.818810024345064,0.6811899756549362,True,False
Dexcom GL,32,032_2022-01-08T06:37:00,ridge_10,66.0,41.991342424510975,24.008657575489025,False,66.0,14.746201696091802,51.2537983039082,False,10.5,4.70314639422619,5.79685360577381,False,False
Dexcom GL,32,032_2022-01-09T05:32:00,ridge_10,66.0,53.63387160471047,12.366128395289529,False,22.0,27.47238931161735,5.4723893116173485,False,42.0,13.836237373144998,28.163762626855004,False,False
Dexcom GL,32,032_2022-01-07T07:01:00,ridge_100,66.0,54.24511510876211,11.754884891237893,False,22.0,28.950876866976234,6.950876866976234,False,10.5,15.994262745165253,5.494262745165253,False,False
Dexcom GL,32,032_2022-01-10T05:10:00,ridge_100,24.0,62.72226812855755,38.72226812855755,False,22.0,29.88219272398331,7.882192723983309,False,10.5,21.90037100194783,11.400371001947828,False,False
Dexcom GL,32,032_2022-01-08T06:37:00,ridge_100,66.0,53.61237183992012,12.387628160079878,False,66.0,19.415832076427122,46.58416792357288,False,10.5,20.006365278906188,9.506365278906188,False,False
Dexcom GL,32,032_2022-01-09T05:32:00,ridge_100,66.0,59.12972165227493,6.870278347725069,False,22.0,19.435037692594463,2.564962307405537,False,42.0,24.223396529394456,17.776603470605544,False,False
Dexcom GL,32,032_2022-01-07T07:01:00,trees_1,66.0,48.36,17.64,False,22.0,31.68,9.68,False,10.5,13.965,3.465,False,False
Dexcom GL,32,032_2022-01-10T05:10:00,trees_1,24.0,56.34,32.34,False,22.0,32.56,10.560000000000002,False,10.5,19.95,9.45,False,False
Dexcom GL,32,032_2022-01-08T06:37:00,trees_1,66.0,50.88,15.119999999999997,False,66.0,29.48,36.519999999999996,False,10.5,19.32,8.82,False,False
Dexcom GL,32,032_2022-01-09T05:32:00,trees_1,66.0,49.62,16.380000000000003,False,22.0,32.12,10.119999999999997,False,42.0,16.17,25.83,False,False
Dexcom GL,32,032_2022-01-07T07:01:00,trees_4,66.0,51.792,14.207999999999998,False,22.0,34.44152380952381,12.441523809523808,False,10.5,14.237999999999998,3.7379999999999978,False,False
Dexcom GL,32,032_2022-01-10T05:10:00,trees_4,24.0,59.13799999999999,35.13799999999999,False,22.0,35.070095238095234,13.070095238095234,False,10.5,19.071749999999998,8.571749999999998,False,False
Dexcom GL,32,032_2022-01-08T06:37:00,trees_4,66.0,51.892999999999994,14.107000000000006,False,66.0,31.77219047619048,34.22780952380952,False,10.5,17.312249999999995,6.812249999999995,False,False
Dexcom GL,32,032_2022-01-09T05:32:00,trees_4,66.0,50.717,15.283000000000001,False,22.0,32.59876190476191,10.598761904761908,False,42.0,16.664999999999996,25.335000000000004,False,False
Dexcom GL,32,032_2022-01-07T07:01:00,nested_selected,66.0,48.36,17.64,False,22.0,31.68,9.68,False,10.5,13.965,3.465,False,False
Dexcom GL,32,032_2022-01-10T05:10:00,nested_selected,24.0,56.34,32.34,False,22.0,32.56,10.560000000000002,False,10.5,19.95,9.45,False,False
Dexcom GL,32,032_2022-01-08T06:37:00,nested_selected,66.0,50.88,15.119999999999997,False,66.0,29.48,36.519999999999996,False,10.5,19.32,8.82,False,False
Dexcom GL,32,032_2022-01-09T05:32:00,nested_selected,66.0,49.62,16.380000000000003,False,22.0,32.12,10.119999999999997,False,42.0,16.17,25.83,False,False
Dexcom GL,34,034_2022-03-08T06:16:00,calibration_mean,66.0,55.5,10.5,False,22.0,33.0,11.0,False,10.5,18.375,7.875,False,False
Dexcom GL,34,034_2022-03-11T07:24:00,calibration_mean,24.0,55.5,31.5,False,22.0,33.0,11.0,False,10.5,18.375,7.875,False,False
Dexcom GL,34,034_2022-03-09T07:18:00,calibration_mean,66.0,55.5,10.5,False,66.0,33.0,33.0,False,10.5,18.375,7.875,False,False
Dexcom GL,34,034_2022-03-10T07:12:00,calibration_mean,66.0,55.5,10.5,False,22.0,33.0,11.0,False,42.0,18.375,23.625,False,False
Dexcom GL,34,034_2022-03-08T06:16:00,calibration_median,66.0,66.0,0.0,True,22.0,22.0,0.0,True,10.5,10.5,0.0,True,True
Dexcom GL,34,034_2022-03-11T07:24:00,calibration_median,24.0,66.0,42.0,False,22.0,22.0,0.0,True,10.5,10.5,0.0,True,False
Dexcom GL,34,034_2022-03-09T07:18:00,calibration_median,66.0,66.0,0.0,True,66.0,22.0,44.0,False,10.5,10.5,0.0,True,False
Dexcom GL,34,034_2022-03-10T07:12:00,calibration_median,66.0,66.0,0.0,True,22.0,22.0,0.0,True,42.0,10.5,31.5,False,False
Dexcom GL,34,034_2022-03-08T06:16:00,nearest_personal_curve,66.0,66.0,0.0,True,22.0,66.0,44.0,False,10.5,10.5,0.0,True,False
Dexcom GL,34,034_2022-03-11T07:24:00,nearest_personal_curve,24.0,66.0,42.0,False,22.0,66.0,44.0,False,10.5,10.5,0.0,True,False
Dexcom GL,34,034_2022-03-09T07:18:00,nearest_personal_curve,66.0,66.0,0.0,True,66.0,66.0,0.0,True,10.5,10.5,0.0,True,True
Dexcom GL,34,034_2022-03-10T07:12:00,nearest_personal_curve,66.0,66.0,0.0,True,22.0,66.0,44.0,False,42.0,10.5,31.5,False,False
Dexcom GL,34,034_2022-03-08T06:16:00,ridge_0.1,66.0,0.0,66.0,False,22.0,0.0,22.0,False,10.5,37.316643809585045,26.816643809585045,False,False
Dexcom GL,34,034_2022-03-11T07:24:00,ridge_0.1,24.0,0.0,24.0,False,22.0,0.0,22.0,False,10.5,41.94316114519587,31.443161145195873,False,False
Dexcom GL,34,034_2022-03-09T07:18:00,ridge_0.1,66.0,0.0,66.0,False,66.0,0.0,66.0,False,10.5,38.82414569989128,28.324145699891282,False,False
Dexcom GL,34,034_2022-03-10T07:12:00,ridge_0.1,66.0,0.0,66.0,False,22.0,0.0,22.0,False,42.0,42.81696832044729,0.8169683204472875,True,False
Dexcom GL,34,034_2022-03-08T06:16:00,ridge_1,66.0,7.800120810181205,58.199879189818795,False,22.0,0.0,22.0,False,10.5,10.528361427534325,0.02836142753432469,True,False
Dexcom GL,34,034_2022-03-11T07:24:00,ridge_1,24.0,10.00628614631249,13.99371385368751,False,22.0,0.0,22.0,False,10.5,19.57615121929126,9.076151219291258,False,False
Dexcom GL,34,034_2022-03-09T07:18:00,ridge_1,66.0,18.239611206652917,47.76038879334708,False,66.0,0.0,66.0,False,10.5,18.474475150807894,7.974475150807894,False,False
Dexcom GL,34,034_2022-03-10T07:12:00,ridge_1,66.0,9.736204350231993,56.26379564976801,False,22.0,0.0,22.0,False,42.0,19.388519203018376,22.611480796981624,False,False
Dexcom GL,34,034_2022-03-08T06:16:00,ridge_10,66.0,36.00631596849447,29.99368403150553,False,22.0,38.69282839675484,16.69282839675484,False,10.5,5.270751421272985,5.229248578727015,False,False
Dexcom GL,34,034_2022-03-11T07:24:00,ridge_10,24.0,39.258845950282705,15.258845950282705,False,22.0,15.111837615001651,6.888162384998349,False,10.5,14.861374589319395,4.361374589319395,False,False
Dexcom GL,34,034_2022-03-09T07:18:00,ridge_10,66.0,43.291107177354235,22.708892822645765,False,66.0,24.332269078292246,41.66773092170776,False,10.5,15.00683803422654,4.50683803422654,False,False
Dexcom GL,34,034_2022-03-10T07:12:00,ridge_10,66.0,38.04897714609029,27.951022853909713,False,22.0,21.23449367201386,0.7655063279861416,True,42.0,14.43108644677834,27.568913553221662,False,False
Dexcom GL,34,034_2022-03-08T06:16:00,ridge_100,66.0,47.75818644160786,18.24181355839214,False,22.0,40.02210472018272,18.022104720182718,False,10.5,12.83305894443964,2.3330589444396406,False,False
Dexcom GL,34,034_2022-03-11T07:24:00,ridge_100,24.0,49.40386349054903,25.40386349054903,False,22.0,29.11518605484879,7.115186054848792,False,10.5,17.559962759356406,7.059962759356406,False,False
Dexcom GL,34,034_2022-03-09T07:18:00,ridge_100,66.0,52.45430258393726,13.545697416062737,False,66.0,31.251170395441775,34.748829604558225,False,10.5,18.739369736080697,8.239369736080697,False,False
Dexcom GL,34,034_2022-03-10T07:12:00,ridge_100,66.0,50.35185412938987,15.64814587061013,False,22.0,30.117995420872877,8.117995420872877,False,42.0,18.319831923448778,23.680168076551222,False,False
Dexcom GL,34,034_2022-03-08T06:16:00,trees_1,66.0,49.62,16.380000000000003,False,22.0,35.2,13.200000000000003,False,10.5,14.28,3.7799999999999994,False,False
Dexcom GL,34,034_2022-03-11T07:24:00,trees_1,24.0,52.56,28.560000000000002,False,22.0,39.16,17.159999999999997,False,10.5,13.65,3.1500000000000004,False,False
Dexcom GL,34,034_2022-03-09T07:18:00,trees_1,66.0,48.78,17.22,False,66.0,35.64,30.36,False,10.5,13.65,3.1500000000000004,False,False
Dexcom GL,34,034_2022-03-10T07:12:00,trees_1,66.0,48.36,17.64,False,22.0,34.32,12.32,False,42.0,14.595,27.405,False,False
Dexcom GL,34,034_2022-03-08T06:16:00,trees_4,66.0,53.83200000000001,12.167999999999992,False,22.0,37.396857142857144,15.396857142857144,False,10.5,14.749499999999998,4.249499999999998,False,False
Dexcom GL,34,034_2022-03-11T07:24:00,trees_4,24.0,50.78900000000001,26.78900000000001,False,22.0,34.33257142857143,12.332571428571427,False,10.5,14.590499999999997,4.090499999999997,False,False
Dexcom GL,34,034_2022-03-09T07:18:00,trees_4,66.0,46.17000000000001,19.82999999999999,False,66.0,32.080190476190474,33.919809523809526,False,10.5,14.530499999999996,4.030499999999996,False,False
Dexcom GL,34,034_2022-03-10T07:12:00,trees_4,66.0,51.201,14.799,False,22.0,34.07904761904762,12.079047619047621,False,42.0,15.386249999999997,26.613750000000003,False,False
Dexcom GL,34,034_2022-03-08T06:16:00,nested_selected,66.0,49.62,16.380000000000003,False,22.0,35.2,13.200000000000003,False,10.5,14.28,3.7799999999999994,False,False
Dexcom GL,34,034_2022-03-11T07:24:00,nested_selected,24.0,52.56,28.560000000000002,False,22.0,39.16,17.159999999999997,False,10.5,13.65,3.1500000000000004,False,False
Dexcom GL,34,034_2022-03-09T07:18:00,nested_selected,66.0,48.78,17.22,False,66.0,35.64,30.36,False,10.5,13.65,3.1500000000000004,False,False
Dexcom GL,34,034_2022-03-10T07:12:00,nested_selected,66.0,48.36,17.64,False,22.0,34.32,12.32,False,42.0,14.595,27.405,False,False
Dexcom GL,35,035_2024-12-18T07:10:00,calibration_mean,66.0,55.5,10.5,False,22.0,33.0,11.0,False,10.5,18.375,7.875,False,False
Dexcom GL,35,035_2024-12-21T06:53:00,calibration_mean,24.0,55.5,31.5,False,22.0,33.0,11.0,False,10.5,18.375,7.875,False,False
Dexcom GL,35,035_2024-12-19T06:25:00,calibration_mean,66.0,55.5,10.5,False,66.0,33.0,33.0,False,10.5,18.375,7.875,False,False
Dexcom GL,35,035_2024-12-20T06:39:00,calibration_mean,66.0,55.5,10.5,False,22.0,33.0,11.0,False,42.0,18.375,23.625,False,False
Dexcom GL,35,035_2024-12-18T07:10:00,calibration_median,66.0,66.0,0.0,True,22.0,22.0,0.0,True,10.5,10.5,0.0,True,True
Dexcom GL,35,035_2024-12-21T06:53:00,calibration_median,24.0,66.0,42.0,False,22.0,22.0,0.0,True,10.5,10.5,0.0,True,False
Dexcom GL,35,035_2024-12-19T06:25:00,calibration_median,66.0,66.0,0.0,True,66.0,22.0,44.0,False,10.5,10.5,0.0,True,False
Dexcom GL,35,035_2024-12-20T06:39:00,calibration_median,66.0,66.0,0.0,True,22.0,22.0,0.0,True,42.0,10.5,31.5,False,False
Dexcom GL,35,035_2024-12-18T07:10:00,nearest_personal_curve,66.0,66.0,0.0,True,22.0,22.0,0.0,True,10.5,42.0,31.5,False,False
Dexcom GL,35,035_2024-12-21T06:53:00,nearest_personal_curve,24.0,66.0,42.0,False,22.0,66.0,44.0,False,10.5,10.5,0.0,True,False
Dexcom GL,35,035_2024-12-19T06:25:00,nearest_personal_curve,66.0,66.0,0.0,True,66.0,66.0,0.0,True,10.5,10.5,0.0,True,True
Dexcom GL,35,035_2024-12-20T06:39:00,nearest_personal_curve,66.0,66.0,0.0,True,22.0,66.0,44.0,False,42.0,10.5,31.5,False,False
Dexcom GL,35,035_2024-12-18T07:10:00,ridge_0.1,66.0,156.82054024229933,90.82054024229933,False,22.0,131.87598266682843,109.87598266682843,False,10.5,10.281663332923296,0.21833666707670396,True,False
Dexcom GL,35,035_2024-12-21T06:53:00,ridge_0.1,24.0,166.03074347704256,142.03074347704256,False,22.0,188.2293483797535,166.2293483797535,False,10.5,5.925385200548922,4.574614799451078,False,False
Dexcom GL,35,035_2024-12-19T06:25:00,ridge_0.1,66.0,144.36224588177257,78.36224588177257,False,66.0,151.75398247445526,85.75398247445526,False,10.5,0.0,10.5,False,False
Dexcom GL,35,035_2024-12-20T06:39:00,ridge_0.1,66.0,158.28701687151352,92.28701687151352,False,22.0,194.06390815371117,172.06390815371117,False,42.0,0.0,42.0,False,False
Dexcom GL,35,035_2024-12-18T07:10:00,ridge_1,66.0,108.37360425743162,42.37360425743162,False,22.0,75.5061654264803,53.506165426480294,False,10.5,24.54584734854048,14.04584734854048,False,False
Dexcom GL,35,035_2024-12-21T06:53:00,ridge_1,24.0,111.45518665861599,87.45518665861599,False,22.0,94.50045970578608,72.50045970578608,False,10.5,20.104212155541525,9.604212155541525,False,False
Dexcom GL,35,035_2024-12-19T06:25:00,ridge_1,66.0,87.1938322082099,21.193832208209898,False,66.0,76.88778885229078,10.887788852290782,False,10.5,7.643551317405761,2.8564486825942392,False,False
Dexcom GL,35,035_2024-12-20T06:39:00,ridge_1,66.0,103.50755810191197,37.50755810191197,False,22.0,105.85005653533328,83.85005653533328,False,42.0,13.135621607237486,28.864378392762514,False,False
Dexcom GL,35,035_2024-12-18T07:10:00,ridge_10,66.0,87.5793103283999,21.5793103283999,False,22.0,44.234436103063,22.234436103062997,False,10.5,33.23183828135462,22.73183828135462,False,False
Dexcom GL,35,035_2024-12-21T06:53:00,ridge_10,24.0,84.50181836013168,60.50181836013168,False,22.0,50.64699537708071,28.646995377080707,False,10.5,30.510856498063134,20.010856498063134,False,False
Dexcom GL,35,035_2024-12-19T06:25:00,ridge_10,66.0,69.5699911862813,3.5699911862812996,True,66.0,40.87560627318794,25.12439372681206,False,10.5,21.280249252795,10.780249252794999,False,False
Dexcom GL,35,035_2024-12-20T06:39:00,ridge_10,66.0,77.39167662163712,11.391676621637117,False,22.0,50.18012182719301,28.180121827193013,False,42.0,27.476026224054387,14.523973775945613,False,False
Dexcom GL,35,035_2024-12-18T07:10:00,ridge_100,66.0,71.28506028537961,5.285060285379615,True,22.0,34.1473914557016,12.147391455701602,False,10.5,28.25250787923141,17.75250787923141,False,False
Dexcom GL,35,035_2024-12-21T06:53:00,ridge_100,24.0,70.35551020754545,46.35551020754545,False,22.0,39.16187583854942,17.16187583854942,False,10.5,27.548791302607775,17.048791302607775,False,False
Dexcom GL,35,035_2024-12-19T06:25:00,ridge_100,66.0,60.84245647949348,5.157543520506522,True,66.0,33.77353388172479,32.22646611827521,False,10.5,21.49852280463575,10.998522804635751,False,False
Dexcom GL,35,035_2024-12-20T06:39:00,ridge_100,66.0,63.44301272444006,2.5569872755599405,True,22.0,36.194727765166824,14.194727765166824,False,42.0,24.98891395108241,17.01108604891759,False,False
Dexcom GL,35,035_2024-12-18T07:10:00,trees_1,66.0,65.16,0.8400000000000034,True,22.0,33.44,11.439999999999998,False,10.5,23.415,12.915,False,False
Dexcom GL,35,035_2024-12-21T06:53:00,trees_1,24.0,64.32,40.31999999999999,False,22.0,35.64,13.64,False,10.5,22.155,11.655000000000001,False,False
Dexcom GL,35,035_2024-12-19T06:25:00,trees_1,66.0,62.22,3.780000000000001,True,66.0,40.92,25.08,False,10.5,18.375,7.875,False,False
Dexcom GL,35,035_2024-12-20T06:39:00,trees_1,66.0,62.64,3.3599999999999994,True,22.0,44.44,22.439999999999998,False,42.0,20.265,21.735,False,False
Dexcom GL,35,035_2024-12-18T07:10:00,trees_4,66.0,63.516999999999996,2.483000000000004,True,22.0,34.52638095238096,12.526380952380961,False,10.5,21.902250000000002,11.402250000000002,False,False
Dexcom GL,35,035_2024-12-21T06:53:00,trees_4,24.0,64.477,40.477000000000004,False,22.0,37.77190476190477,15.771904761904771,False,10.5,21.867749999999997,11.367749999999997,False,False
Dexcom GL,35,035_2024-12-19T06:25:00,trees_4,66.0,59.394000000000005,6.6059999999999945,False,66.0,37.750952380952384,28.249047619047616,False,10.5,17.70375,7.203749999999999,False,False
Dexcom GL,35,035_2024-12-20T06:39:00,trees_4,66.0,60.354,5.646000000000001,True,22.0,41.45742857142857,19.457428571428572,False,42.0,17.876249999999995,24.123750000000005,False,False
Dexcom GL,35,035_2024-12-18T07:10:00,nested_selected,66.0,63.516999999999996,2.483000000000004,True,22.0,34.52638095238096,12.526380952380961,False,10.5,21.902250000000002,11.402250000000002,False,False
Dexcom GL,35,035_2024-12-21T06:53:00,nested_selected,24.0,64.477,40.477000000000004,False,22.0,37.77190476190477,15.771904761904771,False,10.5,21.867749999999997,11.367749999999997,False,False
Dexcom GL,35,035_2024-12-19T06:25:00,nested_selected,66.0,59.394000000000005,6.6059999999999945,False,66.0,37.750952380952384,28.249047619047616,False,10.5,17.70375,7.203749999999999,False,False
Dexcom GL,35,035_2024-12-20T06:39:00,nested_selected,66.0,60.354,5.646000000000001,True,22.0,41.45742857142857,19.457428571428572,False,42.0,17.876249999999995,24.123750000000005,False,False
Dexcom GL,36,036_2022-04-04T08:18:00,calibration_mean,66.0,55.5,10.5,False,22.0,33.0,11.0,False,10.5,18.375,7.875,False,False
Dexcom GL,36,036_2022-04-07T07:54:00,calibration_mean,24.0,55.5,31.5,False,22.0,33.0,11.0,False,10.5,18.375,7.875,False,False
Dexcom GL,36,036_2022-04-05T08:14:00,calibration_mean,66.0,55.5,10.5,False,66.0,33.0,33.0,False,10.5,18.375,7.875,False,False
Dexcom GL,36,036_2022-04-06T08:01:00,calibration_mean,66.0,55.5,10.5,False,22.0,33.0,11.0,False,42.0,18.375,23.625,False,False
Dexcom GL,36,036_2022-04-04T08:18:00,calibration_median,66.0,66.0,0.0,True,22.0,22.0,0.0,True,10.5,10.5,0.0,True,True
Dexcom GL,36,036_2022-04-07T07:54:00,calibration_median,24.0,66.0,42.0,False,22.0,22.0,0.0,True,10.5,10.5,0.0,True,False
Dexcom GL,36,036_2022-04-05T08:14:00,calibration_median,66.0,66.0,0.0,True,66.0,22.0,44.0,False,10.5,10.5,0.0,True,False
Dexcom GL,36,036_2022-04-06T08:01:00,calibration_median,66.0,66.0,0.0,True,22.0,22.0,0.0,True,42.0,10.5,31.5,False,False
Dexcom GL,36,036_2022-04-04T08:18:00,nearest_personal_curve,66.0,66.0,0.0,True,22.0,22.0,0.0,True,10.5,42.0,31.5,False,False
Dexcom GL,36,036_2022-04-07T07:54:00,nearest_personal_curve,24.0,66.0,42.0,False,22.0,22.0,0.0,True,10.5,10.5,0.0,True,False
Dexcom GL,36,036_2022-04-05T08:14:00,nearest_personal_curve,66.0,66.0,0.0,True,66.0,22.0,44.0,False,10.5,10.5,0.0,True,False
Dexcom GL,36,036_2022-04-06T08:01:00,nearest_personal_curve,66.0,66.0,0.0,True,22.0,22.0,0.0,True,42.0,42.0,0.0,True,True
Dexcom GL,36,036_2022-04-04T08:18:00,ridge_0.1,66.0,6.001340801650059,59.99865919834994,False,22.0,0.0,22.0,False,10.5,57.50993517839272,47.00993517839272,False,False
Dexcom GL,36,036_2022-04-07T07:54:00,ridge_0.1,24.0,0.0,24.0,False,22.0,0.0,22.0,False,10.5,35.86039076029485,25.360390760294848,False,False
Dexcom GL,36,036_2022-04-05T08:14:00,ridge_0.1,66.0,5.180656450361489,60.81934354963851,False,66.0,0.0,66.0,False,10.5,49.24122524464936,38.74122524464936,False,False
Dexcom GL,36,036_2022-04-06T08:01:00,ridge_0.1,66.0,0.3764934542844358,65.62350654571557,False,22.0,0.0,22.0,False,42.0,29.96213135826081,12.037868641739191,False,False
Dexcom GL,36,036_2022-04-04T08:18:00,ridge_1,66.0,61.64925939999308,4.350740600006922,True,22.0,0.0,22.0,False,10.5,59.22011639670479,48.72011639670479,False,False
Dexcom GL,36,036_2022-04-07T07:54:00,ridge_1,24.0,48.358031809501476,24.358031809501476,False,22.0,4.250929623100692,17.749070376899308,False,10.5,30.60656923438901,20.10656923438901,False,False
Dexcom GL,36,036_2022-04-05T08:14:00,ridge_1,66.0,56.01307398258133,9.986926017418668,False,66.0,0.0,66.0,False,10.5,45.11064480272668,34.61064480272668,False,False
Dexcom GL,36,036_2022-04-06T08:01:00,ridge_1,66.0,48.02891041050833,17.97108958949167,False,22.0,0.0,22.0,False,42.0,27.996819921576183,14.003180078423817,False,False
Dexcom GL,36,036_2022-04-04T08:18:00,ridge_10,66.0,74.06008915963054,8.060089159630536,False,22.0,9.777476490903833,12.222523509096167,False,10.5,44.56405206772348,34.06405206772348,False,False
Dexcom GL,36,036_2022-04-07T07:54:00,ridge_10,24.0,56.25168690233295,32.25168690233295,False,22.0,23.908148188482897,1.9081481884828975,True,10.5,19.36913543222542,8.86913543222542,False,False
Dexcom GL,36,036_2022-04-05T08:14:00,ridge_10,66.0,62.12551137777308,3.87448862222692,True,66.0,21.887703141000813,44.11229685899919,False,10.5,29.18341952287132,18.68341952287132,False,False
Dexcom GL,36,036_2022-04-06T08:01:00,ridge_10,66.0,62.8273019502075,3.1726980497925013,True,22.0,5.993940673124573,16.006059326875427,False,42.0,23.17594021181584,18.82405978818416,False,False
Dexcom GL,36,036_2022-04-04T08:18:00,ridge_100,66.0,80.66888540617865,14.668885406178646,False,22.0,25.975751047097187,3.9757510470971873,False,10.5,36.661449323368586,26.161449323368586,False,False
Dexcom GL,36,036_2022-04-07T07:54:00,ridge_100,24.0,57.15024992130735,33.15024992130735,False,22.0,31.190679126079296,9.190679126079296,False,10.5,17.09255331967821,6.59255331967821,False,False
Dexcom GL,36,036_2022-04-05T08:14:00,ridge_100,66.0,63.08726595585278,2.9127340441472214,True,66.0,34.38293257815379,31.617067421846208,False,10.5,23.143287165586397,12.643287165586397,False,False
Dexcom GL,36,036_2022-04-06T08:01:00,ridge_100,66.0,66.21643987091628,0.21643987091627537,True,22.0,27.470018056731895,5.470018056731895,False,42.0,22.941210334094528,19.058789665905472,False,False
Dexcom GL,36,036_2022-04-04T08:18:00,trees_1,66.0,58.02,7.979999999999997,False,22.0,28.6,6.600000000000001,False,10.5,23.1,12.600000000000001,False,False
Dexcom GL,36,036_2022-04-07T07:54:00,trees_1,24.0,56.76,32.76,False,22.0,33.0,11.0,False,10.5,18.06,7.559999999999999,False,False
Dexcom GL,36,036_2022-04-05T08:14:00,trees_1,66.0,61.8,4.200000000000003,True,66.0,28.6,37.4,False,10.5,24.99,14.489999999999998,False,False
Dexcom GL,36,036_2022-04-06T08:01:00,trees_1,66.0,63.06,2.9399999999999977,True,22.0,28.16,6.16,False,42.0,23.415,18.585,False,False
Dexcom GL,36,036_2022-04-04T08:18:00,trees_4,66.0,61.02900000000003,4.970999999999968,True,22.0,26.123428571428573,4.1234285714285726,False,10.5,24.920249999999996,14.420249999999996,False,False
Dexcom GL,36,036_2022-04-07T07:54:00,trees_4,24.0,59.05200000000001,35.05200000000001,False,22.0,32.054,10.054000000000002,False,10.5,21.015749999999997,10.515749999999997,False,False
Dexcom GL,36,036_2022-04-05T08:14:00,trees_4,66.0,61.15900000000001,4.840999999999987,True,66.0,26.420952380952375,39.57904761904763,False,10.5,24.771,14.271,False,False
Dexcom GL,36,036_2022-04-06T08:01:00,trees_4,66.0,60.73300000000004,5.26699999999996,True,22.0,26.715333333333337,4.715333333333337,False,42.0,23.7735,18.2265,False,False
Dexcom GL,36,036_2022-04-04T08:18:00,nested_selected,66.0,61.02900000000003,4.970999999999968,True,22.0,26.123428571428573,4.1234285714285726,False,10.5,24.920249999999996,14.420249999999996,False,False
Dexcom GL,36,036_2022-04-07T07:54:00,nested_selected,24.0,59.05200000000001,35.05200000000001,False,22.0,32.054,10.054000000000002,False,10.5,21.015749999999997,10.515749999999997,False,False
Dexcom GL,36,036_2022-04-05T08:14:00,nested_selected,66.0,61.15900000000001,4.840999999999987,True,66.0,26.420952380952375,39.57904761904763,False,10.5,24.771,14.271,False,False
Dexcom GL,36,036_2022-04-06T08:01:00,nested_selected,66.0,60.73300000000004,5.26699999999996,True,22.0,26.715333333333337,4.715333333333337,False,42.0,23.7735,18.2265,False,False
Dexcom GL,38,038_2022-01-31T07:03:00,calibration_mean,66.0,55.5,10.5,False,22.0,33.0,11.0,False,10.5,18.375,7.875,False,False
Dexcom GL,38,038_2022-02-03T07:17:00,calibration_mean,24.0,55.5,31.5,False,22.0,33.0,11.0,False,10.5,18.375,7.875,False,False
Dexcom GL,38,038_2022-02-01T07:18:00,calibration_mean,66.0,55.5,10.5,False,66.0,33.0,33.0,False,10.5,18.375,7.875,False,False
Dexcom GL,38,038_2022-02-02T07:02:00,calibration_mean,66.0,55.5,10.5,False,22.0,33.0,11.0,False,42.0,18.375,23.625,False,False
Dexcom GL,38,038_2022-01-31T07:03:00,calibration_median,66.0,66.0,0.0,True,22.0,22.0,0.0,True,10.5,10.5,0.0,True,True
Dexcom GL,38,038_2022-02-03T07:17:00,calibration_median,24.0,66.0,42.0,False,22.0,22.0,0.0,True,10.5,10.5,0.0,True,False
Dexcom GL,38,038_2022-02-01T07:18:00,calibration_median,66.0,66.0,0.0,True,66.0,22.0,44.0,False,10.5,10.5,0.0,True,False
Dexcom GL,38,038_2022-02-02T07:02:00,calibration_median,66.0,66.0,0.0,True,22.0,22.0,0.0,True,42.0,10.5,31.5,False,False
Dexcom GL,38,038_2022-01-31T07:03:00,nearest_personal_curve,66.0,24.0,42.0,False,22.0,22.0,0.0,True,10.5,10.5,0.0,True,False
Dexcom GL,38,038_2022-02-03T07:17:00,nearest_personal_curve,24.0,24.0,0.0,True,22.0,22.0,0.0,True,10.5,10.5,0.0,True,True
Dexcom GL,38,038_2022-02-01T07:18:00,nearest_personal_curve,66.0,24.0,42.0,False,66.0,22.0,44.0,False,10.5,10.5,0.0,True,False
Dexcom GL,38,038_2022-02-02T07:02:00,nearest_personal_curve,66.0,24.0,42.0,False,22.0,22.0,0.0,True,42.0,10.5,31.5,False,False
Dexcom GL,38,038_2022-01-31T07:03:00,ridge_0.1,66.0,132.88259074505197,66.88259074505197,False,22.0,136.5244609161039,114.52446091610389,False,10.5,30.198373730565002,19.698373730565002,False,False
Dexcom GL,38,038_2022-02-03T07:17:00,ridge_0.1,24.0,111.31432909489602,87.31432909489602,False,22.0,155.70973207806338,133.70973207806338,False,10.5,14.760996835465896,4.260996835465896,False,False
Dexcom GL,38,038_2022-02-01T07:18:00,ridge_0.1,66.0,123.14415418483347,57.14415418483347,False,66.0,170.82402262125166,104.82402262125166,False,10.5,15.902016445600669,5.402016445600669,False,False
Dexcom GL,38,038_2022-02-02T07:02:00,ridge_0.1,66.0,112.22129457030343,46.22129457030343,False,22.0,139.0733008029421,117.0733008029421,False,42.0,11.459402781218548,30.54059721878145,False,False
Dexcom GL,38,038_2022-01-31T07:03:00,ridge_1,66.0,73.92239145891162,7.922391458911619,False,22.0,51.571912550325266,29.571912550325266,False,10.5,23.154755285845518,12.654755285845518,False,False
Dexcom GL,38,038_2022-02-03T07:17:00,ridge_1,24.0,60.71947117713841,36.71947117713841,False,22.0,72.50628440867635,50.50628440867635,False,10.5,17.352469791400456,6.8524697914004555,False,False
Dexcom GL,38,038_2022-02-01T07:18:00,ridge_1,66.0,69.9643428100152,3.9643428100151965,True,66.0,72.38922674193286,6.389226741932859,True,10.5,23.220554056374883,12.720554056374883,False,False
Dexcom GL,38,038_2022-02-02T07:02:00,ridge_1,66.0,62.9957872031698,3.0042127968302026,True,22.0,65.15589670507705,43.155896705077055,False,42.0,9.026133650339224,32.973866349660774,False,False
Dexcom GL,38,038_2022-01-31T07:03:00,ridge_10,66.0,56.48197799546385,9.51802200453615,False,22.0,33.201345494603295,11.201345494603295,False,10.5,20.052675384547527,9.552675384547527,False,False
Dexcom GL,38,038_2022-02-03T07:17:00,ridge_10,24.0,42.61303109514245,18.613031095142453,False,22.0,45.371091004537824,23.371091004537824,False,10.5,13.113427958351178,2.6134279583511777,False,False
Dexcom GL,38,038_2022-02-01T07:18:00,ridge_10,66.0,49.07833714978032,16.921662850219683,False,66.0,41.14423204314618,24.855767956853818,False,10.5,19.143350604857364,8.643350604857364,False,False
Dexcom GL,38,038_2022-02-02T07:02:00,ridge_10,66.0,45.28037477873938,20.71962522126062,False,22.0,45.308012392463006,23.308012392463006,False,42.0,6.355126528210306,35.644873471789694,False,False
Dexcom GL,38,038_2022-01-31T07:03:00,ridge_100,66.0,52.78360804802235,13.216391951977648,False,22.0,30.844472795414656,8.844472795414656,False,10.5,17.57114455240077,7.071144552400771,False,False
Dexcom GL,38,038_2022-02-03T07:17:00,ridge_100,24.0,40.84220378070662,16.84220378070662,False,22.0,37.09297703889697,15.092977038896969,False,10.5,11.431720421607691,0.9317204216076913,True,False
Dexcom GL,38,038_2022-02-01T07:18:00,ridge_100,66.0,45.13357283642583,20.866427163574173,False,66.0,33.858499684028814,32.141500315971186,False,10.5,16.027984177721738,5.527984177721738,False,False
Dexcom GL,38,038_2022-02-02T07:02:00,ridge_100,66.0,42.64557045327079,23.354429546729207,False,22.0,38.81023134873154,16.81023134873154,False,42.0,9.450313950801169,32.54968604919883,False,False
Dexcom GL,38,038_2022-01-31T07:03:00,trees_1,66.0,51.3,14.700000000000003,False,22.0,33.0,11.0,False,10.5,14.28,3.7799999999999994,False,False
Dexcom GL,38,038_2022-02-03T07:17:00,trees_1,24.0,37.44,13.439999999999998,False,22.0,33.0,11.0,False,10.5,10.815,0.3149999999999995,True,False
Dexcom GL,38,038_2022-02-01T07:18:00,trees_1,66.0,35.76,30.240000000000002,False,66.0,30.8,35.2,False,10.5,11.13,0.6300000000000008,True,False
Dexcom GL,38,038_2022-02-02T07:02:00,trees_1,66.0,36.18,29.82,False,22.0,32.12,10.119999999999997,False,42.0,10.815,31.185000000000002,False,False
Dexcom GL,38,038_2022-01-31T07:03:00,trees_4,66.0,53.262,12.738,False,22.0,33.24514285714285,11.245142857142852,False,10.5,15.785249999999998,5.285249999999998,False,False
Dexcom GL,38,038_2022-02-03T07:17:00,trees_4,24.0,38.79400000000001,14.794000000000011,False,22.0,30.72247619047619,8.72247619047619,False,10.5,11.597999999999999,1.097999999999999,False,False
Dexcom GL,38,038_2022-02-01T07:18:00,trees_4,66.0,39.274,26.726,False,66.0,30.705714285714283,35.29428571428572,False,10.5,11.773500000000002,1.273500000000002,False,False
Dexcom GL,38,038_2022-02-02T07:02:00,trees_4,66.0,36.859,29.141,False,22.0,30.362095238095236,8.362095238095236,False,42.0,11.22975,30.77025,False,False
Dexcom GL,38,038_2022-01-31T07:03:00,nested_selected,66.0,51.3,14.700000000000003,False,22.0,33.0,11.0,False,10.5,14.28,3.7799999999999994,False,False
Dexcom GL,38,038_2022-02-03T07:17:00,nested_selected,24.0,37.44,13.439999999999998,False,22.0,33.0,11.0,False,10.5,10.815,0.3149999999999995,True,False
Dexcom GL,38,038_2022-02-01T07:18:00,nested_selected,66.0,35.76,30.240000000000002,False,66.0,30.8,35.2,False,10.5,11.13,0.6300000000000008,True,False
Dexcom GL,38,038_2022-02-02T07:02:00,nested_selected,66.0,36.18,29.82,False,22.0,32.12,10.119999999999997,False,42.0,10.815,31.185000000000002,False,False
Dexcom GL,41,041_2022-05-02T08:19:00,calibration_mean,66.0,55.5,10.5,False,22.0,33.0,11.0,False,10.5,18.375,7.875,False,False
Dexcom GL,41,041_2022-05-05T07:59:00,calibration_mean,24.0,55.5,31.5,False,22.0,33.0,11.0,False,10.5,18.375,7.875,False,False
Dexcom GL,41,041_2022-05-03T07:44:00,calibration_mean,66.0,55.5,10.5,False,66.0,33.0,33.0,False,10.5,18.375,7.875,False,False
Dexcom GL,41,041_2022-05-04T07:58:00,calibration_mean,66.0,55.5,10.5,False,22.0,33.0,11.0,False,42.0,18.375,23.625,False,False
Dexcom GL,41,041_2022-05-02T08:19:00,calibration_median,66.0,66.0,0.0,True,22.0,22.0,0.0,True,10.5,10.5,0.0,True,True
Dexcom GL,41,041_2022-05-05T07:59:00,calibration_median,24.0,66.0,42.0,False,22.0,22.0,0.0,True,10.5,10.5,0.0,True,False
Dexcom GL,41,041_2022-05-03T07:44:00,calibration_median,66.0,66.0,0.0,True,66.0,22.0,44.0,False,10.5,10.5,0.0,True,False
Dexcom GL,41,041_2022-05-04T07:58:00,calibration_median,66.0,66.0,0.0,True,22.0,22.0,0.0,True,42.0,10.5,31.5,False,False
Dexcom GL,41,041_2022-05-02T08:19:00,nearest_personal_curve,66.0,66.0,0.0,True,22.0,66.0,44.0,False,10.5,10.5,0.0,True,False
Dexcom GL,41,041_2022-05-05T07:59:00,nearest_personal_curve,24.0,24.0,0.0,True,22.0,22.0,0.0,True,10.5,10.5,0.0,True,True
Dexcom GL,41,041_2022-05-03T07:44:00,nearest_personal_curve,66.0,24.0,42.0,False,66.0,22.0,44.0,False,10.5,10.5,0.0,True,False
Dexcom GL,41,041_2022-05-04T07:58:00,nearest_personal_curve,66.0,66.0,0.0,True,22.0,66.0,44.0,False,42.0,10.5,31.5,False,False
Dexcom GL,41,041_2022-05-02T08:19:00,ridge_0.1,66.0,0.0,66.0,False,22.0,0.0,22.0,False,10.5,40.05199579865058,29.55199579865058,False,False
Dexcom GL,41,041_2022-05-05T07:59:00,ridge_0.1,24.0,0.0,24.0,False,22.0,0.0,22.0,False,10.5,0.0,10.5,False,False
Dexcom GL,41,041_2022-05-03T07:44:00,ridge_0.1,66.0,0.0,66.0,False,66.0,0.0,66.0,False,10.5,31.24526891529053,20.74526891529053,False,False
Dexcom GL,41,041_2022-05-04T07:58:00,ridge_0.1,66.0,0.0,66.0,False,22.0,0.0,22.0,False,42.0,25.16202426014643,16.83797573985357,False,False
Dexcom GL,41,041_2022-05-02T08:19:00,ridge_1,66.0,20.016596699838324,45.983403300161676,False,22.0,21.401050072396632,0.5989499276033676,True,10.5,10.589852107353739,0.08985210735373883,True,False
Dexcom GL,41,041_2022-05-05T07:59:00,ridge_1,24.0,0.0,24.0,False,22.0,22.351643416879945,0.35164341687994494,True,10.5,0.0,10.5,False,False
Dexcom GL,41,041_2022-05-03T07:44:00,ridge_1,66.0,13.454128748702054,52.545871251297946,False,66.0,22.115939995414546,43.88406000458545,False,10.5,7.987191718530598,2.512808281469402,False,False
Dexcom GL,41,041_2022-05-04T07:58:00,ridge_1,66.0,21.40521645746702,44.59478354253298,False,22.0,21.636061760829797,0.36393823917020285,True,42.0,7.005086902510019,34.994913097489984,False,False
Dexcom GL,41,041_2022-05-02T08:19:00,ridge_10,66.0,40.27660763792728,25.723392362072723,False,22.0,30.62873070243846,8.62873070243846,False,10.5,11.493121485046778,0.9931214850467782,True,False
Dexcom GL,41,041_2022-05-05T07:59:00,ridge_10,24.0,21.68232685916142,2.317673140838579,True,22.0,27.72640001042208,5.726400010422079,False,10.5,0.15740095625587713,10.342599043744123,False,False
Dexcom GL,41,041_2022-05-03T07:44:00,ridge_10,66.0,33.60392150498403,32.39607849501597,False,66.0,31.234525249927394,34.765474750072606,False,10.5,8.838297440593916,1.6617025594060841,False,False
Dexcom GL,41,041_2022-05-04T07:58:00,ridge_10,66.0,41.59960413902754,24.40039586097246,False,22.0,30.40969203895428,8.40969203895428,False,42.0,11.614103819115112,30.385896180884888,False,False
Dexcom GL,41,041_2022-05-02T08:19:00,ridge_100,66.0,49.72666456712524,16.27333543287476,False,22.0,32.38685966555663,10.386859665556628,False,10.5,15.005799138311827,4.505799138311827,False,False
Dexcom GL,41,041_2022-05-05T07:59:00,ridge_100,24.0,37.216945330494795,13.216945330494795,False,22.0,31.852708548325115,9.852708548325115,False,10.5,8.755301309314772,1.7446986906852278,False,False
Dexcom GL,41,041_2022-05-03T07:44:00,ridge_100,66.0,45.627742921045744,20.372257078954256,False,66.0,33.17222001829257,32.82777998170743,False,10.5,12.945045528646412,2.4450455286464123,False,False
Dexcom GL,41,041_2022-05-04T07:58:00,ridge_100,66.0,50.90508101965934,15.094918980340658,False,22.0,32.88892175759716,10.88892175759716,False,42.0,16.375884150620283,25.624115849379717,False,False
Dexcom GL,41,041_2022-05-02T08:19:00,trees_1,66.0,60.96,5.039999999999999,True,22.0,47.96,25.96,False,10.5,16.485,5.984999999999999,False,False
Dexcom GL,41,041_2022-05-05T07:59:00,trees_1,24.0,29.04,5.039999999999999,False,22.0,24.2,2.1999999999999993,True,10.5,11.445,0.9450000000000003,True,False
Dexcom GL,41,041_2022-05-03T07:44:00,trees_1,66.0,54.66,11.340000000000003,False,66.0,39.16,26.840000000000003,False,10.5,13.965,3.465,False,False
Dexcom GL,41,041_2022-05-04T07:58:00,trees_1,66.0,62.64,3.3599999999999994,True,22.0,44.88,22.880000000000003,False,42.0,16.8,25.2,False,False
Dexcom GL,41,041_2022-05-02T08:19:00,trees_4,66.0,58.621,7.378999999999998,False,22.0,44.18647619047621,22.186476190476213,False,10.5,16.233749999999997,5.733749999999997,False,False
Dexcom GL,41,041_2022-05-05T07:59:00,trees_4,24.0,33.833,9.832999999999998,False,22.0,25.80914285714286,3.8091428571428594,False,10.5,12.148500000000002,1.648500000000002,False,False
Dexcom GL,41,041_2022-05-03T07:44:00,trees_4,66.0,52.102999999999994,13.897000000000006,False,66.0,35.24504761904762,30.754952380952382,False,10.5,16.163249999999998,5.663249999999998,False,False
Dexcom GL,41,041_2022-05-04T07:58:00,trees_4,66.0,59.364000000000004,6.635999999999996,False,22.0,42.38876190476192,20.38876190476192,False,42.0,17.03775,24.96225,False,False
Dexcom GL,41,041_2022-05-02T08:19:00,nested_selected,66.0,60.96,5.039999999999999,True,22.0,47.96,25.96,False,10.5,16.485,5.984999999999999,False,False
Dexcom GL,41,041_2022-05-05T07:59:00,nested_selected,24.0,29.04,5.039999999999999,False,22.0,24.2,2.1999999999999993,True,10.5,11.445,0.9450000000000003,True,False
Dexcom GL,41,041_2022-05-03T07:44:00,nested_selected,66.0,54.66,11.340000000000003,False,66.0,39.16,26.840000000000003,False,10.5,13.965,3.465,False,False
Dexcom GL,41,041_2022-05-04T07:58:00,nested_selected,66.0,62.64,3.3599999999999994,True,22.0,44.88,22.880000000000003,False,42.0,16.8,25.2,False,False
Dexcom GL,42,042_2025-07-31T08:40:00,calibration_mean,66.0,55.5,10.5,False,22.0,33.0,11.0,False,10.5,18.375,7.875,False,False
Dexcom GL,42,042_2025-08-03T10:28:00,calibration_mean,24.0,55.5,31.5,False,22.0,33.0,11.0,False,10.5,18.375,7.875,False,False
Dexcom GL,42,042_2025-08-01T07:50:00,calibration_mean,66.0,55.5,10.5,False,66.0,33.0,33.0,False,10.5,18.375,7.875,False,False
Dexcom GL,42,042_2025-08-02T08:15:00,calibration_mean,66.0,55.5,10.5,False,22.0,33.0,11.0,False,42.0,18.375,23.625,False,False
Dexcom GL,42,042_2025-07-31T08:40:00,calibration_median,66.0,66.0,0.0,True,22.0,22.0,0.0,True,10.5,10.5,0.0,True,True
Dexcom GL,42,042_2025-08-03T10:28:00,calibration_median,24.0,66.0,42.0,False,22.0,22.0,0.0,True,10.5,10.5,0.0,True,False
Dexcom GL,42,042_2025-08-01T07:50:00,calibration_median,66.0,66.0,0.0,True,66.0,22.0,44.0,False,10.5,10.5,0.0,True,False
Dexcom GL,42,042_2025-08-02T08:15:00,calibration_median,66.0,66.0,0.0,True,22.0,22.0,0.0,True,42.0,10.5,31.5,False,False
Dexcom GL,42,042_2025-07-31T08:40:00,nearest_personal_curve,66.0,24.0,42.0,False,22.0,22.0,0.0,True,10.5,10.5,0.0,True,False
Dexcom GL,42,042_2025-08-03T10:28:00,nearest_personal_curve,24.0,24.0,0.0,True,22.0,22.0,0.0,True,10.5,10.5,0.0,True,True
Dexcom GL,42,042_2025-08-01T07:50:00,nearest_personal_curve,66.0,66.0,0.0,True,66.0,22.0,44.0,False,10.5,42.0,31.5,False,False
Dexcom GL,42,042_2025-08-02T08:15:00,nearest_personal_curve,66.0,24.0,42.0,False,22.0,22.0,0.0,True,42.0,10.5,31.5,False,False
Dexcom GL,42,042_2025-07-31T08:40:00,ridge_0.1,66.0,0.0,66.0,False,22.0,0.0,22.0,False,10.5,39.469379607474906,28.969379607474906,False,False
Dexcom GL,42,042_2025-08-03T10:28:00,ridge_0.1,24.0,0.0,24.0,False,22.0,0.0,22.0,False,10.5,0.0,10.5,False,False
Dexcom GL,42,042_2025-08-01T07:50:00,ridge_0.1,66.0,0.0,66.0,False,66.0,0.0,66.0,False,10.5,2.9497684829495103,7.55023151705049,False,False
Dexcom GL,42,042_2025-08-02T08:15:00,ridge_0.1,66.0,0.0,66.0,False,22.0,0.0,22.0,False,42.0,0.0,42.0,False,False
Dexcom GL,42,042_2025-07-31T08:40:00,ridge_1,66.0,50.57591855753229,15.42408144246771,False,22.0,0.6259681762322984,21.3740318237677,False,10.5,55.477613954215734,44.977613954215734,False,False
Dexcom GL,42,042_2025-08-03T10:28:00,ridge_1,24.0,57.65732366443344,33.65732366443344,False,22.0,27.998983951928135,5.998983951928135,False,10.5,11.23179557797361,0.7317955779736103,True,False
Dexcom GL,42,042_2025-08-01T07:50:00,ridge_1,66.0,75.17532211985927,9.175322119859274,False,66.0,4.79753404780104,61.20246595219896,False,10.5,24.87937142530459,14.37937142530459,False,False
Dexcom GL,42,042_2025-08-02T08:15:00,ridge_1,66.0,66.72542491849022,0.7254249184902193,True,22.0,27.887884753712555,5.887884753712555,False,42.0,16.518692708173866,25.481307291826134,False,False
Dexcom GL,42,042_2025-07-31T08:40:00,ridge_10,66.0,58.99698028927238,7.003019710727621,False,22.0,16.70323926398635,5.296760736013649,False,10.5,47.87156595873685,37.37156595873685,False,False
Dexcom GL,42,042_2025-08-03T10:28:00,ridge_10,24.0,68.47605137043391,44.47605137043391,False,22.0,35.42149531517528,13.421495315175278,False,10.5,21.68623881348595,11.18623881348595,False,False
Dexcom GL,42,042_2025-08-01T07:50:00,ridge_10,66.0,80.4238178003472,14.423817800347194,False,66.0,18.197670142080312,47.80232985791969,False,10.5,31.98972351979196,21.48972351979196,False,False
Dexcom GL,42,042_2025-08-02T08:15:00,ridge_10,66.0,71.88231964597243,5.88231964597243,True,22.0,31.70109952277154,9.701099522771539,False,42.0,23.642856020554476,18.357143979445524,False,False
Dexcom GL,42,042_2025-07-31T08:40:00,ridge_100,66.0,52.147689783699946,13.852310216300054,False,22.0,32.39414762923705,10.394147629237047,False,10.5,27.751948830965333,17.251948830965333,False,False
Dexcom GL,42,042_2025-08-03T10:28:00,ridge_100,24.0,60.084025796074506,36.084025796074506,False,22.0,35.28078684870624,13.280786848706242,False,10.5,19.00243105192349,8.502431051923491,False,False
Dexcom GL,42,042_2025-08-01T07:50:00,ridge_100,66.0,63.195571095345194,2.804428904654806,True,66.0,27.495604209051013,38.50439579094899,False,10.5,23.42752199739311,12.92752199739311,False,False
Dexcom GL,42,042_2025-08-02T08:15:00,ridge_100,66.0,62.10063581133171,3.8993641886682866,True,22.0,33.74498664813432,11.744986648134322,False,42.0,21.391841327997483,20.608158672002517,False,False
Dexcom GL,42,042_2025-07-31T08:40:00,trees_1,66.0,50.46,15.54,False,22.0,32.56,10.560000000000002,False,10.5,16.17,5.670000000000002,False,False
Dexcom GL,42,042_2025-08-03T10:28:00,trees_1,24.0,56.76,32.76,False,22.0,36.96,14.96,False,10.5,18.375,7.875,False,False
Dexcom GL,42,042_2025-08-01T07:50:00,trees_1,66.0,60.96,5.039999999999999,True,66.0,33.44,32.56,False,10.5,19.95,9.45,False,False
Dexcom GL,42,042_2025-08-02T08:15:00,trees_1,66.0,52.56,13.439999999999998,False,22.0,36.08,14.079999999999998,False,42.0,19.005,22.995,False,False
Dexcom GL,42,042_2025-07-31T08:40:00,trees_4,66.0,52.63,13.369999999999997,False,22.0,35.368666666666655,13.368666666666655,False,10.5,17.62275,7.12275,False,False
Dexcom GL,42,042_2025-08-03T10:28:00,trees_4,24.0,53.625,29.625,False,22.0,32.90780952380952,10.907809523809519,False,10.5,17.23125,6.731249999999999,False,False
Dexcom GL,42,042_2025-08-01T07:50:00,trees_4,66.0,61.331,4.668999999999997,True,66.0,33.113142857142854,32.886857142857146,False,10.5,21.4875,10.9875,False,False
Dexcom GL,42,042_2025-08-02T08:15:00,trees_4,66.0,52.622,13.378,False,22.0,32.85438095238094,10.854380952380943,False,42.0,17.511749999999996,24.488250000000004,False,False
Dexcom GL,42,042_2025-07-31T08:40:00,nested_selected,66.0,50.46,15.54,False,22.0,32.56,10.560000000000002,False,10.5,16.17,5.670000000000002,False,False
Dexcom GL,42,042_2025-08-03T10:28:00,nested_selected,24.0,56.76,32.76,False,22.0,36.96,14.96,False,10.5,18.375,7.875,False,False
Dexcom GL,42,042_2025-08-01T07:50:00,nested_selected,66.0,60.96,5.039999999999999,True,66.0,33.44,32.56,False,10.5,19.95,9.45,False,False
Dexcom GL,42,042_2025-08-02T08:15:00,nested_selected,66.0,52.56,13.439999999999998,False,22.0,36.08,14.079999999999998,False,42.0,19.005,22.995,False,False
Dexcom GL,43,043_2025-10-20T08:00:00,calibration_mean,66.0,55.5,10.5,False,22.0,33.0,11.0,False,10.5,18.375,7.875,False,False
Dexcom GL,43,043_2025-10-23T08:08:00,calibration_mean,24.0,55.5,31.5,False,22.0,33.0,11.0,False,10.5,18.375,7.875,False,False
Dexcom GL,43,043_2025-10-21T07:51:00,calibration_mean,66.0,55.5,10.5,False,66.0,33.0,33.0,False,10.5,18.375,7.875,False,False
Dexcom GL,43,043_2025-10-22T08:03:00,calibration_mean,66.0,55.5,10.5,False,22.0,33.0,11.0,False,42.0,18.375,23.625,False,False
Dexcom GL,43,043_2025-10-20T08:00:00,calibration_median,66.0,66.0,0.0,True,22.0,22.0,0.0,True,10.5,10.5,0.0,True,True
Dexcom GL,43,043_2025-10-23T08:08:00,calibration_median,24.0,66.0,42.0,False,22.0,22.0,0.0,True,10.5,10.5,0.0,True,False
Dexcom GL,43,043_2025-10-21T07:51:00,calibration_median,66.0,66.0,0.0,True,66.0,22.0,44.0,False,10.5,10.5,0.0,True,False
Dexcom GL,43,043_2025-10-22T08:03:00,calibration_median,66.0,66.0,0.0,True,22.0,22.0,0.0,True,42.0,10.5,31.5,False,False
Dexcom GL,43,043_2025-10-20T08:00:00,nearest_personal_curve,66.0,66.0,0.0,True,22.0,66.0,44.0,False,10.5,10.5,0.0,True,False
Dexcom GL,43,043_2025-10-23T08:08:00,nearest_personal_curve,24.0,66.0,42.0,False,22.0,66.0,44.0,False,10.5,10.5,0.0,True,False
Dexcom GL,43,043_2025-10-21T07:51:00,nearest_personal_curve,66.0,24.0,42.0,False,66.0,22.0,44.0,False,10.5,10.5,0.0,True,False
Dexcom GL,43,043_2025-10-22T08:03:00,nearest_personal_curve,66.0,66.0,0.0,True,22.0,66.0,44.0,False,42.0,10.5,31.5,False,False
Dexcom GL,43,043_2025-10-20T08:00:00,ridge_0.1,66.0,55.4631648633659,10.536835136634103,False,22.0,62.848070879268256,40.848070879268256,False,10.5,0.0,10.5,False,False
Dexcom GL,43,043_2025-10-23T08:08:00,ridge_0.1,24.0,40.21431500820279,16.21431500820279,False,22.0,66.23051814508034,44.23051814508034,False,10.5,0.0,10.5,False,False
Dexcom GL,43,043_2025-10-21T07:51:00,ridge_0.1,66.0,34.46670135269398,31.53329864730602,False,66.0,63.84807820276275,2.15192179723725,True,10.5,0.0,10.5,False,False
Dexcom GL,43,043_2025-10-22T08:03:00,ridge_0.1,66.0,49.07838324346185,16.92161675653815,False,22.0,73.86442691601675,51.864426916016754,False,42.0,0.0,42.0,False,False
Dexcom GL,43,043_2025-10-20T08:00:00,ridge_1,66.0,52.99656547213637,13.003434527863632,False,22.0,44.9187147604014,22.9187147604014,False,10.5,11.791818619443607,1.2918186194436068,False,False
Dexcom GL,43,043_2025-10-23T08:08:00,ridge_1,24.0,35.54167082396249,11.541670823962491,False,22.0,47.84064740317895,25.84064740317895,False,10.5,7.52855365082751,2.9714463491724903,False,False
Dexcom GL,43,043_2025-10-21T07:51:00,ridge_1,66.0,36.050597975007726,29.949402024992274,False,66.0,46.21366707287511,19.78633292712489,False,10.5,0.0,10.5,False,False
Dexcom GL,43,043_2025-10-22T08:03:00,ridge_1,66.0,45.67229266272954,20.32770733727046,False,22.0,54.025121754915084,32.025121754915084,False,42.0,10.636416177876399,31.3635838221236,False,False
Dexcom GL,43,043_2025-10-20T08:00:00,ridge_10,66.0,59.9674738287591,6.032526171240903,True,22.0,39.04558726554704,17.04558726554704,False,10.5,20.64002115231687,10.14002115231687,False,False
Dexcom GL,43,043_2025-10-23T08:08:00,ridge_10,24.0,44.56522484749794,20.565224847497937,False,22.0,41.04511803300452,19.04511803300452,False,10.5,16.040725469379296,5.540725469379296,False,False
Dexcom GL,43,043_2025-10-21T07:51:00,ridge_10,66.0,45.11386168740773,20.886138312592273,False,66.0,41.702781987979655,24.297218012020345,False,10.5,7.880185710763374,2.6198142892366256,False,False
Dexcom GL,43,043_2025-10-22T08:03:00,ridge_10,66.0,53.308591886377926,12.691408113622074,False,22.0,46.10273899714034,24.102738997140342,False,42.0,18.364778563620156,23.635221436379844,False,False
Dexcom GL,43,043_2025-10-20T08:00:00,ridge_100,66.0,60.469651405297526,5.530348594702474,True,22.0,35.71715977343842,13.717159773438418,False,10.5,21.22563514772152,10.725635147721519,False,False
Dexcom GL,43,043_2025-10-23T08:08:00,ridge_100,24.0,51.05318622626778,27.053186226267783,False,22.0,37.079216889549514,15.079216889549514,False,10.5,17.963613622551023,7.463613622551023,False,False
Dexcom GL,43,043_2025-10-21T07:51:00,ridge_100,66.0,50.61257783075249,15.387422169247507,False,66.0,38.09555021362257,27.904449786377427,False,10.5,13.896611980309064,3.396611980309064,False,False
Dexcom GL,43,043_2025-10-22T08:03:00,ridge_100,66.0,56.03587682420101,9.964123175798989,False,22.0,38.420314209200505,16.420314209200505,False,42.0,20.154071126076758,21.845928873923242,False,False
Dexcom GL,43,043_2025-10-20T08:00:00,trees_1,66.0,60.12,5.880000000000003,True,22.0,44.88,22.880000000000003,False,10.5,16.485,5.984999999999999,False,False
Dexcom GL,43,043_2025-10-23T08:08:00,trees_1,24.0,46.26,22.259999999999998,False,22.0,36.08,14.079999999999998,False,10.5,14.91,4.41,False,False
Dexcom GL,43,043_2025-10-21T07:51:00,trees_1,66.0,50.88,15.119999999999997,False,66.0,39.6,26.4,False,10.5,14.28,3.7799999999999994,False,False
Dexcom GL,43,043_2025-10-22T08:03:00,trees_1,66.0,60.12,5.880000000000003,True,22.0,44.44,22.439999999999998,False,42.0,18.375,23.625,False,False
Dexcom GL,43,043_2025-10-20T08:00:00,trees_4,66.0,61.964,4.036000000000001,True,22.0,41.91733333333334,19.91733333333334,False,10.5,18.420749999999998,7.920749999999998,False,False
Dexcom GL,43,043_2025-10-23T08:08:00,trees_4,24.0,44.784,20.784,False,22.0,32.57466666666667,10.574666666666673,False,10.5,14.852999999999998,4.352999999999998,False,False
Dexcom GL,43,043_2025-10-21T07:51:00,trees_4,66.0,52.57200000000001,13.42799999999999,False,66.0,40.419238095238086,25.580761904761914,False,10.5,14.409749999999999,3.909749999999999,False,False
Dexcom GL,43,043_2025-10-22T08:03:00,trees_4,66.0,59.273999999999994,6.726000000000006,False,22.0,44.33942857142856,22.339428571428563,False,42.0,16.944,25.056,False,False
Dexcom GL,43,043_2025-10-20T08:00:00,nested_selected,66.0,60.12,5.880000000000003,True,22.0,44.88,22.880000000000003,False,10.5,16.485,5.984999999999999,False,False
Dexcom GL,43,043_2025-10-23T08:08:00,nested_selected,24.0,46.26,22.259999999999998,False,22.0,36.08,14.079999999999998,False,10.5,14.91,4.41,False,False
Dexcom GL,43,043_2025-10-21T07:51:00,nested_selected,66.0,50.88,15.119999999999997,False,66.0,39.6,26.4,False,10.5,14.28,3.7799999999999994,False,False
Dexcom GL,43,043_2025-10-22T08:03:00,nested_selected,66.0,60.12,5.880000000000003,True,22.0,44.44,22.439999999999998,False,42.0,18.375,23.625,False,False
Dexcom GL,45,045_2025-03-31T08:56:00,calibration_mean,66.0,55.5,10.5,False,22.0,33.0,11.0,False,10.5,18.375,7.875,False,False
Dexcom GL,45,045_2025-04-03T08:46:00,calibration_mean,24.0,55.5,31.5,False,22.0,33.0,11.0,False,10.5,18.375,7.875,False,False
Dexcom GL,45,045_2025-04-01T09:05:00,calibration_mean,66.0,55.5,10.5,False,66.0,33.0,33.0,False,10.5,18.375,7.875,False,False
Dexcom GL,45,045_2025-04-02T09:40:00,calibration_mean,66.0,55.5,10.5,False,22.0,33.0,11.0,False,42.0,18.375,23.625,False,False
Dexcom GL,45,045_2025-03-31T08:56:00,calibration_median,66.0,66.0,0.0,True,22.0,22.0,0.0,True,10.5,10.5,0.0,True,True
Dexcom GL,45,045_2025-04-03T08:46:00,calibration_median,24.0,66.0,42.0,False,22.0,22.0,0.0,True,10.5,10.5,0.0,True,False
Dexcom GL,45,045_2025-04-01T09:05:00,calibration_median,66.0,66.0,0.0,True,66.0,22.0,44.0,False,10.5,10.5,0.0,True,False
Dexcom GL,45,045_2025-04-02T09:40:00,calibration_median,66.0,66.0,0.0,True,22.0,22.0,0.0,True,42.0,10.5,31.5,False,False
Dexcom GL,45,045_2025-03-31T08:56:00,nearest_personal_curve,66.0,24.0,42.0,False,22.0,22.0,0.0,True,10.5,10.5,0.0,True,False
Dexcom GL,45,045_2025-04-03T08:46:00,nearest_personal_curve,24.0,24.0,0.0,True,22.0,22.0,0.0,True,10.5,10.5,0.0,True,True
Dexcom GL,45,045_2025-04-01T09:05:00,nearest_personal_curve,66.0,66.0,0.0,True,66.0,22.0,44.0,False,10.5,10.5,0.0,True,False
Dexcom GL,45,045_2025-04-02T09:40:00,nearest_personal_curve,66.0,66.0,0.0,True,22.0,66.0,44.0,False,42.0,10.5,31.5,False,False
Dexcom GL,45,045_2025-03-31T08:56:00,ridge_0.1,66.0,96.59501244956039,30.595012449560386,False,22.0,190.46170902034197,168.46170902034197,False,10.5,0.0,10.5,False,False
Dexcom GL,45,045_2025-04-03T08:46:00,ridge_0.1,24.0,99.53039121294145,75.53039121294145,False,22.0,198.85309938645094,176.85309938645094,False,10.5,0.0,10.5,False,False
Dexcom GL,45,045_2025-04-01T09:05:00,ridge_0.1,66.0,118.32384141021966,52.32384141021966,False,66.0,203.14760679823337,137.14760679823337,False,10.5,0.0,10.5,False,False
Dexcom GL,45,045_2025-04-02T09:40:00,ridge_0.1,66.0,110.25505049532259,44.25505049532259,False,22.0,228.45892335847793,206.45892335847793,False,42.0,0.0,42.0,False,False
Dexcom GL,45,045_2025-03-31T08:56:00,ridge_1,66.0,63.362979597860836,2.6370204021391643,True,22.0,85.42474763143633,63.42474763143633,False,10.5,0.0,10.5,False,False
Dexcom GL,45,045_2025-04-03T08:46:00,ridge_1,24.0,61.45944554606067,37.45944554606067,False,22.0,88.02732834920279,66.02732834920279,False,10.5,0.0,10.5,False,False
Dexcom GL,45,045_2025-04-01T09:05:00,ridge_1,66.0,74.57064013301388,8.570640133013882,False,66.0,76.05553162422862,10.055531624228621,False,10.5,0.0,10.5,False,False
Dexcom GL,45,045_2025-04-02T09:40:00,ridge_1,66.0,57.006821588193056,8.993178411806944,False,22.0,86.07969948733766,64.07969948733766,False,42.0,0.0,42.0,False,False
Dexcom GL,45,045_2025-03-31T08:56:00,ridge_10,66.0,59.950281553531106,6.049718446468894,True,22.0,46.381116117785695,24.381116117785695,False,10.5,12.289174297498736,1.789174297498736,False,False
Dexcom GL,45,045_2025-04-03T08:46:00,ridge_10,24.0,54.111312628452296,30.111312628452296,False,22.0,47.18223769269249,25.18223769269249,False,10.5,11.389682555092396,0.8896825550923957,True,False
Dexcom GL,45,045_2025-04-01T09:05:00,ridge_10,66.0,66.63029415990744,0.6302941599074359,True,66.0,31.870798080325653,34.129201919674344,False,10.5,15.857806034930249,5.357806034930249,False,False
Dexcom GL,45,045_2025-04-02T09:40:00,ridge_10,66.0,48.56426263940298,17.435737360597017,False,22.0,34.30915549070307,12.30915549070307,False,42.0,0.0,42.0,False,False
Dexcom GL,45,045_2025-03-31T08:56:00,ridge_100,66.0,58.60390870291987,7.396091297080133,False,22.0,35.047415887224396,13.047415887224396,False,10.5,18.19744010095763,7.697440100957628,False,False
Dexcom GL,45,045_2025-04-03T08:46:00,ridge_100,24.0,52.605713945030246,28.605713945030246,False,22.0,36.30854001397142,14.308540013971417,False,10.5,16.801706301797143,6.301706301797143,False,False
Dexcom GL,45,045_2025-04-01T09:05:00,ridge_100,66.0,65.9543503491146,0.04564965088539452,True,66.0,27.09698301382222,38.903016986177775,False,10.5,23.952281999975998,13.452281999975998,False,False
Dexcom GL,45,045_2025-04-02T09:40:00,ridge_100,66.0,55.752102005490734,10.247897994509266,False,22.0,27.508308592422527,5.508308592422527,False,42.0,11.320117321739028,30.679882678260974,False,False
Dexcom GL,45,045_2025-03-31T08:56:00,trees_1,66.0,62.64,3.3599999999999994,True,22.0,36.08,14.079999999999998,False,10.5,22.47,11.969999999999999,False,False
Dexcom GL,45,045_2025-04-03T08:46:00,trees_1,24.0,44.58,20.58,False,22.0,33.0,11.0,False,10.5,14.28,3.7799999999999994,False,False
Dexcom GL,45,045_2025-04-01T09:05:00,trees_1,66.0,64.32,1.6800000000000068,True,66.0,22.88,43.120000000000005,False,10.5,31.29,20.79,False,False
Dexcom GL,45,045_2025-04-02T09:40:00,trees_1,66.0,63.48,2.520000000000003,True,22.0,34.76,12.759999999999998,False,42.0,19.005,22.995,False,False
Dexcom GL,45,045_2025-03-31T08:56:00,trees_4,66.0,60.731,5.268999999999998,True,22.0,37.30047619047619,15.30047619047619,False,10.5,18.478499999999997,7.978499999999997,False,False
Dexcom GL,45,045_2025-04-03T08:46:00,trees_4,24.0,48.425,24.424999999999997,False,22.0,33.70609523809524,11.706095238095237,False,10.5,15.22875,4.72875,False,False
Dexcom GL,45,045_2025-04-01T09:05:00,trees_4,66.0,63.349000000000004,2.6509999999999962,True,66.0,23.810285714285715,42.18971428571429,False,10.5,27.2325,16.7325,False,False
Dexcom GL,45,045_2025-04-02T09:40:00,trees_4,66.0,61.96900000000001,4.030999999999992,True,22.0,29.145809523809522,7.145809523809522,False,42.0,19.7505,22.2495,False,False
Dexcom GL,45,045_2025-03-31T08:56:00,nested_selected,66.0,62.64,3.3599999999999994,True,22.0,36.08,14.079999999999998,False,10.5,22.47,11.969999999999999,False,False
Dexcom GL,45,045_2025-04-03T08:46:00,nested_selected,24.0,44.58,20.58,False,22.0,33.0,11.0,False,10.5,14.28,3.7799999999999994,False,False
Dexcom GL,45,045_2025-04-01T09:05:00,nested_selected,66.0,64.32,1.6800000000000068,True,66.0,22.88,43.120000000000005,False,10.5,31.29,20.79,False,False
Dexcom GL,45,045_2025-04-02T09:40:00,nested_selected,66.0,63.48,2.520000000000003,True,22.0,34.76,12.759999999999998,False,42.0,19.005,22.995,False,False
Dexcom GL,49,049_2025-05-17T07:11:00,calibration_mean,66.0,55.5,10.5,False,22.0,33.0,11.0,False,10.5,18.375,7.875,False,False
Dexcom GL,49,049_2025-05-20T07:06:00,calibration_mean,24.0,55.5,31.5,False,22.0,33.0,11.0,False,10.5,18.375,7.875,False,False
Dexcom GL,49,049_2025-05-18T08:59:00,calibration_mean,66.0,55.5,10.5,False,66.0,33.0,33.0,False,10.5,18.375,7.875,False,False
Dexcom GL,49,049_2025-05-19T07:06:00,calibration_mean,66.0,55.5,10.5,False,22.0,33.0,11.0,False,42.0,18.375,23.625,False,False
Dexcom GL,49,049_2025-05-17T07:11:00,calibration_median,66.0,66.0,0.0,True,22.0,22.0,0.0,True,10.5,10.5,0.0,True,True
Dexcom GL,49,049_2025-05-20T07:06:00,calibration_median,24.0,66.0,42.0,False,22.0,22.0,0.0,True,10.5,10.5,0.0,True,False
Dexcom GL,49,049_2025-05-18T08:59:00,calibration_median,66.0,66.0,0.0,True,66.0,22.0,44.0,False,10.5,10.5,0.0,True,False
Dexcom GL,49,049_2025-05-19T07:06:00,calibration_median,66.0,66.0,0.0,True,22.0,22.0,0.0,True,42.0,10.5,31.5,False,False
Dexcom GL,49,049_2025-05-17T07:11:00,nearest_personal_curve,66.0,24.0,42.0,False,22.0,22.0,0.0,True,10.5,10.5,0.0,True,False
Dexcom GL,49,049_2025-05-20T07:06:00,nearest_personal_curve,24.0,24.0,0.0,True,22.0,22.0,0.0,True,10.5,10.5,0.0,True,True
Dexcom GL,49,049_2025-05-18T08:59:00,nearest_personal_curve,66.0,66.0,0.0,True,66.0,22.0,44.0,False,10.5,42.0,31.5,False,False
Dexcom GL,49,049_2025-05-19T07:06:00,nearest_personal_curve,66.0,66.0,0.0,True,22.0,22.0,0.0,True,42.0,42.0,0.0,True,True
Dexcom GL,49,049_2025-05-17T07:11:00,ridge_0.1,66.0,105.52721524018821,39.52721524018821,False,22.0,103.78643021896592,81.78643021896592,False,10.5,0.0,10.5,False,False
Dexcom GL,49,049_2025-05-20T07:06:00,ridge_0.1,24.0,102.25224944060983,78.25224944060983,False,22.0,96.96138719174225,74.96138719174225,False,10.5,5.520000804227626,4.979999195772374,False,False
Dexcom GL,49,049_2025-05-18T08:59:00,ridge_0.1,66.0,122.22151171703437,56.221511717034375,False,66.0,113.08351383518796,47.08351383518796,False,10.5,10.468702951127005,0.03129704887299489,True,False
Dexcom GL,49,049_2025-05-19T07:06:00,ridge_0.1,66.0,141.22017532698106,75.22017532698106,False,22.0,113.23883857974218,91.23883857974218,False,42.0,16.198815485898496,25.801184514101504,False,False
Dexcom GL,49,049_2025-05-17T07:11:00,ridge_1,66.0,68.9123400041455,2.9123400041455056,True,22.0,48.47904500456233,26.47904500456233,False,10.5,13.883776209098906,3.3837762090989063,False,False
Dexcom GL,49,049_2025-05-20T07:06:00,ridge_1,24.0,65.24483368134229,41.244833681342286,False,22.0,44.582721982224264,22.582721982224264,False,10.5,16.51439461285262,6.01439461285262,False,False
Dexcom GL,49,049_2025-05-18T08:59:00,ridge_1,66.0,89.6782154723359,23.678215472335907,False,66.0,51.98607688761467,14.013923112385328,False,10.5,25.49086500473386,14.990865004733859,False,False
Dexcom GL,49,049_2025-05-19T07:06:00,ridge_1,66.0,106.68297837148214,40.682978371482136,False,22.0,57.098029219618184,35.098029219618184,False,42.0,31.871948393599453,10.128051606400547,False,False
Dexcom GL,49,049_2025-05-17T07:11:00,ridge_10,66.0,53.48463101715219,12.51536898284781,False,22.0,38.366961157927705,16.366961157927705,False,10.5,11.063268119173749,0.563268119173749,True,False
Dexcom GL,49,049_2025-05-20T07:06:00,ridge_10,24.0,48.7116950661106,24.7116950661106,False,22.0,32.73092558636449,10.730925586364492,False,10.5,13.755376074184728,3.2553760741847277,False,False
Dexcom GL,49,049_2025-05-18T08:59:00,ridge_10,66.0,66.76549151298637,0.7654915129863724,True,66.0,37.58746535206854,28.41253464793146,False,10.5,19.687106147922563,9.187106147922563,False,False
Dexcom GL,49,049_2025-05-19T07:06:00,ridge_10,66.0,77.68628211037081,11.686282110370811,False,22.0,41.00465776386061,19.004657763860607,False,42.0,23.530856522550614,18.469143477449386,False,False
Dexcom GL,49,049_2025-05-17T07:11:00,ridge_100,66.0,49.37488125555639,16.62511874444361,False,22.0,35.1225159310407,13.122515931040702,False,10.5,11.788170296023086,1.288170296023086,False,False
Dexcom GL,49,049_2025-05-20T07:06:00,ridge_100,24.0,46.24679325048492,22.24679325048492,False,22.0,33.49605255766033,11.496052557660327,False,10.5,13.069505156261965,2.5695051562619646,False,False
Dexcom GL,49,049_2025-05-18T08:59:00,ridge_100,66.0,55.29867714402719,10.701322855972812,False,66.0,32.05499005077195,33.94500994922805,False,10.5,15.933598831545217,5.433598831545217,False,False
Dexcom GL,49,049_2025-05-19T07:06:00,ridge_100,66.0,61.697010843210705,4.302989156789295,True,22.0,34.43318174997404,12.43318174997404,False,42.0,18.55715934006093,23.44284065993907,False,False
Dexcom GL,49,049_2025-05-17T07:11:00,trees_1,66.0,54.66,11.340000000000003,False,22.0,39.6,17.6,False,10.5,14.595,4.095000000000001,False,False
Dexcom GL,49,049_2025-05-20T07:06:00,trees_1,24.0,43.74,19.740000000000002,False,22.0,33.88,11.880000000000003,False,10.5,13.65,3.1500000000000004,False,False
Dexcom GL,49,049_2025-05-18T08:59:00,trees_1,66.0,59.7,6.299999999999997,True,66.0,28.16,37.84,False,10.5,19.32,8.82,False,False
Dexcom GL,49,049_2025-05-19T07:06:00,trees_1,66.0,63.9,2.1000000000000014,True,22.0,32.12,10.119999999999997,False,42.0,20.265,21.735,False,False
Dexcom GL,49,049_2025-05-17T07:11:00,trees_4,66.0,52.346000000000004,13.653999999999996,False,22.0,35.29219047619048,13.292190476190477,False,10.5,14.789249999999996,4.289249999999996,False,False
Dexcom GL,49,049_2025-05-20T07:06:00,trees_4,24.0,44.71,20.71,False,22.0,33.77838095238096,11.778380952380957,False,10.5,13.820999999999994,3.3209999999999944,False,False
Dexcom GL,49,049_2025-05-18T08:59:00,trees_4,66.0,56.38300000000001,9.61699999999999,False,66.0,33.13409523809523,32.86590476190477,False,10.5,16.57425,6.074249999999999,False,False
Dexcom GL,49,049_2025-05-19T07:06:00,trees_4,66.0,61.83599999999999,4.164000000000009,True,22.0,34.88990476190476,12.88990476190476,False,42.0,18.509249999999998,23.490750000000002,False,False
Dexcom GL,49,049_2025-05-17T07:11:00,nested_selected,66.0,54.66,11.340000000000003,False,22.0,39.6,17.6,False,10.5,14.595,4.095000000000001,False,False
Dexcom GL,49,049_2025-05-20T07:06:00,nested_selected,24.0,43.74,19.740000000000002,False,22.0,33.88,11.880000000000003,False,10.5,13.65,3.1500000000000004,False,False
Dexcom GL,49,049_2025-05-18T08:59:00,nested_selected,66.0,59.7,6.299999999999997,True,66.0,28.16,37.84,False,10.5,19.32,8.82,False,False
Dexcom GL,49,049_2025-05-19T07:06:00,nested_selected,66.0,63.9,2.1000000000000014,True,22.0,32.12,10.119999999999997,False,42.0,20.265,21.735,False,False
Libre GL,1,001_2020-05-07T10:07:00,calibration_mean,66.0,55.5,10.5,False,22.0,33.0,11.0,False,10.5,18.375,7.875,False,False
Libre GL,1,001_2020-05-10T09:27:00,calibration_mean,24.0,55.5,31.5,False,22.0,33.0,11.0,False,10.5,18.375,7.875,False,False
Libre GL,1,001_2020-05-08T09:58:00,calibration_mean,66.0,55.5,10.5,False,66.0,33.0,33.0,False,10.5,18.375,7.875,False,False
Libre GL,1,001_2020-05-09T09:35:00,calibration_mean,66.0,55.5,10.5,False,22.0,33.0,11.0,False,42.0,18.375,23.625,False,False
Libre GL,1,001_2020-05-07T10:07:00,calibration_median,66.0,66.0,0.0,True,22.0,22.0,0.0,True,10.5,10.5,0.0,True,True
Libre GL,1,001_2020-05-10T09:27:00,calibration_median,24.0,66.0,42.0,False,22.0,22.0,0.0,True,10.5,10.5,0.0,True,False
Libre GL,1,001_2020-05-08T09:58:00,calibration_median,66.0,66.0,0.0,True,66.0,22.0,44.0,False,10.5,10.5,0.0,True,False
Libre GL,1,001_2020-05-09T09:35:00,calibration_median,66.0,66.0,0.0,True,22.0,22.0,0.0,True,42.0,10.5,31.5,False,False
Libre GL,1,001_2020-05-07T10:07:00,nearest_personal_curve,66.0,66.0,0.0,True,22.0,66.0,44.0,False,10.5,10.5,0.0,True,False
Libre GL,1,001_2020-05-10T09:27:00,nearest_personal_curve,24.0,66.0,42.0,False,22.0,66.0,44.0,False,10.5,10.5,0.0,True,False
Libre GL,1,001_2020-05-08T09:58:00,nearest_personal_curve,66.0,24.0,42.0,False,66.0,22.0,44.0,False,10.5,10.5,0.0,True,False
Libre GL,1,001_2020-05-09T09:35:00,nearest_personal_curve,66.0,66.0,0.0,True,22.0,22.0,0.0,True,42.0,42.0,0.0,True,True
Libre GL,1,001_2020-05-07T10:07:00,ridge_0.1,66.0,80.07453707002989,14.07453707002989,False,22.0,46.448976053392464,24.448976053392464,False,10.5,0.5172322901954516,9.982767709804548,False,False
Libre GL,1,001_2020-05-10T09:27:00,ridge_0.1,24.0,74.97420466169717,50.97420466169717,False,22.0,52.69313516350995,30.69313516350995,False,10.5,6.402546748897368,4.097453251102632,False,False
Libre GL,1,001_2020-05-08T09:58:00,ridge_0.1,66.0,5.445013097241038,60.55498690275896,False,66.0,20.00105463116637,45.99894536883363,False,10.5,0.0,10.5,False,False
Libre GL,1,001_2020-05-09T09:35:00,ridge_0.1,66.0,104.72838193779273,38.72838193779273,False,22.0,94.42628748805453,72.42628748805453,False,42.0,11.312972093487295,30.687027906512704,False,False
Libre GL,1,001_2020-05-07T10:07:00,ridge_1,66.0,76.75781109548574,10.757811095485735,False,22.0,29.568539204086495,7.568539204086495,False,10.5,13.465626008140449,2.9656260081404486,False,False
Libre GL,1,001_2020-05-10T09:27:00,ridge_1,24.0,74.36743841381687,50.36743841381687,False,22.0,35.25310867367295,13.253108673672948,False,10.5,17.917630605466783,7.417630605466783,False,False
Libre GL,1,001_2020-05-08T09:58:00,ridge_1,66.0,19.677925890733604,46.322074109266396,False,66.0,15.553473754165864,50.446526245834136,False,10.5,0.0,10.5,False,False
Libre GL,1,001_2020-05-09T09:35:00,ridge_1,66.0,102.4057154221353,36.4057154221353,False,22.0,62.1423337926797,40.1423337926797,False,42.0,18.772012646149484,23.227987353850516,False,False
Libre GL,1,001_2020-05-07T10:07:00,ridge_10,66.0,60.096162737335455,5.9038372626645454,True,22.0,25.899682775635476,3.899682775635476,False,10.5,17.090983247752646,6.590983247752646,False,False
Libre GL,1,001_2020-05-10T09:27:00,ridge_10,24.0,56.47611927813719,32.47611927813719,False,22.0,26.904876986473198,4.904876986473198,False,10.5,19.463836673959378,8.963836673959378,False,False
Libre GL,1,001_2020-05-08T09:58:00,ridge_10,66.0,35.99179599512283,30.00820400487717,False,66.0,25.67561377438345,40.32438622561655,False,10.5,0.0,10.5,False,False
Libre GL,1,001_2020-05-09T09:35:00,ridge_10,66.0,77.98334217841621,11.983342178416208,False,22.0,45.72525041179642,23.725250411796416,False,42.0,16.128074863882667,25.871925136117333,False,False
Libre GL,1,001_2020-05-07T10:07:00,ridge_100,66.0,55.463029492450616,10.536970507549384,False,22.0,28.88912261694305,6.889122616943052,False,10.5,18.2105343021758,7.710534302175802,False,False
Libre GL,1,001_2020-05-10T09:27:00,ridge_100,24.0,55.726371500196926,31.726371500196926,False,22.0,29.19792221489682,7.1979222148968205,False,10.5,19.07987676965724,8.57987676965724,False,False
Libre GL,1,001_2020-05-08T09:58:00,ridge_100,66.0,48.92452541980487,17.075474580195127,False,66.0,30.14652714582826,35.85347285417174,False,10.5,10.854970601018467,0.3549706010184668,True,False
Libre GL,1,001_2020-05-09T09:35:00,ridge_100,66.0,57.066323142359785,8.933676857640215,False,22.0,35.05377354207669,13.05377354207669,False,42.0,17.080598870286924,24.919401129713076,False,False
Libre GL,1,001_2020-05-07T10:07:00,trees_1,66.0,48.36,17.64,False,22.0,25.08,3.0799999999999983,False,10.5,14.595,4.095000000000001,False,False
Libre GL,1,001_2020-05-10T09:27:00,trees_1,24.0,53.4,29.4,False,22.0,25.08,3.0799999999999983,False,10.5,18.375,7.875,False,False
Libre GL,1,001_2020-05-08T09:58:00,trees_1,66.0,47.1,18.9,False,66.0,39.6,26.4,False,10.5,12.075,1.5749999999999993,False,False
Libre GL,1,001_2020-05-09T09:35:00,trees_1,66.0,51.72,14.280000000000001,False,22.0,34.32,12.32,False,42.0,16.8,25.2,False,False
Libre GL,1,001_2020-05-07T10:07:00,trees_4,66.0,48.673999999999985,17.326000000000015,False,22.0,28.034285714285712,6.034285714285712,False,10.5,15.3525,4.852499999999999,False,False
Libre GL,1,001_2020-05-10T09:27:00,trees_4,24.0,54.26699999999999,30.26699999999999,False,22.0,28.38000000000001,6.38000000000001,False,10.5,18.088499999999996,7.588499999999996,False,False
Libre GL,1,001_2020-05-08T09:58:00,trees_4,66.0,49.141999999999996,16.858000000000004,False,66.0,36.90133333333333,29.098666666666666,False,10.5,13.554749999999999,3.0547499999999985,False,False
Libre GL,1,001_2020-05-09T09:35:00,trees_4,66.0,50.84400000000001,15.155999999999992,False,22.0,33.700857142857146,11.700857142857146,False,42.0,15.032250000000001,26.96775,False,False
Libre GL,1,001_2020-05-07T10:07:00,nested_selected,66.0,48.36,17.64,False,22.0,25.08,3.0799999999999983,False,10.5,14.595,4.095000000000001,False,False
Libre GL,1,001_2020-05-10T09:27:00,nested_selected,24.0,53.4,29.4,False,22.0,25.08,3.0799999999999983,False,10.5,18.375,7.875,False,False
Libre GL,1,001_2020-05-08T09:58:00,nested_selected,66.0,47.1,18.9,False,66.0,39.6,26.4,False,10.5,12.075,1.5749999999999993,False,False
Libre GL,1,001_2020-05-09T09:35:00,nested_selected,66.0,51.72,14.280000000000001,False,22.0,34.32,12.32,False,42.0,16.8,25.2,False,False
Libre GL,2,002_2019-11-21T09:55:00,calibration_mean,66.0,55.5,10.5,False,22.0,33.0,11.0,False,10.5,18.375,7.875,False,False
Libre GL,2,002_2019-11-24T08:09:00,calibration_mean,24.0,55.5,31.5,False,22.0,33.0,11.0,False,10.5,18.375,7.875,False,False
Libre GL,2,002_2019-11-22T08:48:00,calibration_mean,66.0,55.5,10.5,False,66.0,33.0,33.0,False,10.5,18.375,7.875,False,False
Libre GL,2,002_2019-11-23T09:59:00,calibration_mean,66.0,55.5,10.5,False,22.0,33.0,11.0,False,42.0,18.375,23.625,False,False
Libre GL,2,002_2019-11-21T09:55:00,calibration_median,66.0,66.0,0.0,True,22.0,22.0,0.0,True,10.5,10.5,0.0,True,True
Libre GL,2,002_2019-11-24T08:09:00,calibration_median,24.0,66.0,42.0,False,22.0,22.0,0.0,True,10.5,10.5,0.0,True,False
Libre GL,2,002_2019-11-22T08:48:00,calibration_median,66.0,66.0,0.0,True,66.0,22.0,44.0,False,10.5,10.5,0.0,True,False
Libre GL,2,002_2019-11-23T09:59:00,calibration_median,66.0,66.0,0.0,True,22.0,22.0,0.0,True,42.0,10.5,31.5,False,False
Libre GL,2,002_2019-11-21T09:55:00,nearest_personal_curve,66.0,66.0,0.0,True,22.0,22.0,0.0,True,10.5,42.0,31.5,False,False
Libre GL,2,002_2019-11-24T08:09:00,nearest_personal_curve,24.0,24.0,0.0,True,22.0,22.0,0.0,True,10.5,10.5,0.0,True,True
Libre GL,2,002_2019-11-22T08:48:00,nearest_personal_curve,66.0,66.0,0.0,True,66.0,22.0,44.0,False,10.5,10.5,0.0,True,False
Libre GL,2,002_2019-11-23T09:59:00,nearest_personal_curve,66.0,66.0,0.0,True,22.0,22.0,0.0,True,42.0,10.5,31.5,False,False
Libre GL,2,002_2019-11-21T09:55:00,ridge_0.1,66.0,81.96505922991402,15.965059229914019,False,22.0,46.33334237308766,24.33334237308766,False,10.5,3.835653595660105,6.664346404339895,False,False
Libre GL,2,002_2019-11-24T08:09:00,ridge_0.1,24.0,37.20370475652025,13.203704756520253,False,22.0,59.1296423739994,37.1296423739994,False,10.5,2.9959995695192596,7.50400043048074,False,False
Libre GL,2,002_2019-11-22T08:48:00,ridge_0.1,66.0,40.12446327563273,25.875536724367272,False,66.0,62.69893699028197,3.3010630097180282,True,10.5,0.0,10.5,False,False
Libre GL,2,002_2019-11-23T09:59:00,ridge_0.1,66.0,46.337262013270184,19.662737986729816,False,22.0,44.59799297555571,22.597992975555712,False,42.0,0.0,42.0,False,False
Libre GL,2,002_2019-11-21T09:55:00,ridge_1,66.0,70.63387939444524,4.633879394445245,True,22.0,28.177825285708117,6.177825285708117,False,10.5,10.167681597572935,0.3323184024270649,True,False
Libre GL,2,002_2019-11-24T08:09:00,ridge_1,24.0,43.302164894512515,19.302164894512515,False,22.0,46.835783787773764,24.835783787773764,False,10.5,11.205154101740817,0.7051541017408169,True,False
Libre GL,2,002_2019-11-22T08:48:00,ridge_1,66.0,42.76413982651125,23.235860173488753,False,66.0,42.51504463791563,23.48495536208437,False,10.5,2.7950951190960414,7.704904880903959,False,False
Libre GL,2,002_2019-11-23T09:59:00,ridge_1,66.0,51.62046795351165,14.37953204648835,False,22.0,36.289389111132415,14.289389111132415,False,42.0,0.23250058210100732,41.76749941789899,False,False
Libre GL,2,002_2019-11-21T09:55:00,ridge_10,66.0,71.13300140157573,5.133001401575726,True,22.0,21.39303021864854,0.6069697813514594,True,10.5,13.877963166820104,3.377963166820104,False,False
Libre GL,2,002_2019-11-24T08:09:00,ridge_10,24.0,49.4917267839798,25.4917267839798,False,22.0,41.13364077805128,19.13364077805128,False,10.5,10.135949487532605,0.3640505124673954,True,False
Libre GL,2,002_2019-11-22T08:48:00,ridge_10,66.0,48.762818621922776,17.237181378077224,False,66.0,33.81083128225854,32.18916871774146,False,10.5,6.9328897261328155,3.5671102738671845,False,False
Libre GL,2,002_2019-11-23T09:59:00,ridge_10,66.0,55.14181197644226,10.858188023557737,False,22.0,32.19290141837201,10.19290141837201,False,42.0,3.2364226025802605,38.76357739741974,False,False
Libre GL,2,002_2019-11-21T09:55:00,ridge_100,66.0,76.18198854238136,10.181988542381362,False,22.0,25.29583578445725,3.2958357844572497,False,10.5,19.960628297166963,9.460628297166963,False,False
Libre GL,2,002_2019-11-24T08:09:00,ridge_100,24.0,51.45782445644183,27.457824456441827,False,22.0,34.769604922721285,12.769604922721285,False,10.5,13.743484305416077,3.243484305416077,False,False
Libre GL,2,002_2019-11-22T08:48:00,ridge_100,66.0,52.81308708625579,13.186912913744209,False,66.0,31.723161138393174,34.27683886160683,False,10.5,13.066554336463943,2.566554336463943,False,False
Libre GL,2,002_2019-11-23T09:59:00,ridge_100,66.0,58.077110146281846,7.922889853718154,False,22.0,29.61132885414636,7.611328854146361,False,42.0,10.606994711314607,31.393005288685394,False,False
Libre GL,2,002_2019-11-21T09:55:00,trees_1,66.0,64.74,1.2600000000000051,True,22.0,29.04,7.039999999999999,False,10.5,18.06,7.559999999999999,False,False
Libre GL,2,002_2019-11-24T08:09:00,trees_1,24.0,55.92,31.92,False,22.0,33.88,11.880000000000003,False,10.5,14.595,4.095000000000001,False,False
Libre GL,2,002_2019-11-22T08:48:00,trees_1,66.0,60.96,5.039999999999999,True,66.0,39.16,26.840000000000003,False,10.5,15.54,5.039999999999999,False,False
Libre GL,2,002_2019-11-23T09:59:00,trees_1,66.0,53.82,12.18,False,22.0,35.2,13.200000000000003,False,42.0,17.745,24.255,False,False
Libre GL,2,002_2019-11-21T09:55:00,trees_4,66.0,62.54,3.460000000000001,True,22.0,32.06761904761905,10.067619047619047,False,10.5,18.290249999999997,7.790249999999997,False,False
Libre GL,2,002_2019-11-24T08:09:00,trees_4,24.0,58.357000000000006,34.357000000000006,False,22.0,34.433142857142855,12.433142857142855,False,10.5,16.938,6.437999999999999,False,False
Libre GL,2,002_2019-11-22T08:48:00,trees_4,66.0,60.39999999999999,5.6000000000000085,True,66.0,38.11342857142857,27.88657142857143,False,10.5,16.075499999999998,5.575499999999998,False,False
Libre GL,2,002_2019-11-23T09:59:00,trees_4,66.0,56.126999999999995,9.873000000000005,False,22.0,30.450095238095244,8.450095238095244,False,42.0,18.804,23.196,False,False
Libre GL,2,002_2019-11-21T09:55:00,nested_selected,66.0,64.74,1.2600000000000051,True,22.0,29.04,7.039999999999999,False,10.5,18.06,7.559999999999999,False,False
Libre GL,2,002_2019-11-24T08:09:00,nested_selected,24.0,55.92,31.92,False,22.0,33.88,11.880000000000003,False,10.5,14.595,4.095000000000001,False,False
Libre GL,2,002_2019-11-22T08:48:00,nested_selected,66.0,60.96,5.039999999999999,True,66.0,39.16,26.840000000000003,False,10.5,15.54,5.039999999999999,False,False
Libre GL,2,002_2019-11-23T09:59:00,nested_selected,66.0,53.82,12.18,False,22.0,35.2,13.200000000000003,False,42.0,17.745,24.255,False,False
Libre GL,5,005_2020-08-23T10:48:00,calibration_mean,66.0,55.5,10.5,False,22.0,33.0,11.0,False,10.5,18.375,7.875,False,False
Libre GL,5,005_2020-08-26T08:19:00,calibration_mean,24.0,55.5,31.5,False,22.0,33.0,11.0,False,10.5,18.375,7.875,False,False
Libre GL,5,005_2020-08-24T08:04:00,calibration_mean,66.0,55.5,10.5,False,66.0,33.0,33.0,False,10.5,18.375,7.875,False,False
Libre GL,5,005_2020-08-25T08:13:00,calibration_mean,66.0,55.5,10.5,False,22.0,33.0,11.0,False,42.0,18.375,23.625,False,False
Libre GL,5,005_2020-08-23T10:48:00,calibration_median,66.0,66.0,0.0,True,22.0,22.0,0.0,True,10.5,10.5,0.0,True,True
Libre GL,5,005_2020-08-26T08:19:00,calibration_median,24.0,66.0,42.0,False,22.0,22.0,0.0,True,10.5,10.5,0.0,True,False
Libre GL,5,005_2020-08-24T08:04:00,calibration_median,66.0,66.0,0.0,True,66.0,22.0,44.0,False,10.5,10.5,0.0,True,False
Libre GL,5,005_2020-08-25T08:13:00,calibration_median,66.0,66.0,0.0,True,22.0,22.0,0.0,True,42.0,10.5,31.5,False,False
Libre GL,5,005_2020-08-23T10:48:00,nearest_personal_curve,66.0,66.0,0.0,True,22.0,22.0,0.0,True,10.5,42.0,31.5,False,False
Libre GL,5,005_2020-08-26T08:19:00,nearest_personal_curve,24.0,66.0,42.0,False,22.0,66.0,44.0,False,10.5,10.5,0.0,True,False
Libre GL,5,005_2020-08-24T08:04:00,nearest_personal_curve,66.0,66.0,0.0,True,66.0,22.0,44.0,False,10.5,10.5,0.0,True,False
Libre GL,5,005_2020-08-25T08:13:00,nearest_personal_curve,66.0,66.0,0.0,True,22.0,22.0,0.0,True,42.0,42.0,0.0,True,True
Libre GL,5,005_2020-08-23T10:48:00,ridge_0.1,66.0,90.1822610113459,24.1822610113459,False,22.0,35.92523404650395,13.925234046503952,False,10.5,24.842867811705617,14.342867811705617,False,False
Libre GL,5,005_2020-08-26T08:19:00,ridge_0.1,24.0,80.87644961093372,56.87644961093372,False,22.0,33.19485777232823,11.194857772328227,False,10.5,27.294407255261106,16.794407255261106,False,False
Libre GL,5,005_2020-08-24T08:04:00,ridge_0.1,66.0,82.99086166561726,16.99086166561726,False,66.0,49.59682299402651,16.40317700597349,False,10.5,10.055763844936532,0.4442361550634679,True,False
Libre GL,5,005_2020-08-25T08:13:00,ridge_0.1,66.0,108.898466238852,42.898466238851995,False,22.0,32.725261575701865,10.725261575701865,False,42.0,25.408295458458852,16.591704541541148,False,False
Libre GL,5,005_2020-08-23T10:48:00,ridge_1,66.0,81.5971364794845,15.597136479484504,False,22.0,30.97522687150755,8.975226871507552,False,10.5,24.845685045999204,14.345685045999204,False,False
Libre GL,5,005_2020-08-26T08:19:00,ridge_1,24.0,73.68182459043823,49.681824590438225,False,22.0,28.06316486389022,6.0631648638902185,False,10.5,27.074194269201328,16.574194269201328,False,False
Libre GL,5,005_2020-08-24T08:04:00,ridge_1,66.0,65.43590201503852,0.564097984961478,True,66.0,39.36081397545968,26.639186024540322,False,10.5,14.238066457772565,3.7380664577725646,False,False
Libre GL,5,005_2020-08-25T08:13:00,ridge_1,66.0,91.91448258574711,25.91448258574711,False,22.0,32.21736221591299,10.217362215912992,False,42.0,26.20184085876144,15.79815914123856,False,False
Libre GL,5,005_2020-08-23T10:48:00,ridge_10,66.0,71.69180442459135,5.6918044245913535,True,22.0,36.03356170440753,14.033561704407532,False,10.5,23.49926542820463,12.99926542820463,False,False
Libre GL,5,005_2020-08-26T08:19:00,ridge_10,24.0,67.17296986083036,43.172969860830364,False,22.0,31.27591013520468,9.275910135204679,False,10.5,22.78960178708333,12.289601787083331,False,False
Libre GL,5,005_2020-08-24T08:04:00,ridge_10,66.0,60.85610828277915,5.143891717220853,True,66.0,37.69381904317425,28.30618095682575,False,10.5,16.817434639427365,6.317434639427365,False,False
Libre GL,5,005_2020-08-25T08:13:00,ridge_10,66.0,76.73302992212166,10.73302992212166,False,22.0,38.93314714343624,16.933147143436237,False,42.0,26.11766820537829,15.88233179462171,False,False
Libre GL,5,005_2020-08-23T10:48:00,ridge_100,66.0,64.74282999779854,1.2571700022014625,True,22.0,37.015973798730016,15.015973798730016,False,10.5,20.92059030472139,10.42059030472139,False,False
Libre GL,5,005_2020-08-26T08:19:00,ridge_100,24.0,62.70918325964929,38.70918325964929,False,22.0,32.770428804108164,10.770428804108164,False,10.5,19.50648724922133,9.00648724922133,False,False
Libre GL,5,005_2020-08-24T08:04:00,ridge_100,66.0,61.84863914244888,4.1513608575511185,True,66.0,34.20315422816685,31.796845771833148,False,10.5,18.96783120084615,8.467831200846149,False,False
Libre GL,5,005_2020-08-25T08:13:00,ridge_100,66.0,66.3401752814129,0.3401752814128969,True,22.0,39.47561285331064,17.475612853310643,False,42.0,22.417423435902545,19.582576564097455,False,False
Libre GL,5,005_2020-08-23T10:48:00,trees_1,66.0,61.8,4.200000000000003,True,22.0,33.88,11.880000000000003,False,10.5,27.825,17.325,False,False
Libre GL,5,005_2020-08-26T08:19:00,trees_1,24.0,64.74,40.739999999999995,False,22.0,32.56,10.560000000000002,False,10.5,22.47,11.969999999999999,False,False
Libre GL,5,005_2020-08-24T08:04:00,trees_1,66.0,65.16,0.8400000000000034,True,66.0,28.6,37.4,False,10.5,26.565,16.065,False,False
Libre GL,5,005_2020-08-25T08:13:00,trees_1,66.0,59.28,6.719999999999999,False,22.0,32.56,10.560000000000002,False,42.0,25.935,16.065,False,False
Libre GL,5,005_2020-08-23T10:48:00,trees_4,66.0,63.599000000000004,2.4009999999999962,True,22.0,32.482476190476184,10.482476190476184,False,10.5,26.159999999999997,15.659999999999997,False,False
Libre GL,5,005_2020-08-26T08:19:00,trees_4,24.0,63.48300000000001,39.48300000000001,False,22.0,32.97066666666666,10.97066666666666,False,10.5,22.745250000000002,12.245250000000002,False,False
Libre GL,5,005_2020-08-24T08:04:00,trees_4,66.0,63.973,2.027000000000001,True,66.0,31.026285714285713,34.97371428571429,False,10.5,22.82775,12.327750000000002,False,False
Libre GL,5,005_2020-08-25T08:13:00,trees_4,66.0,63.214000000000006,2.7859999999999943,True,22.0,32.711904761904755,10.711904761904755,False,42.0,25.84424999999999,16.15575000000001,False,False
Libre GL,5,005_2020-08-23T10:48:00,nested_selected,66.0,63.599000000000004,2.4009999999999962,True,22.0,32.482476190476184,10.482476190476184,False,10.5,26.159999999999997,15.659999999999997,False,False
Libre GL,5,005_2020-08-26T08:19:00,nested_selected,24.0,63.48300000000001,39.48300000000001,False,22.0,32.97066666666666,10.97066666666666,False,10.5,22.745250000000002,12.245250000000002,False,False
Libre GL,5,005_2020-08-24T08:04:00,nested_selected,66.0,63.973,2.027000000000001,True,66.0,31.026285714285713,34.97371428571429,False,10.5,22.82775,12.327750000000002,False,False
Libre GL,5,005_2020-08-25T08:13:00,nested_selected,66.0,63.214000000000006,2.7859999999999943,True,22.0,32.711904761904755,10.711904761904755,False,42.0,25.84424999999999,16.15575000000001,False,False
Libre GL,6,006_2023-04-13T10:05:00,calibration_mean,66.0,55.5,10.5,False,22.0,33.0,11.0,False,10.5,18.375,7.875,False,False
Libre GL,6,006_2023-04-16T07:16:00,calibration_mean,24.0,55.5,31.5,False,22.0,33.0,11.0,False,10.5,18.375,7.875,False,False
Libre GL,6,006_2023-04-14T09:08:00,calibration_mean,66.0,55.5,10.5,False,66.0,33.0,33.0,False,10.5,18.375,7.875,False,False
Libre GL,6,006_2023-04-15T08:45:00,calibration_mean,66.0,55.5,10.5,False,22.0,33.0,11.0,False,42.0,18.375,23.625,False,False
Libre GL,6,006_2023-04-13T10:05:00,calibration_median,66.0,66.0,0.0,True,22.0,22.0,0.0,True,10.5,10.5,0.0,True,True
Libre GL,6,006_2023-04-16T07:16:00,calibration_median,24.0,66.0,42.0,False,22.0,22.0,0.0,True,10.5,10.5,0.0,True,False
Libre GL,6,006_2023-04-14T09:08:00,calibration_median,66.0,66.0,0.0,True,66.0,22.0,44.0,False,10.5,10.5,0.0,True,False
Libre GL,6,006_2023-04-15T08:45:00,calibration_median,66.0,66.0,0.0,True,22.0,22.0,0.0,True,42.0,10.5,31.5,False,False
Libre GL,6,006_2023-04-13T10:05:00,nearest_personal_curve,66.0,24.0,42.0,False,22.0,22.0,0.0,True,10.5,10.5,0.0,True,False
Libre GL,6,006_2023-04-16T07:16:00,nearest_personal_curve,24.0,24.0,0.0,True,22.0,22.0,0.0,True,10.5,10.5,0.0,True,True
Libre GL,6,006_2023-04-14T09:08:00,nearest_personal_curve,66.0,24.0,42.0,False,66.0,22.0,44.0,False,10.5,10.5,0.0,True,False
Libre GL,6,006_2023-04-15T08:45:00,nearest_personal_curve,66.0,66.0,0.0,True,22.0,22.0,0.0,True,42.0,42.0,0.0,True,True
Libre GL,6,006_2023-04-13T10:05:00,ridge_0.1,66.0,93.96386657715226,27.96386657715226,False,22.0,64.12014363317736,42.12014363317736,False,10.5,3.8225986358971618,6.677401364102838,False,False
Libre GL,6,006_2023-04-16T07:16:00,ridge_0.1,24.0,63.565302192159415,39.565302192159415,False,22.0,27.440600418520077,5.440600418520077,False,10.5,16.544593785726022,6.044593785726022,False,False
Libre GL,6,006_2023-04-14T09:08:00,ridge_0.1,66.0,66.09403255461618,0.09403255461617732,True,66.0,55.0109243714488,10.989075628551198,False,10.5,0.956673396577358,9.543326603422642,False,False
Libre GL,6,006_2023-04-15T08:45:00,ridge_0.1,66.0,90.28865272040179,24.288652720401785,False,22.0,67.3430724592785,45.3430724592785,False,42.0,3.4672944809070305,38.53270551909297,False,False
Libre GL,6,006_2023-04-13T10:05:00,ridge_1,66.0,68.59031304434136,2.5903130443413573,True,22.0,40.996396209446125,18.996396209446125,False,10.5,14.371523422357892,3.8715234223578925,False,False
Libre GL,6,006_2023-04-16T07:16:00,ridge_1,24.0,50.214198162686856,26.214198162686856,False,22.0,21.178078362136397,0.8219216378636034,True,10.5,19.757919289824684,9.257919289824684,False,False
Libre GL,6,006_2023-04-14T09:08:00,ridge_1,66.0,46.67562336072684,19.32437663927316,False,66.0,34.61189481407289,31.38810518592711,False,10.5,9.3699786934823,1.1300213065176994,False,False
Libre GL,6,006_2023-04-15T08:45:00,ridge_1,66.0,74.24829935520206,8.248299355202064,False,22.0,48.616244668268024,26.616244668268024,False,42.0,17.53990717987692,24.46009282012308,False,False
Libre GL,6,006_2023-04-13T10:05:00,ridge_10,66.0,52.653197552073294,13.346802447926706,False,22.0,32.197296176179165,10.197296176179165,False,10.5,14.196261400250808,3.6962614002508083,False,False
Libre GL,6,006_2023-04-16T07:16:00,ridge_10,24.0,43.61320318358001,19.613203183580012,False,22.0,21.42879936537273,0.5712006346272709,True,10.5,17.7372706638437,7.237270663843699,False,False
Libre GL,6,006_2023-04-14T09:08:00,ridge_10,66.0,36.74750077673043,29.252499223269567,False,66.0,28.416939879584,37.583060120416,False,10.5,10.818992047842418,0.31899204784241775,True,False
Libre GL,6,006_2023-04-15T08:45:00,ridge_10,66.0,55.222894744097836,10.777105255902164,False,22.0,40.659089039377115,18.659089039377115,False,42.0,16.10843390503298,25.89156609496702,False,False
Libre GL,6,006_2023-04-13T10:05:00,ridge_100,66.0,48.111119194439034,17.888880805560966,False,22.0,32.660588905747105,10.660588905747105,False,10.5,15.472465860583844,4.972465860583844,False,False
Libre GL,6,006_2023-04-16T07:16:00,ridge_100,24.0,42.83012506157993,18.830125061579928,False,22.0,26.821324007420085,4.821324007420085,False,10.5,16.18414418854909,5.684144188549091,False,False
Libre GL,6,006_2023-04-14T09:08:00,ridge_100,66.0,35.55990158429978,30.44009841570022,False,66.0,29.483663811143877,36.51633618885612,False,10.5,13.369540110237043,2.8695401102370433,False,False
Libre GL,6,006_2023-04-15T08:45:00,ridge_100,66.0,47.781189503184315,18.218810496815685,False,22.0,39.140857124164775,17.140857124164775,False,42.0,15.760536672323578,26.23946332767642,False,False
Libre GL,6,006_2023-04-13T10:05:00,trees_1,66.0,60.96,5.039999999999999,True,22.0,43.12,21.119999999999997,False,10.5,20.265,9.765,False,False
Libre GL,6,006_2023-04-16T07:16:00,trees_1,24.0,45.0,21.0,False,22.0,30.8,8.8,False,10.5,14.28,3.7799999999999994,False,False
Libre GL,6,006_2023-04-14T09:08:00,trees_1,66.0,46.26,19.740000000000002,False,66.0,35.2,30.799999999999997,False,10.5,12.705,2.205,False,False
Libre GL,6,006_2023-04-15T08:45:00,trees_1,66.0,60.12,5.880000000000003,True,22.0,44.88,22.880000000000003,False,42.0,17.43,24.57,False,False
Libre GL,6,006_2023-04-13T10:05:00,trees_4,66.0,58.879000000000005,7.120999999999995,False,22.0,39.05942857142857,17.05942857142857,False,10.5,18.8985,8.398499999999999,False,False
Libre GL,6,006_2023-04-16T07:16:00,trees_4,24.0,41.80700000000001,17.80700000000001,False,22.0,28.514095238095233,6.5140952380952335,False,10.5,14.304749999999999,3.8047499999999985,False,False
Libre GL,6,006_2023-04-14T09:08:00,trees_4,66.0,45.541000000000004,20.458999999999996,False,66.0,31.733428571428572,34.266571428571424,False,10.5,14.7105,4.2105,False,False
Libre GL,6,006_2023-04-15T08:45:00,trees_4,66.0,60.155,5.844999999999999,True,22.0,41.22380952380952,19.22380952380952,False,42.0,18.674999999999997,23.325000000000003,False,False
Libre GL,6,006_2023-04-13T10:05:00,nested_selected,66.0,60.96,5.039999999999999,True,22.0,43.12,21.119999999999997,False,10.5,20.265,9.765,False,False
Libre GL,6,006_2023-04-16T07:16:00,nested_selected,24.0,45.0,21.0,False,22.0,30.8,8.8,False,10.5,14.28,3.7799999999999994,False,False
Libre GL,6,006_2023-04-14T09:08:00,nested_selected,66.0,46.26,19.740000000000002,False,66.0,35.2,30.799999999999997,False,10.5,12.705,2.205,False,False
Libre GL,6,006_2023-04-15T08:45:00,nested_selected,66.0,60.12,5.880000000000003,True,22.0,44.88,22.880000000000003,False,42.0,17.43,24.57,False,False
Libre GL,8,008_2023-02-05T09:57:00,calibration_mean,66.0,55.5,10.5,False,22.0,33.0,11.0,False,10.5,18.375,7.875,False,False
Libre GL,8,008_2023-02-08T08:01:00,calibration_mean,24.0,55.5,31.5,False,22.0,33.0,11.0,False,10.5,18.375,7.875,False,False
Libre GL,8,008_2023-02-06T08:13:00,calibration_mean,66.0,55.5,10.5,False,66.0,33.0,33.0,False,10.5,18.375,7.875,False,False
Libre GL,8,008_2023-02-07T08:07:00,calibration_mean,66.0,55.5,10.5,False,22.0,33.0,11.0,False,42.0,18.375,23.625,False,False
Libre GL,8,008_2023-02-05T09:57:00,calibration_median,66.0,66.0,0.0,True,22.0,22.0,0.0,True,10.5,10.5,0.0,True,True
Libre GL,8,008_2023-02-08T08:01:00,calibration_median,24.0,66.0,42.0,False,22.0,22.0,0.0,True,10.5,10.5,0.0,True,False
Libre GL,8,008_2023-02-06T08:13:00,calibration_median,66.0,66.0,0.0,True,66.0,22.0,44.0,False,10.5,10.5,0.0,True,False
Libre GL,8,008_2023-02-07T08:07:00,calibration_median,66.0,66.0,0.0,True,22.0,22.0,0.0,True,42.0,10.5,31.5,False,False
Libre GL,8,008_2023-02-05T09:57:00,nearest_personal_curve,66.0,66.0,0.0,True,22.0,22.0,0.0,True,10.5,10.5,0.0,True,True
Libre GL,8,008_2023-02-08T08:01:00,nearest_personal_curve,24.0,24.0,0.0,True,22.0,22.0,0.0,True,10.5,10.5,0.0,True,True
Libre GL,8,008_2023-02-06T08:13:00,nearest_personal_curve,66.0,24.0,42.0,False,66.0,22.0,44.0,False,10.5,10.5,0.0,True,False
Libre GL,8,008_2023-02-07T08:07:00,nearest_personal_curve,66.0,66.0,0.0,True,22.0,22.0,0.0,True,42.0,42.0,0.0,True,True
Libre GL,8,008_2023-02-05T09:57:00,ridge_0.1,66.0,60.74982422344263,5.25017577655737,True,22.0,75.45161795403554,53.45161795403554,False,10.5,20.801615809133114,10.301615809133114,False,False
Libre GL,8,008_2023-02-08T08:01:00,ridge_0.1,24.0,0.0,24.0,False,22.0,8.782644443352243,13.217355556647757,False,10.5,0.0,10.5,False,False
Libre GL,8,008_2023-02-06T08:13:00,ridge_0.1,66.0,10.082306337675824,55.917693662324176,False,66.0,22.385106975025604,43.61489302497439,False,10.5,7.11509908445133,3.38490091554867,False,False
Libre GL,8,008_2023-02-07T08:07:00,ridge_0.1,66.0,27.86287640898924,38.13712359101076,False,22.0,56.04518503031392,34.04518503031392,False,42.0,4.929496263382047,37.07050373661795,False,False
Libre GL,8,008_2023-02-05T09:57:00,ridge_1,66.0,74.9101941237189,8.910194123718895,False,22.0,60.56452216955962,38.56452216955962,False,10.5,19.95646191271839,9.456461912718389,False,False
Libre GL,8,008_2023-02-08T08:01:00,ridge_1,24.0,29.459635314972605,5.459635314972605,False,22.0,21.176811579059034,0.8231884209409657,True,10.5,0.7980830693921099,9.70191693060789,False,False
Libre GL,8,008_2023-02-06T08:13:00,ridge_1,66.0,45.20793727840501,20.792062721594988,False,66.0,28.94579129594852,37.054208704051476,False,10.5,8.151401013934503,2.3485989860654968,False,False
Libre GL,8,008_2023-02-07T08:07:00,ridge_1,66.0,46.855390799544935,19.144609200455065,False,22.0,44.17927117530144,22.179271175301437,False,42.0,7.494055857342156,34.505944142657846,False,False
Libre GL,8,008_2023-02-05T09:57:00,ridge_10,66.0,69.78017781637584,3.78017781637584,True,22.0,43.61386728857948,21.613867288579478,False,10.5,22.529056162229065,12.029056162229065,False,False
Libre GL,8,008_2023-02-08T08:01:00,ridge_10,24.0,42.3812714051993,18.3812714051993,False,22.0,20.24807439985738,1.75192560014262,True,10.5,8.904693454669317,1.5953065453306827,False,False
Libre GL,8,008_2023-02-06T08:13:00,ridge_10,66.0,54.424256634537116,11.575743365462884,False,66.0,25.993229030391777,40.006770969608226,False,10.5,14.360906826818379,3.860906826818379,False,False
Libre GL,8,008_2023-02-07T08:07:00,ridge_10,66.0,52.93007707324693,13.069922926753073,False,22.0,31.454567300784603,9.454567300784603,False,42.0,16.94197187866562,25.05802812133438,False,False
Libre GL,8,008_2023-02-05T09:57:00,ridge_100,66.0,64.81550719116974,1.1844928088302566,True,22.0,35.52720542966664,13.527205429666637,False,10.5,22.03089857118217,11.53089857118217,False,False
Libre GL,8,008_2023-02-08T08:01:00,ridge_100,24.0,47.631511962704465,23.631511962704465,False,22.0,24.406909817272677,2.406909817272677,False,10.5,13.738103791313991,3.238103791313991,False,False
Libre GL,8,008_2023-02-06T08:13:00,ridge_100,66.0,54.71960451613871,11.280395483861291,False,66.0,28.4657277946407,37.5342722053593,False,10.5,16.897265357941656,6.397265357941656,False,False
Libre GL,8,008_2023-02-07T08:07:00,ridge_100,66.0,55.46480664147296,10.535193358527039,False,22.0,30.68253547531647,8.68253547531647,False,42.0,19.804607351502398,22.195392648497602,False,False
Libre GL,8,008_2023-02-05T09:57:00,trees_1,66.0,62.22,3.780000000000001,True,22.0,36.52,14.520000000000003,False,10.5,21.525,11.024999999999999,False,False
Libre GL,8,008_2023-02-08T08:01:00,trees_1,24.0,44.58,20.58,False,22.0,29.48,7.48,False,10.5,14.91,4.41,False,False
Libre GL,8,008_2023-02-06T08:13:00,trees_1,66.0,55.92,10.079999999999998,False,66.0,33.88,32.12,False,10.5,15.855,5.355,False,False
Libre GL,8,008_2023-02-07T08:07:00,trees_1,66.0,60.12,5.880000000000003,True,22.0,31.24,9.239999999999998,False,42.0,19.95,22.05,False,False
Libre GL,8,008_2023-02-05T09:57:00,trees_4,66.0,62.42400000000001,3.5759999999999934,True,22.0,33.482952380952376,11.482952380952376,False,10.5,21.868499999999997,11.368499999999997,False,False
Libre GL,8,008_2023-02-08T08:01:00,trees_4,24.0,38.959,14.959000000000003,False,22.0,25.626857142857137,3.626857142857137,False,10.5,14.610749999999998,4.110749999999998,False,False
Libre GL,8,008_2023-02-06T08:13:00,trees_4,66.0,57.179,8.820999999999998,False,66.0,32.15771428571429,33.84228571428571,False,10.5,19.195499999999996,8.695499999999996,False,False
Libre GL,8,008_2023-02-07T08:07:00,trees_4,66.0,59.114000000000004,6.885999999999996,False,22.0,30.58942857142858,8.58942857142858,False,42.0,21.778499999999998,20.221500000000002,False,False
Libre GL,8,008_2023-02-05T09:57:00,nested_selected,66.0,62.22,3.780000000000001,True,22.0,36.52,14.520000000000003,False,10.5,21.525,11.024999999999999,False,False
Libre GL,8,008_2023-02-08T08:01:00,nested_selected,24.0,44.58,20.58,False,22.0,29.48,7.48,False,10.5,14.91,4.41,False,False
Libre GL,8,008_2023-02-06T08:13:00,nested_selected,66.0,55.92,10.079999999999998,False,66.0,33.88,32.12,False,10.5,15.855,5.355,False,False
Libre GL,8,008_2023-02-07T08:07:00,nested_selected,66.0,60.12,5.880000000000003,True,22.0,31.24,9.239999999999998,False,42.0,19.95,22.05,False,False
Libre GL,9,009_2020-09-21T08:39:00,calibration_mean,66.0,55.5,10.5,False,22.0,33.0,11.0,False,10.5,18.375,7.875,False,False
Libre GL,9,009_2020-09-24T07:51:00,calibration_mean,24.0,55.5,31.5,False,22.0,33.0,11.0,False,10.5,18.375,7.875,False,False
Libre GL,9,009_2020-09-22T07:37:00,calibration_mean,66.0,55.5,10.5,False,66.0,33.0,33.0,False,10.5,18.375,7.875,False,False
Libre GL,9,009_2020-09-23T07:29:00,calibration_mean,66.0,55.5,10.5,False,22.0,33.0,11.0,False,42.0,18.375,23.625,False,False
Libre GL,9,009_2020-09-21T08:39:00,calibration_median,66.0,66.0,0.0,True,22.0,22.0,0.0,True,10.5,10.5,0.0,True,True
Libre GL,9,009_2020-09-24T07:51:00,calibration_median,24.0,66.0,42.0,False,22.0,22.0,0.0,True,10.5,10.5,0.0,True,False
Libre GL,9,009_2020-09-22T07:37:00,calibration_median,66.0,66.0,0.0,True,66.0,22.0,44.0,False,10.5,10.5,0.0,True,False
Libre GL,9,009_2020-09-23T07:29:00,calibration_median,66.0,66.0,0.0,True,22.0,22.0,0.0,True,42.0,10.5,31.5,False,False
Libre GL,9,009_2020-09-21T08:39:00,nearest_personal_curve,66.0,66.0,0.0,True,22.0,22.0,0.0,True,10.5,42.0,31.5,False,False
Libre GL,9,009_2020-09-24T07:51:00,nearest_personal_curve,24.0,24.0,0.0,True,22.0,22.0,0.0,True,10.5,10.5,0.0,True,True
Libre GL,9,009_2020-09-22T07:37:00,nearest_personal_curve,66.0,66.0,0.0,True,66.0,66.0,0.0,True,10.5,10.5,0.0,True,True
Libre GL,9,009_2020-09-23T07:29:00,nearest_personal_curve,66.0,66.0,0.0,True,22.0,66.0,44.0,False,42.0,10.5,31.5,False,False
Libre GL,9,009_2020-09-21T08:39:00,ridge_0.1,66.0,93.29452309962585,27.29452309962585,False,22.0,24.587413607781965,2.587413607781965,False,10.5,42.3651451523776,31.8651451523776,False,False
Libre GL,9,009_2020-09-24T07:51:00,ridge_0.1,24.0,46.358426391263286,22.358426391263286,False,22.0,6.456176030420366,15.543823969579634,False,10.5,38.23405394286201,27.734053942862012,False,False
Libre GL,9,009_2020-09-22T07:37:00,ridge_0.1,66.0,71.86274556871115,5.862745568711148,True,66.0,14.272634678356749,51.72736532164325,False,10.5,41.452190822493804,30.952190822493804,False,False
Libre GL,9,009_2020-09-23T07:29:00,ridge_0.1,66.0,67.9250296967755,1.9250296967754963,True,22.0,6.603726428184338,15.396273571815662,False,42.0,39.50783655748567,2.4921634425143324,True,False
Libre GL,9,009_2020-09-21T08:39:00,ridge_1,66.0,72.79711557809505,6.797115578095045,False,22.0,16.68179039040476,5.31820960959524,False,10.5,35.776845858561714,25.276845858561714,False,False
Libre GL,9,009_2020-09-24T07:51:00,ridge_1,24.0,28.644846969504925,4.6448469695049255,False,22.0,4.455269736418963,17.544730263581037,False,10.5,29.407632497767324,18.907632497767324,False,False
Libre GL,9,009_2020-09-22T07:37:00,ridge_1,66.0,52.71381711200154,13.286182887998457,False,66.0,11.360114236206751,54.639885763793245,False,10.5,32.34287422862175,21.842874228621753,False,False
Libre GL,9,009_2020-09-23T07:29:00,ridge_1,66.0,48.59293477321882,17.407065226781178,False,22.0,4.131471140969975,17.868528859030025,False,42.0,30.320453364112822,11.679546635887178,False,False
Libre GL,9,009_2020-09-21T08:39:00,ridge_10,66.0,64.73373564507862,1.2662643549213755,True,22.0,23.19826572164464,1.1982657216446384,True,10.5,26.5184458128695,16.0184458128695,False,False
Libre GL,9,009_2020-09-24T07:51:00,ridge_10,24.0,33.31651991958746,9.316519919587464,False,22.0,19.516314808789037,2.483685191210963,False,10.5,19.640644688317867,9.140644688317867,False,False
Libre GL,9,009_2020-09-22T07:37:00,ridge_10,66.0,52.51049163631762,13.489508363682383,False,66.0,21.631427416876782,44.36857258312322,False,10.5,23.510976130751953,13.010976130751953,False,False
Libre GL,9,009_2020-09-23T07:29:00,ridge_10,66.0,47.34638374000768,18.65361625999232,False,22.0,16.95380889104134,5.046191108958659,False,42.0,21.271112116504796,20.728887883495204,False,False
Libre GL,9,009_2020-09-21T08:39:00,ridge_100,66.0,57.2127224428229,8.787277557177099,False,22.0,29.527007385818337,7.527007385818337,False,10.5,20.255800309045043,9.755800309045043,False,False
Libre GL,9,009_2020-09-24T07:51:00,ridge_100,24.0,40.74841609983539,16.74841609983539,False,22.0,30.92338312721813,8.92338312721813,False,10.5,15.989556320095424,5.489556320095424,False,False
Libre GL,9,009_2020-09-22T07:37:00,ridge_100,66.0,52.568340653347725,13.431659346652275,False,66.0,30.373012803800094,35.626987196199906,False,10.5,18.982354000946252,8.482354000946252,False,False
Libre GL,9,009_2020-09-23T07:29:00,ridge_100,66.0,48.939440454981664,17.060559545018336,False,22.0,29.01657840936071,7.0165784093607115,False,42.0,17.176678401929294,24.823321598070706,False,False
Libre GL,9,009_2020-09-21T08:39:00,trees_1,66.0,63.9,2.1000000000000014,True,22.0,34.76,12.759999999999998,False,10.5,22.785,12.285,False,False
Libre GL,9,009_2020-09-24T07:51:00,trees_1,24.0,29.04,5.039999999999999,False,22.0,25.52,3.5199999999999996,False,10.5,10.5,0.0,True,False
Libre GL,9,009_2020-09-22T07:37:00,trees_1,66.0,59.28,6.719999999999999,False,66.0,35.64,30.36,False,10.5,19.95,9.45,False,False
Libre GL,9,009_2020-09-23T07:29:00,trees_1,66.0,57.6,8.399999999999999,False,22.0,39.6,17.6,False,42.0,14.28,27.72,False,False
Libre GL,9,009_2020-09-21T08:39:00,trees_4,66.0,61.912,4.088000000000001,True,22.0,30.139999999999997,8.139999999999997,False,10.5,24.86175,14.36175,False,False
Libre GL,9,009_2020-09-24T07:51:00,trees_4,24.0,32.181,8.180999999999997,False,22.0,25.723238095238095,3.723238095238095,False,10.5,12.28125,1.78125,False,False
Libre GL,9,009_2020-09-22T07:37:00,trees_4,66.0,58.013999999999996,7.986000000000004,False,66.0,35.118285714285705,30.881714285714295,False,10.5,19.319999999999997,8.819999999999997,False,False
Libre GL,9,009_2020-09-23T07:29:00,trees_4,66.0,55.007,10.993000000000002,False,22.0,36.59961904761905,14.59961904761905,False,42.0,17.081999999999997,24.918000000000003,False,False
Libre GL,9,009_2020-09-21T08:39:00,nested_selected,66.0,63.9,2.1000000000000014,True,22.0,34.76,12.759999999999998,False,10.5,22.785,12.285,False,False
Libre GL,9,009_2020-09-24T07:51:00,nested_selected,24.0,29.04,5.039999999999999,False,22.0,25.52,3.5199999999999996,False,10.5,10.5,0.0,True,False
Libre GL,9,009_2020-09-22T07:37:00,nested_selected,66.0,59.28,6.719999999999999,False,66.0,35.64,30.36,False,10.5,19.95,9.45,False,False
Libre GL,9,009_2020-09-23T07:29:00,nested_selected,66.0,57.6,8.399999999999999,False,22.0,39.6,17.6,False,42.0,14.28,27.72,False,False
Libre GL,10,010_2020-06-27T05:25:00,calibration_mean,66.0,55.5,10.5,False,22.0,33.0,11.0,False,10.5,18.375,7.875,False,False
Libre GL,10,010_2020-06-30T07:27:00,calibration_mean,24.0,55.5,31.5,False,22.0,33.0,11.0,False,10.5,18.375,7.875,False,False
Libre GL,10,010_2020-06-28T05:16:00,calibration_mean,66.0,55.5,10.5,False,66.0,33.0,33.0,False,10.5,18.375,7.875,False,False
Libre GL,10,010_2020-06-29T06:06:00,calibration_mean,66.0,55.5,10.5,False,22.0,33.0,11.0,False,42.0,18.375,23.625,False,False
Libre GL,10,010_2020-06-27T05:25:00,calibration_median,66.0,66.0,0.0,True,22.0,22.0,0.0,True,10.5,10.5,0.0,True,True
Libre GL,10,010_2020-06-30T07:27:00,calibration_median,24.0,66.0,42.0,False,22.0,22.0,0.0,True,10.5,10.5,0.0,True,False
Libre GL,10,010_2020-06-28T05:16:00,calibration_median,66.0,66.0,0.0,True,66.0,22.0,44.0,False,10.5,10.5,0.0,True,False
Libre GL,10,010_2020-06-29T06:06:00,calibration_median,66.0,66.0,0.0,True,22.0,22.0,0.0,True,42.0,10.5,31.5,False,False
Libre GL,10,010_2020-06-27T05:25:00,nearest_personal_curve,66.0,66.0,0.0,True,22.0,66.0,44.0,False,10.5,10.5,0.0,True,False
Libre GL,10,010_2020-06-30T07:27:00,nearest_personal_curve,24.0,66.0,42.0,False,22.0,66.0,44.0,False,10.5,10.5,0.0,True,False
Libre GL,10,010_2020-06-28T05:16:00,nearest_personal_curve,66.0,66.0,0.0,True,66.0,22.0,44.0,False,10.5,42.0,31.5,False,False
Libre GL,10,010_2020-06-29T06:06:00,nearest_personal_curve,66.0,66.0,0.0,True,22.0,22.0,0.0,True,42.0,42.0,0.0,True,True
Libre GL,10,010_2020-06-27T05:25:00,ridge_0.1,66.0,0.0,66.0,False,22.0,33.39102583968126,11.391025839681262,False,10.5,0.0,10.5,False,False
Libre GL,10,010_2020-06-30T07:27:00,ridge_0.1,24.0,0.0,24.0,False,22.0,38.876350713270085,16.876350713270085,False,10.5,0.0,10.5,False,False
Libre GL,10,010_2020-06-28T05:16:00,ridge_0.1,66.0,0.0,66.0,False,66.0,13.420924752073791,52.57907524792621,False,10.5,10.73862503617934,0.2386250361793394,True,False
Libre GL,10,010_2020-06-29T06:06:00,ridge_0.1,66.0,0.0,66.0,False,22.0,6.4654166087582965,15.534583391241704,False,42.0,11.24762475545845,30.75237524454155,False,False
Libre GL,10,010_2020-06-27T05:25:00,ridge_1,66.0,33.17929846063296,32.82070153936704,False,22.0,30.36317322281556,8.363173222815561,False,10.5,15.596120349562803,5.096120349562803,False,False
Libre GL,10,010_2020-06-30T07:27:00,ridge_1,24.0,24.912585769045187,0.9125857690451866,True,22.0,34.57348998784815,12.573489987848149,False,10.5,15.078336007155947,4.578336007155947,False,False
Libre GL,10,010_2020-06-28T05:16:00,ridge_1,66.0,41.98226910197543,24.017730898024567,False,66.0,10.736302116181392,55.26369788381861,False,10.5,29.348692151225492,18.848692151225492,False,False
Libre GL,10,010_2020-06-29T06:06:00,ridge_1,66.0,53.75979273071289,12.240207269287112,False,22.0,9.280011560948537,12.719988439051463,False,42.0,31.103658024883252,10.896341975116748,False,False
Libre GL,10,010_2020-06-27T05:25:00,ridge_10,66.0,53.88096245088985,12.119037549110153,False,22.0,30.271849090278053,8.271849090278053,False,10.5,18.819723821476774,8.319723821476774,False,False
Libre GL,10,010_2020-06-30T07:27:00,ridge_10,24.0,45.93953951750895,21.939539517508948,False,22.0,32.89553920290494,10.895539202904942,False,10.5,18.680556224399435,8.180556224399435,False,False
Libre GL,10,010_2020-06-28T05:16:00,ridge_10,66.0,61.36750667042261,4.632493329577393,True,66.0,20.66339114018714,45.336608859812856,False,10.5,27.82974194187899,17.32974194187899,False,False
Libre GL,10,010_2020-06-29T06:06:00,ridge_10,66.0,69.54405644664072,3.544056446640724,True,22.0,20.890502890007923,1.109497109992077,True,42.0,28.24197035753648,13.75802964246352,False,False
Libre GL,10,010_2020-06-27T05:25:00,ridge_100,66.0,57.23354366596964,8.766456334030359,False,22.0,32.032906154957665,10.032906154957665,False,10.5,17.979130780150076,7.479130780150076,False,False
Libre GL,10,010_2020-06-30T07:27:00,ridge_100,24.0,53.820080887599325,29.820080887599325,False,22.0,33.97776131806604,11.977761318066037,False,10.5,18.38796734933314,7.887967349333142,False,False
Libre GL,10,010_2020-06-28T05:16:00,ridge_100,66.0,64.27341356936117,1.7265864306388323,True,66.0,31.037968125014157,34.96203187498584,False,10.5,22.582184302904217,12.082184302904217,False,False
Libre GL,10,010_2020-06-29T06:06:00,ridge_100,66.0,70.02306030489234,4.02306030489234,True,22.0,32.56339956672497,10.563399566724968,False,42.0,22.604080628491925,19.395919371508075,False,False
Libre GL,10,010_2020-06-27T05:25:00,trees_1,66.0,54.24,11.759999999999998,False,22.0,28.6,6.600000000000001,False,10.5,20.895,10.395,False,False
Libre GL,10,010_2020-06-30T07:27:00,trees_1,24.0,50.04,26.04,False,22.0,32.56,10.560000000000002,False,10.5,18.06,7.559999999999999,False,False
Libre GL,10,010_2020-06-28T05:16:00,trees_1,66.0,61.8,4.200000000000003,True,66.0,29.04,36.96,False,10.5,24.045,13.545000000000002,False,False
Libre GL,10,010_2020-06-29T06:06:00,trees_1,66.0,61.38,4.619999999999997,True,22.0,29.04,7.039999999999999,False,42.0,22.155,19.845,False,False
Libre GL,10,010_2020-06-27T05:25:00,trees_4,66.0,56.461999999999996,9.538000000000004,False,22.0,29.309238095238086,7.309238095238086,False,10.5,18.360749999999996,7.860749999999996,False,False
Libre GL,10,010_2020-06-30T07:27:00,trees_4,24.0,49.36200000000001,25.36200000000001,False,22.0,31.298666666666662,9.298666666666662,False,10.5,15.883499999999996,5.383499999999996,False,False
Libre GL,10,010_2020-06-28T05:16:00,trees_4,66.0,62.007,3.993000000000002,True,66.0,27.91171428571428,38.08828571428572,False,10.5,24.707250000000002,14.207250000000002,False,False
Libre GL,10,010_2020-06-29T06:06:00,trees_4,66.0,62.663999999999994,3.3360000000000056,True,22.0,30.582095238095235,8.582095238095235,False,42.0,22.641750000000002,19.358249999999998,False,False
Libre GL,10,010_2020-06-27T05:25:00,nested_selected,66.0,54.24,11.759999999999998,False,22.0,28.6,6.600000000000001,False,10.5,20.895,10.395,False,False
Libre GL,10,010_2020-06-30T07:27:00,nested_selected,24.0,50.04,26.04,False,22.0,32.56,10.560000000000002,False,10.5,18.06,7.559999999999999,False,False
Libre GL,10,010_2020-06-28T05:16:00,nested_selected,66.0,61.8,4.200000000000003,True,66.0,29.04,36.96,False,10.5,24.045,13.545000000000002,False,False
Libre GL,10,010_2020-06-29T06:06:00,nested_selected,66.0,61.38,4.619999999999997,True,22.0,29.04,7.039999999999999,False,42.0,22.155,19.845,False,False
Libre GL,14,014_2023-05-15T07:29:00,calibration_mean,66.0,55.5,10.5,False,22.0,33.0,11.0,False,10.5,18.375,7.875,False,False
Libre GL,14,014_2023-05-18T08:15:00,calibration_mean,24.0,55.5,31.5,False,22.0,33.0,11.0,False,10.5,18.375,7.875,False,False
Libre GL,14,014_2023-05-16T07:28:00,calibration_mean,66.0,55.5,10.5,False,66.0,33.0,33.0,False,10.5,18.375,7.875,False,False
Libre GL,14,014_2023-05-17T08:34:00,calibration_mean,66.0,55.5,10.5,False,22.0,33.0,11.0,False,42.0,18.375,23.625,False,False
Libre GL,14,014_2023-05-15T07:29:00,calibration_median,66.0,66.0,0.0,True,22.0,22.0,0.0,True,10.5,10.5,0.0,True,True
Libre GL,14,014_2023-05-18T08:15:00,calibration_median,24.0,66.0,42.0,False,22.0,22.0,0.0,True,10.5,10.5,0.0,True,False
Libre GL,14,014_2023-05-16T07:28:00,calibration_median,66.0,66.0,0.0,True,66.0,22.0,44.0,False,10.5,10.5,0.0,True,False
Libre GL,14,014_2023-05-17T08:34:00,calibration_median,66.0,66.0,0.0,True,22.0,22.0,0.0,True,42.0,10.5,31.5,False,False
Libre GL,14,014_2023-05-15T07:29:00,nearest_personal_curve,66.0,66.0,0.0,True,22.0,22.0,0.0,True,10.5,10.5,0.0,True,True
Libre GL,14,014_2023-05-18T08:15:00,nearest_personal_curve,24.0,24.0,0.0,True,22.0,22.0,0.0,True,10.5,10.5,0.0,True,True
Libre GL,14,014_2023-05-16T07:28:00,nearest_personal_curve,66.0,66.0,0.0,True,66.0,66.0,0.0,True,10.5,10.5,0.0,True,True
Libre GL,14,014_2023-05-17T08:34:00,nearest_personal_curve,66.0,66.0,0.0,True,22.0,66.0,44.0,False,42.0,10.5,31.5,False,False
Libre GL,14,014_2023-05-15T07:29:00,ridge_0.1,66.0,93.05394384284506,27.053943842845058,False,22.0,0.0,22.0,False,10.5,54.75513077791572,44.25513077791572,False,False
Libre GL,14,014_2023-05-18T08:15:00,ridge_0.1,24.0,30.238484761123065,6.238484761123065,False,22.0,9.48797763565998,12.51202236434002,False,10.5,28.380487473151007,17.880487473151007,False,False
Libre GL,14,014_2023-05-16T07:28:00,ridge_0.1,66.0,47.88794346176046,18.112056538239543,False,66.0,0.0,66.0,False,10.5,46.66395599769819,36.16395599769819,False,False
Libre GL,14,014_2023-05-17T08:34:00,ridge_0.1,66.0,37.516375834485345,28.483624165514655,False,22.0,19.666732181000715,2.3332678189992855,False,42.0,30.435831501407907,11.564168498592093,False,False
Libre GL,14,014_2023-05-15T07:29:00,ridge_1,66.0,82.64010338454803,16.640103384548027,False,22.0,13.624094269593382,8.375905730406618,False,10.5,41.96386567242929,31.463865672429293,False,False
Libre GL,14,014_2023-05-18T08:15:00,ridge_1,24.0,40.402315062885855,16.402315062885855,False,22.0,27.793152843663957,5.793152843663957,False,10.5,21.899017525839653,11.399017525839653,False,False
Libre GL,14,014_2023-05-16T07:28:00,ridge_1,66.0,46.28041406718931,19.719585932810688,False,66.0,18.707712676010235,47.29228732398977,False,10.5,34.72384652572318,24.223846525723182,False,False
Libre GL,14,014_2023-05-17T08:34:00,ridge_1,66.0,50.677157820828555,15.322842179171445,False,22.0,35.20525245926812,13.205252459268117,False,42.0,24.77209066724461,17.22790933275539,False,False
Libre GL,14,014_2023-05-15T07:29:00,ridge_10,66.0,70.97881858759176,4.9788185875917605,True,22.0,28.18730334726299,6.18730334726299,False,10.5,27.111548834640068,16.611548834640068,False,False
Libre GL,14,014_2023-05-18T08:15:00,ridge_10,24.0,44.7589081982757,20.758908198275698,False,22.0,34.90831738941544,12.908317389415437,False,10.5,17.74310272111156,7.243102721111558,False,False
Libre GL,14,014_2023-05-16T07:28:00,ridge_10,66.0,44.76769595283319,21.232304047166807,False,66.0,30.55078217128837,35.44921782871163,False,10.5,25.396365792575995,14.896365792575995,False,False
Libre GL,14,014_2023-05-17T08:34:00,ridge_10,66.0,53.72167550829424,12.27832449170576,False,22.0,37.868038376486645,15.868038376486645,False,42.0,21.30844273170753,20.69155726829247,False,False
Libre GL,14,014_2023-05-15T07:29:00,ridge_100,66.0,62.09439721970839,3.905602780291609,True,22.0,31.49118653547219,9.491186535472188,False,10.5,19.94905397055398,9.44905397055398,False,False
Libre GL,14,014_2023-05-18T08:15:00,ridge_100,24.0,49.79843083166073,25.79843083166073,False,22.0,33.92782681061869,11.92782681061869,False,10.5,18.24065649441899,7.740656494418989,False,False
Libre GL,14,014_2023-05-16T07:28:00,ridge_100,66.0,50.84492303518725,15.15507696481275,False,66.0,33.790351833968785,32.209648166031215,False,10.5,21.01355656397056,10.51355656397056,False,False
Libre GL,14,014_2023-05-17T08:34:00,ridge_100,66.0,57.6358453712994,8.364154628700597,False,22.0,35.49205143877922,13.492051438779221,False,42.0,20.5274214638183,21.4725785361817,False,False
Libre GL,14,014_2023-05-15T07:29:00,trees_1,66.0,64.74,1.2600000000000051,True,22.0,32.12,10.119999999999997,False,10.5,20.895,10.395,False,False
Libre GL,14,014_2023-05-18T08:15:00,trees_1,24.0,33.24,9.240000000000002,False,22.0,25.08,3.0799999999999983,False,10.5,12.705,2.205,False,False
Libre GL,14,014_2023-05-16T07:28:00,trees_1,66.0,50.88,15.119999999999997,False,66.0,35.2,30.799999999999997,False,10.5,14.91,4.41,False,False
Libre GL,14,014_2023-05-17T08:34:00,trees_1,66.0,60.54,5.460000000000001,True,22.0,31.68,9.68,False,42.0,22.785,19.215,False,False
Libre GL,14,014_2023-05-15T07:29:00,trees_4,66.0,63.569,2.4309999999999974,True,22.0,35.00828571428572,13.00828571428572,False,10.5,20.58075,10.080749999999998,False,False
Libre GL,14,014_2023-05-18T08:15:00,trees_4,24.0,35.687999999999995,11.687999999999995,False,22.0,24.9647619047619,2.9647619047619003,False,10.5,14.393999999999998,3.8939999999999984,False,False
Libre GL,14,014_2023-05-16T07:28:00,trees_4,66.0,54.586999999999996,11.413000000000004,False,66.0,36.74628571428572,29.25371428571428,False,10.5,15.837749999999998,5.337749999999998,False,False
Libre GL,14,014_2023-05-17T08:34:00,trees_4,66.0,61.628000000000014,4.371999999999986,True,22.0,35.44095238095238,13.440952380952382,False,42.0,21.3225,20.6775,False,False
Libre GL,14,014_2023-05-15T07:29:00,nested_selected,66.0,63.569,2.4309999999999974,True,22.0,35.00828571428572,13.00828571428572,False,10.5,20.58075,10.080749999999998,False,False
Libre GL,14,014_2023-05-18T08:15:00,nested_selected,24.0,35.687999999999995,11.687999999999995,False,22.0,24.9647619047619,2.9647619047619003,False,10.5,14.393999999999998,3.8939999999999984,False,False
Libre GL,14,014_2023-05-16T07:28:00,nested_selected,66.0,54.586999999999996,11.413000000000004,False,66.0,36.74628571428572,29.25371428571428,False,10.5,15.837749999999998,5.337749999999998,False,False
Libre GL,14,014_2023-05-17T08:34:00,nested_selected,66.0,61.628000000000014,4.371999999999986,True,22.0,35.44095238095238,13.440952380952382,False,42.0,21.3225,20.6775,False,False
Libre GL,17,017_2023-10-16T09:41:00,calibration_mean,66.0,55.5,10.5,False,22.0,33.0,11.0,False,10.5,18.375,7.875,False,False
Libre GL,17,017_2023-10-19T08:30:00,calibration_mean,24.0,55.5,31.5,False,22.0,33.0,11.0,False,10.5,18.375,7.875,False,False
Libre GL,17,017_2023-10-17T11:12:00,calibration_mean,66.0,55.5,10.5,False,66.0,33.0,33.0,False,10.5,18.375,7.875,False,False
Libre GL,17,017_2023-10-18T11:43:00,calibration_mean,66.0,55.5,10.5,False,22.0,33.0,11.0,False,42.0,18.375,23.625,False,False
Libre GL,17,017_2023-10-16T09:41:00,calibration_median,66.0,66.0,0.0,True,22.0,22.0,0.0,True,10.5,10.5,0.0,True,True
Libre GL,17,017_2023-10-19T08:30:00,calibration_median,24.0,66.0,42.0,False,22.0,22.0,0.0,True,10.5,10.5,0.0,True,False
Libre GL,17,017_2023-10-17T11:12:00,calibration_median,66.0,66.0,0.0,True,66.0,22.0,44.0,False,10.5,10.5,0.0,True,False
Libre GL,17,017_2023-10-18T11:43:00,calibration_median,66.0,66.0,0.0,True,22.0,22.0,0.0,True,42.0,10.5,31.5,False,False
Libre GL,17,017_2023-10-16T09:41:00,nearest_personal_curve,66.0,24.0,42.0,False,22.0,22.0,0.0,True,10.5,10.5,0.0,True,False
Libre GL,17,017_2023-10-19T08:30:00,nearest_personal_curve,24.0,24.0,0.0,True,22.0,22.0,0.0,True,10.5,10.5,0.0,True,True
Libre GL,17,017_2023-10-17T11:12:00,nearest_personal_curve,66.0,24.0,42.0,False,66.0,22.0,44.0,False,10.5,10.5,0.0,True,False
Libre GL,17,017_2023-10-18T11:43:00,nearest_personal_curve,66.0,24.0,42.0,False,22.0,22.0,0.0,True,42.0,10.5,31.5,False,False
Libre GL,17,017_2023-10-16T09:41:00,ridge_0.1,66.0,51.78632749962061,14.213672500379388,False,22.0,46.31934429395205,24.31934429395205,False,10.5,25.24451081432494,14.74451081432494,False,False
Libre GL,17,017_2023-10-19T08:30:00,ridge_0.1,24.0,42.735509627629746,18.735509627629746,False,22.0,54.251572112954165,32.251572112954165,False,10.5,20.257371188038054,9.757371188038054,False,False
Libre GL,17,017_2023-10-17T11:12:00,ridge_0.1,66.0,67.57644926276673,1.5764492627667295,True,66.0,54.603545741564325,11.396454258435675,False,10.5,2.1239651038425116,8.376034896157488,False,False
Libre GL,17,017_2023-10-18T11:43:00,ridge_0.1,66.0,64.32259023078417,1.6774097692158279,True,22.0,47.49408464201561,25.494084642015608,False,42.0,13.34663686396307,28.65336313603693,False,False
Libre GL,17,017_2023-10-16T09:41:00,ridge_1,66.0,50.64414708589609,15.355852914103913,False,22.0,28.81079799210428,6.8107979921042805,False,10.5,30.090217084647808,19.590217084647808,False,False
Libre GL,17,017_2023-10-19T08:30:00,ridge_1,24.0,38.28946440139559,14.289464401395591,False,22.0,33.81522537100383,11.815225371003827,False,10.5,22.449577791733947,11.949577791733947,False,False
Libre GL,17,017_2023-10-17T11:12:00,ridge_1,66.0,63.52737137420539,2.472628625794613,True,66.0,35.165533394612616,30.834466605387384,False,10.5,13.390343990796229,2.8903439907962287,False,False
Libre GL,17,017_2023-10-18T11:43:00,ridge_1,66.0,62.27723072233603,3.7227692776639714,True,22.0,31.702051839483186,9.702051839483186,False,42.0,22.932650977216415,19.067349022783585,False,False
Libre GL,17,017_2023-10-16T09:41:00,ridge_10,66.0,58.81251590783862,7.187484092161377,False,22.0,29.335381939224824,7.335381939224824,False,10.5,24.316397775967097,13.816397775967097,False,False
Libre GL,17,017_2023-10-19T08:30:00,ridge_10,24.0,48.07477879472493,24.074778794724928,False,22.0,30.69881341147819,8.698813411478191,False,10.5,19.54973255581351,9.04973255581351,False,False
Libre GL,17,017_2023-10-17T11:12:00,ridge_10,66.0,65.31192419105565,0.6880758089443475,True,66.0,31.766548906565756,34.23345109343424,False,10.5,15.77945250887083,5.279452508870831,False,False
Libre GL,17,017_2023-10-18T11:43:00,ridge_10,66.0,66.22316177348765,0.22316177348764654,True,22.0,31.287561885692632,9.287561885692632,False,42.0,22.603142885065008,19.396857114934992,False,False
Libre GL,17,017_2023-10-16T09:41:00,ridge_100,66.0,60.349687059282445,5.650312940717555,True,22.0,32.09768477577749,10.097684775777488,False,10.5,20.456868181769124,9.956868181769124,False,False
Libre GL,17,017_2023-10-19T08:30:00,ridge_100,24.0,52.56535581413541,28.56535581413541,False,22.0,33.14160653326986,11.141606533269858,False,10.5,17.90863164194309,7.408631641943089,False,False
Libre GL,17,017_2023-10-17T11:12:00,ridge_100,66.0,62.980423442870524,3.0195765571294757,True,66.0,33.23924551376327,32.76075448623673,False,10.5,16.814081616395825,6.314081616395825,False,False
Libre GL,17,017_2023-10-18T11:43:00,ridge_100,66.0,63.4515287281132,2.548471271886797,True,22.0,33.23882404358377,11.238824043583769,False,42.0,20.738315143664686,21.261684856335314,False,False
Libre GL,17,017_2023-10-16T09:41:00,trees_1,66.0,60.96,5.039999999999999,True,22.0,37.4,15.399999999999999,False,10.5,20.265,9.765,False,False
Libre GL,17,017_2023-10-19T08:30:00,trees_1,24.0,43.32,19.32,False,22.0,32.12,10.119999999999997,False,10.5,14.91,4.41,False,False
Libre GL,17,017_2023-10-17T11:12:00,trees_1,66.0,60.54,5.460000000000001,True,66.0,38.72,27.28,False,10.5,16.8,6.300000000000001,False,False
Libre GL,17,017_2023-10-18T11:43:00,trees_1,66.0,60.96,5.039999999999999,True,22.0,34.76,12.759999999999998,False,42.0,20.265,21.735,False,False
Libre GL,17,017_2023-10-16T09:41:00,trees_4,66.0,59.651,6.348999999999997,True,22.0,31.504,9.504000000000001,False,10.5,21.801750000000002,11.301750000000002,False,False
Libre GL,17,017_2023-10-19T08:30:00,trees_4,24.0,46.538999999999994,22.538999999999994,False,22.0,33.198,11.198,False,10.5,14.362499999999997,3.862499999999997,False,False
Libre GL,17,017_2023-10-17T11:12:00,trees_4,66.0,61.303000000000004,4.696999999999996,True,66.0,36.65514285714286,29.344857142857137,False,10.5,18.7245,8.224499999999999,False,False
Libre GL,17,017_2023-10-18T11:43:00,trees_4,66.0,60.16400000000001,5.835999999999991,True,22.0,32.21219047619047,10.212190476190472,False,42.0,21.456750000000003,20.543249999999997,False,False
Libre GL,17,017_2023-10-16T09:41:00,nested_selected,66.0,60.96,5.039999999999999,True,22.0,37.4,15.399999999999999,False,10.5,20.265,9.765,False,False
Libre GL,17,017_2023-10-19T08:30:00,nested_selected,24.0,43.32,19.32,False,22.0,32.12,10.119999999999997,False,10.5,14.91,4.41,False,False
Libre GL,17,017_2023-10-17T11:12:00,nested_selected,66.0,60.54,5.460000000000001,True,66.0,38.72,27.28,False,10.5,16.8,6.300000000000001,False,False
Libre GL,17,017_2023-10-18T11:43:00,nested_selected,66.0,60.96,5.039999999999999,True,22.0,34.76,12.759999999999998,False,42.0,20.265,21.735,False,False
Libre GL,27,027_2024-06-16T10:15:00,calibration_mean,66.0,55.5,10.5,False,22.0,33.0,11.0,False,10.5,18.375,7.875,False,False
Libre GL,27,027_2024-06-19T10:11:00,calibration_mean,24.0,55.5,31.5,False,22.0,33.0,11.0,False,10.5,18.375,7.875,False,False
Libre GL,27,027_2024-06-17T08:15:00,calibration_mean,66.0,55.5,10.5,False,66.0,33.0,33.0,False,10.5,18.375,7.875,False,False
Libre GL,27,027_2024-06-18T09:20:00,calibration_mean,66.0,55.5,10.5,False,22.0,33.0,11.0,False,42.0,18.375,23.625,False,False
Libre GL,27,027_2024-06-16T10:15:00,calibration_median,66.0,66.0,0.0,True,22.0,22.0,0.0,True,10.5,10.5,0.0,True,True
Libre GL,27,027_2024-06-19T10:11:00,calibration_median,24.0,66.0,42.0,False,22.0,22.0,0.0,True,10.5,10.5,0.0,True,False
Libre GL,27,027_2024-06-17T08:15:00,calibration_median,66.0,66.0,0.0,True,66.0,22.0,44.0,False,10.5,10.5,0.0,True,False
Libre GL,27,027_2024-06-18T09:20:00,calibration_median,66.0,66.0,0.0,True,22.0,22.0,0.0,True,42.0,10.5,31.5,False,False
Libre GL,27,027_2024-06-16T10:15:00,nearest_personal_curve,66.0,24.0,42.0,False,22.0,22.0,0.0,True,10.5,10.5,0.0,True,False
Libre GL,27,027_2024-06-19T10:11:00,nearest_personal_curve,24.0,24.0,0.0,True,22.0,22.0,0.0,True,10.5,10.5,0.0,True,True
Libre GL,27,027_2024-06-17T08:15:00,nearest_personal_curve,66.0,24.0,42.0,False,66.0,22.0,44.0,False,10.5,10.5,0.0,True,False
Libre GL,27,027_2024-06-18T09:20:00,nearest_personal_curve,66.0,66.0,0.0,True,22.0,66.0,44.0,False,42.0,10.5,31.5,False,False
Libre GL,27,027_2024-06-16T10:15:00,ridge_0.1,66.0,0.0,66.0,False,22.0,60.14724636979025,38.14724636979025,False,10.5,0.0,10.5,False,False
Libre GL,27,027_2024-06-19T10:11:00,ridge_0.1,24.0,0.0,24.0,False,22.0,64.01967023923376,42.01967023923376,False,10.5,0.0,10.5,False,False
Libre GL,27,027_2024-06-17T08:15:00,ridge_0.1,66.0,0.0,66.0,False,66.0,66.61185695728258,0.6118569572825834,True,10.5,0.0,10.5,False,False
Libre GL,27,027_2024-06-18T09:20:00,ridge_0.1,66.0,0.0,66.0,False,22.0,16.71366699039257,5.286333009607429,False,42.0,0.0,42.0,False,False
Libre GL,27,027_2024-06-16T10:15:00,ridge_1,66.0,13.648199737460232,52.35180026253977,False,22.0,53.77918193646349,31.779181936463488,False,10.5,0.0,10.5,False,False
Libre GL,27,027_2024-06-19T10:11:00,ridge_1,24.0,8.64605425754052,15.35394574245948,False,22.0,55.52421125624406,33.52421125624406,False,10.5,0.0,10.5,False,False
Libre GL,27,027_2024-06-17T08:15:00,ridge_1,66.0,11.744716292565087,54.25528370743491,False,66.0,62.942328178530616,3.057671821469384,True,10.5,0.0,10.5,False,False
Libre GL,27,027_2024-06-18T09:20:00,ridge_1,66.0,18.775165838770555,47.224834161229445,False,22.0,18.16077667797994,3.839223322020061,False,42.0,0.5950245650591874,41.40497543494081,False,False
Libre GL,27,027_2024-06-16T10:15:00,ridge_10,66.0,29.383168080931174,36.61683191906883,False,22.0,41.71699442484895,19.71699442484895,False,10.5,7.1813855098785435,3.3186144901214565,False,False
Libre GL,27,027_2024-06-19T10:11:00,ridge_10,24.0,26.311193999853472,2.3111939998534723,True,22.0,40.20244219925375,18.202442199253753,False,10.5,9.173019858129665,1.3269801418703349,False,False
Libre GL,27,027_2024-06-17T08:15:00,ridge_10,66.0,30.89005903021549,35.10994096978451,False,66.0,48.910298716677616,17.089701283322384,False,10.5,7.304140124288979,3.1958598757110206,False,False
Libre GL,27,027_2024-06-18T09:20:00,ridge_10,66.0,34.30147957219703,31.69852042780297,False,22.0,24.77217206991206,2.7721720699120596,False,42.0,10.817875040419711,31.18212495958029,False,False
Libre GL,27,027_2024-06-16T10:15:00,ridge_100,66.0,41.26808234939141,24.731917650608587,False,22.0,35.34700092802319,13.347000928023192,False,10.5,13.249926655795504,2.7499266557955035,False,False
Libre GL,27,027_2024-06-19T10:11:00,ridge_100,24.0,35.68796537459576,11.687965374595763,False,22.0,34.433032834846756,12.433032834846756,False,10.5,13.310343381156876,2.8103433811568763,False,False
Libre GL,27,027_2024-06-17T08:15:00,ridge_100,66.0,41.85497431631384,24.145025683686157,False,66.0,38.77247492363006,27.227525076369943,False,10.5,13.64454833294633,3.1445483329463304,False,False
Libre GL,27,027_2024-06-18T09:20:00,ridge_100,66.0,43.82151546893022,22.178484531069778,False,22.0,29.16355418671734,7.163554186717342,False,42.0,14.810408840633103,27.1895911593669,False,False
Libre GL,27,027_2024-06-16T10:15:00,trees_1,66.0,42.06,23.939999999999998,False,22.0,32.56,10.560000000000002,False,10.5,13.965,3.465,False,False
Libre GL,27,027_2024-06-19T10:11:00,trees_1,24.0,42.06,18.060000000000002,False,22.0,32.56,10.560000000000002,False,10.5,14.28,3.7799999999999994,False,False
Libre GL,27,027_2024-06-17T08:15:00,trees_1,66.0,43.32,22.68,False,66.0,34.32,31.68,False,10.5,14.91,4.41,False,False
Libre GL,27,027_2024-06-18T09:20:00,trees_1,66.0,51.72,14.280000000000001,False,22.0,33.0,11.0,False,42.0,19.635,22.365,False,False
Libre GL,27,027_2024-06-16T10:15:00,trees_4,66.0,49.824,16.176000000000002,False,22.0,32.96438095238094,10.964380952380942,False,10.5,17.569499999999998,7.069499999999998,False,False
Libre GL,27,027_2024-06-19T10:11:00,trees_4,24.0,41.11299999999999,17.112999999999992,False,22.0,31.622380952380944,9.622380952380944,False,10.5,13.077750000000002,2.5777500000000018,False,False
Libre GL,27,027_2024-06-17T08:15:00,trees_4,66.0,49.943999999999996,16.056000000000004,False,66.0,35.16961904761904,30.830380952380963,False,10.5,16.64325,6.143249999999998,False,False
Libre GL,27,027_2024-06-18T09:20:00,trees_4,66.0,56.413999999999994,9.586000000000006,False,22.0,32.74961904761905,10.74961904761905,False,42.0,21.141,20.859,False,False
Libre GL,27,027_2024-06-16T10:15:00,nested_selected,66.0,42.06,23.939999999999998,False,22.0,32.56,10.560000000000002,False,10.5,13.965,3.465,False,False
Libre GL,27,027_2024-06-19T10:11:00,nested_selected,24.0,42.06,18.060000000000002,False,22.0,32.56,10.560000000000002,False,10.5,14.28,3.7799999999999994,False,False
Libre GL,27,027_2024-06-17T08:15:00,nested_selected,66.0,43.32,22.68,False,66.0,34.32,31.68,False,10.5,14.91,4.41,False,False
Libre GL,27,027_2024-06-18T09:20:00,nested_selected,66.0,51.72,14.280000000000001,False,22.0,33.0,11.0,False,42.0,19.635,22.365,False,False
Libre GL,31,031_2022-07-05T07:45:00,calibration_mean,66.0,55.5,10.5,False,22.0,33.0,11.0,False,10.5,18.375,7.875,False,False
Libre GL,31,031_2022-07-08T07:18:00,calibration_mean,24.0,55.5,31.5,False,22.0,33.0,11.0,False,10.5,18.375,7.875,False,False
Libre GL,31,031_2022-07-06T07:56:00,calibration_mean,66.0,55.5,10.5,False,66.0,33.0,33.0,False,10.5,18.375,7.875,False,False
Libre GL,31,031_2022-07-07T07:04:00,calibration_mean,66.0,55.5,10.5,False,22.0,33.0,11.0,False,42.0,18.375,23.625,False,False
Libre GL,31,031_2022-07-05T07:45:00,calibration_median,66.0,66.0,0.0,True,22.0,22.0,0.0,True,10.5,10.5,0.0,True,True
Libre GL,31,031_2022-07-08T07:18:00,calibration_median,24.0,66.0,42.0,False,22.0,22.0,0.0,True,10.5,10.5,0.0,True,False
Libre GL,31,031_2022-07-06T07:56:00,calibration_median,66.0,66.0,0.0,True,66.0,22.0,44.0,False,10.5,10.5,0.0,True,False
Libre GL,31,031_2022-07-07T07:04:00,calibration_median,66.0,66.0,0.0,True,22.0,22.0,0.0,True,42.0,10.5,31.5,False,False
Libre GL,31,031_2022-07-05T07:45:00,nearest_personal_curve,66.0,24.0,42.0,False,22.0,22.0,0.0,True,10.5,10.5,0.0,True,False
Libre GL,31,031_2022-07-08T07:18:00,nearest_personal_curve,24.0,24.0,0.0,True,22.0,22.0,0.0,True,10.5,10.5,0.0,True,True
Libre GL,31,031_2022-07-06T07:56:00,nearest_personal_curve,66.0,66.0,0.0,True,66.0,66.0,0.0,True,10.5,10.5,0.0,True,True
Libre GL,31,031_2022-07-07T07:04:00,nearest_personal_curve,66.0,24.0,42.0,False,22.0,22.0,0.0,True,42.0,10.5,31.5,False,False
Libre GL,31,031_2022-07-05T07:45:00,ridge_0.1,66.0,17.1618944167637,48.8381055832363,False,22.0,33.164723547835756,11.164723547835756,False,10.5,0.0,10.5,False,False
Libre GL,31,031_2022-07-08T07:18:00,ridge_0.1,24.0,4.640844587797531,19.35915541220247,False,22.0,37.70210539455041,15.702105394550408,False,10.5,0.0,10.5,False,False
Libre GL,31,031_2022-07-06T07:56:00,ridge_0.1,66.0,31.43851257630883,34.56148742369117,False,66.0,63.75775856220585,2.2422414377941493,True,10.5,0.0,10.5,False,False
Libre GL,31,031_2022-07-07T07:04:00,ridge_0.1,66.0,10.394204478958663,55.60579552104134,False,22.0,17.36112155907454,4.63887844092546,False,42.0,0.0,42.0,False,False
Libre GL,31,031_2022-07-05T07:45:00,ridge_1,66.0,61.53429739543109,4.465702604568911,True,22.0,35.9521826490974,13.952182649097402,False,10.5,12.395735382668136,1.8957353826681356,False,False
Libre GL,31,031_2022-07-08T07:18:00,ridge_1,24.0,40.58648786649444,16.586487866494437,False,22.0,41.34138658164524,19.34138658164524,False,10.5,4.288345902344085,6.211654097655915,False,False
Libre GL,31,031_2022-07-06T07:56:00,ridge_1,66.0,72.28163931846456,6.281639318464556,True,66.0,65.26592420175791,0.7340757982420882,True,10.5,0.0,10.5,False,False
Libre GL,31,031_2022-07-07T07:04:00,ridge_1,66.0,62.33526217290429,3.6647378270957134,True,22.0,37.4767212579241,15.476721257924098,False,42.0,1.2600441494701116,40.73995585052989,False,False
Libre GL,31,031_2022-07-05T07:45:00,ridge_10,66.0,55.54663938023523,10.453360619764773,False,22.0,33.644805026221455,11.644805026221455,False,10.5,15.280998365997219,4.780998365997219,False,False
Libre GL,31,031_2022-07-08T07:18:00,ridge_10,24.0,37.376911717087886,13.376911717087886,False,22.0,35.2635246429398,13.2635246429398,False,10.5,12.313724037713566,1.8137240377135662,False,False
Libre GL,31,031_2022-07-06T07:56:00,ridge_10,66.0,63.59689331011416,2.4031066898858384,True,66.0,53.704791828964154,12.295208171035846,False,10.5,3.977716225606599,6.522283774393401,False,False
Libre GL,31,031_2022-07-07T07:04:00,ridge_10,66.0,58.82145929345389,7.178540706546109,False,22.0,36.62037269954712,14.620372699547119,False,42.0,10.056084557092587,31.94391544290741,False,False
Libre GL,31,031_2022-07-05T07:45:00,ridge_100,66.0,51.69667569741907,14.303324302580933,False,22.0,34.16956411280569,12.169564112805688,False,10.5,14.734416579480484,4.234416579480484,False,False
Libre GL,31,031_2022-07-08T07:18:00,ridge_100,24.0,40.21424687023839,16.21424687023839,False,22.0,31.376737168644958,9.376737168644958,False,10.5,16.19420086887888,5.69420086887888,False,False
Libre GL,31,031_2022-07-06T07:56:00,ridge_100,66.0,52.36091722916601,13.639082770833987,False,66.0,39.62303627746235,26.376963722537653,False,10.5,12.747365363052065,2.247365363052065,False,False
Libre GL,31,031_2022-07-07T07:04:00,ridge_100,66.0,53.05667141120355,12.943328588796447,False,22.0,31.367014915569516,9.367014915569516,False,42.0,15.842893636573885,26.157106363426117,False,False
Libre GL,31,031_2022-07-05T07:45:00,trees_1,66.0,55.5,10.5,False,22.0,44.0,22.0,False,10.5,15.225,4.725,False,False
Libre GL,31,031_2022-07-08T07:18:00,trees_1,24.0,39.54,15.54,False,22.0,29.92,7.920000000000002,False,10.5,13.65,3.1500000000000004,False,False
Libre GL,31,031_2022-07-06T07:56:00,trees_1,66.0,50.88,15.119999999999997,False,66.0,38.28,27.72,False,10.5,14.91,4.41,False,False
Libre GL,31,031_2022-07-07T07:04:00,trees_1,66.0,52.98,13.020000000000003,False,22.0,28.16,6.16,False,42.0,19.32,22.68,False,False
Libre GL,31,031_2022-07-05T07:45:00,trees_4,66.0,58.28200000000001,7.717999999999989,False,22.0,43.17342857142859,21.173428571428587,False,10.5,15.993,5.493,False,False
Libre GL,31,031_2022-07-08T07:18:00,trees_4,24.0,40.09400000000001,16.09400000000001,False,22.0,31.329047619047618,9.329047619047618,False,10.5,12.87675,2.3767499999999995,False,False
Libre GL,31,031_2022-07-06T07:56:00,trees_4,66.0,53.173,12.826999999999998,False,66.0,38.638285714285715,27.361714285714285,False,10.5,15.431249999999999,4.931249999999999,False,False
Libre GL,31,031_2022-07-07T07:04:00,trees_4,66.0,54.49700000000001,11.502999999999993,False,22.0,33.96171428571429,11.961714285714287,False,42.0,17.60775,24.39225,False,False
Libre GL,31,031_2022-07-05T07:45:00,nested_selected,66.0,55.5,10.5,False,22.0,44.0,22.0,False,10.5,15.225,4.725,False,False
Libre GL,31,031_2022-07-08T07:18:00,nested_selected,24.0,39.54,15.54,False,22.0,29.92,7.920000000000002,False,10.5,13.65,3.1500000000000004,False,False
Libre GL,31,031_2022-07-06T07:56:00,nested_selected,66.0,50.88,15.119999999999997,False,66.0,38.28,27.72,False,10.5,14.91,4.41,False,False
Libre GL,31,031_2022-07-07T07:04:00,nested_selected,66.0,52.98,13.020000000000003,False,22.0,28.16,6.16,False,42.0,19.32,22.68,False,False
Libre GL,32,032_2022-01-07T07:01:00,calibration_mean,66.0,55.5,10.5,False,22.0,33.0,11.0,False,10.5,18.375,7.875,False,False
Libre GL,32,032_2022-01-10T05:10:00,calibration_mean,24.0,55.5,31.5,False,22.0,33.0,11.0,False,10.5,18.375,7.875,False,False
Libre GL,32,032_2022-01-08T06:37:00,calibration_mean,66.0,55.5,10.5,False,66.0,33.0,33.0,False,10.5,18.375,7.875,False,False
Libre GL,32,032_2022-01-09T05:32:00,calibration_mean,66.0,55.5,10.5,False,22.0,33.0,11.0,False,42.0,18.375,23.625,False,False
Libre GL,32,032_2022-01-07T07:01:00,calibration_median,66.0,66.0,0.0,True,22.0,22.0,0.0,True,10.5,10.5,0.0,True,True
Libre GL,32,032_2022-01-10T05:10:00,calibration_median,24.0,66.0,42.0,False,22.0,22.0,0.0,True,10.5,10.5,0.0,True,False
Libre GL,32,032_2022-01-08T06:37:00,calibration_median,66.0,66.0,0.0,True,66.0,22.0,44.0,False,10.5,10.5,0.0,True,False
Libre GL,32,032_2022-01-09T05:32:00,calibration_median,66.0,66.0,0.0,True,22.0,22.0,0.0,True,42.0,10.5,31.5,False,False
Libre GL,32,032_2022-01-07T07:01:00,nearest_personal_curve,66.0,24.0,42.0,False,22.0,22.0,0.0,True,10.5,10.5,0.0,True,False
Libre GL,32,032_2022-01-10T05:10:00,nearest_personal_curve,24.0,66.0,42.0,False,22.0,22.0,0.0,True,10.5,10.5,0.0,True,False
Libre GL,32,032_2022-01-08T06:37:00,nearest_personal_curve,66.0,24.0,42.0,False,66.0,22.0,44.0,False,10.5,10.5,0.0,True,False
Libre GL,32,032_2022-01-09T05:32:00,nearest_personal_curve,66.0,24.0,42.0,False,22.0,22.0,0.0,True,42.0,10.5,31.5,False,False
Libre GL,32,032_2022-01-07T07:01:00,ridge_0.1,66.0,0.0,66.0,False,22.0,0.5838644864213691,21.41613551357863,False,10.5,54.670308392977674,44.170308392977674,False,False
Libre GL,32,032_2022-01-10T05:10:00,ridge_0.1,24.0,0.0,24.0,False,22.0,29.464282145486436,7.464282145486436,False,10.5,40.25190143559273,29.75190143559273,False,False
Libre GL,32,032_2022-01-08T06:37:00,ridge_0.1,66.0,0.0,66.0,False,66.0,0.0,66.0,False,10.5,68.72403990245417,58.224039902454166,False,False
Libre GL,32,032_2022-01-09T05:32:00,ridge_0.1,66.0,0.0,66.0,False,22.0,0.0,22.0,False,42.0,23.2208179711886,18.7791820288114,False,False
Libre GL,32,032_2022-01-07T07:01:00,ridge_1,66.0,20.057525587358917,45.94247441264108,False,22.0,25.831339064731097,3.8313390647310968,False,10.5,44.655729787108996,34.155729787108996,False,False
Libre GL,32,032_2022-01-10T05:10:00,ridge_1,24.0,21.871484655376186,2.128515344623814,True,22.0,25.332098423656195,3.332098423656195,False,10.5,38.52445270373496,28.02445270373496,False,False
Libre GL,32,032_2022-01-08T06:37:00,ridge_1,66.0,1.3696104747552837,64.63038952524471,False,66.0,0.0,66.0,False,10.5,55.93125191162823,45.43125191162823,False,False
Libre GL,32,032_2022-01-09T05:32:00,ridge_1,66.0,0.0,66.0,False,22.0,0.0,22.0,False,42.0,31.78892593926132,10.211074060738682,False,False
Libre GL,32,032_2022-01-07T07:01:00,ridge_10,66.0,74.24232351494099,8.242323514940992,False,22.0,57.61768954098939,35.61768954098939,False,10.5,31.746516498550584,21.246516498550584,False,False
Libre GL,32,032_2022-01-10T05:10:00,ridge_10,24.0,65.43121771115496,41.43121771115496,False,22.0,32.18077982344009,10.18077982344009,False,10.5,29.722946665602855,19.222946665602855,False,False
Libre GL,32,032_2022-01-08T06:37:00,ridge_10,66.0,61.956070167898226,4.0439298321017745,True,66.0,8.012279751476012,57.987720248523985,False,10.5,42.39131729654039,31.891317296540393,False,False
Libre GL,32,032_2022-01-09T05:32:00,ridge_10,66.0,44.100067896809534,21.899932103190466,False,22.0,3.956149447438129,18.04385055256187,False,42.0,29.584363176853095,12.415636823146905,False,False
Libre GL,32,032_2022-01-07T07:01:00,ridge_100,66.0,68.59411713910518,2.5941171391051796,True,22.0,60.47493124873251,38.47493124873251,False,10.5,18.32486377813169,7.824863778131689,False,False
Libre GL,32,032_2022-01-10T05:10:00,ridge_100,24.0,64.6239452154494,40.623945215449396,False,22.0,30.976985777829743,8.976985777829743,False,10.5,22.97440850637417,12.474408506374171,False,False
Libre GL,32,032_2022-01-08T06:37:00,ridge_100,66.0,66.50979686227596,0.5097968622759623,True,66.0,19.467551320978412,46.532448679021584,False,10.5,31.889039549716827,21.389039549716827,False,False
Libre GL,32,032_2022-01-09T05:32:00,ridge_100,66.0,55.741008019067934,10.258991980932066,False,22.0,16.59614320153116,5.403856798468841,False,42.0,24.380796745941993,17.619203254058007,False,False
Libre GL,32,032_2022-01-07T07:01:00,trees_1,66.0,61.38,4.619999999999997,True,22.0,46.64,24.64,False,10.5,13.65,3.1500000000000004,False,False
Libre GL,32,032_2022-01-10T05:10:00,trees_1,24.0,59.28,35.28,False,22.0,33.0,11.0,False,10.5,18.375,7.875,False,False
Libre GL,32,032_2022-01-08T06:37:00,trees_1,66.0,60.54,5.460000000000001,True,66.0,36.08,29.92,False,10.5,19.95,9.45,False,False
Libre GL,32,032_2022-01-09T05:32:00,trees_1,66.0,55.92,10.079999999999998,False,22.0,31.24,9.239999999999998,False,42.0,20.895,21.105,False,False
Libre GL,32,032_2022-01-07T07:01:00,trees_4,66.0,58.364,7.636000000000003,False,22.0,40.66857142857144,18.66857142857144,False,10.5,16.135499999999997,5.635499999999997,False,False
Libre GL,32,032_2022-01-10T05:10:00,trees_4,24.0,56.757000000000005,32.757000000000005,False,22.0,33.117333333333335,11.117333333333335,False,10.5,18.576,8.076,False,False
Libre GL,32,032_2022-01-08T06:37:00,trees_4,66.0,59.89200000000001,6.10799999999999,True,66.0,34.57457142857143,31.42542857142857,False,10.5,20.121000000000002,9.621000000000002,False,False
Libre GL,32,032_2022-01-09T05:32:00,trees_4,66.0,54.21100000000001,11.788999999999987,False,22.0,29.722,7.722000000000001,False,42.0,18.185999999999996,23.814000000000004,False,False
Libre GL,32,032_2022-01-07T07:01:00,nested_selected,66.0,61.38,4.619999999999997,True,22.0,46.64,24.64,False,10.5,13.65,3.1500000000000004,False,False
Libre GL,32,032_2022-01-10T05:10:00,nested_selected,24.0,59.28,35.28,False,22.0,33.0,11.0,False,10.5,18.375,7.875,False,False
Libre GL,32,032_2022-01-08T06:37:00,nested_selected,66.0,60.54,5.460000000000001,True,66.0,36.08,29.92,False,10.5,19.95,9.45,False,False
Libre GL,32,032_2022-01-09T05:32:00,nested_selected,66.0,55.92,10.079999999999998,False,22.0,31.24,9.239999999999998,False,42.0,20.895,21.105,False,False
Libre GL,34,034_2022-03-08T06:16:00,calibration_mean,66.0,55.5,10.5,False,22.0,33.0,11.0,False,10.5,18.375,7.875,False,False
Libre GL,34,034_2022-03-11T07:24:00,calibration_mean,24.0,55.5,31.5,False,22.0,33.0,11.0,False,10.5,18.375,7.875,False,False
Libre GL,34,034_2022-03-09T07:18:00,calibration_mean,66.0,55.5,10.5,False,66.0,33.0,33.0,False,10.5,18.375,7.875,False,False
Libre GL,34,034_2022-03-10T07:12:00,calibration_mean,66.0,55.5,10.5,False,22.0,33.0,11.0,False,42.0,18.375,23.625,False,False
Libre GL,34,034_2022-03-08T06:16:00,calibration_median,66.0,66.0,0.0,True,22.0,22.0,0.0,True,10.5,10.5,0.0,True,True
Libre GL,34,034_2022-03-11T07:24:00,calibration_median,24.0,66.0,42.0,False,22.0,22.0,0.0,True,10.5,10.5,0.0,True,False
Libre GL,34,034_2022-03-09T07:18:00,calibration_median,66.0,66.0,0.0,True,66.0,22.0,44.0,False,10.5,10.5,0.0,True,False
Libre GL,34,034_2022-03-10T07:12:00,calibration_median,66.0,66.0,0.0,True,22.0,22.0,0.0,True,42.0,10.5,31.5,False,False
Libre GL,34,034_2022-03-08T06:16:00,nearest_personal_curve,66.0,66.0,0.0,True,22.0,66.0,44.0,False,10.5,10.5,0.0,True,False
Libre GL,34,034_2022-03-11T07:24:00,nearest_personal_curve,24.0,24.0,0.0,True,22.0,22.0,0.0,True,10.5,10.5,0.0,True,True
Libre GL,34,034_2022-03-09T07:18:00,nearest_personal_curve,66.0,24.0,42.0,False,66.0,22.0,44.0,False,10.5,10.5,0.0,True,False
Libre GL,34,034_2022-03-10T07:12:00,nearest_personal_curve,66.0,66.0,0.0,True,22.0,66.0,44.0,False,42.0,10.5,31.5,False,False
Libre GL,34,034_2022-03-08T06:16:00,ridge_0.1,66.0,32.61409693969104,33.38590306030896,False,22.0,0.0,22.0,False,10.5,68.62757883964832,58.12757883964832,False,False
Libre GL,34,034_2022-03-11T07:24:00,ridge_0.1,24.0,21.988023253027563,2.0119767469724366,True,22.0,0.0,22.0,False,10.5,66.60669189484173,56.10669189484173,False,False
Libre GL,34,034_2022-03-09T07:18:00,ridge_0.1,66.0,24.21198301698127,41.78801698301873,False,66.0,8.00938800428407,57.99061199571593,False,10.5,39.135699130555466,28.635699130555466,False,False
Libre GL,34,034_2022-03-10T07:12:00,ridge_0.1,66.0,5.019330956366311,60.98066904363369,False,22.0,0.0,22.0,False,42.0,56.05566080430442,14.055660804304424,False,False
Libre GL,34,034_2022-03-08T06:16:00,ridge_1,66.0,32.60906843047184,33.39093156952816,False,22.0,6.596012872908794,15.403987127091206,False,10.5,51.91066736814941,41.41066736814941,False,False
Libre GL,34,034_2022-03-11T07:24:00,ridge_1,24.0,34.29109916946622,10.291099169466221,False,22.0,0.0,22.0,False,10.5,44.02658261147535,33.52658261147535,False,False
Libre GL,34,034_2022-03-09T07:18:00,ridge_1,66.0,31.621810073056693,34.37818992694331,False,66.0,28.27832974383472,37.72167025616528,False,10.5,25.974960878759678,15.474960878759678,False,False
Libre GL,34,034_2022-03-10T07:12:00,ridge_1,66.0,16.823909806082177,49.17609019391782,False,22.0,0.0,22.0,False,42.0,40.40446449624374,1.5955355037562597,True,False
Libre GL,34,034_2022-03-08T06:16:00,ridge_10,66.0,39.708017943787695,26.291982056212305,False,22.0,18.441998321952955,3.558001678047045,False,10.5,35.59149116676899,25.09149116676899,False,False
Libre GL,34,034_2022-03-11T07:24:00,ridge_10,24.0,42.55973098304549,18.55973098304549,False,22.0,20.601186966259085,1.3988130337409146,True,10.5,24.463687029256498,13.963687029256498,False,False
Libre GL,34,034_2022-03-09T07:18:00,ridge_10,66.0,44.33080170027508,21.66919829972492,False,66.0,36.15999394926382,29.84000605073618,False,10.5,17.565613475804735,7.065613475804735,False,False
Libre GL,34,034_2022-03-10T07:12:00,ridge_10,66.0,33.43082908298412,32.56917091701588,False,22.0,13.477294181098976,8.522705818901024,False,42.0,25.81547521298908,16.18452478701092,False,False
Libre GL,34,034_2022-03-08T06:16:00,ridge_100,66.0,45.223544079873925,20.776455920126075,False,22.0,28.118704447337635,6.118704447337635,False,10.5,23.416901891082066,12.916901891082066,False,False
Libre GL,34,034_2022-03-11T07:24:00,ridge_100,24.0,50.058303969926236,26.058303969926236,False,22.0,32.689458381030164,10.689458381030164,False,10.5,16.112140275943972,5.612140275943972,False,False
Libre GL,34,034_2022-03-09T07:18:00,ridge_100,66.0,53.541718741459874,12.458281258540126,False,66.0,37.78498864748755,28.215011352512448,False,10.5,15.18212357111378,4.682123571113779,False,False
Libre GL,34,034_2022-03-10T07:12:00,ridge_100,66.0,48.2960760813217,17.7039239186783,False,22.0,28.7411219654711,6.741121965471098,False,42.0,18.671240139716705,23.328759860283295,False,False
Libre GL,34,034_2022-03-08T06:16:00,trees_1,66.0,52.14,13.86,False,22.0,29.48,7.48,False,10.5,18.06,7.559999999999999,False,False
Libre GL,34,034_2022-03-11T07:24:00,trees_1,24.0,52.14,28.14,False,22.0,42.68,20.68,False,10.5,11.76,1.2599999999999998,False,False
Libre GL,34,034_2022-03-09T07:18:00,trees_1,66.0,52.56,13.439999999999998,False,66.0,40.48,25.520000000000003,False,10.5,12.705,2.205,False,False
Libre GL,34,034_2022-03-10T07:12:00,trees_1,66.0,47.1,18.9,False,22.0,31.24,9.239999999999998,False,42.0,15.54,26.46,False,False
Libre GL,34,034_2022-03-08T06:16:00,trees_4,66.0,49.39,16.61,False,22.0,29.496761904761915,7.4967619047619145,False,10.5,18.374249999999996,7.874249999999996,False,False
Libre GL,34,034_2022-03-11T07:24:00,trees_4,24.0,53.629000000000005,29.629000000000005,False,22.0,37.32038095238095,15.320380952380951,False,10.5,13.78425,3.28425,False,False
Libre GL,34,034_2022-03-09T07:18:00,trees_4,66.0,53.80799999999999,12.192000000000007,False,66.0,39.58114285714285,26.41885714285715,False,10.5,13.6455,3.1455,False,False
Libre GL,34,034_2022-03-10T07:12:00,trees_4,66.0,50.983999999999995,15.016000000000005,False,22.0,32.703523809523816,10.703523809523816,False,42.0,14.877749999999999,27.12225,False,False
Libre GL,34,034_2022-03-08T06:16:00,nested_selected,66.0,52.14,13.86,False,22.0,29.48,7.48,False,10.5,18.06,7.559999999999999,False,False
Libre GL,34,034_2022-03-11T07:24:00,nested_selected,24.0,52.14,28.14,False,22.0,42.68,20.68,False,10.5,11.76,1.2599999999999998,False,False
Libre GL,34,034_2022-03-09T07:18:00,nested_selected,66.0,52.56,13.439999999999998,False,66.0,40.48,25.520000000000003,False,10.5,12.705,2.205,False,False
Libre GL,34,034_2022-03-10T07:12:00,nested_selected,66.0,47.1,18.9,False,22.0,31.24,9.239999999999998,False,42.0,15.54,26.46,False,False
Libre GL,35,035_2024-12-18T07:10:00,calibration_mean,66.0,55.5,10.5,False,22.0,33.0,11.0,False,10.5,18.375,7.875,False,False
Libre GL,35,035_2024-12-21T06:53:00,calibration_mean,24.0,55.5,31.5,False,22.0,33.0,11.0,False,10.5,18.375,7.875,False,False
Libre GL,35,035_2024-12-19T06:25:00,calibration_mean,66.0,55.5,10.5,False,66.0,33.0,33.0,False,10.5,18.375,7.875,False,False
Libre GL,35,035_2024-12-20T06:39:00,calibration_mean,66.0,55.5,10.5,False,22.0,33.0,11.0,False,42.0,18.375,23.625,False,False
Libre GL,35,035_2024-12-18T07:10:00,calibration_median,66.0,66.0,0.0,True,22.0,22.0,0.0,True,10.5,10.5,0.0,True,True
Libre GL,35,035_2024-12-21T06:53:00,calibration_median,24.0,66.0,42.0,False,22.0,22.0,0.0,True,10.5,10.5,0.0,True,False
Libre GL,35,035_2024-12-19T06:25:00,calibration_median,66.0,66.0,0.0,True,66.0,22.0,44.0,False,10.5,10.5,0.0,True,False
Libre GL,35,035_2024-12-20T06:39:00,calibration_median,66.0,66.0,0.0,True,22.0,22.0,0.0,True,42.0,10.5,31.5,False,False
Libre GL,35,035_2024-12-18T07:10:00,nearest_personal_curve,66.0,66.0,0.0,True,22.0,66.0,44.0,False,10.5,10.5,0.0,True,False
Libre GL,35,035_2024-12-21T06:53:00,nearest_personal_curve,24.0,66.0,42.0,False,22.0,66.0,44.0,False,10.5,10.5,0.0,True,False
Libre GL,35,035_2024-12-19T06:25:00,nearest_personal_curve,66.0,66.0,0.0,True,66.0,66.0,0.0,True,10.5,10.5,0.0,True,True
Libre GL,35,035_2024-12-20T06:39:00,nearest_personal_curve,66.0,66.0,0.0,True,22.0,66.0,44.0,False,42.0,10.5,31.5,False,False
Libre GL,35,035_2024-12-18T07:10:00,ridge_0.1,66.0,151.90941142554664,85.90941142554664,False,22.0,5.709998304207463,16.290001695792537,False,10.5,123.6023332928829,113.1023332928829,False,False
Libre GL,35,035_2024-12-21T06:53:00,ridge_0.1,24.0,146.94517185900816,122.94517185900816,False,22.0,0.0,22.0,False,10.5,129.2502857087459,118.7502857087459,False,False
Libre GL,35,035_2024-12-19T06:25:00,ridge_0.1,66.0,136.05276724976866,70.05276724976866,False,66.0,19.306850956968354,46.693149043031646,False,10.5,88.21378795085377,77.71378795085377,False,False
Libre GL,35,035_2024-12-20T06:39:00,ridge_0.1,66.0,141.5601443201432,75.5601443201432,False,22.0,14.577601281457692,7.422398718542308,False,42.0,94.54556872091467,52.54556872091467,False,False
Libre GL,35,035_2024-12-18T07:10:00,ridge_1,66.0,95.79126114050425,29.791261140504247,False,22.0,0.0,22.0,False,10.5,84.89617023761532,74.39617023761532,False,False
Libre GL,35,035_2024-12-21T06:53:00,ridge_1,24.0,96.25066881062486,72.25066881062486,False,22.0,0.0,22.0,False,10.5,85.90030503634468,75.40030503634468,False,False
Libre GL,35,035_2024-12-19T06:25:00,ridge_1,66.0,86.21693623528483,20.216936235284834,False,66.0,10.024530624980805,55.975469375019195,False,10.5,61.89031271871433,51.39031271871433,False,False
Libre GL,35,035_2024-12-20T06:39:00,ridge_1,66.0,87.75360348788598,21.753603487885982,False,22.0,0.0,22.0,False,42.0,72.0287691500101,30.028769150010106,False,False
Libre GL,35,035_2024-12-18T07:10:00,ridge_10,66.0,76.33218471280495,10.332184712804946,False,22.0,16.94863295782579,5.05136704217421,False,10.5,46.17901466275318,35.67901466275318,False,False
Libre GL,35,035_2024-12-21T06:53:00,ridge_10,24.0,76.34716007245204,52.34716007245204,False,22.0,13.882430940938534,8.117569059061466,False,10.5,46.74552267609869,36.24552267609869,False,False
Libre GL,35,035_2024-12-19T06:25:00,ridge_10,66.0,70.3437562006804,4.343756200680403,True,66.0,23.50004006294987,42.49995993705013,False,10.5,35.58278944273627,25.08278944273627,False,False
Libre GL,35,035_2024-12-20T06:39:00,ridge_10,66.0,71.01222574180551,5.0122257418055085,True,22.0,14.590260005197052,7.409739994802948,False,42.0,43.26143920204436,1.2614392020443574,True,False
Libre GL,35,035_2024-12-18T07:10:00,ridge_100,66.0,67.46375522938915,1.4637552293891503,True,22.0,32.8275929060495,10.827592906049503,False,10.5,26.509846511355178,16.009846511355178,False,False
Libre GL,35,035_2024-12-21T06:53:00,ridge_100,24.0,68.54731065503778,44.547310655037776,False,22.0,32.99995065295693,10.999950652956933,False,10.5,27.99859156264143,17.49859156264143,False,False
Libre GL,35,035_2024-12-19T06:25:00,ridge_100,66.0,63.135753129273766,2.864246870726234,True,66.0,33.038907594114946,32.961092405885054,False,10.5,23.24694374583273,12.74694374583273,False,False
Libre GL,35,035_2024-12-20T06:39:00,ridge_100,66.0,62.54153120365408,3.458468796345919,True,22.0,32.100474424821066,10.100474424821066,False,42.0,25.30550159052929,16.69449840947071,False,False
Libre GL,35,035_2024-12-18T07:10:00,trees_1,66.0,63.48,2.520000000000003,True,22.0,37.4,15.399999999999999,False,10.5,25.62,15.120000000000001,False,False
Libre GL,35,035_2024-12-21T06:53:00,trees_1,24.0,65.16,41.16,False,22.0,32.12,10.119999999999997,False,10.5,27.51,17.01,False,False
Libre GL,35,035_2024-12-19T06:25:00,trees_1,66.0,61.8,4.200000000000003,True,66.0,35.2,30.799999999999997,False,10.5,22.47,11.969999999999999,False,False
Libre GL,35,035_2024-12-20T06:39:00,trees_1,66.0,60.96,5.039999999999999,True,22.0,36.08,14.079999999999998,False,42.0,20.895,21.105,False,False
Libre GL,35,035_2024-12-18T07:10:00,trees_4,66.0,64.08099999999999,1.9190000000000111,True,22.0,35.89457142857143,13.894571428571432,False,10.5,22.149000000000004,11.649000000000004,False,False
Libre GL,35,035_2024-12-21T06:53:00,trees_4,24.0,64.718,40.718,False,22.0,31.45266666666667,9.45266666666667,False,10.5,25.14,14.64,False,False
Libre GL,35,035_2024-12-19T06:25:00,trees_4,66.0,62.11000000000001,3.8899999999999935,True,66.0,34.01514285714286,31.984857142857138,False,10.5,21.4545,10.9545,False,False
Libre GL,35,035_2024-12-20T06:39:00,trees_4,66.0,61.551,4.448999999999998,True,22.0,34.68666666666667,12.686666666666667,False,42.0,20.55525,21.44475,False,False
Libre GL,35,035_2024-12-18T07:10:00,nested_selected,66.0,63.48,2.520000000000003,True,22.0,37.4,15.399999999999999,False,10.5,25.62,15.120000000000001,False,False
Libre GL,35,035_2024-12-21T06:53:00,nested_selected,24.0,65.16,41.16,False,22.0,32.12,10.119999999999997,False,10.5,27.51,17.01,False,False
Libre GL,35,035_2024-12-19T06:25:00,nested_selected,66.0,61.8,4.200000000000003,True,66.0,35.2,30.799999999999997,False,10.5,22.47,11.969999999999999,False,False
Libre GL,35,035_2024-12-20T06:39:00,nested_selected,66.0,60.96,5.039999999999999,True,22.0,36.08,14.079999999999998,False,42.0,20.895,21.105,False,False
Libre GL,36,036_2022-04-04T08:18:00,calibration_mean,66.0,55.5,10.5,False,22.0,33.0,11.0,False,10.5,18.375,7.875,False,False
Libre GL,36,036_2022-04-07T07:54:00,calibration_mean,24.0,55.5,31.5,False,22.0,33.0,11.0,False,10.5,18.375,7.875,False,False
Libre GL,36,036_2022-04-05T08:14:00,calibration_mean,66.0,55.5,10.5,False,66.0,33.0,33.0,False,10.5,18.375,7.875,False,False
Libre GL,36,036_2022-04-06T08:01:00,calibration_mean,66.0,55.5,10.5,False,22.0,33.0,11.0,False,42.0,18.375,23.625,False,False
Libre GL,36,036_2022-04-04T08:18:00,calibration_median,66.0,66.0,0.0,True,22.0,22.0,0.0,True,10.5,10.5,0.0,True,True
Libre GL,36,036_2022-04-07T07:54:00,calibration_median,24.0,66.0,42.0,False,22.0,22.0,0.0,True,10.5,10.5,0.0,True,False
Libre GL,36,036_2022-04-05T08:14:00,calibration_median,66.0,66.0,0.0,True,66.0,22.0,44.0,False,10.5,10.5,0.0,True,False
Libre GL,36,036_2022-04-06T08:01:00,calibration_median,66.0,66.0,0.0,True,22.0,22.0,0.0,True,42.0,10.5,31.5,False,False
Libre GL,36,036_2022-04-04T08:18:00,nearest_personal_curve,66.0,66.0,0.0,True,22.0,22.0,0.0,True,10.5,42.0,31.5,False,False
Libre GL,36,036_2022-04-07T07:54:00,nearest_personal_curve,24.0,66.0,42.0,False,22.0,22.0,0.0,True,10.5,10.5,0.0,True,False
Libre GL,36,036_2022-04-05T08:14:00,nearest_personal_curve,66.0,66.0,0.0,True,66.0,22.0,44.0,False,10.5,10.5,0.0,True,False
Libre GL,36,036_2022-04-06T08:01:00,nearest_personal_curve,66.0,66.0,0.0,True,22.0,66.0,44.0,False,42.0,10.5,31.5,False,False
Libre GL,36,036_2022-04-04T08:18:00,ridge_0.1,66.0,100.2109463900656,34.2109463900656,False,22.0,18.04081526511954,3.959184734880459,False,10.5,55.156560301618626,44.656560301618626,False,False
Libre GL,36,036_2022-04-07T07:54:00,ridge_0.1,24.0,78.86244293868637,54.86244293868637,False,22.0,29.38952759274954,7.389527592749541,False,10.5,35.87165225204002,25.371652252040022,False,False
Libre GL,36,036_2022-04-05T08:14:00,ridge_0.1,66.0,89.41663354006417,23.41663354006417,False,66.0,0.0,66.0,False,10.5,68.57021806025035,58.070218060250355,False,False
Libre GL,36,036_2022-04-06T08:01:00,ridge_0.1,66.0,91.06850224671433,25.06850224671433,False,22.0,0.0,22.0,False,42.0,61.72218752397521,19.722187523975208,False,False
Libre GL,36,036_2022-04-04T08:18:00,ridge_1,66.0,95.61808632430163,29.61808632430163,False,22.0,36.74458231202799,14.744582312027987,False,10.5,35.29320806362071,24.79320806362071,False,False
Libre GL,36,036_2022-04-07T07:54:00,ridge_1,24.0,69.07048866759112,45.07048866759112,False,22.0,41.289062757728516,19.289062757728516,False,10.5,21.090261922607883,10.590261922607883,False,False
Libre GL,36,036_2022-04-05T08:14:00,ridge_1,66.0,81.42942115214129,15.429421152141288,False,66.0,24.732288369052345,41.26771163094766,False,10.5,52.28766316936485,41.78766316936485,False,False
Libre GL,36,036_2022-04-06T08:01:00,ridge_1,66.0,80.07612037039223,14.076120370392232,False,22.0,14.17387236199339,7.826127638006611,False,42.0,42.47276465790678,0.47276465790677946,True,False
Libre GL,36,036_2022-04-04T08:18:00,ridge_10,66.0,97.97790120668624,31.97790120668624,False,22.0,40.935879080128565,18.935879080128565,False,10.5,29.794064071126652,19.294064071126652,False,False
Libre GL,36,036_2022-04-07T07:54:00,ridge_10,24.0,63.90308757098424,39.90308757098424,False,22.0,40.60972856157976,18.609728561579757,False,10.5,17.46478614588657,6.9647861458865705,False,False
Libre GL,36,036_2022-04-05T08:14:00,ridge_10,66.0,75.80574769417316,9.805747694173164,False,66.0,36.151800531303515,29.848199468696485,False,10.5,40.459304063014,29.959304063014002,False,False
Libre GL,36,036_2022-04-06T08:01:00,ridge_10,66.0,74.59423605187024,8.59423605187024,False,22.0,27.687567877609762,5.687567877609762,False,42.0,27.98216479861255,14.017835201387449,False,False
Libre GL,36,036_2022-04-04T08:18:00,ridge_100,66.0,91.96221250837587,25.96221250837587,False,22.0,35.18224241306299,13.182242413062987,False,10.5,31.074531725584087,20.574531725584087,False,False
Libre GL,36,036_2022-04-07T07:54:00,ridge_100,24.0,60.129933313575826,36.129933313575826,False,22.0,33.64630094144084,11.646300941440842,False,10.5,19.601142208302868,9.101142208302868,False,False
Libre GL,36,036_2022-04-05T08:14:00,ridge_100,66.0,69.53580943453817,3.535809434538166,True,66.0,33.81276809802168,32.18723190197832,False,10.5,33.14281075947529,22.64281075947529,False,False
Libre GL,36,036_2022-04-06T08:01:00,ridge_100,66.0,69.71376662658248,3.7137666265824834,True,22.0,34.71670623149031,12.716706231490313,False,42.0,22.753470173217565,19.246529826782435,False,False
Libre GL,36,036_2022-04-04T08:18:00,trees_1,66.0,55.08,10.920000000000002,False,22.0,31.24,9.239999999999998,False,10.5,15.54,5.039999999999999,False,False
Libre GL,36,036_2022-04-07T07:54:00,trees_1,24.0,63.06,39.06,False,22.0,33.0,11.0,False,10.5,18.375,7.875,False,False
Libre GL,36,036_2022-04-05T08:14:00,trees_1,66.0,61.38,4.619999999999997,True,66.0,40.92,25.08,False,10.5,18.375,7.875,False,False
Libre GL,36,036_2022-04-06T08:01:00,trees_1,66.0,62.64,3.3599999999999994,True,22.0,38.28,16.28,False,42.0,18.375,23.625,False,False
Libre GL,36,036_2022-04-04T08:18:00,trees_4,66.0,63.266999999999996,2.733000000000004,True,22.0,30.15990476190476,8.159904761904759,False,10.5,21.52125,11.021249999999998,False,False
Libre GL,36,036_2022-04-07T07:54:00,trees_4,24.0,62.79699999999999,38.79699999999999,False,22.0,31.611904761904757,9.611904761904757,False,10.5,20.532749999999997,10.032749999999997,False,False
Libre GL,36,036_2022-04-05T08:14:00,trees_4,66.0,62.83700000000001,3.1629999999999896,True,66.0,33.246190476190485,32.753809523809515,False,10.5,22.605749999999997,12.105749999999997,False,False
Libre GL,36,036_2022-04-06T08:01:00,trees_4,66.0,62.062,3.9380000000000024,True,22.0,35.66514285714286,13.665142857142861,False,42.0,19.038,22.962,False,False
Libre GL,36,036_2022-04-04T08:18:00,nested_selected,66.0,55.08,10.920000000000002,False,22.0,31.24,9.239999999999998,False,10.5,15.54,5.039999999999999,False,False
Libre GL,36,036_2022-04-07T07:54:00,nested_selected,24.0,63.06,39.06,False,22.0,33.0,11.0,False,10.5,18.375,7.875,False,False
Libre GL,36,036_2022-04-05T08:14:00,nested_selected,66.0,61.38,4.619999999999997,True,66.0,40.92,25.08,False,10.5,18.375,7.875,False,False
Libre GL,36,036_2022-04-06T08:01:00,nested_selected,66.0,62.64,3.3599999999999994,True,22.0,38.28,16.28,False,42.0,18.375,23.625,False,False
Libre GL,38,038_2022-01-31T07:03:00,calibration_mean,66.0,55.5,10.5,False,22.0,33.0,11.0,False,10.5,18.375,7.875,False,False
Libre GL,38,038_2022-02-03T07:17:00,calibration_mean,24.0,55.5,31.5,False,22.0,33.0,11.0,False,10.5,18.375,7.875,False,False
Libre GL,38,038_2022-02-01T07:18:00,calibration_mean,66.0,55.5,10.5,False,66.0,33.0,33.0,False,10.5,18.375,7.875,False,False
Libre GL,38,038_2022-02-02T07:02:00,calibration_mean,66.0,55.5,10.5,False,22.0,33.0,11.0,False,42.0,18.375,23.625,False,False
Libre GL,38,038_2022-01-31T07:03:00,calibration_median,66.0,66.0,0.0,True,22.0,22.0,0.0,True,10.5,10.5,0.0,True,True
Libre GL,38,038_2022-02-03T07:17:00,calibration_median,24.0,66.0,42.0,False,22.0,22.0,0.0,True,10.5,10.5,0.0,True,False
Libre GL,38,038_2022-02-01T07:18:00,calibration_median,66.0,66.0,0.0,True,66.0,22.0,44.0,False,10.5,10.5,0.0,True,False
Libre GL,38,038_2022-02-02T07:02:00,calibration_median,66.0,66.0,0.0,True,22.0,22.0,0.0,True,42.0,10.5,31.5,False,False
Libre GL,38,038_2022-01-31T07:03:00,nearest_personal_curve,66.0,66.0,0.0,True,22.0,22.0,0.0,True,10.5,10.5,0.0,True,True
Libre GL,38,038_2022-02-03T07:17:00,nearest_personal_curve,24.0,24.0,0.0,True,22.0,22.0,0.0,True,10.5,10.5,0.0,True,True
Libre GL,38,038_2022-02-01T07:18:00,nearest_personal_curve,66.0,24.0,42.0,False,66.0,22.0,44.0,False,10.5,10.5,0.0,True,False
Libre GL,38,038_2022-02-02T07:02:00,nearest_personal_curve,66.0,24.0,42.0,False,22.0,22.0,0.0,True,42.0,10.5,31.5,False,False
Libre GL,38,038_2022-01-31T07:03:00,ridge_0.1,66.0,49.07397912897551,16.92602087102449,False,22.0,38.10637818420237,16.10637818420237,False,10.5,11.457745917737217,0.957745917737217,True,False
Libre GL,38,038_2022-02-03T07:17:00,ridge_0.1,24.0,27.018503704557347,3.0185037045573466,False,22.0,52.243201838991595,30.243201838991595,False,10.5,2.8807264251241307,7.619273574875869,False,False
Libre GL,38,038_2022-02-01T07:18:00,ridge_0.1,66.0,49.02456255144289,16.97543744855711,False,66.0,46.15874757774987,19.84125242225013,False,10.5,9.696573395947523,0.8034266040524773,True,False
Libre GL,38,038_2022-02-02T07:02:00,ridge_0.1,66.0,28.075452500193176,37.92454749980682,False,22.0,81.41905974455636,59.419059744556364,False,42.0,0.0,42.0,False,False
Libre GL,38,038_2022-01-31T07:03:00,ridge_1,66.0,39.26370876790547,26.73629123209453,False,22.0,28.933856734549188,6.933856734549188,False,10.5,10.117581727676644,0.38241827232335623,True,False
Libre GL,38,038_2022-02-03T07:17:00,ridge_1,24.0,21.44455424485929,2.5554457551407097,False,22.0,39.91609531712531,17.91609531712531,False,10.5,5.780144878676131,4.719855121323869,False,False
Libre GL,38,038_2022-02-01T07:18:00,ridge_1,66.0,30.482968183884438,35.51703181611556,False,66.0,36.075340897607724,29.924659102392276,False,10.5,7.46272861330371,3.0372713866962897,False,False
Libre GL,38,038_2022-02-02T07:02:00,ridge_1,66.0,23.46406602288075,42.53593397711925,False,22.0,61.62130517301207,39.62130517301207,False,42.0,0.0,42.0,False,False
Libre GL,38,038_2022-01-31T07:03:00,ridge_10,66.0,48.69772018049646,17.30227981950354,False,22.0,30.53832643108549,8.53832643108549,False,10.5,12.419221056694669,1.9192210566946688,False,False
Libre GL,38,038_2022-02-03T07:17:00,ridge_10,24.0,34.2945876259167,10.294587625916698,False,22.0,37.44528876485633,15.445288764856329,False,10.5,11.90971032604298,1.4097103260429797,False,False
Libre GL,38,038_2022-02-01T07:18:00,ridge_10,66.0,35.04758789469565,30.952412105304347,False,66.0,35.458080347220815,30.541919652779185,False,10.5,13.035648196279507,2.5356481962795065,False,False
Libre GL,38,038_2022-02-02T07:02:00,ridge_10,66.0,34.40278643320434,31.59721356679566,False,22.0,50.14496266948018,28.14496266948018,False,42.0,0.31901125176975853,41.68098874823024,False,False
Libre GL,38,038_2022-01-31T07:03:00,ridge_100,66.0,53.83856214479527,12.161437855204731,False,22.0,30.598783681328342,8.598783681328342,False,10.5,16.865523785940333,6.365523785940333,False,False
Libre GL,38,038_2022-02-03T07:17:00,ridge_100,24.0,45.424248215471685,21.424248215471685,False,22.0,33.16126422015108,11.161264220151082,False,10.5,18.04029901593463,7.540299015934629,False,False
Libre GL,38,038_2022-02-01T07:18:00,ridge_100,66.0,43.489556304257476,22.510443695742524,False,66.0,33.534732847924936,32.465267152075064,False,10.5,17.439656801046386,6.939656801046386,False,False
Libre GL,38,038_2022-02-02T07:02:00,ridge_100,66.0,44.94514553005947,21.05485446994053,False,22.0,40.07215898542891,18.072158985428914,False,42.0,12.208963537071014,29.791036462928986,False,False
Libre GL,38,038_2022-01-31T07:03:00,trees_1,66.0,61.8,4.200000000000003,True,22.0,34.76,12.759999999999998,False,10.5,15.855,5.355,False,False
Libre GL,38,038_2022-02-03T07:17:00,trees_1,24.0,34.5,10.5,False,22.0,24.64,2.6400000000000006,False,10.5,13.335,2.835000000000001,False,False
Libre GL,38,038_2022-02-01T07:18:00,trees_1,66.0,45.42,20.58,False,66.0,29.04,36.96,False,10.5,15.225,4.725,False,False
Libre GL,38,038_2022-02-02T07:02:00,trees_1,66.0,39.96,26.04,False,22.0,31.68,9.68,False,42.0,10.815,31.185000000000002,False,False
Libre GL,38,038_2022-01-31T07:03:00,trees_4,66.0,59.361,6.639000000000003,False,22.0,31.295523809523814,9.295523809523814,False,10.5,18.091499999999996,7.591499999999996,False,False
Libre GL,38,038_2022-02-03T07:17:00,trees_4,24.0,37.97,13.969999999999999,False,22.0,25.690761904761903,3.690761904761903,False,10.5,14.0055,3.5054999999999996,False,False
Libre GL,38,038_2022-02-01T07:18:00,trees_4,66.0,43.36500000000001,22.63499999999999,False,66.0,27.884476190476185,38.115523809523815,False,10.5,14.4375,3.9375,False,False
Libre GL,38,038_2022-02-02T07:02:00,trees_4,66.0,37.158,28.842,False,22.0,28.998095238095235,6.998095238095235,False,42.0,11.882999999999997,30.117000000000004,False,False
Libre GL,38,038_2022-01-31T07:03:00,nested_selected,66.0,61.8,4.200000000000003,True,22.0,34.76,12.759999999999998,False,10.5,15.855,5.355,False,False
Libre GL,38,038_2022-02-03T07:17:00,nested_selected,24.0,34.5,10.5,False,22.0,24.64,2.6400000000000006,False,10.5,13.335,2.835000000000001,False,False
Libre GL,38,038_2022-02-01T07:18:00,nested_selected,66.0,45.42,20.58,False,66.0,29.04,36.96,False,10.5,15.225,4.725,False,False
Libre GL,38,038_2022-02-02T07:02:00,nested_selected,66.0,39.96,26.04,False,22.0,31.68,9.68,False,42.0,10.815,31.185000000000002,False,False
Libre GL,41,041_2022-05-02T08:19:00,calibration_mean,66.0,55.5,10.5,False,22.0,33.0,11.0,False,10.5,18.375,7.875,False,False
Libre GL,41,041_2022-05-05T07:59:00,calibration_mean,24.0,55.5,31.5,False,22.0,33.0,11.0,False,10.5,18.375,7.875,False,False
Libre GL,41,041_2022-05-03T07:44:00,calibration_mean,66.0,55.5,10.5,False,66.0,33.0,33.0,False,10.5,18.375,7.875,False,False
Libre GL,41,041_2022-05-04T07:58:00,calibration_mean,66.0,55.5,10.5,False,22.0,33.0,11.0,False,42.0,18.375,23.625,False,False
Libre GL,41,041_2022-05-02T08:19:00,calibration_median,66.0,66.0,0.0,True,22.0,22.0,0.0,True,10.5,10.5,0.0,True,True
Libre GL,41,041_2022-05-05T07:59:00,calibration_median,24.0,66.0,42.0,False,22.0,22.0,0.0,True,10.5,10.5,0.0,True,False
Libre GL,41,041_2022-05-03T07:44:00,calibration_median,66.0,66.0,0.0,True,66.0,22.0,44.0,False,10.5,10.5,0.0,True,False
Libre GL,41,041_2022-05-04T07:58:00,calibration_median,66.0,66.0,0.0,True,22.0,22.0,0.0,True,42.0,10.5,31.5,False,False
Libre GL,41,041_2022-05-02T08:19:00,nearest_personal_curve,66.0,66.0,0.0,True,22.0,66.0,44.0,False,10.5,10.5,0.0,True,False
Libre GL,41,041_2022-05-05T07:59:00,nearest_personal_curve,24.0,24.0,0.0,True,22.0,22.0,0.0,True,10.5,10.5,0.0,True,True
Libre GL,41,041_2022-05-03T07:44:00,nearest_personal_curve,66.0,24.0,42.0,False,66.0,22.0,44.0,False,10.5,10.5,0.0,True,False
Libre GL,41,041_2022-05-04T07:58:00,nearest_personal_curve,66.0,66.0,0.0,True,22.0,66.0,44.0,False,42.0,10.5,31.5,False,False
Libre GL,41,041_2022-05-02T08:19:00,ridge_0.1,66.0,33.02536075818682,32.97463924181318,False,22.0,24.981343635527185,2.9813436355271854,False,10.5,23.839989615880363,13.339989615880363,False,False
Libre GL,41,041_2022-05-05T07:59:00,ridge_0.1,24.0,11.022066568450654,12.977933431549346,False,22.0,20.848128152721117,1.1518718472788834,True,10.5,12.760993042743877,2.260993042743877,False,False
Libre GL,41,041_2022-05-03T07:44:00,ridge_0.1,66.0,17.483960198004077,48.51603980199592,False,66.0,15.557885059160128,50.44211494083987,False,10.5,22.508402108107138,12.008402108107138,False,False
Libre GL,41,041_2022-05-04T07:58:00,ridge_0.1,66.0,22.116956343521267,43.88304365647873,False,22.0,17.199800190866704,4.8001998091332965,False,42.0,24.51427752408797,17.48572247591203,False,False
Libre GL,41,041_2022-05-02T08:19:00,ridge_1,66.0,31.791666824734552,34.20833317526545,False,22.0,31.355019663011344,9.355019663011344,False,10.5,16.195682679675212,5.695682679675212,False,False
Libre GL,41,041_2022-05-05T07:59:00,ridge_1,24.0,15.645741506086239,8.354258493913761,False,22.0,25.533948266447567,3.5339482664475668,False,10.5,9.585755335789827,0.9142446642101731,True,False
Libre GL,41,041_2022-05-03T07:44:00,ridge_1,66.0,19.275908488771194,46.724091511228806,False,66.0,26.417224181640435,39.582775818359565,False,10.5,13.554535136941817,3.0545351369418174,False,False
Libre GL,41,041_2022-05-04T07:58:00,ridge_1,66.0,27.032777869906553,38.96722213009345,False,22.0,30.330166706835534,8.330166706835534,False,42.0,14.099455933099675,27.900544066900324,False,False
Libre GL,41,041_2022-05-02T08:19:00,ridge_10,66.0,41.511874179325886,24.488125820674114,False,22.0,32.59278783542091,10.592787835420907,False,10.5,15.052187061956788,4.552187061956788,False,False
Libre GL,41,041_2022-05-05T07:59:00,ridge_10,24.0,26.419514331183468,2.4195143311834677,False,22.0,28.269471309310916,6.269471309310916,False,10.5,10.887931303581043,0.387931303581043,True,False
Libre GL,41,041_2022-05-03T07:44:00,ridge_10,66.0,31.237555983641954,34.762444016358046,False,66.0,30.490308529472436,35.509691470527564,False,10.5,13.113305715819305,2.6133057158193047,False,False
Libre GL,41,041_2022-05-04T07:58:00,ridge_10,66.0,39.92357532740229,26.07642467259771,False,22.0,34.08387472491677,12.083874724916768,False,42.0,13.657089470364339,28.34291052963566,False,False
Libre GL,41,041_2022-05-02T08:19:00,ridge_100,66.0,50.85262386391316,15.14737613608684,False,22.0,31.20046876972036,9.20046876972036,False,10.5,17.195229395233703,6.695229395233703,False,False
Libre GL,41,041_2022-05-05T07:59:00,ridge_100,24.0,39.452961411226156,15.452961411226156,False,22.0,30.45386492414128,8.453864924141278,False,10.5,14.22354700493307,3.723547004933071,False,False
Libre GL,41,041_2022-05-03T07:44:00,ridge_100,66.0,44.60262365029565,21.397376349704352,False,66.0,31.194268543258186,34.80573145674181,False,10.5,16.238765632222425,5.7387656322224245,False,False
Libre GL,41,041_2022-05-04T07:58:00,ridge_100,66.0,50.92208571343938,15.07791428656062,False,22.0,32.53304861462358,10.533048614623581,False,42.0,17.513821859379473,24.486178140620527,False,False
Libre GL,41,041_2022-05-02T08:19:00,trees_1,66.0,58.02,7.979999999999997,False,22.0,38.28,16.28,False,10.5,16.8,6.300000000000001,False,False
Libre GL,41,041_2022-05-05T07:59:00,trees_1,24.0,32.4,8.399999999999999,False,22.0,25.96,3.960000000000001,False,10.5,12.705,2.205,False,False
Libre GL,41,041_2022-05-03T07:44:00,trees_1,66.0,45.84,20.159999999999997,False,66.0,30.36,35.64,False,10.5,15.225,4.725,False,False
Libre GL,41,041_2022-05-04T07:58:00,trees_1,66.0,59.7,6.299999999999997,True,22.0,40.48,18.479999999999997,False,42.0,18.69,23.31,False,False
Libre GL,41,041_2022-05-02T08:19:00,trees_4,66.0,57.868,8.131999999999998,False,22.0,39.50885714285715,17.508857142857153,False,10.5,16.82925,6.329249999999998,False,False
Libre GL,41,041_2022-05-05T07:59:00,trees_4,24.0,31.704,7.704000000000001,False,22.0,25.040190476190478,3.040190476190478,False,10.5,12.68475,2.1847499999999993,False,False
Libre GL,41,041_2022-05-03T07:44:00,trees_4,66.0,44.238,21.762,False,66.0,31.17714285714287,34.82285714285713,False,10.5,14.456249999999997,3.956249999999997,False,False
Libre GL,41,041_2022-05-04T07:58:00,trees_4,66.0,58.824000000000005,7.175999999999995,False,22.0,41.612476190476194,19.612476190476194,False,42.0,16.034249999999997,25.965750000000003,False,False
Libre GL,41,041_2022-05-02T08:19:00,nested_selected,66.0,58.02,7.979999999999997,False,22.0,38.28,16.28,False,10.5,16.8,6.300000000000001,False,False
Libre GL,41,041_2022-05-05T07:59:00,nested_selected,24.0,32.4,8.399999999999999,False,22.0,25.96,3.960000000000001,False,10.5,12.705,2.205,False,False
Libre GL,41,041_2022-05-03T07:44:00,nested_selected,66.0,45.84,20.159999999999997,False,66.0,30.36,35.64,False,10.5,15.225,4.725,False,False
Libre GL,41,041_2022-05-04T07:58:00,nested_selected,66.0,59.7,6.299999999999997,True,22.0,40.48,18.479999999999997,False,42.0,18.69,23.31,False,False
Libre GL,42,042_2025-07-31T08:40:00,calibration_mean,66.0,55.5,10.5,False,22.0,33.0,11.0,False,10.5,18.375,7.875,False,False
Libre GL,42,042_2025-08-03T10:28:00,calibration_mean,24.0,55.5,31.5,False,22.0,33.0,11.0,False,10.5,18.375,7.875,False,False
Libre GL,42,042_2025-08-01T07:50:00,calibration_mean,66.0,55.5,10.5,False,66.0,33.0,33.0,False,10.5,18.375,7.875,False,False
Libre GL,42,042_2025-08-02T08:15:00,calibration_mean,66.0,55.5,10.5,False,22.0,33.0,11.0,False,42.0,18.375,23.625,False,False
Libre GL,42,042_2025-07-31T08:40:00,calibration_median,66.0,66.0,0.0,True,22.0,22.0,0.0,True,10.5,10.5,0.0,True,True
Libre GL,42,042_2025-08-03T10:28:00,calibration_median,24.0,66.0,42.0,False,22.0,22.0,0.0,True,10.5,10.5,0.0,True,False
Libre GL,42,042_2025-08-01T07:50:00,calibration_median,66.0,66.0,0.0,True,66.0,22.0,44.0,False,10.5,10.5,0.0,True,False
Libre GL,42,042_2025-08-02T08:15:00,calibration_median,66.0,66.0,0.0,True,22.0,22.0,0.0,True,42.0,10.5,31.5,False,False
Libre GL,42,042_2025-07-31T08:40:00,nearest_personal_curve,66.0,24.0,42.0,False,22.0,22.0,0.0,True,10.5,10.5,0.0,True,False
Libre GL,42,042_2025-08-03T10:28:00,nearest_personal_curve,24.0,24.0,0.0,True,22.0,22.0,0.0,True,10.5,10.5,0.0,True,True
Libre GL,42,042_2025-08-01T07:50:00,nearest_personal_curve,66.0,24.0,42.0,False,66.0,22.0,44.0,False,10.5,10.5,0.0,True,False
Libre GL,42,042_2025-08-02T08:15:00,nearest_personal_curve,66.0,24.0,42.0,False,22.0,22.0,0.0,True,42.0,10.5,31.5,False,False
Libre GL,42,042_2025-07-31T08:40:00,ridge_0.1,66.0,74.3687417841052,8.368741784105197,False,22.0,45.15938482825396,23.159384828253962,False,10.5,5.581448506178237,4.918551493821763,False,False
Libre GL,42,042_2025-08-03T10:28:00,ridge_0.1,24.0,78.25755685719612,54.25755685719612,False,22.0,32.27759630061692,10.27759630061692,False,10.5,9.695165673959535,0.8048343260404653,True,False
Libre GL,42,042_2025-08-01T07:50:00,ridge_0.1,66.0,87.79603913924404,21.796039139244044,False,66.0,20.265693614118163,45.73430638588184,False,10.5,3.316321872651841,7.183678127348159,False,False
Libre GL,42,042_2025-08-02T08:15:00,ridge_0.1,66.0,80.31826787854533,14.318267878545328,False,22.0,42.89459446507956,20.894594465079557,False,42.0,0.0,42.0,False,False
Libre GL,42,042_2025-07-31T08:40:00,ridge_1,66.0,64.36991868742385,1.6300813125761522,True,22.0,50.3158758461292,28.315875846129202,False,10.5,8.873745321636335,1.626254678363665,False,False
Libre GL,42,042_2025-08-03T10:28:00,ridge_1,24.0,70.13770072130279,46.13770072130279,False,22.0,41.18250046423222,19.18250046423222,False,10.5,7.227805272078944,3.2721947279210557,False,False
Libre GL,42,042_2025-08-01T07:50:00,ridge_1,66.0,78.16279924449955,12.162799244499553,False,66.0,29.99344082819437,36.006559171805634,False,10.5,4.848829420749517,5.651170579250483,False,False
Libre GL,42,042_2025-08-02T08:15:00,ridge_1,66.0,72.38947798498538,6.389477984985376,True,22.0,47.53330122435977,25.533301224359768,False,42.0,0.48793088360876524,41.51206911639123,False,False
Libre GL,42,042_2025-07-31T08:40:00,ridge_10,66.0,52.15184811598736,13.848151884012637,False,22.0,43.069086106366086,21.069086106366086,False,10.5,16.30923814221818,5.809238142218181,False,False
Libre GL,42,042_2025-08-03T10:28:00,ridge_10,24.0,58.81825295806491,34.81825295806491,False,22.0,36.631964141947925,14.631964141947925,False,10.5,10.69218352411045,0.19218352411044926,True,False
Libre GL,42,042_2025-08-01T07:50:00,ridge_10,66.0,62.672251419261606,3.327748580738394,True,66.0,27.06275322541706,38.93724677458294,False,10.5,10.011611979093933,0.4883880209060667,True,False
Libre GL,42,042_2025-08-02T08:15:00,ridge_10,66.0,61.51702470073836,4.482975299261639,True,22.0,40.077120015935954,18.077120015935954,False,42.0,9.27943978622694,32.72056021377306,False,False
Libre GL,42,042_2025-07-31T08:40:00,ridge_100,66.0,50.83433796713751,15.165662032862492,False,22.0,39.22853572726805,17.228535727268053,False,10.5,19.13289692924075,8.63289692924075,False,False
Libre GL,42,042_2025-08-03T10:28:00,ridge_100,24.0,55.72399771309598,31.723997713095983,False,22.0,34.603565465593064,12.603565465593064,False,10.5,16.667761001393032,6.167761001393032,False,False
Libre GL,42,042_2025-08-01T07:50:00,ridge_100,66.0,55.51250023355722,10.487499766442781,False,66.0,29.243887609148175,36.756112390851825,False,10.5,14.890657378930458,4.390657378930458,False,False
Libre GL,42,042_2025-08-02T08:15:00,ridge_100,66.0,58.03237454661615,7.967625453383853,False,22.0,35.78020533992053,13.780205339920528,False,42.0,17.644513396786483,24.355486603213517,False,False
Libre GL,42,042_2025-07-31T08:40:00,trees_1,66.0,52.98,13.020000000000003,False,22.0,34.76,12.759999999999998,False,10.5,19.32,8.82,False,False
Libre GL,42,042_2025-08-03T10:28:00,trees_1,24.0,48.36,24.36,False,22.0,35.2,13.200000000000003,False,10.5,14.595,4.095000000000001,False,False
Libre GL,42,042_2025-08-01T07:50:00,trees_1,66.0,56.76,9.240000000000002,False,66.0,32.56,33.44,False,10.5,16.485,5.984999999999999,False,False
Libre GL,42,042_2025-08-02T08:15:00,trees_1,66.0,54.66,11.340000000000003,False,22.0,38.28,16.28,False,42.0,17.745,24.255,False,False
Libre GL,42,042_2025-07-31T08:40:00,trees_4,66.0,57.641999999999996,8.358000000000004,False,22.0,38.12599999999999,16.12599999999999,False,10.5,20.653499999999994,10.153499999999994,False,False
Libre GL,42,042_2025-08-03T10:28:00,trees_4,24.0,50.94299999999999,26.94299999999999,False,22.0,34.613333333333344,12.613333333333344,False,10.5,16.730999999999998,6.230999999999998,False,False
Libre GL,42,042_2025-08-01T07:50:00,trees_4,66.0,57.40599999999999,8.594000000000008,False,66.0,34.270761904761905,31.729238095238095,False,10.5,18.27075,7.77075,False,False
Libre GL,42,042_2025-08-02T08:15:00,trees_4,66.0,55.40500000000001,10.594999999999992,False,22.0,34.54314285714287,12.543142857142868,False,42.0,19.22625,22.77375,False,False
Libre GL,42,042_2025-07-31T08:40:00,nested_selected,66.0,57.641999999999996,8.358000000000004,False,22.0,38.12599999999999,16.12599999999999,False,10.5,20.653499999999994,10.153499999999994,False,False
Libre GL,42,042_2025-08-03T10:28:00,nested_selected,24.0,50.94299999999999,26.94299999999999,False,22.0,34.613333333333344,12.613333333333344,False,10.5,16.730999999999998,6.230999999999998,False,False
Libre GL,42,042_2025-08-01T07:50:00,nested_selected,66.0,57.40599999999999,8.594000000000008,False,66.0,34.270761904761905,31.729238095238095,False,10.5,18.27075,7.77075,False,False
Libre GL,42,042_2025-08-02T08:15:00,nested_selected,66.0,55.40500000000001,10.594999999999992,False,22.0,34.54314285714287,12.543142857142868,False,42.0,19.22625,22.77375,False,False
Libre GL,43,043_2025-10-20T08:00:00,calibration_mean,66.0,55.5,10.5,False,22.0,33.0,11.0,False,10.5,18.375,7.875,False,False
Libre GL,43,043_2025-10-23T08:08:00,calibration_mean,24.0,55.5,31.5,False,22.0,33.0,11.0,False,10.5,18.375,7.875,False,False
Libre GL,43,043_2025-10-21T07:51:00,calibration_mean,66.0,55.5,10.5,False,66.0,33.0,33.0,False,10.5,18.375,7.875,False,False
Libre GL,43,043_2025-10-22T08:03:00,calibration_mean,66.0,55.5,10.5,False,22.0,33.0,11.0,False,42.0,18.375,23.625,False,False
Libre GL,43,043_2025-10-20T08:00:00,calibration_median,66.0,66.0,0.0,True,22.0,22.0,0.0,True,10.5,10.5,0.0,True,True
Libre GL,43,043_2025-10-23T08:08:00,calibration_median,24.0,66.0,42.0,False,22.0,22.0,0.0,True,10.5,10.5,0.0,True,False
Libre GL,43,043_2025-10-21T07:51:00,calibration_median,66.0,66.0,0.0,True,66.0,22.0,44.0,False,10.5,10.5,0.0,True,False
Libre GL,43,043_2025-10-22T08:03:00,calibration_median,66.0,66.0,0.0,True,22.0,22.0,0.0,True,42.0,10.5,31.5,False,False
Libre GL,43,043_2025-10-20T08:00:00,nearest_personal_curve,66.0,66.0,0.0,True,22.0,66.0,44.0,False,10.5,10.5,0.0,True,False
Libre GL,43,043_2025-10-23T08:08:00,nearest_personal_curve,24.0,66.0,42.0,False,22.0,66.0,44.0,False,10.5,10.5,0.0,True,False
Libre GL,43,043_2025-10-21T07:51:00,nearest_personal_curve,66.0,66.0,0.0,True,66.0,66.0,0.0,True,10.5,10.5,0.0,True,True
Libre GL,43,043_2025-10-22T08:03:00,nearest_personal_curve,66.0,66.0,0.0,True,22.0,66.0,44.0,False,42.0,10.5,31.5,False,False
Libre GL,43,043_2025-10-20T08:00:00,ridge_0.1,66.0,72.12916673585875,6.129166735858746,True,22.0,33.72061237185451,11.720612371854507,False,10.5,12.365483202800165,1.8654832028001653,False,False
Libre GL,43,043_2025-10-23T08:08:00,ridge_0.1,24.0,32.3543198449965,8.354319844996503,False,22.0,23.93674257770003,1.9367425777000307,True,10.5,21.228211230763705,10.728211230763705,False,False
Libre GL,43,043_2025-10-21T07:51:00,ridge_0.1,66.0,52.58888763666179,13.411112363338212,False,66.0,17.613147943720847,48.38685205627915,False,10.5,17.272372058796265,6.772372058796265,False,False
Libre GL,43,043_2025-10-22T08:03:00,ridge_0.1,66.0,47.74059186317213,18.259408136827872,False,22.0,22.315916412981338,0.31591641298133766,True,42.0,19.423575460902367,22.576424539097633,False,False
Libre GL,43,043_2025-10-20T08:00:00,ridge_1,66.0,85.8857861674106,19.8857861674106,False,22.0,48.701867121994425,26.701867121994425,False,10.5,6.594244047773081,3.9057559522269187,False,False
Libre GL,43,043_2025-10-23T08:08:00,ridge_1,24.0,56.646625224758694,32.646625224758694,False,22.0,42.59879739247069,20.598797392470694,False,10.5,14.693618442551802,4.193618442551802,False,False
Libre GL,43,043_2025-10-21T07:51:00,ridge_1,66.0,69.18284747341045,3.1828474734104475,True,66.0,35.16514472657549,30.83485527342451,False,10.5,12.150955981402667,1.6509559814026673,False,False
Libre GL,43,043_2025-10-22T08:03:00,ridge_1,66.0,65.98713803255855,0.012861967441452293,True,22.0,39.301938254676855,17.301938254676855,False,42.0,13.861549253335362,28.13845074666464,False,False
Libre GL,43,043_2025-10-20T08:00:00,ridge_10,66.0,77.58556775882303,11.585567758823032,False,22.0,44.80968924084462,22.80968924084462,False,10.5,12.726651813292353,2.226651813292353,False,False
Libre GL,43,043_2025-10-23T08:08:00,ridge_10,24.0,60.46866605590854,36.46866605590854,False,22.0,42.67051361290861,20.670513612908607,False,10.5,16.322178973135195,5.822178973135195,False,False
Libre GL,43,043_2025-10-21T07:51:00,ridge_10,66.0,67.00043406697502,1.0004340669750178,True,66.0,37.05669499549862,28.943305004501383,False,10.5,14.348792419248081,3.848792419248081,False,False
Libre GL,43,043_2025-10-22T08:03:00,ridge_10,66.0,66.4039242842326,0.40392428423260185,True,22.0,40.3597200903411,18.3597200903411,False,42.0,16.713880588069834,25.286119411930166,False,False
Libre GL,43,043_2025-10-20T08:00:00,ridge_100,66.0,61.84132990007334,4.15867009992666,True,22.0,34.206636511015475,12.206636511015475,False,10.5,17.369528201555443,6.869528201555443,False,False
Libre GL,43,043_2025-10-23T08:08:00,ridge_100,24.0,55.56525199020342,31.56525199020342,False,22.0,35.8765077287821,13.876507728782101,False,10.5,18.40917265601744,7.909172656017439,False,False
Libre GL,43,043_2025-10-21T07:51:00,ridge_100,66.0,59.14083334199555,6.8591666580044475,False,66.0,34.02074898580645,31.97925101419355,False,10.5,16.661279129916732,6.161279129916732,False,False
Libre GL,43,043_2025-10-22T08:03:00,ridge_100,66.0,60.709454656218064,5.290545343781936,True,22.0,36.13088599240799,14.13088599240799,False,42.0,18.902630101900787,23.097369898099213,False,False
Libre GL,43,043_2025-10-20T08:00:00,trees_1,66.0,57.18,8.82,False,22.0,29.04,7.039999999999999,False,10.5,16.485,5.984999999999999,False,False
Libre GL,43,043_2025-10-23T08:08:00,trees_1,24.0,54.24,30.240000000000002,False,22.0,34.76,12.759999999999998,False,10.5,16.8,6.300000000000001,False,False
Libre GL,43,043_2025-10-21T07:51:00,trees_1,66.0,61.38,4.619999999999997,True,66.0,36.08,29.92,False,10.5,19.32,8.82,False,False
Libre GL,43,043_2025-10-22T08:03:00,trees_1,66.0,62.22,3.780000000000001,True,22.0,36.08,14.079999999999998,False,42.0,19.635,22.365,False,False
Libre GL,43,043_2025-10-20T08:00:00,trees_4,66.0,60.532,5.4680000000000035,True,22.0,30.93933333333332,8.93933333333332,False,10.5,19.613250000000004,9.113250000000004,False,False
Libre GL,43,043_2025-10-23T08:08:00,trees_4,24.0,57.28399999999998,33.28399999999998,False,22.0,34.38495238095238,12.384952380952377,False,10.5,18.576749999999993,8.076749999999993,False,False
Libre GL,43,043_2025-10-21T07:51:00,trees_4,66.0,61.70799999999999,4.292000000000009,True,66.0,33.848571428571425,32.151428571428575,False,10.5,20.937,10.437000000000001,False,False
Libre GL,43,043_2025-10-22T08:03:00,trees_4,66.0,60.79499999999999,5.2050000000000125,True,22.0,30.942476190476192,8.942476190476192,False,42.0,21.179249999999996,20.820750000000004,False,False
Libre GL,43,043_2025-10-20T08:00:00,nested_selected,66.0,60.532,5.4680000000000035,True,22.0,30.93933333333332,8.93933333333332,False,10.5,19.613250000000004,9.113250000000004,False,False
Libre GL,43,043_2025-10-23T08:08:00,nested_selected,24.0,57.28399999999998,33.28399999999998,False,22.0,34.38495238095238,12.384952380952377,False,10.5,18.576749999999993,8.076749999999993,False,False
Libre GL,43,043_2025-10-21T07:51:00,nested_selected,66.0,61.70799999999999,4.292000000000009,True,66.0,33.848571428571425,32.151428571428575,False,10.5,20.937,10.437000000000001,False,False
Libre GL,43,043_2025-10-22T08:03:00,nested_selected,66.0,60.79499999999999,5.2050000000000125,True,22.0,30.942476190476192,8.942476190476192,False,42.0,21.179249999999996,20.820750000000004,False,False
Libre GL,44,044_2022-10-23T06:24:00,calibration_mean,66.0,55.5,10.5,False,22.0,33.0,11.0,False,10.5,18.375,7.875,False,False
Libre GL,44,044_2022-10-26T07:45:00,calibration_mean,24.0,55.5,31.5,False,22.0,33.0,11.0,False,10.5,18.375,7.875,False,False
Libre GL,44,044_2022-10-24T07:49:00,calibration_mean,66.0,55.5,10.5,False,66.0,33.0,33.0,False,10.5,18.375,7.875,False,False
Libre GL,44,044_2022-10-25T07:45:00,calibration_mean,66.0,55.5,10.5,False,22.0,33.0,11.0,False,42.0,18.375,23.625,False,False
Libre GL,44,044_2022-10-23T06:24:00,calibration_median,66.0,66.0,0.0,True,22.0,22.0,0.0,True,10.5,10.5,0.0,True,True
Libre GL,44,044_2022-10-26T07:45:00,calibration_median,24.0,66.0,42.0,False,22.0,22.0,0.0,True,10.5,10.5,0.0,True,False
Libre GL,44,044_2022-10-24T07:49:00,calibration_median,66.0,66.0,0.0,True,66.0,22.0,44.0,False,10.5,10.5,0.0,True,False
Libre GL,44,044_2022-10-25T07:45:00,calibration_median,66.0,66.0,0.0,True,22.0,22.0,0.0,True,42.0,10.5,31.5,False,False
Libre GL,44,044_2022-10-23T06:24:00,nearest_personal_curve,66.0,66.0,0.0,True,22.0,22.0,0.0,True,10.5,42.0,31.5,False,False
Libre GL,44,044_2022-10-26T07:45:00,nearest_personal_curve,24.0,24.0,0.0,True,22.0,22.0,0.0,True,10.5,10.5,0.0,True,True
Libre GL,44,044_2022-10-24T07:49:00,nearest_personal_curve,66.0,66.0,0.0,True,66.0,22.0,44.0,False,10.5,42.0,31.5,False,False
Libre GL,44,044_2022-10-25T07:45:00,nearest_personal_curve,66.0,24.0,42.0,False,22.0,22.0,0.0,True,42.0,10.5,31.5,False,False
Libre GL,44,044_2022-10-23T06:24:00,ridge_0.1,66.0,99.68199893894669,33.68199893894669,False,22.0,32.11991641691954,10.119916416919537,False,10.5,31.178992824236413,20.678992824236413,False,False
Libre GL,44,044_2022-10-26T07:45:00,ridge_0.1,24.0,48.86739669613991,24.867396696139913,False,22.0,10.37733935073808,11.62266064926192,False,10.5,51.609268306218524,41.109268306218524,False,False
Libre GL,44,044_2022-10-24T07:49:00,ridge_0.1,66.0,81.67417725924282,15.674177259242825,False,66.0,18.24583294035991,47.75416705964009,False,10.5,42.677339374922155,32.177339374922155,False,False
Libre GL,44,044_2022-10-25T07:45:00,ridge_0.1,66.0,35.51675141114052,30.48324858885948,False,22.0,6.826905339204757,15.173094660795243,False,42.0,23.937246306334064,18.062753693665936,False,False
Libre GL,44,044_2022-10-23T06:24:00,ridge_1,66.0,93.95333911762569,27.95333911762569,False,22.0,40.49023318859626,18.490233188596257,False,10.5,25.096892424667104,14.596892424667104,False,False
Libre GL,44,044_2022-10-26T07:45:00,ridge_1,24.0,56.450044094655304,32.450044094655304,False,22.0,25.39427197940536,3.39427197940536,False,10.5,40.703630830256515,30.203630830256515,False,False
Libre GL,44,044_2022-10-24T07:49:00,ridge_1,66.0,79.33721421032726,13.33721421032726,False,66.0,36.13220147715455,29.867798522845447,False,10.5,32.92506354745183,22.425063547451828,False,False
Libre GL,44,044_2022-10-25T07:45:00,ridge_1,66.0,44.03755922076439,21.962440779235607,False,22.0,21.434866354480448,0.5651336455195519,True,42.0,19.090302612837345,22.909697387162655,False,False
Libre GL,44,044_2022-10-23T06:24:00,ridge_10,66.0,78.69871917945602,12.69871917945602,False,22.0,35.77196911901133,13.771969119011331,False,10.5,23.707303952362256,13.207303952362256,False,False
Libre GL,44,044_2022-10-26T07:45:00,ridge_10,24.0,54.422561937795614,30.422561937795614,False,22.0,30.34638147922537,8.346381479225371,False,10.5,31.977169580958492,21.477169580958492,False,False
Libre GL,44,044_2022-10-24T07:49:00,ridge_10,66.0,68.73125451804731,2.731254518047308,True,66.0,35.381566615056535,30.618433384943465,False,10.5,30.25665906253095,19.75665906253095,False,False
Libre GL,44,044_2022-10-25T07:45:00,ridge_10,66.0,45.09050970004404,20.909490299955962,False,22.0,27.58949591694157,5.589495916941569,False,42.0,18.256791064485544,23.743208935514456,False,False
Libre GL,44,044_2022-10-23T06:24:00,ridge_100,66.0,69.37587770082331,3.3758777008233096,True,22.0,32.9331347022717,10.933134702271701,False,10.5,21.540007183959258,11.040007183959258,False,False
Libre GL,44,044_2022-10-26T07:45:00,ridge_100,24.0,52.457130796462124,28.457130796462124,False,22.0,35.32019844262111,13.320198442621113,False,10.5,21.932082995461577,11.432082995461577,False,False
Libre GL,44,044_2022-10-24T07:49:00,ridge_100,66.0,61.676411755551875,4.323588244448125,True,66.0,33.42574710405986,32.57425289594014,False,10.5,24.924156722089837,14.424156722089837,False,False
Libre GL,44,044_2022-10-25T07:45:00,ridge_100,66.0,47.99670313882302,18.003296861176977,False,22.0,31.268689788513175,9.268689788513175,False,42.0,16.92849422383039,25.07150577616961,False,False
Libre GL,44,044_2022-10-23T06:24:00,trees_1,66.0,62.22,3.780000000000001,True,22.0,33.44,11.439999999999998,False,10.5,20.895,10.395,False,False
Libre GL,44,044_2022-10-26T07:45:00,trees_1,24.0,61.8,37.8,False,22.0,46.64,24.64,False,10.5,16.17,5.670000000000002,False,False
Libre GL,44,044_2022-10-24T07:49:00,trees_1,66.0,60.12,5.880000000000003,True,66.0,36.96,29.04,False,10.5,21.21,10.71,False,False
Libre GL,44,044_2022-10-25T07:45:00,trees_1,66.0,43.32,22.68,False,22.0,28.16,6.16,False,42.0,14.91,27.09,False,False
Libre GL,44,044_2022-10-23T06:24:00,trees_4,66.0,61.81399999999999,4.186000000000007,True,22.0,31.485142857142854,9.485142857142854,False,10.5,20.264999999999997,9.764999999999997,False,False
Libre GL,44,044_2022-10-26T07:45:00,trees_4,24.0,58.493,34.493,False,22.0,44.23361904761905,22.23361904761905,False,10.5,14.834249999999997,4.334249999999997,False,False
Libre GL,44,044_2022-10-24T07:49:00,trees_4,66.0,62.287000000000006,3.712999999999994,True,66.0,36.90657142857142,29.093428571428582,False,10.5,21.153,10.652999999999999,False,False
Libre GL,44,044_2022-10-25T07:45:00,trees_4,66.0,47.63000000000001,18.36999999999999,False,22.0,29.406666666666666,7.406666666666666,False,42.0,16.383,25.617,False,False
Libre GL,44,044_2022-10-23T06:24:00,nested_selected,66.0,62.22,3.780000000000001,True,22.0,33.44,11.439999999999998,False,10.5,20.895,10.395,False,False
Libre GL,44,044_2022-10-26T07:45:00,nested_selected,24.0,61.8,37.8,False,22.0,46.64,24.64,False,10.5,16.17,5.670000000000002,False,False
Libre GL,44,044_2022-10-24T07:49:00,nested_selected,66.0,60.12,5.880000000000003,True,66.0,36.96,29.04,False,10.5,21.21,10.71,False,False
Libre GL,44,044_2022-10-25T07:45:00,nested_selected,66.0,43.32,22.68,False,22.0,28.16,6.16,False,42.0,14.91,27.09,False,False
Libre GL,45,045_2025-03-31T08:56:00,calibration_mean,66.0,55.5,10.5,False,22.0,33.0,11.0,False,10.5,18.375,7.875,False,False
Libre GL,45,045_2025-04-03T08:46:00,calibration_mean,24.0,55.5,31.5,False,22.0,33.0,11.0,False,10.5,18.375,7.875,False,False
Libre GL,45,045_2025-04-01T09:05:00,calibration_mean,66.0,55.5,10.5,False,66.0,33.0,33.0,False,10.5,18.375,7.875,False,False
Libre GL,45,045_2025-04-02T09:40:00,calibration_mean,66.0,55.5,10.5,False,22.0,33.0,11.0,False,42.0,18.375,23.625,False,False
Libre GL,45,045_2025-03-31T08:56:00,calibration_median,66.0,66.0,0.0,True,22.0,22.0,0.0,True,10.5,10.5,0.0,True,True
Libre GL,45,045_2025-04-03T08:46:00,calibration_median,24.0,66.0,42.0,False,22.0,22.0,0.0,True,10.5,10.5,0.0,True,False
Libre GL,45,045_2025-04-01T09:05:00,calibration_median,66.0,66.0,0.0,True,66.0,22.0,44.0,False,10.5,10.5,0.0,True,False
Libre GL,45,045_2025-04-02T09:40:00,calibration_median,66.0,66.0,0.0,True,22.0,22.0,0.0,True,42.0,10.5,31.5,False,False
Libre GL,45,045_2025-03-31T08:56:00,nearest_personal_curve,66.0,66.0,0.0,True,22.0,22.0,0.0,True,10.5,42.0,31.5,False,False
Libre GL,45,045_2025-04-03T08:46:00,nearest_personal_curve,24.0,24.0,0.0,True,22.0,22.0,0.0,True,10.5,10.5,0.0,True,True
Libre GL,45,045_2025-04-01T09:05:00,nearest_personal_curve,66.0,66.0,0.0,True,66.0,22.0,44.0,False,10.5,10.5,0.0,True,False
Libre GL,45,045_2025-04-02T09:40:00,nearest_personal_curve,66.0,66.0,0.0,True,22.0,66.0,44.0,False,42.0,10.5,31.5,False,False
Libre GL,45,045_2025-03-31T08:56:00,ridge_0.1,66.0,78.5220808875334,12.522080887533406,False,22.0,4.965916979868531,17.03408302013147,False,10.5,47.44553442360217,36.94553442360217,False,False
Libre GL,45,045_2025-04-03T08:46:00,ridge_0.1,24.0,86.05605664159215,62.05605664159215,False,22.0,13.323525778552227,8.676474221447773,False,10.5,50.94168250804866,40.44168250804866,False,False
Libre GL,45,045_2025-04-01T09:05:00,ridge_0.1,66.0,118.78374670425478,52.78374670425478,False,66.0,23.525122392335987,42.47487760766401,False,10.5,59.09220908744483,48.59220908744483,False,False
Libre GL,45,045_2025-04-02T09:40:00,ridge_0.1,66.0,78.27448673223356,12.274486732233555,False,22.0,20.587039040822177,1.4129609591778234,True,42.0,20.696060529584166,21.303939470415834,False,False
Libre GL,45,045_2025-03-31T08:56:00,ridge_1,66.0,51.836646745549665,14.163353254450335,False,22.0,21.4867018667859,0.5132981332141,True,10.5,23.210987882909173,12.710987882909173,False,False
Libre GL,45,045_2025-04-03T08:46:00,ridge_1,24.0,56.06947891186709,32.06947891186709,False,22.0,27.49357960149193,5.4935796014919305,False,10.5,24.246674176108257,13.746674176108257,False,False
Libre GL,45,045_2025-04-01T09:05:00,ridge_1,66.0,91.91085843046504,25.91085843046504,False,66.0,41.80481587610083,24.195184123899168,False,10.5,31.439537910904452,20.939537910904452,False,False
Libre GL,45,045_2025-04-02T09:40:00,ridge_1,66.0,59.21417663749497,6.7858233625050275,False,22.0,33.478756443157536,11.478756443157536,False,42.0,9.270596007785315,32.729403992214685,False,False
Libre GL,45,045_2025-03-31T08:56:00,ridge_10,66.0,53.53979721411975,12.460202785880249,False,22.0,31.614172532457413,9.614172532457413,False,10.5,14.596777816306389,4.096777816306389,False,False
Libre GL,45,045_2025-04-03T08:46:00,ridge_10,24.0,51.50026346396553,27.50026346396553,False,22.0,36.055182393965694,14.055182393965694,False,10.5,15.418559098803955,4.918559098803955,False,False
Libre GL,45,045_2025-04-01T09:05:00,ridge_10,66.0,78.29054719760367,12.290547197603672,False,66.0,45.6370616161461,20.3629383838539,False,10.5,18.931824215062875,8.431824215062875,False,False
Libre GL,45,045_2025-04-02T09:40:00,ridge_10,66.0,61.30919594497108,4.69080405502892,True,22.0,35.80194201127424,13.801942011274242,False,42.0,11.76233152431023,30.23766847568977,False,False
Libre GL,45,045_2025-03-31T08:56:00,ridge_100,66.0,53.81143329207709,12.18856670792291,False,22.0,32.092235675171885,10.092235675171885,False,10.5,15.028502493014159,4.528502493014159,False,False
Libre GL,45,045_2025-04-03T08:46:00,ridge_100,24.0,50.62814847607338,26.628148476073378,False,22.0,35.14249607834361,13.142496078343612,False,10.5,15.91943223466263,5.419432234662629,False,False
Libre GL,45,045_2025-04-01T09:05:00,ridge_100,66.0,69.42177673421759,3.4217767342175875,True,66.0,36.070202974580866,29.929797025419134,False,10.5,19.768987905722874,9.268987905722874,False,False
Libre GL,45,045_2025-04-02T09:40:00,ridge_100,66.0,60.635161169961336,5.364838830038664,True,22.0,30.29586330137562,8.295863301375618,False,42.0,16.17079444249465,25.82920555750535,False,False
Libre GL,45,045_2025-03-31T08:56:00,trees_1,66.0,54.66,11.340000000000003,False,22.0,30.8,8.8,False,10.5,18.375,7.875,False,False
Libre GL,45,045_2025-04-03T08:46:00,trees_1,24.0,34.08,10.079999999999998,False,22.0,26.84,4.84,False,10.5,13.335,2.835000000000001,False,False
Libre GL,45,045_2025-04-01T09:05:00,trees_1,66.0,63.9,2.1000000000000014,True,66.0,31.24,34.760000000000005,False,10.5,25.62,15.120000000000001,False,False
Libre GL,45,045_2025-04-02T09:40:00,trees_1,66.0,62.22,3.780000000000001,True,22.0,30.8,8.8,False,42.0,16.485,25.515,False,False
Libre GL,45,045_2025-03-31T08:56:00,trees_4,66.0,55.29200000000001,10.707999999999991,False,22.0,32.929809523809524,10.929809523809524,False,10.5,16.94625,6.446249999999999,False,False
Libre GL,45,045_2025-04-03T08:46:00,trees_4,24.0,38.754,14.753999999999998,False,22.0,27.56914285714285,5.56914285714285,False,10.5,14.927999999999999,4.427999999999999,False,False
Libre GL,45,045_2025-04-01T09:05:00,trees_4,66.0,63.379000000000005,2.620999999999995,True,66.0,30.328571428571422,35.67142857142858,False,10.5,22.002749999999995,11.502749999999995,False,False
Libre GL,45,045_2025-04-02T09:40:00,trees_4,66.0,62.41800000000001,3.5819999999999865,True,22.0,31.47990476190475,9.479904761904749,False,42.0,18.045749999999995,23.954250000000005,False,False
Libre GL,45,045_2025-03-31T08:56:00,nested_selected,66.0,54.66,11.340000000000003,False,22.0,30.8,8.8,False,10.5,18.375,7.875,False,False
Libre GL,45,045_2025-04-03T08:46:00,nested_selected,24.0,34.08,10.079999999999998,False,22.0,26.84,4.84,False,10.5,13.335,2.835000000000001,False,False
Libre GL,45,045_2025-04-01T09:05:00,nested_selected,66.0,63.9,2.1000000000000014,True,66.0,31.24,34.760000000000005,False,10.5,25.62,15.120000000000001,False,False
Libre GL,45,045_2025-04-02T09:40:00,nested_selected,66.0,62.22,3.780000000000001,True,22.0,30.8,8.8,False,42.0,16.485,25.515,False,False
Libre GL,49,049_2025-05-17T07:11:00,calibration_mean,66.0,55.5,10.5,False,22.0,33.0,11.0,False,10.5,18.375,7.875,False,False
Libre GL,49,049_2025-05-20T07:06:00,calibration_mean,24.0,55.5,31.5,False,22.0,33.0,11.0,False,10.5,18.375,7.875,False,False
Libre GL,49,049_2025-05-18T08:59:00,calibration_mean,66.0,55.5,10.5,False,66.0,33.0,33.0,False,10.5,18.375,7.875,False,False
Libre GL,49,049_2025-05-19T07:06:00,calibration_mean,66.0,55.5,10.5,False,22.0,33.0,11.0,False,42.0,18.375,23.625,False,False
Libre GL,49,049_2025-05-17T07:11:00,calibration_median,66.0,66.0,0.0,True,22.0,22.0,0.0,True,10.5,10.5,0.0,True,True
Libre GL,49,049_2025-05-20T07:06:00,calibration_median,24.0,66.0,42.0,False,22.0,22.0,0.0,True,10.5,10.5,0.0,True,False
Libre GL,49,049_2025-05-18T08:59:00,calibration_median,66.0,66.0,0.0,True,66.0,22.0,44.0,False,10.5,10.5,0.0,True,False
Libre GL,49,049_2025-05-19T07:06:00,calibration_median,66.0,66.0,0.0,True,22.0,22.0,0.0,True,42.0,10.5,31.5,False,False
Libre GL,49,049_2025-05-17T07:11:00,nearest_personal_curve,66.0,24.0,42.0,False,22.0,22.0,0.0,True,10.5,10.5,0.0,True,False
Libre GL,49,049_2025-05-20T07:06:00,nearest_personal_curve,24.0,24.0,0.0,True,22.0,22.0,0.0,True,10.5,10.5,0.0,True,True
Libre GL,49,049_2025-05-18T08:59:00,nearest_personal_curve,66.0,66.0,0.0,True,66.0,22.0,44.0,False,10.5,42.0,31.5,False,False
Libre GL,49,049_2025-05-19T07:06:00,nearest_personal_curve,66.0,66.0,0.0,True,22.0,66.0,44.0,False,42.0,10.5,31.5,False,False
Libre GL,49,049_2025-05-17T07:11:00,ridge_0.1,66.0,69.92728788924643,3.927287889246429,True,22.0,55.31436923393659,33.31436923393659,False,10.5,9.66957567170575,0.8304243282942494,True,False
Libre GL,49,049_2025-05-20T07:06:00,ridge_0.1,24.0,40.44383046302446,16.44383046302446,False,22.0,36.37977349487441,14.379773494874406,False,10.5,2.480977758091548,8.019022241908452,False,False
Libre GL,49,049_2025-05-18T08:59:00,ridge_0.1,66.0,76.98647687248962,10.986476872489618,False,66.0,42.89224265852098,23.107757341479022,False,10.5,15.25596325462276,4.75596325462276,False,False
Libre GL,49,049_2025-05-19T07:06:00,ridge_0.1,66.0,65.49425479768612,0.5057452023138751,True,22.0,58.06415193462192,36.06415193462192,False,42.0,0.0,42.0,False,False
Libre GL,49,049_2025-05-17T07:11:00,ridge_1,66.0,67.10862503609148,1.1086250360914818,True,22.0,47.963477068991935,25.963477068991935,False,10.5,8.034237958134351,2.4657620418656485,False,False
Libre GL,49,049_2025-05-20T07:06:00,ridge_1,24.0,52.27494585114562,28.274945851145617,False,22.0,40.18778218171613,18.18778218171613,False,10.5,6.138381255243109,4.361618744756891,False,False
Libre GL,49,049_2025-05-18T08:59:00,ridge_1,66.0,75.53033772432536,9.530337724325364,False,66.0,42.16655591552627,23.833444084473733,False,10.5,11.130129366916231,0.6301293669162309,True,False
Libre GL,49,049_2025-05-19T07:06:00,ridge_1,66.0,72.33843285887072,6.338432858870718,True,22.0,53.657669241658134,31.657669241658134,False,42.0,0.0,42.0,False,False
Libre GL,49,049_2025-05-17T07:11:00,ridge_10,66.0,57.937017774535335,8.062982225464665,False,22.0,38.574997607497494,16.574997607497494,False,10.5,11.644518315489897,1.144518315489897,False,False
Libre GL,49,049_2025-05-20T07:06:00,ridge_10,24.0,51.62229799259342,27.622297992593417,False,22.0,37.690851124470576,15.690851124470576,False,10.5,11.670404355114414,1.1704043551144139,False,False
Libre GL,49,049_2025-05-18T08:59:00,ridge_10,66.0,67.04801998766604,1.0480199876660379,True,66.0,34.15888753351956,31.84111246648044,False,10.5,13.852936997371465,3.352936997371465,False,False
Libre GL,49,049_2025-05-19T07:06:00,ridge_10,66.0,69.1714563386213,3.1714563386212973,True,22.0,43.05153922241734,21.05153922241734,False,42.0,10.96542240706392,31.03457759293608,False,False
Libre GL,49,049_2025-05-17T07:11:00,ridge_100,66.0,51.39440556125017,14.605594438749833,False,22.0,34.47431330627487,12.474313306274873,False,10.5,14.80662970442161,4.30662970442161,False,False
Libre GL,49,049_2025-05-20T07:06:00,ridge_100,24.0,48.79019600258364,24.79019600258364,False,22.0,34.982544150222004,12.982544150222004,False,10.5,15.33841214800154,4.83841214800154,False,False
Libre GL,49,049_2025-05-18T08:59:00,ridge_100,66.0,56.40877902337333,9.591220976626673,False,66.0,31.83688260494521,34.16311739505479,False,10.5,15.448784788123096,4.9487847881230955,False,False
Libre GL,49,049_2025-05-19T07:06:00,ridge_100,66.0,60.628013982179596,5.371986017820404,True,22.0,34.25708868715066,12.257088687150663,False,42.0,16.908840973914412,25.091159026085588,False,False
Libre GL,49,049_2025-05-17T07:11:00,trees_1,66.0,51.3,14.700000000000003,False,22.0,40.04,18.04,False,10.5,13.65,3.1500000000000004,False,False
Libre GL,49,049_2025-05-20T07:06:00,trees_1,24.0,40.8,16.799999999999997,False,22.0,34.76,12.759999999999998,False,10.5,12.705,2.205,False,False
Libre GL,49,049_2025-05-18T08:59:00,trees_1,66.0,61.38,4.619999999999997,True,66.0,28.16,37.84,False,10.5,19.005,8.504999999999999,False,False
Libre GL,49,049_2025-05-19T07:06:00,trees_1,66.0,63.06,2.9399999999999977,True,22.0,36.08,14.079999999999998,False,42.0,18.375,23.625,False,False
Libre GL,49,049_2025-05-17T07:11:00,trees_4,66.0,45.93699999999999,20.06300000000001,False,22.0,33.242000000000004,11.242000000000004,False,10.5,15.238499999999998,4.738499999999998,False,False
Libre GL,49,049_2025-05-20T07:06:00,trees_4,24.0,43.63399999999999,19.633999999999993,False,22.0,31.485142857142854,9.485142857142854,False,10.5,14.66625,4.16625,False,False
Libre GL,49,049_2025-05-18T08:59:00,trees_4,66.0,59.733999999999995,6.266000000000005,True,66.0,28.48161904761905,37.51838095238095,False,10.5,18.756,8.256,False,False
Libre GL,49,049_2025-05-19T07:06:00,trees_4,66.0,61.056000000000004,4.9439999999999955,True,22.0,32.28028571428571,10.28028571428571,False,42.0,19.291499999999996,22.708500000000004,False,False
Libre GL,49,049_2025-05-17T07:11:00,nested_selected,66.0,51.3,14.700000000000003,False,22.0,40.04,18.04,False,10.5,13.65,3.1500000000000004,False,False
Libre GL,49,049_2025-05-20T07:06:00,nested_selected,24.0,40.8,16.799999999999997,False,22.0,34.76,12.759999999999998,False,10.5,12.705,2.205,False,False
Libre GL,49,049_2025-05-18T08:59:00,nested_selected,66.0,61.38,4.619999999999997,True,66.0,28.16,37.84,False,10.5,19.005,8.504999999999999,False,False
Libre GL,49,049_2025-05-19T07:06:00,nested_selected,66.0,63.06,2.9399999999999977,True,22.0,36.08,14.079999999999998,False,42.0,18.375,23.625,False,False
