source_excel_row,sensor_time_s,glucose_current_nA,cholesterol_current_nA,tg_proxy_current_nA,ph_voltage_as_recorded
4,1,24.00827,13.89393,60.74933,-76.35453
5,2,23.99049,13.88566,60.69428,-76.34418
6,3,23.97276,13.87744,60.63948,-76.33384
7,4,23.95505,13.86925,60.58491,-76.32351
8,5,23.93739,13.86111,60.53057,-76.3132
9,6,23.91976,13.85302,60.47646,-76.3029
10,7,23.90217,13.84497,60.42256,-76.29261
11,8,23.88461,13.83697,60.36889,-76.28233
12,9,23.86709,13.82902,60.31543,-76.27207
13,10,23.8496,13.82111,60.26217,-76.26182
14,11,23.83216,13.81326,60.20912,-76.25158
15,12,23.81474,13.80546,60.15626,-76.24135
16,13,23.79736,13.79771,60.10361,-76.23114
17,14,23.78002,13.79001,60.05114,-76.22093
18,15,23.76271,13.78236,59.99887,-76.21074
19,16,23.74544,13.77477,59.94678,-76.20056
20,17,23.7282,13.76723,59.89487,-76.1904
21,18,23.71099,13.75975,59.84313,-76.18024
22,19,23.69382,13.75233,59.79158,-76.1701
23,20,23.67669,13.74496,59.74019,-76.15997
24,21,23.65959,13.73765,59.68897,-76.14985
25,22,23.64252,13.73039,59.63792,-76.13974
26,23,23.62549,13.7232,59.58703,-76.12964
27,24,23.60849,13.71606,59.53629,-76.11955
28,25,23.59152,13.70899,59.48571,-76.10947
29,26,23.57459,13.70197,59.43529,-76.0994
30,27,23.5577,13.69501,59.38501,-76.08934
31,28,23.54083,13.68812,59.33488,-76.07929
32,29,23.524,13.68128,59.28489,-76.06924
33,30,23.5072,13.67451,59.23505,-76.0592
34,31,23.49044,13.6678,59.18535,-76.04917
35,32,23.47371,13.66115,59.13578,-76.03914
36,33,23.45701,13.65457,59.08635,-76.02912
37,34,23.44035,13.64804,59.03706,-76.0191
38,35,23.42372,13.64159,58.9879,-76.00908
39,36,23.40712,13.63519,58.93886,-75.99908
40,37,23.39055,13.62886,58.88996,-75.98907
41,38,23.37402,13.6226,58.84117,-75.97907
42,39,23.35752,13.6164,58.79252,-75.96907
43,40,23.34105,13.61027,58.74398,-75.95907
44,41,23.32461,13.6042,58.69556,-75.94908
45,42,23.30821,13.5982,58.64727,-75.9391
46,43,23.29184,13.59226,58.59908,-75.92911
47,44,23.2755,13.58639,58.55102,-75.91913
48,45,23.25919,13.58059,58.50306,-75.90915
49,46,23.24291,13.57485,58.45522,-75.89917
50,47,23.22667,13.56918,58.40749,-75.8892
51,48,23.21046,13.56358,58.35986,-75.87923
52,49,23.19428,13.55804,58.31234,-75.86926
53,50,23.17813,13.55257,58.26493,-75.8593
54,51,23.16201,13.54717,58.21762,-75.84934
55,52,23.14592,13.54183,58.17041,-75.83938
56,53,23.12987,13.53656,58.1233,-75.82943
57,54,23.11385,13.53136,58.0763,-75.81947
58,55,23.09785,13.52622,58.02939,-75.80953
59,56,23.08189,13.52115,57.98258,-75.79958
60,57,23.06596,13.51615,57.93587,-75.78964
61,58,23.05006,13.51122,57.88926,-75.7797
62,59,23.03419,13.50635,57.84274,-75.76976
63,60,23.01835,13.50154,57.79632,-75.75983
64,61,23.00254,13.49681,57.74999,-75.7499
65,62,22.98677,13.49214,57.70376,-75.73998
66,63,22.97102,13.48753,57.65762,-75.73005
67,64,22.9553,13.48299,57.61157,-75.72014
68,65,22.93962,13.47852,57.56562,-75.71022
69,66,22.92396,13.47411,57.51976,-75.70031
70,67,22.90833,13.46976,57.474,-75.6904
71,68,22.89273,13.46548,57.42832,-75.6805
72,69,22.87717,13.46126,57.38274,-75.67059
73,70,22.86163,13.45711,57.33726,-75.6607
74,71,22.84612,13.45302,57.29187,-75.6508
75,72,22.83064,13.44899,57.24658,-75.6409
76,73,22.81519,13.44502,57.20138,-75.63101
77,74,22.79977,13.44112,57.15628,-75.62112
78,75,22.78438,13.43727,57.11128,-75.61123
79,76,22.76902,13.43349,57.06637,-75.60134
80,77,22.75368,13.42977,57.02157,-75.59146
81,78,22.73838,13.4261,56.97686,-75.58157
82,79,22.7231,13.4225,56.93224,-75.57169
83,80,22.70785,13.41896,56.88773,-75.56181
84,81,22.69263,13.41547,56.84332,-75.55193
85,82,22.67744,13.41204,56.799,-75.54205
86,83,22.66227,13.40867,56.75478,-75.53217
87,84,22.64714,13.40536,56.71066,-75.52229
88,85,22.63203,13.4021,56.66663,-75.51241
89,86,22.61695,13.3989,56.6227,-75.50253
90,87,22.60189,13.39576,56.57887,-75.49265
91,88,22.58687,13.39266,56.53513,-75.48278
92,89,22.57187,13.38963,56.49149,-75.4729
93,90,22.5569,13.38664,56.44794,-75.46302
94,91,22.54195,13.38371,56.40449,-75.45314
95,92,22.52703,13.38083,56.36113,-75.44326
96,93,22.51214,13.378,56.31786,-75.43338
97,94,22.49728,13.37522,56.27468,-75.4235
98,95,22.48244,13.37248,56.23159,-75.41362
99,96,22.46763,13.3698,56.18859,-75.40374
100,97,22.45285,13.36717,56.14568,-75.39386
101,98,22.43809,13.36458,56.10285,-75.38398
102,99,22.42335,13.36204,56.06011,-75.3741
103,100,22.40865,13.35954,56.01746,-75.36422
104,101,22.39397,13.35709,55.97488,-75.35434
105,102,22.37931,13.35468,55.93239,-75.34446
106,103,22.36468,13.35231,55.88997,-75.33459
107,104,22.35008,13.34999,55.84764,-75.32472
108,105,22.3355,13.34771,55.80538,-75.31485
109,106,22.32095,13.34547,55.76319,-75.30499
110,107,22.30642,13.34326,55.72108,-75.29512
111,108,22.29192,13.3411,55.67905,-75.28526
112,109,22.27744,13.33898,55.63709,-75.2754
113,110,22.26299,13.33689,55.59519,-75.26555
114,111,22.24856,13.33484,55.55337,-75.25569
115,112,22.23415,13.33283,55.51161,-75.24584
116,113,22.21977,13.33086,55.46992,-75.23599
117,114,22.20542,13.32891,55.42829,-75.22614
118,115,22.19109,13.32701,55.38673,-75.2163
119,116,22.17678,13.32513,55.34523,-75.20646
120,117,22.1625,13.32329,55.3038,-75.19663
121,118,22.14824,13.32149,55.26242,-75.1868
122,119,22.13401,13.31971,55.2211,-75.17697
123,120,22.1198,13.31797,55.17983,-75.16715
124,121,22.10561,13.31625,55.13863,-75.15733
125,122,22.09144,13.31457,55.09747,-75.14752
126,123,22.0773,13.31291,55.05637,-75.13771
127,124,22.06319,13.31129,55.01532,-75.12791
128,125,22.04909,13.30969,54.97432,-75.1181
129,126,22.03502,13.30812,54.93337,-75.1083
130,127,22.02098,13.30658,54.89246,-75.09849
131,128,22.00695,13.30507,54.8516,-75.08868
132,129,21.99295,13.30358,54.81078,-75.07887
133,130,21.97897,13.30212,54.77,-75.06905
134,131,21.96501,13.30068,54.72926,-75.05923
135,132,21.95108,13.29927,54.68857,-75.0494
136,133,21.93717,13.29788,54.64791,-75.03956
137,134,21.92328,13.29652,54.60729,-75.02971
138,135,21.90941,13.29518,54.5667,-75.01986
139,136,21.89557,13.29386,54.52615,-75.01
140,137,21.88174,13.29257,54.48562,-75.00013
141,138,21.86794,13.29129,54.44513,-74.99025
142,139,21.85416,13.29004,54.40467,-74.98037
143,140,21.8404,13.28881,54.36424,-74.97047
144,141,21.82667,13.28759,54.32383,-74.96057
145,142,21.81295,13.2864,54.28345,-74.95066
146,143,21.79926,13.28523,54.24309,-74.94074
147,144,21.78559,13.28407,54.20276,-74.93081
148,145,21.77194,13.28294,54.16244,-74.92087
149,146,21.75831,13.28182,54.12215,-74.91093
150,147,21.7447,13.28071,54.08187,-74.90098
151,148,21.73112,13.27963,54.04162,-74.89101
152,149,21.71755,13.27856,54.00138,-74.88105
153,150,21.70401,13.2775,53.96115,-74.87107
154,151,21.69048,13.27646,53.92095,-74.86108
155,152,21.67698,13.27544,53.88075,-74.85109
156,153,21.66349,13.27443,53.84057,-74.8411
157,154,21.65003,13.27343,53.8004,-74.83109
158,155,21.63659,13.27244,53.76024,-74.82108
159,156,21.62317,13.27147,53.72008,-74.81106
160,157,21.60977,13.27051,53.67994,-74.80104
161,158,21.59639,13.26956,53.63981,-74.79102
162,159,21.58302,13.26862,53.59969,-74.78099
163,160,21.56968,13.26769,53.55957,-74.77095
164,161,21.55636,13.26677,53.51946,-74.76091
165,162,21.54306,13.26586,53.47935,-74.75087
166,163,21.52978,13.26496,53.43925,-74.74082
167,164,21.51652,13.26407,53.39916,-74.73077
168,165,21.50328,13.26318,53.35908,-74.72072
169,166,21.49005,13.26231,53.31899,-74.71066
170,167,21.47685,13.26143,53.27892,-74.70061
171,168,21.46367,13.26057,53.23884,-74.69055
172,169,21.4505,13.25971,53.19878,-74.6805
173,170,21.43736,13.25886,53.15871,-74.67044
174,171,21.42423,13.25801,53.11865,-74.66039
175,172,21.41113,13.25717,53.0786,-74.65034
176,173,21.39804,13.25633,53.03854,-74.64028
177,174,21.38497,13.25549,52.9985,-74.63024
178,175,21.37192,13.25466,52.95845,-74.62019
179,176,21.35889,13.25383,52.91842,-74.61014
180,177,21.34588,13.25301,52.87838,-74.6001
181,178,21.33289,13.25218,52.83835,-74.59006
182,179,21.31991,13.25136,52.79833,-74.58002
183,180,21.30696,13.25054,52.75831,-74.56999
184,181,21.29402,13.24972,52.71829,-74.55995
185,182,21.2811,13.2489,52.67828,-74.54992
186,183,21.2682,13.24808,52.63828,-74.53989
187,184,21.25532,13.24727,52.59828,-74.52987
188,185,21.24246,13.24645,52.55828,-74.51985
189,186,21.22961,13.24563,52.5183,-74.50983
190,187,21.21678,13.24481,52.47831,-74.49981
191,188,21.20397,13.24399,52.43834,-74.4898
192,189,21.19118,13.24317,52.39837,-74.47978
193,190,21.17841,13.24234,52.3584,-74.46977
194,191,21.16566,13.24152,52.31845,-74.45976
195,192,21.15292,13.24069,52.2785,-74.44976
196,193,21.1402,13.23986,52.23856,-74.43975
197,194,21.1275,13.23902,52.19862,-74.42975
198,195,21.11481,13.23818,52.1587,-74.41975
199,196,21.10215,13.23734,52.11878,-74.40975
200,197,21.0895,13.2365,52.07888,-74.39975
201,198,21.07687,13.23565,52.03898,-74.38976
202,199,21.06426,13.2348,51.9991,-74.37976
203,200,21.05166,13.23394,51.95923,-74.36977
204,201,21.03908,13.23308,51.91936,-74.35979
205,202,21.02652,13.23221,51.87951,-74.34981
206,203,21.01398,13.23133,51.83967,-74.33983
207,204,21.00145,13.23045,51.79985,-74.32986
208,205,20.98894,13.22957,51.76003,-74.31989
209,206,20.97645,13.22868,51.72024,-74.30993
210,207,20.96397,13.22778,51.68045,-74.29997
211,208,20.95151,13.22687,51.64068,-74.29002
212,209,20.93907,13.22596,51.60093,-74.28008
213,210,20.92665,13.22504,51.56119,-74.27014
214,211,20.91424,13.22411,51.52147,-74.26021
215,212,20.90185,13.22318,51.48177,-74.25028
216,213,20.88948,13.22224,51.44209,-74.24037
217,214,20.87712,13.22129,51.40243,-74.23046
218,215,20.86478,13.22033,51.36278,-74.22057
219,216,20.85245,13.21936,51.32316,-74.21069
220,217,20.84015,13.21839,51.28356,-74.20082
221,218,20.82786,13.2174,51.24398,-74.19097
222,219,20.81558,13.21641,51.20443,-74.18113
223,220,20.80332,13.21541,51.16489,-74.17131
224,221,20.79108,13.2144,51.12539,-74.1615
225,222,20.77885,13.21338,51.08591,-74.15171
226,223,20.76665,13.21235,51.04645,-74.14195
227,224,20.75445,13.21131,51.00702,-74.1322
228,225,20.74228,13.21026,50.96762,-74.12247
229,226,20.73011,13.2092,50.92825,-74.11277
230,227,20.71797,13.20814,50.88891,-74.10309
231,228,20.70584,13.20706,50.84961,-74.09343
232,229,20.69373,13.20597,50.81033,-74.08379
233,230,20.68163,13.20487,50.77108,-74.07418
234,231,20.66955,13.20377,50.73187,-74.06459
235,232,20.65749,13.20265,50.6927,-74.05502
236,233,20.64544,13.20152,50.65356,-74.04548
237,234,20.6334,13.20038,50.61446,-74.03596
238,235,20.62138,13.19924,50.57539,-74.02646
239,236,20.60938,13.19808,50.53637,-74.01698
240,237,20.5974,13.19691,50.49738,-74.00753
241,238,20.58542,13.19573,50.45844,-73.9981
242,239,20.57347,13.19453,50.41954,-73.9887
243,240,20.56153,13.19333,50.38068,-73.97932
244,241,20.5496,13.19212,50.34187,-73.96996
245,242,20.53769,13.19089,50.3031,-73.96063
246,243,20.5258,13.18965,50.26438,-73.95132
247,244,20.51392,13.1884,50.22571,-73.94204
248,245,20.50206,13.18714,50.18708,-73.93278
249,246,20.49021,13.18586,50.14851,-73.92354
250,247,20.47838,13.18457,50.10999,-73.91432
251,248,20.46656,13.18327,50.07152,-73.90513
252,249,20.45475,13.18195,50.0331,-73.89596
253,250,20.44297,13.18062,49.99474,-73.88681
254,251,20.43119,13.17928,49.95643,-73.87768
255,252,20.41943,13.17792,49.91819,-73.86857
256,253,20.40769,13.17655,49.87999,-73.85949
257,254,20.39596,13.17516,49.84186,-73.85042
258,255,20.38425,13.17375,49.80379,-73.84137
259,256,20.37255,13.17233,49.76577,-73.83234
260,257,20.36086,13.17089,49.72782,-73.82333
261,258,20.34919,13.16944,49.68993,-73.81434
262,259,20.33754,13.16797,49.6521,-73.80536
263,260,20.3259,13.16648,49.61433,-73.7964
264,261,20.31427,13.16498,49.57662,-73.78746
265,262,20.30266,13.16345,49.53898,-73.77853
266,263,20.29106,13.16191,49.5014,-73.76962
267,264,20.27948,13.16035,49.46389,-73.76072
268,265,20.26791,13.15877,49.42644,-73.75184
269,266,20.25635,13.15717,49.38906,-73.74297
270,267,20.24481,13.15556,49.35174,-73.73412
271,268,20.23329,13.15392,49.31449,-73.72528
272,269,20.22177,13.15226,49.27731,-73.71646
273,270,20.21027,13.15058,49.24019,-73.70765
274,271,20.19879,13.14888,49.20315,-73.69885
275,272,20.18732,13.14715,49.16617,-73.69007
276,273,20.17586,13.14541,49.12925,-73.68131
277,274,20.16442,13.14364,49.09241,-73.67256
278,275,20.15299,13.14185,49.05563,-73.66382
279,276,20.14157,13.14004,49.01892,-73.6551
280,277,20.13017,13.1382,48.98229,-73.6464
281,278,20.11878,13.13634,48.94572,-73.63771
282,279,20.10741,13.13445,48.90921,-73.62903
283,280,20.09605,13.13255,48.87278,-73.62038
284,281,20.0847,13.13061,48.83642,-73.61173
285,282,20.07336,13.12865,48.80013,-73.6031
286,283,20.06204,13.12667,48.7639,-73.59449
287,284,20.05073,13.12466,48.72775,-73.58589
288,285,20.03944,13.12262,48.69167,-73.57731
289,286,20.02815,13.12056,48.65566,-73.56874
290,287,20.01689,13.11847,48.61972,-73.56019
291,288,20.00563,13.11635,48.58385,-73.55166
292,289,19.99439,13.11421,48.54805,-73.54314
293,290,19.98316,13.11204,48.51232,-73.53464
294,291,19.97194,13.10984,48.47667,-73.52616
295,292,19.96074,13.10761,48.44108,-73.5177
296,293,19.94954,13.10535,48.40557,-73.50925
297,294,19.93837,13.10306,48.37013,-73.50082
298,295,19.9272,13.10074,48.33476,-73.49241
299,296,19.91605,13.0984,48.29946,-73.48402
300,297,19.9049,13.09602,48.26423,-73.47565
301,298,19.89378,13.09361,48.22908,-73.4673
302,299,19.88266,13.09117,48.194,-73.45896
303,300,19.87156,13.0887,48.15898,-73.45065
304,301,19.86047,13.0862,48.12405,-73.44236
305,302,19.84939,13.08367,48.08918,-73.43409
306,303,19.83832,13.0811,48.05438,-73.42584
307,304,19.82727,13.0785,48.01966,-73.41762
308,305,19.81622,13.07587,47.98501,-73.40941
309,306,19.8052,13.0732,47.95043,-73.40123
310,307,19.79418,13.0705,47.91592,-73.39307
311,308,19.78317,13.06777,47.88148,-73.38493
312,309,19.77218,13.065,47.84712,-73.37681
313,310,19.7612,13.0622,47.81283,-73.36872
314,311,19.75023,13.05936,47.7786,-73.36064
315,312,19.73927,13.05649,47.74446,-73.35259
316,313,19.72833,13.05358,47.71038,-73.34457
317,314,19.71739,13.05063,47.67637,-73.33656
318,315,19.70647,13.04765,47.64244,-73.32858
319,316,19.69556,13.04463,47.60857,-73.32061
320,317,19.68467,13.04157,47.57478,-73.31267
321,318,19.67378,13.03847,47.54105,-73.30476
322,319,19.66291,13.03534,47.5074,-73.29686
323,320,19.65204,13.03217,47.47381,-73.28899
324,321,19.64119,13.02896,47.44029,-73.28114
325,322,19.63036,13.0257,47.40683,-73.27332
326,323,19.61953,13.02241,47.37345,-73.26552
327,324,19.60871,13.01908,47.34013,-73.25774
328,325,19.59791,13.01571,47.30687,-73.24998
329,326,19.58712,13.0123,47.27368,-73.24225
330,327,19.57634,13.00885,47.24055,-73.23454
331,328,19.56557,13.00536,47.20748,-73.22685
332,329,19.55481,13.00183,47.17448,-73.21918
333,330,19.54407,12.99825,47.14154,-73.21154
334,331,19.53334,12.99463,47.10865,-73.20392
335,332,19.52261,12.99098,47.07583,-73.19632
336,333,19.5119,12.98728,47.04306,-73.18875
337,334,19.5012,12.98354,47.01035,-73.1812
338,335,19.49052,12.97975,46.9777,-73.17367
339,336,19.47984,12.97593,46.9451,-73.16616
340,337,19.46918,12.97206,46.91256,-73.15867
341,338,19.45852,12.96815,46.88007,-73.15121
342,339,19.44788,12.9642,46.84764,-73.14377
343,340,19.43725,12.9602,46.81526,-73.13636
344,341,19.42663,12.95617,46.78293,-73.12897
345,342,19.41602,12.95209,46.75065,-73.1216
346,343,19.40543,12.94796,46.71843,-73.11425
347,344,19.39484,12.9438,46.68625,-73.10693
348,345,19.38427,12.93959,46.65413,-73.09963
349,346,19.37371,12.93534,46.62206,-73.09236
350,347,19.36316,12.93104,46.59003,-73.0851
351,348,19.35262,12.92671,46.55805,-73.07788
352,349,19.34209,12.92233,46.52612,-73.07067
353,350,19.33158,12.91791,46.49424,-73.06349
354,351,19.32107,12.91344,46.4624,-73.05634
355,352,19.31058,12.90893,46.43061,-73.04921
356,353,19.3001,12.90438,46.39887,-73.0421
357,354,19.28963,12.89979,46.36716,-73.03501
358,355,19.27917,12.89515,46.33551,-73.02795
359,356,19.26872,12.89048,46.3039,-73.02091
360,357,19.25828,12.88575,46.27233,-73.0139
361,358,19.24786,12.88099,46.2408,-73.0069
362,359,19.23744,12.87618,46.20931,-72.99994
363,360,19.22704,12.87133,46.17786,-72.99299
364,361,19.21665,12.86644,46.14646,-72.98607
365,362,19.20627,12.86151,46.11509,-72.97917
366,363,19.1959,12.85653,46.08376,-72.97229
367,364,19.18554,12.85151,46.05247,-72.96544
368,365,19.1752,12.84645,46.02123,-72.95861
369,366,19.16486,12.84134,45.99002,-72.9518
370,367,19.15454,12.8362,45.95885,-72.94501
371,368,19.14422,12.83101,45.92771,-72.93825
372,369,19.13392,12.82578,45.89662,-72.93151
373,370,19.12363,12.82051,45.86557,-72.92479
374,371,19.11335,12.8152,45.83455,-72.91809
375,372,19.10308,12.80985,45.80358,-72.91141
376,373,19.09283,12.80445,45.77264,-72.90476
377,374,19.08258,12.79901,45.74174,-72.89812
378,375,19.07235,12.79354,45.71088,-72.8915
379,376,19.06212,12.78802,45.68006,-72.8849
380,377,19.05191,12.78246,45.64928,-72.87831
381,378,19.04171,12.77686,45.61854,-72.87175
382,379,19.03152,12.77122,45.58784,-72.8652
383,380,19.02134,12.76554,45.55717,-72.85867
384,381,19.01117,12.75982,45.52655,-72.85216
385,382,19.00101,12.75406,45.49597,-72.84566
386,383,18.99087,12.74826,45.46543,-72.83918
387,384,18.98073,12.74243,45.43493,-72.83272
388,385,18.9706,12.73655,45.40448,-72.82627
389,386,18.96049,12.73063,45.37406,-72.81984
390,387,18.95038,12.72468,45.34369,-72.81342
391,388,18.94029,12.71868,45.31336,-72.80702
392,389,18.93021,12.71265,45.28308,-72.80063
393,390,18.92013,12.70658,45.25284,-72.79427
394,391,18.91007,12.70048,45.22264,-72.78791
395,392,18.90001,12.69433,45.1925,-72.78158
396,393,18.88997,12.68815,45.1624,-72.77526
397,394,18.87994,12.68194,45.13235,-72.76895
398,395,18.86991,12.67568,45.10235,-72.76266
399,396,18.8599,12.66939,45.0724,-72.75639
400,397,18.84989,12.66306,45.0425,-72.75014
401,398,18.83989,12.6567,45.01265,-72.7439
402,399,18.82991,12.65031,44.98286,-72.73768
403,400,18.81993,12.64388,44.95312,-72.73147
404,401,18.80996,12.63741,44.92345,-72.72529
405,402,18.8,12.63091,44.89383,-72.71912
406,403,18.79005,12.62438,44.86428,-72.71297
407,404,18.78011,12.61781,44.8348,-72.70683
408,405,18.77018,12.61121,44.80539,-72.70072
409,406,18.76025,12.60458,44.77606,-72.69462
410,407,18.75034,12.59792,44.74681,-72.68854
411,408,18.74043,12.59123,44.71764,-72.68247
412,409,18.73053,12.58451,44.68856,-72.67643
413,410,18.72064,12.57775,44.65958,-72.6704
414,411,18.71075,12.57097,44.6307,-72.66439
415,412,18.70088,12.56415,44.60192,-72.65839
416,413,18.69101,12.55731,44.57325,-72.65241
417,414,18.68115,12.55044,44.54469,-72.64645
418,415,18.6713,12.54354,44.51626,-72.64051
419,416,18.66145,12.53662,44.48794,-72.63458
420,417,18.65161,12.52966,44.45976,-72.62868
421,418,18.64178,12.52269,44.43171,-72.62278
422,419,18.63195,12.51568,44.40379,-72.61691
423,420,18.62213,12.50865,44.37603,-72.61105
424,421,18.61232,12.5016,44.34841,-72.60521
425,422,18.60251,12.49452,44.32094,-72.59939
426,423,18.59271,12.48743,44.29363,-72.59358
427,424,18.58292,12.4803,44.26648,-72.58779
428,425,18.57313,12.47316,44.23951,-72.58201
429,426,18.56334,12.466,44.2127,-72.57625
430,427,18.55356,12.45881,44.18607,-72.57051
431,428,18.54379,12.45161,44.15962,-72.56478
432,429,18.53402,12.44438,44.13336,-72.55907
433,430,18.52426,12.43714,44.10729,-72.55337
434,431,18.5145,12.42988,44.08141,-72.54768
435,432,18.50474,12.4226,44.05573,-72.54201
436,433,18.49499,12.41531,44.03025,-72.53635
437,434,18.48524,12.408,44.00497,-72.5307
438,435,18.4755,12.40067,43.97991,-72.52506
439,436,18.46576,12.39333,43.95505,-72.51943
440,437,18.45602,12.38598,43.93041,-72.51381
441,438,18.44629,12.37861,43.90599,-72.5082
442,439,18.43655,12.37123,43.88178,-72.50259
443,440,18.42682,12.36384,43.85781,-72.49699
444,441,18.4171,12.35644,43.83405,-72.4914
445,442,18.40737,12.34903,43.81053,-72.48582
446,443,18.39765,12.34161,43.78724,-72.48024
447,444,18.38793,12.33418,43.76418,-72.47467
448,445,18.37821,12.32675,43.74136,-72.4691
449,446,18.36849,12.3193,43.71878,-72.46354
450,447,18.35877,12.31185,43.69643,-72.45799
451,448,18.34905,12.3044,43.67433,-72.45244
452,449,18.33933,12.29694,43.65247,-72.44689
453,450,18.32961,12.28948,43.63085,-72.44135
454,451,18.3199,12.28201,43.60948,-72.43582
455,452,18.31018,12.27454,43.58836,-72.43029
456,453,18.30046,12.26707,43.56748,-72.42477
457,454,18.29074,12.2596,43.54686,-72.41925
458,455,18.28102,12.25213,43.52648,-72.41373
459,456,18.2713,12.24465,43.50636,-72.40822
460,457,18.26158,12.23719,43.48649,-72.40271
461,458,18.25185,12.22972,43.46687,-72.3972
462,459,18.24212,12.22225,43.4475,-72.39169
463,460,18.2324,12.21479,43.42838,-72.38619
464,461,18.22266,12.20734,43.40952,-72.38068
465,462,18.21293,12.19989,43.39091,-72.37518
466,463,18.20319,12.19244,43.37256,-72.36967
467,464,18.19345,12.18501,43.35446,-72.36416
468,465,18.18371,12.17758,43.33661,-72.35865
469,466,18.17396,12.17015,43.31901,-72.35314
470,467,18.16421,12.16274,43.30166,-72.34763
471,468,18.15446,12.15533,43.28457,-72.34211
472,469,18.1447,12.14794,43.26773,-72.3366
473,470,18.13494,12.14056,43.25113,-72.33108
474,471,18.12518,12.13318,43.23479,-72.32556
475,472,18.1154,12.12582,43.2187,-72.32004
476,473,18.10563,12.11848,43.20285,-72.31452
477,474,18.09585,12.11114,43.18726,-72.30899
478,475,18.08606,12.10382,43.17191,-72.30347
479,476,18.07627,12.09651,43.1568,-72.29794
480,477,18.06648,12.08921,43.14194,-72.29242
481,478,18.05668,12.08193,43.12732,-72.28689
482,479,18.04687,12.07467,43.11294,-72.28136
483,480,18.03706,12.06741,43.0988,-72.27584
484,481,18.02724,12.06018,43.08489,-72.27031
485,482,18.01741,12.05296,43.07122,-72.26478
486,483,18.00758,12.04575,43.05779,-72.25926
487,484,17.99774,12.03856,43.04458,-72.25373
488,485,17.9879,12.03139,43.03161,-72.24821
489,486,17.97805,12.02423,43.01886,-72.24268
490,487,17.96819,12.01708,43.00633,-72.23716
491,488,17.95833,12.00995,42.99402,-72.23164
492,489,17.94846,12.00284,42.98194,-72.22612
493,490,17.93858,11.99574,42.97006,-72.2206
494,491,17.92869,11.98865,42.95841,-72.21508
495,492,17.9188,11.98158,42.94696,-72.20957
496,493,17.9089,11.97453,42.93572,-72.20406
497,494,17.89899,11.96748,42.92469,-72.19855
498,495,17.88907,11.96045,42.91386,-72.19305
499,496,17.87915,11.95344,42.90323,-72.18755
500,497,17.86922,11.94643,42.8928,-72.18205
501,498,17.85928,11.93943,42.88257,-72.17656
502,499,17.84933,11.93245,42.87252,-72.17107
503,500,17.83938,11.92547,42.86267,-72.16558
504,501,17.82941,11.91851,42.853,-72.1601
505,502,17.81944,11.91155,42.84351,-72.15462
506,503,17.80946,11.9046,42.83421,-72.14915
507,504,17.79947,11.89766,42.82508,-72.14368
508,505,17.78947,11.89072,42.81612,-72.13821
509,506,17.77947,11.8838,42.80734,-72.13275
510,507,17.76945,11.87688,42.79873,-72.1273
511,508,17.75943,11.86996,42.79028,-72.12185
512,509,17.7494,11.86305,42.78199,-72.1164
513,510,17.73936,11.85615,42.77386,-72.11097
514,511,17.72931,11.84925,42.76589,-72.10553
515,512,17.71925,11.84236,42.75807,-72.10011
516,513,17.70918,11.83548,42.7504,-72.09468
517,514,17.6991,11.8286,42.74288,-72.08925
518,515,17.68902,11.82172,42.7355,-72.08382
519,516,17.67892,11.81486,42.72826,-72.07839
520,517,17.66882,11.80802,42.72116,-72.07295
521,518,17.6587,11.80119,42.71419,-72.0675
522,519,17.64858,11.79438,42.70735,-72.06205
523,520,17.63845,11.7876,42.70064,-72.05658
524,521,17.62831,11.78084,42.69405,-72.05111
525,522,17.61815,11.77411,42.68759,-72.04562
526,523,17.60799,11.7674,42.68124,-72.04013
527,524,17.59782,11.76073,42.67501,-72.03463
528,525,17.58764,11.75409,42.66889,-72.02911
529,526,17.57746,11.74749,42.66287,-72.02359
530,527,17.56726,11.74092,42.65696,-72.01805
531,528,17.55705,11.73439,42.65116,-72.01251
532,529,17.54683,11.72789,42.64545,-72.00696
533,530,17.53661,11.72144,42.63984,-72.00139
534,531,17.52637,11.71503,42.63432,-71.99582
535,532,17.51612,11.70866,42.62888,-71.99023
536,533,17.50587,11.70233,42.62354,-71.98464
537,534,17.4956,11.69604,42.61827,-71.97903
538,535,17.48533,11.6898,42.61309,-71.97342
539,536,17.47505,11.6836,42.60798,-71.96779
540,537,17.46475,11.67745,42.60294,-71.96216
541,538,17.45445,11.67135,42.59797,-71.95652
542,539,17.44414,11.66529,42.59307,-71.95087
543,540,17.43382,11.65927,42.58823,-71.94521
544,541,17.42349,11.6533,42.58345,-71.93955
545,542,17.41315,11.64738,42.57872,-71.93387
546,543,17.4028,11.64151,42.57405,-71.92819
547,544,17.39244,11.63568,42.56943,-71.92251
548,545,17.38207,11.62991,42.56485,-71.91681
549,546,17.37169,11.62417,42.56032,-71.91111
550,547,17.36131,11.61849,42.55583,-71.90541
551,548,17.35091,11.61286,42.55138,-71.8997
552,549,17.34051,11.60727,42.54697,-71.89398
553,550,17.33009,11.60173,42.54259,-71.88826
554,551,17.31967,11.59624,42.53824,-71.88254
555,552,17.30924,11.5908,42.53391,-71.87681
556,553,17.29879,11.58541,42.52961,-71.87107
557,554,17.28834,11.58007,42.52533,-71.86533
558,555,17.27789,11.57478,42.52107,-71.85958
559,556,17.26742,11.56954,42.51683,-71.85383
560,557,17.25694,11.56435,42.5126,-71.84807
561,558,17.24645,11.55921,42.50838,-71.8423
562,559,17.23596,11.55412,42.50418,-71.83652
563,560,17.22546,11.54908,42.49998,-71.83074
564,561,17.21494,11.54409,42.49578,-71.82495
565,562,17.20442,11.53915,42.49159,-71.81915
566,563,17.19389,11.53426,42.4874,-71.81335
567,564,17.18336,11.52942,42.48321,-71.80753
568,565,17.17281,11.52463,42.47902,-71.80171
569,566,17.16226,11.51989,42.47483,-71.79589
570,567,17.15169,11.5152,42.47063,-71.79005
571,568,17.14112,11.51056,42.46642,-71.78421
572,569,17.13054,11.50596,42.4622,-71.77835
573,570,17.11996,11.50142,42.45797,-71.77249
574,571,17.10936,11.49693,42.45373,-71.76663
575,572,17.09876,11.49248,42.44948,-71.76075
576,573,17.08814,11.48808,42.44522,-71.75487
577,574,17.07752,11.48373,42.44094,-71.74897
578,575,17.0669,11.47943,42.43664,-71.74307
579,576,17.05626,11.47518,42.43233,-71.73717
580,577,17.04562,11.47097,42.428,-71.73125
581,578,17.03497,11.4668,42.42365,-71.72533
582,579,17.02431,11.46268,42.41928,-71.7194
583,580,17.01364,11.45861,42.41489,-71.71346
584,581,17.00297,11.45458,42.41047,-71.70751
585,582,16.99229,11.45059,42.40604,-71.70156
586,583,16.9816,11.44665,42.40158,-71.6956
587,584,16.97091,11.44275,42.39709,-71.68963
588,585,16.96021,11.43889,42.39258,-71.68365
589,586,16.9495,11.43508,42.38804,-71.67767
590,587,16.93878,11.4313,42.38348,-71.67168
591,588,16.92806,11.42757,42.37889,-71.66569
592,589,16.91733,11.42387,42.37427,-71.65969
593,590,16.9066,11.42021,42.36962,-71.65368
594,591,16.89585,11.41659,42.36494,-71.64767
595,592,16.8851,11.413,42.36023,-71.64165
596,593,16.87435,11.40946,42.35549,-71.63562
597,594,16.86359,11.40594,42.35072,-71.62959
598,595,16.85282,11.40246,42.34591,-71.62355
599,596,16.84204,11.39901,42.34107,-71.61751
600,597,16.83126,11.39559,42.33619,-71.61146
601,598,16.82048,11.3922,42.33128,-71.6054
602,599,16.80969,11.38884,42.32634,-71.59933
603,600,16.79889,11.3855,42.32136,-71.59326
604,601,16.78809,11.3822,42.31635,-71.58717
605,602,16.77728,11.37891,42.31131,-71.58108
606,603,16.76646,11.37565,42.30622,-71.57499
607,604,16.75564,11.37241,42.30111,-71.56888
608,605,16.74482,11.36919,42.29596,-71.56277
609,606,16.73399,11.36599,42.29077,-71.55664
610,607,16.72316,11.36281,42.28555,-71.55051
611,608,16.71232,11.35964,42.28029,-71.54437
612,609,16.70147,11.35649,42.275,-71.53822
613,610,16.69062,11.35335,42.26968,-71.53206
614,611,16.67977,11.35022,42.26432,-71.5259
615,612,16.66891,11.34711,42.25892,-71.51972
616,613,16.65805,11.344,42.25349,-71.51353
617,614,16.64718,11.3409,42.24803,-71.50734
618,615,16.63631,11.33781,42.24254,-71.50113
619,616,16.62543,11.33473,42.23701,-71.49491
620,617,16.61455,11.33165,42.23145,-71.48869
621,618,16.60367,11.32857,42.22586,-71.48245
622,619,16.59278,11.3255,42.22023,-71.47621
623,620,16.58189,11.32242,42.21457,-71.46995
624,621,16.57099,11.31935,42.20888,-71.46369
625,622,16.5601,11.31628,42.20316,-71.45742
626,623,16.54919,11.3132,42.19741,-71.45114
627,624,16.53829,11.31012,42.19163,-71.44485
628,625,16.52738,11.30704,42.18582,-71.43856
629,626,16.51647,11.30395,42.17998,-71.43226
630,627,16.50555,11.30086,42.17411,-71.42595
631,628,16.49464,11.29775,42.16822,-71.41963
632,629,16.48372,11.29464,42.16229,-71.41331
633,630,16.47279,11.29152,42.15634,-71.40698
634,631,16.46187,11.28839,42.15036,-71.40065
635,632,16.45094,11.28525,42.14435,-71.39431
636,633,16.44001,11.2821,42.13832,-71.38797
637,634,16.42908,11.27893,42.13227,-71.38163
638,635,16.41814,11.27575,42.12619,-71.37528
639,636,16.40721,11.27255,42.12008,-71.36893
640,637,16.39627,11.26934,42.11395,-71.36258
641,638,16.38533,11.26612,42.1078,-71.35623
642,639,16.37438,11.26287,42.10163,-71.34988
643,640,16.36344,11.25961,42.09543,-71.34353
644,641,16.35249,11.25633,42.08922,-71.33717
645,642,16.34155,11.25304,42.08298,-71.33082
646,643,16.3306,11.24972,42.07672,-71.32448
647,644,16.31965,11.24639,42.07045,-71.31813
648,645,16.3087,11.24303,42.06415,-71.31179
649,646,16.29775,11.23965,42.05784,-71.30546
650,647,16.28679,11.23626,42.0515,-71.29913
651,648,16.27584,11.23284,42.04515,-71.29281
652,649,16.26489,11.2294,42.03878,-71.2865
653,650,16.25393,11.22593,42.03239,-71.28019
654,651,16.24298,11.22245,42.02599,-71.27389
655,652,16.23202,11.21894,42.01956,-71.2676
656,653,16.22107,11.21541,42.01311,-71.26131
657,654,16.21011,11.21185,42.00665,-71.25503
658,655,16.19916,11.20827,42.00016,-71.24875
659,656,16.1882,11.20467,41.99365,-71.24249
660,657,16.17724,11.20104,41.98713,-71.23623
661,658,16.16629,11.19739,41.98057,-71.22998
662,659,16.15533,11.19372,41.974,-71.22374
663,660,16.14438,11.19002,41.9674,-71.21751
664,661,16.13343,11.18629,41.96078,-71.21129
665,662,16.12247,11.18254,41.95413,-71.20509
666,663,16.11152,11.17877,41.94746,-71.19889
667,664,16.10057,11.17497,41.94076,-71.19271
668,665,16.08962,11.17115,41.93403,-71.18654
669,666,16.07867,11.1673,41.92727,-71.18038
670,667,16.06773,11.16343,41.92049,-71.17423
671,668,16.05678,11.15953,41.91367,-71.1681
672,669,16.04584,11.15561,41.90682,-71.16198
673,670,16.03489,11.15166,41.89993,-71.15588
674,671,16.02395,11.14769,41.89302,-71.14979
675,672,16.01302,11.1437,41.88606,-71.14371
676,673,16.00208,11.13968,41.87908,-71.13765
677,674,15.99114,11.13564,41.87205,-71.1316
678,675,15.98021,11.13157,41.86498,-71.12557
679,676,15.96928,11.12748,41.85788,-71.11956
680,677,15.95835,11.12337,41.85074,-71.11356
681,678,15.94743,11.11924,41.84355,-71.10757
682,679,15.93651,11.11508,41.83632,-71.10161
683,680,15.92559,11.1109,41.82904,-71.09566
684,681,15.91467,11.1067,41.82172,-71.08974
685,682,15.90375,11.10248,41.81435,-71.08383
686,683,15.89284,11.09824,41.80694,-71.07794
687,684,15.88194,11.09398,41.79947,-71.07207
688,685,15.87103,11.08969,41.79195,-71.06622
689,686,15.86013,11.08539,41.78439,-71.0604
690,687,15.84923,11.08107,41.77676,-71.05459
691,688,15.83834,11.07673,41.76909,-71.0488
692,689,15.82745,11.07237,41.76135,-71.04304
693,690,15.81656,11.068,41.75356,-71.0373
694,691,15.80568,11.0636,41.7457,-71.03159
695,692,15.7948,11.05919,41.73779,-71.0259
696,693,15.78393,11.05476,41.72981,-71.02023
697,694,15.77306,11.05032,41.72176,-71.01459
698,695,15.76219,11.04586,41.71365,-71.00897
699,696,15.75133,11.04139,41.70547,-71.00338
700,697,15.74048,11.0369,41.69722,-70.99781
701,698,15.72962,11.0324,41.6889,-70.99228
702,699,15.71878,11.02788,41.6805,-70.98677
703,700,15.70794,11.02335,41.67203,-70.98129
704,701,15.6971,11.01881,41.66348,-70.97584
705,702,15.68627,11.01425,41.65486,-70.97041
706,703,15.67544,11.00969,41.64615,-70.96502
707,704,15.66462,11.00511,41.63736,-70.95966
708,705,15.6538,11.00052,41.62849,-70.95433
709,706,15.64299,10.99592,41.61953,-70.94904
710,707,15.63219,10.99131,41.61048,-70.94377
711,708,15.62139,10.98669,41.60135,-70.93854
712,709,15.6106,10.98207,41.59212,-70.93334
713,710,15.59981,10.97743,41.5828,-70.92817
714,711,15.58903,10.97279,41.57339,-70.92304
715,712,15.57825,10.96814,41.56388,-70.91795
716,713,15.56749,10.96348,41.55427,-70.91289
717,714,15.55672,10.95881,41.54457,-70.90787
718,715,15.54597,10.95414,41.53476,-70.90289
719,716,15.53522,10.94946,41.52485,-70.89795
720,717,15.52448,10.94478,41.51483,-70.89304
721,718,15.51374,10.9401,41.50471,-70.88818
722,719,15.50301,10.93541,41.49448,-70.88335
723,720,15.49229,10.93071,41.48414,-70.87857
724,721,15.48158,10.92602,41.47369,-70.87383
725,722,15.47087,10.92132,41.46313,-70.86913
726,723,15.46017,10.91662,41.45245,-70.86447
727,724,15.44948,10.91191,41.44166,-70.85985
728,725,15.43879,10.90721,41.43075,-70.85528
729,726,15.42812,10.9025,41.41972,-70.85075
730,727,15.41745,10.8978,41.40857,-70.84626
731,728,15.40678,10.8931,41.3973,-70.84182
732,729,15.39613,10.88839,41.3859,-70.83741
733,730,15.38548,10.88369,41.37438,-70.83306
734,731,15.37485,10.87899,41.36273,-70.82874
735,732,15.36422,10.87429,41.35095,-70.82447
736,733,15.3536,10.8696,41.33905,-70.82025
737,734,15.34298,10.8649,41.32702,-70.81606
738,735,15.33238,10.86022,41.31485,-70.81193
739,736,15.32178,10.85553,41.30255,-70.80783
740,737,15.3112,10.85085,41.29012,-70.80378
741,738,15.30062,10.84618,41.27755,-70.79977
742,739,15.29005,10.84151,41.26485,-70.7958
743,740,15.27949,10.83684,41.25201,-70.79188
744,741,15.26894,10.83219,41.23903,-70.788
745,742,15.2584,10.82754,41.22591,-70.78417
746,743,15.24787,10.82289,41.21266,-70.78037
747,744,15.23735,10.81826,41.19926,-70.77662
748,745,15.22683,10.81363,41.18572,-70.77292
749,746,15.21633,10.80902,41.17204,-70.76925
750,747,15.20584,10.80441,41.15821,-70.76563
751,748,15.19536,10.79981,41.14424,-70.76204
752,749,15.18488,10.79522,41.13013,-70.7585
753,750,15.17442,10.79064,41.11587,-70.755
754,751,15.16397,10.78608,41.10145,-70.75155
755,752,15.15352,10.78152,41.0869,-70.74813
756,753,15.14309,10.77698,41.07219,-70.74475
757,754,15.13267,10.77245,41.05734,-70.74142
758,755,15.12226,10.76793,41.04233,-70.73812
759,756,15.11186,10.76343,41.02718,-70.73486
760,757,15.10147,10.75894,41.01188,-70.73165
761,758,15.09109,10.75446,40.99643,-70.72847
762,759,15.08073,10.75,40.98083,-70.72533
763,760,15.07037,10.74556,40.96508,-70.72223
764,761,15.06003,10.74113,40.94918,-70.71917
765,762,15.04969,10.73671,40.93313,-70.71614
766,763,15.03937,10.73231,40.91694,-70.71316
767,764,15.02906,10.72793,40.90059,-70.71021
768,765,15.01876,10.72357,40.88409,-70.70729
769,766,15.00848,10.71922,40.86744,-70.70442
770,767,14.9982,10.71489,40.85064,-70.70158
771,768,14.98794,10.71058,40.8337,-70.69877
772,769,14.97769,10.70629,40.8166,-70.696
773,770,14.96745,10.70201,40.79935,-70.69326
774,771,14.95722,10.69776,40.78196,-70.69056
775,772,14.94701,10.69353,40.76442,-70.68789
776,773,14.93681,10.68931,40.74672,-70.68526
777,774,14.92662,10.68512,40.72888,-70.68266
778,775,14.91644,10.68095,40.71089,-70.68009
779,776,14.90628,10.6768,40.69276,-70.67755
780,777,14.89613,10.67267,40.67448,-70.67505
781,778,14.88599,10.66857,40.65605,-70.67258
782,779,14.87587,10.66448,40.63747,-70.67015
783,780,14.86576,10.66042,40.61875,-70.66775
784,781,14.85566,10.65638,40.59989,-70.66538
785,782,14.84557,10.65235,40.58089,-70.66305
786,783,14.8355,10.64835,40.56174,-70.66075
787,784,14.82545,10.64436,40.54245,-70.65848
788,785,14.8154,10.6404,40.52302,-70.65625
789,786,14.80537,10.63645,40.50345,-70.65405
790,787,14.79536,10.63252,40.48373,-70.65188
791,788,14.78536,10.62861,40.46388,-70.64975
792,789,14.77537,10.62472,40.4439,-70.64765
793,790,14.76539,10.62084,40.42377,-70.64558
794,791,14.75544,10.61698,40.40352,-70.64354
795,792,14.74549,10.61314,40.38312,-70.64154
796,793,14.73556,10.60931,40.3626,-70.63957
797,794,14.72564,10.6055,40.34195,-70.63762
798,795,14.71574,10.6017,40.32116,-70.63571
799,796,14.70586,10.59792,40.30025,-70.63383
800,797,14.69598,10.59416,40.27922,-70.63198
801,798,14.68613,10.5904,40.25805,-70.63016
802,799,14.67629,10.58666,40.23677,-70.62837
803,800,14.66646,10.58294,40.21537,-70.6266
804,801,14.65665,10.57923,40.19385,-70.62487
805,802,14.64685,10.57553,40.17221,-70.62316
806,803,14.63707,10.57184,40.15046,-70.62148
807,804,14.6273,10.56816,40.12859,-70.61984
808,805,14.61755,10.5645,40.10662,-70.61821
809,806,14.60782,10.56085,40.08454,-70.61662
810,807,14.5981,10.5572,40.06235,-70.61505
811,808,14.58839,10.55357,40.04006,-70.61351
812,809,14.57871,10.54995,40.01767,-70.61199
813,810,14.56903,10.54634,39.99519,-70.6105
814,811,14.55938,10.54274,39.9726,-70.60904
815,812,14.54974,10.53915,39.94993,-70.6076
816,813,14.54011,10.53557,39.92717,-70.60618
817,814,14.53051,10.532,39.90431,-70.60479
818,815,14.52091,10.52843,39.88138,-70.60342
819,816,14.51134,10.52487,39.85836,-70.60208
820,817,14.50178,10.52132,39.83526,-70.60076
821,818,14.49224,10.51778,39.81209,-70.59946
822,819,14.48271,10.51424,39.78884,-70.59819
823,820,14.4732,10.51071,39.76553,-70.59693
824,821,14.4637,10.50718,39.74214,-70.5957
825,822,14.45423,10.50366,39.71869,-70.59449
826,823,14.44477,10.50014,39.69518,-70.5933
827,824,14.43532,10.49663,39.67162,-70.59213
828,825,14.4259,10.49312,39.64799,-70.59099
829,826,14.41649,10.48962,39.62432,-70.58986
830,827,14.40709,10.48611,39.60059,-70.58875
831,828,14.39772,10.48261,39.57682,-70.58766
832,829,14.38836,10.47912,39.55301,-70.58659
833,830,14.37901,10.47562,39.52916,-70.58554
834,831,14.36969,10.47212,39.50527,-70.5845
835,832,14.36038,10.46863,39.48135,-70.58349
836,833,14.35109,10.46513,39.45741,-70.58249
837,834,14.34181,10.46164,39.43343,-70.58151
838,835,14.33256,10.45814,39.40944,-70.58054
839,836,14.32332,10.45465,39.38543,-70.57959
840,837,14.31409,10.45115,39.3614,-70.57866
841,838,14.30489,10.44765,39.33736,-70.57775
842,839,14.2957,10.44415,39.31332,-70.57685
843,840,14.28653,10.44064,39.28927,-70.57596
844,841,14.27737,10.43713,39.26522,-70.57509
845,842,14.26824,10.43362,39.24117,-70.57423
846,843,14.25912,10.43011,39.21713,-70.57339
847,844,14.25001,10.42659,39.19309,-70.57256
848,845,14.24093,10.42307,39.16908,-70.57174
849,846,14.23186,10.41954,39.14507,-70.57094
850,847,14.22281,10.41601,39.12109,-70.57015
851,848,14.21378,10.41247,39.09714,-70.56937
852,849,14.20476,10.40893,39.07321,-70.5686
853,850,14.19576,10.40538,39.04931,-70.56785
854,851,14.18678,10.40182,39.02544,-70.5671
855,852,14.17782,10.39826,39.00161,-70.56637
856,853,14.16887,10.39468,38.97781,-70.56565
857,854,14.15994,10.3911,38.95406,-70.56494
858,855,14.15102,10.38751,38.93036,-70.56424
859,856,14.14213,10.38391,38.9067,-70.56354
860,857,14.13325,10.3803,38.8831,-70.56286
861,858,14.12439,10.37669,38.85955,-70.56219
862,859,14.11554,10.37306,38.83605,-70.56152
863,860,14.10671,10.36942,38.81262,-70.56087
864,861,14.0979,10.36577,38.78925,-70.56022
865,862,14.0891,10.36211,38.76594,-70.55958
866,863,14.08032,10.35844,38.7427,-70.55895
867,864,14.07156,10.35475,38.71953,-70.55833
868,865,14.06281,10.35106,38.69643,-70.55772
869,866,14.05408,10.34735,38.6734,-70.55711
870,867,14.04537,10.34363,38.65045,-70.55651
871,868,14.03667,10.3399,38.62757,-70.55592
872,869,14.02799,10.33616,38.60478,-70.55533
873,870,14.01933,10.3324,38.58206,-70.55475
874,871,14.01068,10.32863,38.55942,-70.55418
875,872,14.00204,10.32485,38.53686,-70.55362
876,873,13.99342,10.32105,38.51438,-70.55306
877,874,13.98482,10.31724,38.49199,-70.55251
878,875,13.97623,10.31341,38.46967,-70.55196
879,876,13.96766,10.30958,38.44745,-70.55143
880,877,13.9591,10.30572,38.4253,-70.55089
881,878,13.95056,10.30186,38.40324,-70.55037
882,879,13.94204,10.29798,38.38125,-70.54985
883,880,13.93352,10.29408,38.35936,-70.54934
884,881,13.92503,10.29017,38.33754,-70.54883
885,882,13.91655,10.28625,38.3158,-70.54833
886,883,13.90808,10.28231,38.29414,-70.54784
887,884,13.89963,10.27836,38.27255,-70.54735
888,885,13.89119,10.27439,38.25104,-70.54687
889,886,13.88276,10.27041,38.22961,-70.5464
890,887,13.87435,10.26642,38.20824,-70.54593
891,888,13.86596,10.26241,38.18693,-70.54548
892,889,13.85758,10.25838,38.16569,-70.54503
893,890,13.84921,10.25434,38.14451,-70.54458
894,891,13.84086,10.25029,38.12338,-70.54415
895,892,13.83252,10.24622,38.10231,-70.54372
896,893,13.8242,10.24214,38.08129,-70.5433
897,894,13.81589,10.23804,38.06032,-70.54289
898,895,13.80759,10.23394,38.0394,-70.54249
899,896,13.79931,10.22981,38.01853,-70.5421
900,897,13.79104,10.22568,37.9977,-70.54171
901,898,13.78279,10.22152,37.97692,-70.54133
902,899,13.77455,10.21736,37.95618,-70.54096
903,900,13.76632,10.21319,37.93549,-70.5406
904,901,13.75811,10.209,37.91483,-70.54024
905,902,13.7499,10.2048,37.89421,-70.53989
906,903,13.74172,10.20058,37.87363,-70.53954
907,904,13.73354,10.19636,37.85309,-70.5392
908,905,13.72538,10.19212,37.83259,-70.53886
909,906,13.71724,10.18787,37.81212,-70.53853
910,907,13.7091,10.18362,37.79168,-70.53821
911,908,13.70098,10.17935,37.77129,-70.53789
912,909,13.69287,10.17507,37.75092,-70.53757
913,910,13.68478,10.17078,37.73059,-70.53726
914,911,13.67669,10.16648,37.7103,-70.53695
915,912,13.66862,10.16217,37.69003,-70.53665
916,913,13.66057,10.15786,37.6698,-70.53635
917,914,13.65252,10.15353,37.6496,-70.53605
918,915,13.64449,10.1492,37.62944,-70.53575
919,916,13.63647,10.14486,37.6093,-70.53546
920,917,13.62847,10.14051,37.5892,-70.53517
921,918,13.62047,10.13616,37.56912,-70.53488
922,919,13.61249,10.1318,37.54908,-70.53459
923,920,13.60452,10.12743,37.52907,-70.53431
924,921,13.59657,10.12306,37.50909,-70.53402
925,922,13.58863,10.11869,37.48914,-70.53373
926,923,13.58069,10.11431,37.46922,-70.53344
927,924,13.57277,10.10992,37.44933,-70.53316
928,925,13.56487,10.10554,37.42948,-70.53287
929,926,13.55697,10.10115,37.40965,-70.53258
930,927,13.54909,10.09676,37.38985,-70.53229
931,928,13.54122,10.09236,37.37008,-70.53201
932,929,13.53336,10.08797,37.35034,-70.53172
933,930,13.52551,10.08358,37.33064,-70.53143
934,931,13.51768,10.07918,37.31096,-70.53114
935,932,13.50986,10.07479,37.29131,-70.53086
936,933,13.50205,10.0704,37.27169,-70.53057
937,934,13.49425,10.06601,37.25209,-70.53028
938,935,13.48646,10.06162,37.23253,-70.52999
939,936,13.47868,10.05724,37.213,-70.5297
940,937,13.47092,10.05286,37.1935,-70.52941
941,938,13.46317,10.04848,37.17403,-70.52912
942,939,13.45542,10.04411,37.15459,-70.52883
943,940,13.4477,10.03975,37.13518,-70.52853
944,941,13.43998,10.03539,37.1158,-70.52824
945,942,13.43227,10.03104,37.09645,-70.52795
946,943,13.42458,10.02669,37.07715,-70.52765
947,944,13.41689,10.02236,37.05791,-70.52736
948,945,13.40922,10.01804,37.03872,-70.52706
949,946,13.40156,10.01372,37.01959,-70.52677
950,947,13.39391,10.00942,37.00054,-70.52647
951,948,13.38627,10.00512,36.98155,-70.52617
952,949,13.37865,10.00085,36.96264,-70.52588
953,950,13.37103,9.99658,36.94381,-70.52558
954,951,13.36343,9.99233,36.92506,-70.52529
955,952,13.35584,9.98809,36.9064,-70.52499
956,953,13.34825,9.98387,36.88782,-70.5247
957,954,13.34068,9.97966,36.86932,-70.5244
958,955,13.33313,9.97548,36.85091,-70.52411
959,956,13.32558,9.97131,36.83259,-70.52381
960,957,13.31804,9.96716,36.81435,-70.52351
961,958,13.31052,9.96303,36.7962,-70.52322
962,959,13.30301,9.95892,36.77814,-70.52292
963,960,13.2955,9.95484,36.76017,-70.52262
964,961,13.28801,9.95077,36.74228,-70.52231
965,962,13.28053,9.94673,36.72448,-70.52201
966,963,13.27306,9.94272,36.70677,-70.5217
967,964,13.26561,9.93872,36.68913,-70.52139
968,965,13.25816,9.93476,36.67159,-70.52107
969,966,13.25073,9.93082,36.65412,-70.52075
970,967,13.24331,9.92691,36.63673,-70.52043
971,968,13.23589,9.92302,36.61943,-70.5201
972,969,13.22849,9.91917,36.60219,-70.51977
973,970,13.2211,9.91534,36.58504,-70.51943
974,971,13.21373,9.91155,36.56795,-70.51909
975,972,13.20636,9.90779,36.55094,-70.51874
976,973,13.19901,9.90406,36.534,-70.51839
977,974,13.19166,9.90036,36.51712,-70.51803
978,975,13.18433,9.89669,36.50032,-70.51767
979,976,13.17701,9.89306,36.48359,-70.5173
980,977,13.1697,9.88947,36.46693,-70.51692
981,978,13.1624,9.88591,36.45033,-70.51654
982,979,13.15512,9.88239,36.43381,-70.51615
983,980,13.14784,9.87891,36.41735,-70.51575
984,981,13.14058,9.87546,36.40096,-70.51535
985,982,13.13333,9.87205,36.38463,-70.51494
986,983,13.12609,9.86869,36.36838,-70.51452
987,984,13.11886,9.86536,36.35219,-70.51409
988,985,13.11165,9.86207,36.33607,-70.51365
989,986,13.10444,9.85883,36.32001,-70.5132
990,987,13.09725,9.85562,36.30402,-70.51274
991,988,13.09007,9.85246,36.2881,-70.51226
992,989,13.0829,9.84935,36.27225,-70.51176
993,990,13.07574,9.84627,36.25646,-70.51126
994,991,13.06859,9.84324,36.24074,-70.51073
995,992,13.06145,9.84026,36.22509,-70.51019
996,993,13.05433,9.83732,36.2095,-70.50964
997,994,13.04722,9.83443,36.19397,-70.50906
998,995,13.04012,9.83158,36.17851,-70.50847
999,996,13.03303,9.82878,36.16312,-70.50786
1000,997,13.02595,9.82603,36.14779,-70.50723
1001,998,13.01889,9.82332,36.13252,-70.50658
1002,999,13.01184,9.82066,36.11732,-70.50592
1003,1000,13.0048,9.81805,36.10217,-70.50523
1004,1001,12.99777,9.81548,36.08709,-70.50452
1005,1002,12.99075,9.81296,36.07207,-70.5038
1006,1003,12.98374,9.81049,36.0571,-70.50305
1007,1004,12.97675,9.80807,36.04219,-70.50228
1008,1005,12.96977,9.8057,36.02734,-70.5015
1009,1006,12.9628,9.80337,36.01255,-70.50069
1010,1007,12.95584,9.80109,35.99781,-70.49986
1011,1008,12.94889,9.79886,35.98311,-70.49901
1012,1009,12.94196,9.79667,35.96847,-70.49813
1013,1010,12.93503,9.79453,35.95388,-70.49724
1014,1011,12.92812,9.79243,35.93934,-70.49632
1015,1012,12.92122,9.79039,35.92484,-70.49539
1016,1013,12.91434,9.78838,35.91038,-70.49443
1017,1014,12.90746,9.78642,35.89597,-70.49345
1018,1015,12.9006,9.7845,35.8816,-70.49245
1019,1016,12.89375,9.78263,35.86727,-70.49143
1020,1017,12.88691,9.78079,35.85297,-70.49038
1021,1018,12.88008,9.779,35.8387,-70.48932
1022,1019,12.87327,9.77724,35.82447,-70.48824
1023,1020,12.86646,9.77553,35.81026,-70.48713
1024,1021,12.85967,9.77385,35.79608,-70.48601
1025,1022,12.85289,9.77221,35.78191,-70.48487
1026,1023,12.84613,9.7706,35.76776,-70.48371
1027,1024,12.83937,9.76902,35.75363,-70.48253
1028,1025,12.83263,9.76748,35.73949,-70.48133
1029,1026,12.8259,9.76596,35.72537,-70.48012
1030,1027,12.81918,9.76448,35.71124,-70.47889
1031,1028,12.81247,9.76302,35.6971,-70.47765
1032,1029,12.80578,9.76158,35.68296,-70.4764
1033,1030,12.7991,9.76016,35.6688,-70.47513
1034,1031,12.79243,9.75876,35.65462,-70.47385
1035,1032,12.78577,9.75738,35.64042,-70.47255
1036,1033,12.77912,9.75602,35.6262,-70.47125
1037,1034,12.77249,9.75466,35.61194,-70.46994
1038,1035,12.76587,9.75332,35.59765,-70.46863
1039,1036,12.75926,9.75198,35.58332,-70.46731
1040,1037,12.75266,9.75064,35.56895,-70.46598
1041,1038,12.74607,9.7493,35.55454,-70.46466
1042,1039,12.7395,9.74796,35.54007,-70.46332
1043,1040,12.73294,9.74661,35.52556,-70.46198
1044,1041,12.72639,9.74526,35.51098,-70.46063
1045,1042,12.71986,9.7439,35.49635,-70.45927
1046,1043,12.71333,9.74253,35.48166,-70.4579
1047,1044,12.70682,9.74115,35.4669,-70.45652
1048,1045,12.70032,9.73977,35.45207,-70.45512
1049,1046,12.69384,9.73838,35.43718,-70.45371
1050,1047,12.68736,9.73699,35.4222,-70.45229
1051,1048,12.6809,9.73558,35.40716,-70.45085
1052,1049,12.67445,9.73417,35.39203,-70.4494
1053,1050,12.66801,9.73276,35.37683,-70.44793
1054,1051,12.66158,9.73133,35.36154,-70.44645
1055,1052,12.65517,9.7299,35.34617,-70.44495
1056,1053,12.64877,9.72845,35.33071,-70.44344
1057,1054,12.64238,9.727,35.31517,-70.44191
1058,1055,12.636,9.72554,35.29953,-70.44037
1059,1056,12.62964,9.72406,35.28381,-70.43881
1060,1057,12.62328,9.72258,35.26799,-70.43723
1061,1058,12.61694,9.72109,35.25209,-70.43565
1062,1059,12.61062,9.71958,35.23608,-70.43404
1063,1060,12.6043,9.71806,35.21999,-70.43242
1064,1061,12.598,9.71653,35.20379,-70.43079
1065,1062,12.59171,9.71499,35.1875,-70.42914
1066,1063,12.58543,9.71343,35.17112,-70.42748
1067,1064,12.57916,9.71185,35.15464,-70.4258
1068,1065,12.57291,9.71026,35.13806,-70.4241
1069,1066,12.56666,9.70866,35.12138,-70.42239
1070,1067,12.56043,9.70703,35.1046,-70.42067
1071,1068,12.55422,9.70539,35.08773,-70.41893
1072,1069,12.54801,9.70373,35.07076,-70.41718
1073,1070,12.54182,9.70205,35.05369,-70.41541
1074,1071,12.53564,9.70035,35.03652,-70.41363
1075,1072,12.52947,9.69862,35.01926,-70.41184
1076,1073,12.52331,9.69688,35.0019,-70.41003
1077,1074,12.51717,9.69511,34.98445,-70.40821
1078,1075,12.51104,9.69332,34.9669,-70.40637
1079,1076,12.50492,9.6915,34.94925,-70.40452
1080,1077,12.49881,9.68966,34.93151,-70.40265
1081,1078,12.49272,9.68779,34.91368,-70.40078
1082,1079,12.48663,9.6859,34.89575,-70.39889
1083,1080,12.48057,9.68398,34.87774,-70.39698
1084,1081,12.47451,9.68203,34.85963,-70.39507
1085,1082,12.46846,9.68006,34.84143,-70.39314
1086,1083,12.46243,9.67806,34.82315,-70.3912
1087,1084,12.45641,9.67604,34.80478,-70.38925
1088,1085,12.4504,9.67398,34.78632,-70.38728
1089,1086,12.44441,9.6719,34.76777,-70.38531
1090,1087,12.43842,9.66979,34.74914,-70.38332
1091,1088,12.43245,9.66766,34.73043,-70.38132
1092,1089,12.4265,9.66549,34.71163,-70.37931
1093,1090,12.42055,9.6633,34.69276,-70.37729
1094,1091,12.41462,9.66108,34.6738,-70.37526
1095,1092,12.4087,9.65883,34.65477,-70.37322
1096,1093,12.40279,9.65655,34.63566,-70.37118
1097,1094,12.39689,9.65424,34.61647,-70.36912
1098,1095,12.39101,9.65191,34.59721,-70.36705
1099,1096,12.38514,9.64955,34.57788,-70.36498
1100,1097,12.37928,9.64716,34.55848,-70.36289
1101,1098,12.37344,9.64475,34.53901,-70.3608
1102,1099,12.3676,9.6423,34.51947,-70.3587
1103,1100,12.36178,9.63984,34.49986,-70.3566
1104,1101,12.35598,9.63734,34.48019,-70.35449
1105,1102,12.35018,9.63482,34.46045,-70.35237
1106,1103,12.3444,9.63227,34.44066,-70.35025
1107,1104,12.33863,9.6297,34.4208,-70.34812
1108,1105,12.33287,9.6271,34.40089,-70.34599
1109,1106,12.32713,9.62448,34.38092,-70.34385
1110,1107,12.3214,9.62184,34.3609,-70.34172
1111,1108,12.31568,9.61917,34.34083,-70.33957
1112,1109,12.30997,9.61648,34.32071,-70.33743
1113,1110,12.30428,9.61377,34.30054,-70.33528
1114,1111,12.2986,9.61103,34.28033,-70.33313
1115,1112,12.29293,9.60828,34.26007,-70.33098
1116,1113,12.28727,9.6055,34.23978,-70.32883
1117,1114,12.28163,9.60271,34.21945,-70.32668
1118,1115,12.276,9.5999,34.19908,-70.32453
1119,1116,12.27038,9.59707,34.17867,-70.32238
1120,1117,12.26478,9.59422,34.15824,-70.32023
1121,1118,12.25919,9.59136,34.13778,-70.31809
1122,1119,12.25361,9.58849,34.11729,-70.31595
1123,1120,12.24804,9.58559,34.09677,-70.31381
1124,1121,12.24249,9.58269,34.07624,-70.31167
1125,1122,12.23694,9.57977,34.05568,-70.30954
1126,1123,12.23142,9.57684,34.0351,-70.30742
1127,1124,12.2259,9.57389,34.01451,-70.3053
1128,1125,12.2204,9.57094,33.9939,-70.30318
1129,1126,12.2149,9.56797,33.97329,-70.30107
1130,1127,12.20943,9.56499,33.95266,-70.29897
1131,1128,12.20396,9.562,33.93202,-70.29687
1132,1129,12.19851,9.559,33.91138,-70.29478
1133,1130,12.19307,9.55599,33.89074,-70.2927
1134,1131,12.18764,9.55297,33.8701,-70.29062
1135,1132,12.18223,9.54994,33.84945,-70.28855
1136,1133,12.17682,9.5469,33.82881,-70.28649
1137,1134,12.17143,9.54385,33.80817,-70.28444
1138,1135,12.16606,9.5408,33.78754,-70.28239
1139,1136,12.16069,9.53773,33.76692,-70.28036
1140,1137,12.15534,9.53466,33.74631,-70.27833
1141,1138,12.15,9.53158,33.72572,-70.27631
1142,1139,12.14467,9.5285,33.70513,-70.2743
1143,1140,12.13936,9.5254,33.68457,-70.2723
1144,1141,12.13406,9.5223,33.66402,-70.27031
1145,1142,12.12877,9.5192,33.6435,-70.26833
1146,1143,12.12349,9.51608,33.623,-70.26636
1147,1144,12.11823,9.51296,33.60252,-70.26441
1148,1145,12.11297,9.50984,33.58207,-70.26246
1149,1146,12.10774,9.50671,33.56165,-70.26052
1150,1147,12.10251,9.50357,33.54126,-70.2586
1151,1148,12.09729,9.50043,33.5209,-70.25669
1152,1149,12.09209,9.49728,33.50058,-70.25479
1153,1150,12.0869,9.49413,33.48029,-70.2529
1154,1151,12.08172,9.49097,33.46004,-70.25103
1155,1152,12.07656,9.48781,33.43982,-70.24917
1156,1153,12.07141,9.48464,33.41965,-70.24732
1157,1154,12.06626,9.48147,33.39952,-70.24549
1158,1155,12.06114,9.47829,33.37943,-70.24366
1159,1156,12.05602,9.47511,33.35939,-70.24186
1160,1157,12.05092,9.47192,33.3394,-70.24007
1161,1158,12.04582,9.46873,33.31945,-70.23829
1162,1159,12.04074,9.46554,33.29955,-70.23652
1163,1160,12.03568,9.46234,33.2797,-70.23477
1164,1161,12.03062,9.45914,33.2599,-70.23304
1165,1162,12.02558,9.45593,33.24015,-70.23131
1166,1163,12.02055,9.45272,33.22045,-70.22961
1167,1164,12.01553,9.44951,33.20081,-70.22792
1168,1165,12.01052,9.44629,33.18122,-70.22624
1169,1166,12.00552,9.44307,33.16169,-70.22457
1170,1167,12.00054,9.43985,33.14222,-70.22292
1171,1168,11.99557,9.43662,33.1228,-70.22129
1172,1169,11.99061,9.43339,33.10344,-70.21966
1173,1170,11.98566,9.43015,33.08415,-70.21806
1174,1171,11.98072,9.42692,33.06491,-70.21646
1175,1172,11.9758,9.42368,33.04574,-70.21488
1176,1173,11.97089,9.42043,33.02662,-70.21331
1177,1174,11.96598,9.41719,33.00758,-70.21176
1178,1175,11.96109,9.41394,32.98859,-70.21021
1179,1176,11.95622,9.41068,32.96967,-70.20868
1180,1177,11.95135,9.40743,32.95082,-70.20716
1181,1178,11.94649,9.40417,32.93204,-70.20565
1182,1179,11.94165,9.40091,32.91332,-70.20416
1183,1180,11.93682,9.39765,32.89467,-70.20267
1184,1181,11.932,9.39439,32.87608,-70.20119
1185,1182,11.92719,9.39112,32.85757,-70.19973
1186,1183,11.92239,9.38785,32.83913,-70.19828
1187,1184,11.9176,9.38458,32.82075,-70.19684
1188,1185,11.91283,9.38131,32.80245,-70.19541
1189,1186,11.90806,9.37803,32.78421,-70.19399
1190,1187,11.90331,9.37475,32.76605,-70.19259
1191,1188,11.89856,9.37148,32.74795,-70.1912
1192,1189,11.89383,9.3682,32.72992,-70.18982
1193,1190,11.88911,9.36491,32.71196,-70.18845
1194,1191,11.8844,9.36163,32.69406,-70.18709
1195,1192,11.8797,9.35834,32.67622,-70.18575
1196,1193,11.87501,9.35506,32.65845,-70.18442
1197,1194,11.87033,9.35177,32.64074,-70.1831
1198,1195,11.86567,9.34848,32.62309,-70.18179
1199,1196,11.86101,9.34519,32.60549,-70.18049
1200,1197,11.85636,9.3419,32.58796,-70.1792
1201,1198,11.85173,9.3386,32.57049,-70.17792
1202,1199,11.8471,9.33531,32.55307,-70.17666
1203,1200,11.84249,9.33201,32.53571,-70.1754
1204,1201,11.83788,9.32871,32.51841,-70.17415
1205,1202,11.83329,9.32542,32.50116,-70.17291
1206,1203,11.8287,9.32212,32.48397,-70.17168
1207,1204,11.82413,9.31882,32.46683,-70.17046
1208,1205,11.81956,9.31552,32.44975,-70.16924
1209,1206,11.81501,9.31222,32.43272,-70.16804
1210,1207,11.81047,9.30891,32.41575,-70.16684
1211,1208,11.80593,9.30561,32.39883,-70.16565
1212,1209,11.80141,9.30231,32.38196,-70.16446
1213,1210,11.79689,9.29901,32.36515,-70.16329
1214,1211,11.79238,9.29571,32.34839,-70.16212
1215,1212,11.78789,9.2924,32.33168,-70.16095
1216,1213,11.7834,9.2891,32.31503,-70.15979
1217,1214,11.77892,9.2858,32.29842,-70.15864
1218,1215,11.77446,9.2825,32.28187,-70.15749
1219,1216,11.77,9.2792,32.26537,-70.15634
1220,1217,11.76555,9.2759,32.24892,-70.1552
1221,1218,11.76111,9.27259,32.23251,-70.15406
1222,1219,11.75667,9.26929,32.21616,-70.15293
1223,1220,11.75225,9.266,32.19986,-70.15179
1224,1221,11.74784,9.2627,32.1836,-70.15066
1225,1222,11.74343,9.2594,32.16738,-70.14952
1226,1223,11.73904,9.2561,32.15122,-70.14839
1227,1224,11.73465,9.25281,32.13509,-70.14726
1228,1225,11.73027,9.24951,32.11901,-70.14613
1229,1226,11.7259,9.24622,32.10297,-70.14499
1230,1227,11.72154,9.24293,32.08696,-70.14385
1231,1228,11.71718,9.23964,32.071,-70.14272
1232,1229,11.71284,9.23635,32.05507,-70.14158
1233,1230,11.7085,9.23306,32.03918,-70.14043
1234,1231,11.70417,9.22977,32.02333,-70.13929
1235,1232,11.69985,9.22649,32.0075,-70.13814
1236,1233,11.69554,9.22321,31.99172,-70.13698
1237,1234,11.69124,9.21993,31.97596,-70.13583
1238,1235,11.68694,9.21665,31.96023,-70.13466
1239,1236,11.68265,9.21338,31.94453,-70.1335
1240,1237,11.67837,9.2101,31.92885,-70.13233
1241,1238,11.67409,9.20683,31.9132,-70.13116
1242,1239,11.66983,9.20356,31.89758,-70.12998
1243,1240,11.66557,9.2003,31.88197,-70.1288
1244,1241,11.66132,9.19703,31.86639,-70.12762
1245,1242,11.65707,9.19377,31.85083,-70.12643
1246,1243,11.65284,9.19051,31.83528,-70.12525
1247,1244,11.64861,9.18726,31.81976,-70.12406
1248,1245,11.64438,9.18401,31.80425,-70.12286
1249,1246,11.64017,9.18076,31.78876,-70.12167
1250,1247,11.63596,9.17751,31.77329,-70.12047
1251,1248,11.63176,9.17427,31.75782,-70.11928
1252,1249,11.62756,9.17103,31.74238,-70.11808
1253,1250,11.62338,9.1678,31.72694,-70.11688
1254,1251,11.61919,9.16457,31.71151,-70.11567
1255,1252,11.61502,9.16134,31.6961,-70.11447
1256,1253,11.61085,9.15812,31.68069,-70.11327
1257,1254,11.60669,9.15491,31.6653,-70.11206
1258,1255,11.60253,9.15169,31.64991,-70.11085
1259,1256,11.59838,9.14848,31.63453,-70.10964
1260,1257,11.59424,9.14528,31.61916,-70.10843
1261,1258,11.5901,9.14208,31.60379,-70.10722
1262,1259,11.58597,9.13889,31.58843,-70.10601
1263,1260,11.58185,9.1357,31.57308,-70.10479
1264,1261,11.57773,9.13251,31.55773,-70.10358
1265,1262,11.57361,9.12933,31.54238,-70.10236
1266,1263,11.5695,9.12616,31.52704,-70.10115
1267,1264,11.5654,9.12299,31.5117,-70.09993
1268,1265,11.5613,9.11982,31.49636,-70.09871
1269,1266,11.55721,9.11667,31.48103,-70.0975
1270,1267,11.55313,9.11351,31.4657,-70.09628
1271,1268,11.54904,9.11037,31.45038,-70.09506
1272,1269,11.54497,9.10723,31.43506,-70.09384
1273,1270,11.5409,9.10409,31.41974,-70.09261
1274,1271,11.53683,9.10096,31.40443,-70.09139
1275,1272,11.53277,9.09784,31.38912,-70.09017
1276,1273,11.52871,9.09472,31.37383,-70.08895
1277,1274,11.52466,9.09161,31.35853,-70.08772
1278,1275,11.52061,9.0885,31.34325,-70.0865
1279,1276,11.51657,9.0854,31.32797,-70.08527
1280,1277,11.51253,9.08231,31.31269,-70.08405
1281,1278,11.5085,9.07922,31.29743,-70.08282
1282,1279,11.50447,9.07614,31.28217,-70.0816
1283,1280,11.50044,9.07307,31.26692,-70.08037
1284,1281,11.49642,9.07,31.25167,-70.07914
1285,1282,11.4924,9.06694,31.23644,-70.07792
1286,1283,11.48838,9.06389,31.22121,-70.07669
1287,1284,11.48437,9.06084,31.206,-70.07546
1288,1285,11.48037,9.0578,31.19079,-70.07424
1289,1286,11.47636,9.05477,31.17559,-70.07301
1290,1287,11.47236,9.05174,31.16041,-70.07178
1291,1288,11.46836,9.04872,31.14523,-70.07055
1292,1289,11.46437,9.04571,31.13007,-70.06933
1293,1290,11.46038,9.0427,31.11492,-70.0681
1294,1291,11.45639,9.0397,31.09978,-70.06687
1295,1292,11.45241,9.03671,31.08465,-70.06565
1296,1293,11.44842,9.03372,31.06954,-70.06442
1297,1294,11.44445,9.03074,31.05444,-70.06319
1298,1295,11.44047,9.02777,31.03935,-70.06197
1299,1296,11.43649,9.0248,31.02429,-70.06074
1300,1297,11.43252,9.02184,31.00923,-70.05952
1301,1298,11.42855,9.01889,30.9942,-70.05829
1302,1299,11.42459,9.01595,30.97918,-70.05707
1303,1300,11.42062,9.01301,30.96418,-70.05584
1304,1301,11.41666,9.01008,30.9492,-70.05462
1305,1302,11.4127,9.00715,30.93423,-70.05339
1306,1303,11.40874,9.00423,30.91929,-70.05217
1307,1304,11.40478,9.00132,30.90437,-70.05095
1308,1305,11.40082,8.99841,30.88947,-70.04972
1309,1306,11.39687,8.99552,30.87459,-70.0485
1310,1307,11.39291,8.99262,30.85973,-70.04728
1311,1308,11.38896,8.98974,30.8449,-70.04606
1312,1309,11.38501,8.98686,30.83009,-70.04484
1313,1310,11.38106,8.98399,30.81531,-70.04362
1314,1311,11.37711,8.98112,30.80056,-70.0424
1315,1312,11.37316,8.97826,30.78584,-70.04118
1316,1313,11.36922,8.97541,30.77114,-70.03996
1317,1314,11.36527,8.97256,30.75647,-70.03874
1318,1315,11.36132,8.96972,30.74184,-70.03753
1319,1316,11.35738,8.96689,30.72724,-70.03631
1320,1317,11.35343,8.96406,30.71267,-70.03509
1321,1318,11.34949,8.96124,30.69813,-70.03388
1322,1319,11.34554,8.95842,30.68363,-70.03266
1323,1320,11.3416,8.95561,30.66917,-70.03145
1324,1321,11.33765,8.95281,30.65475,-70.03024
1325,1322,11.3337,8.95001,30.64037,-70.02902
1326,1323,11.32976,8.94722,30.62603,-70.02781
1327,1324,11.32581,8.94443,30.61174,-70.0266
1328,1325,11.32187,8.94165,30.59749,-70.02539
1329,1326,11.31792,8.93887,30.58329,-70.02418
1330,1327,11.31397,8.9361,30.56913,-70.02297
1331,1328,11.31002,8.93333,30.55503,-70.02176
1332,1329,11.30607,8.93056,30.54097,-70.02055
1333,1330,11.30212,8.9278,30.52697,-70.01934
1334,1331,11.29817,8.92505,30.51303,-70.01813
1335,1332,11.29421,8.9223,30.49914,-70.01692
1336,1333,11.29026,8.91955,30.48531,-70.01572
1337,1334,11.2863,8.91681,30.47154,-70.01451
1338,1335,11.28234,8.91406,30.45784,-70.01331
1339,1336,11.27838,8.91133,30.4442,-70.0121
1340,1337,11.27442,8.90859,30.43062,-70.01089
1341,1338,11.27046,8.90586,30.41712,-70.00969
1342,1339,11.26649,8.90313,30.40368,-70.00849
1343,1340,11.26253,8.90041,30.39032,-70.00728
1344,1341,11.25856,8.89768,30.37703,-70.00608
1345,1342,11.25458,8.89496,30.36381,-70.00487
1346,1343,11.25061,8.89224,30.35067,-70.00367
1347,1344,11.24663,8.88952,30.33761,-70.00247
1348,1345,11.24265,8.88681,30.32463,-70.00127
1349,1346,11.23867,8.88409,30.31173,-70.00006
1350,1347,11.23468,8.88138,30.29892,-69.99886
1351,1348,11.23069,8.87867,30.28619,-69.99766
1352,1349,11.2267,8.87596,30.27355,-69.99646
1353,1350,11.22271,8.87325,30.26099,-69.99526
1354,1351,11.21871,8.87054,30.24853,-69.99406
1355,1352,11.21471,8.86783,30.23616,-69.99286
1356,1353,11.2107,8.86512,30.22388,-69.99166
1357,1354,11.20669,8.86241,30.2117,-69.99046
1358,1355,11.20268,8.8597,30.19961,-69.98926
1359,1356,11.19867,8.85699,30.18762,-69.98806
1360,1357,11.19465,8.85428,30.17573,-69.98686
1361,1358,11.19062,8.85156,30.16394,-69.98566
1362,1359,11.1866,8.84885,30.15225,-69.98446
1363,1360,11.18256,8.84614,30.14066,-69.98326
1364,1361,11.17853,8.84343,30.12917,-69.98206
1365,1362,11.17449,8.84071,30.11779,-69.98086
1366,1363,11.17044,8.83799,30.10652,-69.97966
1367,1364,11.16639,8.83527,30.09535,-69.97846
1368,1365,11.16234,8.83256,30.08429,-69.97726
1369,1366,11.15828,8.82983,30.07334,-69.97606
1370,1367,11.15422,8.82711,30.0625,-69.97485
1371,1368,11.15015,8.82439,30.05177,-69.97365
1372,1369,11.14608,8.82166,30.04116,-69.97245
1373,1370,11.14201,8.81894,30.03065,-69.97125
1374,1371,11.13792,8.81621,30.02026,-69.97004
1375,1372,11.13384,8.81348,30.00999,-69.96884
1376,1373,11.12975,8.81076,29.99983,-69.96763
1377,1374,11.12565,8.80803,29.98979,-69.96643
1378,1375,11.12155,8.8053,29.97986,-69.96522
1379,1376,11.11744,8.80256,29.97006,-69.96401
1380,1377,11.11333,8.79983,29.96037,-69.96281
1381,1378,11.10921,8.7971,29.9508,-69.9616
1382,1379,11.10509,8.79437,29.94135,-69.96039
1383,1380,11.10096,8.79163,29.93202,-69.95918
1384,1381,11.09683,8.7889,29.92281,-69.95796
1385,1382,11.09269,8.78616,29.91372,-69.95675
1386,1383,11.08854,8.78343,29.90476,-69.95553
1387,1384,11.08439,8.78069,29.89591,-69.95432
1388,1385,11.08024,8.77796,29.88719,-69.9531
1389,1386,11.07607,8.77522,29.87858,-69.95188
1390,1387,11.07191,8.77248,29.8701,-69.95066
1391,1388,11.06773,8.76975,29.86174,-69.94944
1392,1389,11.06356,8.76701,29.8535,-69.94822
1393,1390,11.05937,8.76427,29.84538,-69.94699
1394,1391,11.05518,8.76154,29.83737,-69.94576
1395,1392,11.05098,8.7588,29.82949,-69.94454
1396,1393,11.04678,8.75606,29.82172,-69.94331
1397,1394,11.04258,8.75332,29.81408,-69.94207
1398,1395,11.03836,8.75059,29.80654,-69.94084
1399,1396,11.03414,8.74785,29.79913,-69.9396
1400,1397,11.02992,8.74511,29.79182,-69.93837
1401,1398,11.02569,8.74238,29.78463,-69.93713
1402,1399,11.02145,8.73964,29.77756,-69.93589
1403,1400,11.01721,8.73691,29.77059,-69.93464
1404,1401,11.01296,8.73417,29.76373,-69.9334
1405,1402,11.00871,8.73144,29.75698,-69.93215
1406,1403,11.00445,8.7287,29.75033,-69.9309
1407,1404,11.00018,8.72597,29.74379,-69.92965
1408,1405,10.99591,8.72323,29.73735,-69.9284
1409,1406,10.99163,8.7205,29.73101,-69.92714
1410,1407,10.98735,8.71777,29.72477,-69.92589
1411,1408,10.98306,8.71504,29.71862,-69.92463
1412,1409,10.97877,8.7123,29.71257,-69.92337
1413,1410,10.97447,8.70957,29.7066,-69.9221
1414,1411,10.97017,8.70685,29.70073,-69.92084
1415,1412,10.96586,8.70412,29.69494,-69.91957
1416,1413,10.96154,8.70139,29.68922,-69.9183
1417,1414,10.95722,8.69866,29.68359,-69.91703
1418,1415,10.9529,8.69594,29.67803,-69.91575
1419,1416,10.94857,8.69321,29.67255,-69.91448
1420,1417,10.94423,8.69049,29.66712,-69.9132
1421,1418,10.93989,8.68777,29.66177,-69.91192
1422,1419,10.93555,8.68504,29.65646,-69.91064
1423,1420,10.9312,8.68232,29.65122,-69.90935
1424,1421,10.92685,8.6796,29.64602,-69.90807
1425,1422,10.92249,8.67689,29.64087,-69.90678
1426,1423,10.91813,8.67417,29.63575,-69.90549
1427,1424,10.91376,8.67145,29.63067,-69.9042
1428,1425,10.90939,8.66874,29.62562,-69.9029
1429,1426,10.90502,8.66603,29.62059,-69.90161
1430,1427,10.90064,8.66332,29.61558,-69.90031
1431,1428,10.89626,8.66061,29.61058,-69.89901
1432,1429,10.89188,8.65791,29.60558,-69.8977
1433,1430,10.88749,8.65521,29.60058,-69.8964
1434,1431,10.8831,8.6525,29.59558,-69.89509
1435,1432,10.87871,8.64981,29.59057,-69.89379
1436,1433,10.87431,8.64711,29.58555,-69.89248
1437,1434,10.86991,8.64442,29.58052,-69.89116
1438,1435,10.86551,8.64173,29.5755,-69.88985
1439,1436,10.8611,8.63904,29.57047,-69.88854
1440,1437,10.85669,8.63636,29.56545,-69.88722
1441,1438,10.85228,8.63368,29.56042,-69.8859
1442,1439,10.84787,8.631,29.55539,-69.88458
1443,1440,10.84345,8.62833,29.55036,-69.88326
1444,1441,10.83903,8.62565,29.54533,-69.88194
1445,1442,10.83461,8.62299,29.5403,-69.88061
1446,1443,10.83019,8.62032,29.53526,-69.87929
1447,1444,10.82576,8.61766,29.53022,-69.87796
1448,1445,10.82133,8.61501,29.52517,-69.87663
1449,1446,10.8169,8.61236,29.52012,-69.8753
1450,1447,10.81247,8.60971,29.51506,-69.87396
1451,1448,10.80803,8.60707,29.50999,-69.87263
1452,1449,10.8036,8.60443,29.5049,-69.8713
1453,1450,10.79916,8.60179,29.4998,-69.86996
1454,1451,10.79472,8.59916,29.49469,-69.86862
1455,1452,10.79028,8.59653,29.48956,-69.86728
1456,1453,10.78583,8.59391,29.48441,-69.86594
1457,1454,10.78139,8.59129,29.47923,-69.8646
1458,1455,10.77694,8.58867,29.47403,-69.86326
1459,1456,10.77249,8.58606,29.4688,-69.86192
1460,1457,10.76805,8.58346,29.46353,-69.86057
1461,1458,10.7636,8.58085,29.45823,-69.85923
1462,1459,10.75915,8.57825,29.45289,-69.85788
1463,1460,10.7547,8.57566,29.44751,-69.85653
1464,1461,10.75024,8.57307,29.44208,-69.85519
1465,1462,10.74579,8.57048,29.4366,-69.85384
1466,1463,10.74134,8.5679,29.43107,-69.85249
1467,1464,10.73688,8.56532,29.42548,-69.85114
1468,1465,10.73243,8.56275,29.41984,-69.84979
1469,1466,10.72797,8.56018,29.41413,-69.84843
1470,1467,10.72352,8.55761,29.40836,-69.84708
1471,1468,10.71906,8.55505,29.40253,-69.84573
1472,1469,10.71461,8.55249,29.39662,-69.84437
1473,1470,10.71015,8.54994,29.39065,-69.84302
1474,1471,10.70569,8.54739,29.38461,-69.84167
1475,1472,10.70124,8.54484,29.3785,-69.84031
1476,1473,10.69678,8.5423,29.37231,-69.83896
1477,1474,10.69232,8.53976,29.36605,-69.8376
1478,1475,10.68786,8.53722,29.35971,-69.83625
1479,1476,10.68341,8.53469,29.3533,-69.83489
1480,1477,10.67895,8.53216,29.34681,-69.83354
1481,1478,10.67449,8.52964,29.34024,-69.83218
1482,1479,10.67003,8.52712,29.33359,-69.83083
1483,1480,10.66557,8.5246,29.32686,-69.82947
1484,1481,10.66112,8.52209,29.32006,-69.82812
1485,1482,10.65666,8.51958,29.31317,-69.82676
1486,1483,10.6522,8.51708,29.30621,-69.82541
1487,1484,10.64774,8.51458,29.29916,-69.82406
1488,1485,10.64328,8.51208,29.29204,-69.8227
1489,1486,10.63883,8.50959,29.28484,-69.82135
1490,1487,10.63437,8.5071,29.27756,-69.82
1491,1488,10.62991,8.50461,29.2702,-69.81865
1492,1489,10.62545,8.50213,29.26277,-69.8173
1493,1490,10.62099,8.49965,29.25526,-69.81595
1494,1491,10.61653,8.49718,29.24768,-69.8146
1495,1492,10.61207,8.49471,29.24002,-69.81325
1496,1493,10.60761,8.49224,29.23229,-69.8119
1497,1494,10.60315,8.48978,29.22449,-69.81056
1498,1495,10.59869,8.48731,29.21662,-69.80921
1499,1496,10.59423,8.48486,29.20868,-69.80787
1500,1497,10.58977,8.4824,29.20068,-69.80653
1501,1498,10.58531,8.47995,29.19261,-69.80519
1502,1499,10.58084,8.4775,29.18448,-69.80385
1503,1500,10.57638,8.47505,29.17629,-69.80251
1504,1501,10.57191,8.47261,29.16804,-69.80117
1505,1502,10.56745,8.47016,29.15973,-69.79984
1506,1503,10.56298,8.46772,29.15137,-69.79851
1507,1504,10.55851,8.46529,29.14296,-69.79718
1508,1505,10.55404,8.46285,29.13451,-69.79585
1509,1506,10.54957,8.46042,29.126,-69.79452
1510,1507,10.5451,8.45799,29.11746,-69.79319
1511,1508,10.54062,8.45556,29.10887,-69.79187
1512,1509,10.53615,8.45313,29.10025,-69.79054
1513,1510,10.53167,8.45071,29.09159,-69.78922
1514,1511,10.52719,8.44828,29.0829,-69.78791
1515,1512,10.52271,8.44586,29.07417,-69.78659
1516,1513,10.51823,8.44344,29.06542,-69.78527
1517,1514,10.51375,8.44102,29.05663,-69.78396
1518,1515,10.50926,8.43861,29.04781,-69.78265
1519,1516,10.50477,8.43619,29.03897,-69.78134
1520,1517,10.50028,8.43378,29.0301,-69.78004
1521,1518,10.49579,8.43137,29.02121,-69.77873
1522,1519,10.49129,8.42896,29.01229,-69.77743
1523,1520,10.4868,8.42655,29.00335,-69.77613
1524,1521,10.4823,8.42414,28.99439,-69.77484
1525,1522,10.47779,8.42173,28.98541,-69.77354
1526,1523,10.47329,8.41932,28.9764,-69.77225
1527,1524,10.46878,8.41692,28.96738,-69.77096
1528,1525,10.46427,8.41451,28.95834,-69.76967
1529,1526,10.45975,8.41211,28.94928,-69.76838
1530,1527,10.45524,8.40971,28.94021,-69.7671
1531,1528,10.45072,8.4073,28.93111,-69.76582
1532,1529,10.4462,8.4049,28.922,-69.76454
1533,1530,10.44167,8.4025,28.91288,-69.76326
1534,1531,10.43714,8.4001,28.90374,-69.76199
1535,1532,10.43261,8.3977,28.89458,-69.76072
1536,1533,10.42807,8.39531,28.88542,-69.75945
1537,1534,10.42353,8.39291,28.87624,-69.75818
1538,1535,10.41899,8.39051,28.86705,-69.75691
1539,1536,10.41444,8.38811,28.85784,-69.75565
1540,1537,10.40989,8.38572,28.84863,-69.75439
1541,1538,10.40534,8.38332,28.8394,-69.75313
1542,1539,10.40078,8.38093,28.83017,-69.75187
1543,1540,10.39622,8.37854,28.82092,-69.75061
1544,1541,10.39165,8.37614,28.81167,-69.74936
1545,1542,10.38708,8.37375,28.8024,-69.74811
1546,1543,10.3825,8.37136,28.79313,-69.74686
1547,1544,10.37792,8.36897,28.78386,-69.74561
1548,1545,10.37334,8.36657,28.77457,-69.74436
1549,1546,10.36875,8.36418,28.76528,-69.74311
1550,1547,10.36416,8.36179,28.75599,-69.74187
1551,1548,10.35957,8.3594,28.74669,-69.74062
1552,1549,10.35496,8.35701,28.73739,-69.73938
1553,1550,10.35036,8.35462,28.72808,-69.73814
1554,1551,10.34575,8.35222,28.71877,-69.7369
1555,1552,10.34113,8.34983,28.70946,-69.73566
1556,1553,10.33651,8.34744,28.70014,-69.73442
1557,1554,10.33189,8.34505,28.69082,-69.73318
1558,1555,10.32726,8.34265,28.6815,-69.73194
1559,1556,10.32262,8.34026,28.67218,-69.73071
1560,1557,10.31798,8.33786,28.66286,-69.72947
1561,1558,10.31334,8.33547,28.65354,-69.72823
1562,1559,10.30869,8.33307,28.64422,-69.727
1563,1560,10.30403,8.33068,28.63491,-69.72576
1564,1561,10.29937,8.32828,28.62559,-69.72453
1565,1562,10.2947,8.32588,28.61627,-69.7233
1566,1563,10.29003,8.32349,28.60696,-69.72206
1567,1564,10.28535,8.32109,28.59765,-69.72083
1568,1565,10.28067,8.31869,28.58834,-69.71959
1569,1566,10.27598,8.3163,28.57904,-69.71836
1570,1567,10.27128,8.31391,28.56973,-69.71713
1571,1568,10.26658,8.31152,28.56044,-69.7159
1572,1569,10.26188,8.30913,28.55115,-69.71467
1573,1570,10.25716,8.30675,28.54186,-69.71344
1574,1571,10.25245,8.30437,28.53258,-69.7122
1575,1572,10.24772,8.302,28.5233,-69.71097
1576,1573,10.24299,8.29963,28.51403,-69.70974
1577,1574,10.23825,8.29726,28.50477,-69.70851
1578,1575,10.23351,8.2949,28.49551,-69.70728
1579,1576,10.22876,8.29255,28.48625,-69.70605
1580,1577,10.22401,8.29021,28.47701,-69.70482
1581,1578,10.21924,8.28787,28.46776,-69.7036
1582,1579,10.21448,8.28555,28.45853,-69.70237
1583,1580,10.2097,8.28323,28.4493,-69.70114
1584,1581,10.20492,8.28092,28.44008,-69.69991
1585,1582,10.20013,8.27862,28.43086,-69.69868
1586,1583,10.19534,8.27633,28.42165,-69.69745
1587,1584,10.19054,8.27405,28.41244,-69.69622
1588,1585,10.18573,8.27179,28.40324,-69.695
1589,1586,10.18092,8.26953,28.39405,-69.69377
1590,1587,10.1761,8.26729,28.38486,-69.69254
1591,1588,10.17127,8.26505,28.37567,-69.69131
1592,1589,10.16643,8.26283,28.36649,-69.69008
1593,1590,10.16159,8.26062,28.35732,-69.68885
1594,1591,10.15674,8.25842,28.34815,-69.68763
1595,1592,10.15189,8.25623,28.33898,-69.6864
1596,1593,10.14703,8.25406,28.32982,-69.68517
1597,1594,10.14216,8.25189,28.32066,-69.68394
1598,1595,10.13728,8.24974,28.3115,-69.68271
1599,1596,10.1324,8.24759,28.30236,-69.68148
1600,1597,10.12751,8.24546,28.29321,-69.68025
1601,1598,10.12261,8.24334,28.28407,-69.67902
1602,1599,10.11771,8.24123,28.27493,-69.67779
1603,1600,10.11279,8.23913,28.2658,-69.67656
1604,1601,10.10788,8.23704,28.25668,-69.67533
1605,1602,10.10295,8.23496,28.24755,-69.6741
1606,1603,10.09802,8.23289,28.23844,-69.67287
1607,1604,10.09308,8.23083,28.22932,-69.67164
1608,1605,10.08813,8.22877,28.22022,-69.67041
1609,1606,10.08317,8.22673,28.21112,-69.66917
1610,1607,10.07821,8.22469,28.20202,-69.66794
1611,1608,10.07324,8.22267,28.19293,-69.66671
1612,1609,10.06827,8.22065,28.18385,-69.66547
1613,1610,10.06328,8.21863,28.17477,-69.66424
1614,1611,10.05829,8.21663,28.1657,-69.663
1615,1612,10.05329,8.21463,28.15663,-69.66176
1616,1613,10.04829,8.21264,28.14757,-69.66053
1617,1614,10.04327,8.21065,28.13851,-69.65929
1618,1615,10.03825,8.20867,28.12947,-69.65805
1619,1616,10.03323,8.2067,28.12042,-69.65681
1620,1617,10.02819,8.20473,28.11139,-69.65557
1621,1618,10.02315,8.20276,28.10236,-69.65432
1622,1619,10.0181,8.2008,28.09333,-69.65308
1623,1620,10.01304,8.19884,28.08432,-69.65184
1624,1621,10.00798,8.19689,28.07531,-69.65059
1625,1622,10.00291,8.19494,28.0663,-69.64934
1626,1623,9.99783,8.193,28.0573,-69.6481
1627,1624,9.99274,8.19105,28.04831,-69.64685
1628,1625,9.98765,8.18911,28.03932,-69.6456
1629,1626,9.98255,8.18717,28.03033,-69.64435
1630,1627,9.97744,8.18523,28.02135,-69.64309
1631,1628,9.97232,8.18329,28.01238,-69.64184
1632,1629,9.9672,8.18135,28.00341,-69.64058
1633,1630,9.96207,8.17942,27.99444,-69.63933
1634,1631,9.95693,8.17748,27.98548,-69.63807
1635,1632,9.95179,8.17554,27.97652,-69.63681
1636,1633,9.94664,8.1736,27.96757,-69.63555
1637,1634,9.94148,8.17166,27.95862,-69.63428
1638,1635,9.93632,8.16971,27.94968,-69.63302
1639,1636,9.93114,8.16777,27.94075,-69.63176
1640,1637,9.92596,8.16582,27.93182,-69.63049
1641,1638,9.92078,8.16387,27.92289,-69.62922
1642,1639,9.91559,8.16191,27.91397,-69.62795
1643,1640,9.91039,8.15995,27.90505,-69.62668
1644,1641,9.90518,8.15799,27.89614,-69.6254
1645,1642,9.89997,8.15602,27.88723,-69.62413
1646,1643,9.89474,8.15404,27.87833,-69.62285
1647,1644,9.88952,8.15206,27.86944,-69.62157
1648,1645,9.88428,8.15007,27.86054,-69.62029
1649,1646,9.87904,8.14808,27.85166,-69.61901
1650,1647,9.8738,8.14608,27.84278,-69.61773
1651,1648,9.86854,8.14407,27.8339,-69.61644
1652,1649,9.86328,8.14206,27.82503,-69.61516
1653,1650,9.85802,8.14003,27.81617,-69.61387
1654,1651,9.85274,8.13799,27.80731,-69.61258
1655,1652,9.84747,8.13595,27.79845,-69.61129
1656,1653,9.84218,8.13389,27.7896,-69.61
1657,1654,9.83689,8.13183,27.78075,-69.6087
1658,1655,9.83159,8.12975,27.77191,-69.60741
1659,1656,9.82629,8.12766,27.76308,-69.60611
1660,1657,9.82098,8.12556,27.75424,-69.60481
1661,1658,9.81566,8.12345,27.74542,-69.60351
1662,1659,9.81034,8.12132,27.73659,-69.60221
1663,1660,9.80501,8.11918,27.72778,-69.60091
1664,1661,9.79968,8.11702,27.71896,-69.59961
1665,1662,9.79434,8.11486,27.71016,-69.5983
1666,1663,9.78899,8.11267,27.70136,-69.597
1667,1664,9.78364,8.11047,27.69256,-69.59569
1668,1665,9.77828,8.10826,27.68377,-69.59438
1669,1666,9.77292,8.10603,27.67498,-69.59307
1670,1667,9.76755,8.10379,27.6662,-69.59177
1671,1668,9.76218,8.10152,27.65742,-69.59045
1672,1669,9.7568,8.09925,27.64864,-69.58914
1673,1670,9.75142,8.09695,27.63988,-69.58783
1674,1671,9.74603,8.09464,27.63111,-69.58652
1675,1672,9.74064,8.0923,27.62236,-69.5852
1676,1673,9.73524,8.08995,27.61361,-69.58389
1677,1674,9.72983,8.08758,27.60486,-69.58258
1678,1675,9.72442,8.0852,27.59612,-69.58127
1679,1676,9.71901,8.08279,27.58739,-69.57995
1680,1677,9.71359,8.08036,27.57867,-69.57864
1681,1678,9.70817,8.07792,27.56995,-69.57733
1682,1679,9.70274,8.07545,27.56123,-69.57602
1683,1680,9.69731,8.07296,27.55252,-69.57471
1684,1681,9.69187,8.07045,27.54382,-69.5734
1685,1682,9.68643,8.06793,27.53513,-69.57209
1686,1683,9.68098,8.06538,27.52645,-69.57079
1687,1684,9.67553,8.0628,27.51777,-69.56948
1688,1685,9.67008,8.06021,27.5091,-69.56818
1689,1686,9.66462,8.05759,27.50044,-69.56688
1690,1687,9.65916,8.05495,27.49178,-69.56558
1691,1688,9.65369,8.05229,27.48314,-69.56428
1692,1689,9.64822,8.04961,27.4745,-69.56299
1693,1690,9.64274,8.0469,27.46587,-69.5617
1694,1691,9.63727,8.04418,27.45725,-69.56041
1695,1692,9.63179,8.04142,27.44864,-69.55912
1696,1693,9.6263,8.03865,27.44003,-69.55784
1697,1694,9.62081,8.03585,27.43144,-69.55656
1698,1695,9.61532,8.03303,27.42285,-69.55528
1699,1696,9.60982,8.03019,27.41427,-69.55401
1700,1697,9.60432,8.02733,27.40571,-69.55274
1701,1698,9.59882,8.02444,27.39715,-69.55147
1702,1699,9.59332,8.02153,27.3886,-69.5502
1703,1700,9.58781,8.0186,27.38007,-69.54894
1704,1701,9.5823,8.01564,27.37154,-69.54769
1705,1702,9.57678,8.01267,27.36303,-69.54644
1706,1703,9.57127,8.00967,27.35452,-69.54519
1707,1704,9.56575,8.00665,27.34603,-69.54394
1708,1705,9.56023,8.00361,27.33754,-69.5427
1709,1706,9.5547,8.00054,27.32907,-69.54147
1710,1707,9.54918,7.99746,27.32061,-69.54024
1711,1708,9.54365,7.99435,27.31216,-69.53901
1712,1709,9.53812,7.99122,27.30372,-69.53779
1713,1710,9.53258,7.98807,27.29529,-69.53658
1714,1711,9.52705,7.9849,27.28688,-69.53537
1715,1712,9.52151,7.9817,27.27847,-69.53416
1716,1713,9.51597,7.97849,27.27008,-69.53296
1717,1714,9.51043,7.97525,27.26169,-69.53177
1718,1715,9.50489,7.97199,27.25332,-69.53058
1719,1716,9.49935,7.96871,27.24495,-69.5294
1720,1717,9.4938,7.96541,27.23659,-69.52822
1721,1718,9.48825,7.96209,27.22825,-69.52705
1722,1719,9.48271,7.95875,27.21991,-69.52588
1723,1720,9.47716,7.95538,27.21158,-69.52472
1724,1721,9.47161,7.952,27.20325,-69.52356
1725,1722,9.46605,7.94859,27.19494,-69.52241
1726,1723,9.4605,7.94516,27.18663,-69.52127
1727,1724,9.45495,7.94172,27.17833,-69.52014
1728,1725,9.44939,7.93825,27.17003,-69.519
1729,1726,9.44384,7.93476,27.16174,-69.51788
1730,1727,9.43828,7.93125,27.15346,-69.51676
1731,1728,9.43272,7.92771,27.14518,-69.51565
1732,1729,9.42717,7.92416,27.1369,-69.51455
1733,1730,9.42161,7.92059,27.12863,-69.51345
1734,1731,9.41605,7.917,27.12036,-69.51235
1735,1732,9.41049,7.91338,27.11209,-69.51127
1736,1733,9.40493,7.90975,27.10382,-69.51019
1737,1734,9.39937,7.9061,27.09556,-69.50912
1738,1735,9.39381,7.90242,27.0873,-69.50805
1739,1736,9.38825,7.89873,27.07904,-69.50699
1740,1737,9.38269,7.89502,27.07078,-69.50594
1741,1738,9.37713,7.89128,27.06253,-69.50489
1742,1739,9.37157,7.88753,27.05427,-69.50386
1743,1740,9.36602,7.88376,27.04601,-69.50282
1744,1741,9.36046,7.87997,27.03775,-69.5018
1745,1742,9.3549,7.87616,27.02949,-69.50078
1746,1743,9.34934,7.87233,27.02123,-69.49977
1747,1744,9.34378,7.86848,27.01297,-69.49877
1748,1745,9.33822,7.86461,27.00471,-69.49777
1749,1746,9.33267,7.86072,26.99644,-69.49678
1750,1747,9.32711,7.85682,26.98818,-69.4958
1751,1748,9.32155,7.85289,26.97991,-69.49482
1752,1749,9.316,7.84895,26.97164,-69.49385
1753,1750,9.31044,7.84499,26.96336,-69.49289
1754,1751,9.30489,7.84101,26.95509,-69.49194
1755,1752,9.29933,7.83701,26.94681,-69.49099
1756,1753,9.29378,7.833,26.93853,-69.49005
1757,1754,9.28823,7.82896,26.93024,-69.48912
1758,1755,9.28268,7.82491,26.92195,-69.48819
1759,1756,9.27713,7.82084,26.91367,-69.48727
1760,1757,9.27158,7.81675,26.90537,-69.48636
1761,1758,9.26603,7.81264,26.89708,-69.48546
1762,1759,9.26049,7.80852,26.88879,-69.48456
1763,1760,9.25494,7.80438,26.88049,-69.48367
1764,1761,9.24939,7.80022,26.87219,-69.48278
1765,1762,9.24385,7.79604,26.8639,-69.4819
1766,1763,9.23831,7.79184,26.8556,-69.48103
1767,1764,9.23277,7.78763,26.8473,-69.48017
1768,1765,9.22723,7.7834,26.839,-69.47931
1769,1766,9.22169,7.77915,26.8307,-69.47846
1770,1767,9.21615,7.77488,26.82241,-69.47761
1771,1768,9.21062,7.7706,26.81411,-69.47677
1772,1769,9.20508,7.7663,26.80581,-69.47594
1773,1770,9.19955,7.76199,26.79752,-69.47511
1774,1771,9.19402,7.75765,26.78923,-69.47429
1775,1772,9.18849,7.7533,26.78094,-69.47347
1776,1773,9.18296,7.74893,26.77265,-69.47266
1777,1774,9.17743,7.74455,26.76437,-69.47186
1778,1775,9.1719,7.74015,26.75609,-69.47106
1779,1776,9.16638,7.73573,26.74781,-69.47027
1780,1777,9.16086,7.7313,26.73953,-69.46948
1781,1778,9.15534,7.72685,26.73126,-69.4687
1782,1779,9.14982,7.72239,26.72299,-69.46792
1783,1780,9.1443,7.71791,26.71472,-69.46715
1784,1781,9.13879,7.71341,26.70646,-69.46638
1785,1782,9.13327,7.7089,26.6982,-69.46561
1786,1783,9.12776,7.70438,26.68995,-69.46485
1787,1784,9.12225,7.69984,26.6817,-69.4641
1788,1785,9.11674,7.69528,26.67345,-69.46335
1789,1786,9.11123,7.69071,26.66521,-69.4626
1790,1787,9.10573,7.68612,26.65697,-69.46186
1791,1788,9.10022,7.68152,26.64874,-69.46112
1792,1789,9.09472,7.67691,26.64051,-69.46038
1793,1790,9.08922,7.67228,26.63228,-69.45965
1794,1791,9.08373,7.66764,26.62406,-69.45892
1795,1792,9.07823,7.66298,26.61585,-69.45819
1796,1793,9.07274,7.65831,26.60764,-69.45747
1797,1794,9.06725,7.65363,26.59943,-69.45675
1798,1795,9.06176,7.64894,26.59123,-69.45604
1799,1796,9.05627,7.64423,26.58303,-69.45532
1800,1797,9.05078,7.63951,26.57484,-69.45462
1801,1798,9.0453,7.63478,26.56665,-69.45391
1802,1799,9.03982,7.63004,26.55846,-69.45321
1803,1800,9.03434,7.62528,26.55028,-69.45251
1804,1801,9.02886,7.62052,26.5421,-69.45181
1805,1802,9.02339,7.61574,26.53393,-69.45112
1806,1803,9.01791,7.61095,26.52576,-69.45043
1807,1804,9.01244,7.60615,26.51759,-69.44974
1808,1805,9.00697,7.60134,26.50943,-69.44905
1809,1806,9.00151,7.59653,26.50127,-69.44837
1810,1807,8.99604,7.5917,26.49311,-69.44769
1811,1808,8.99058,7.58686,26.48496,-69.44701
1812,1809,8.98512,7.58201,26.4768,-69.44634
1813,1810,8.97966,7.57716,26.46866,-69.44567
1814,1811,8.97421,7.57229,26.46051,-69.445
1815,1812,8.96875,7.56742,26.45237,-69.44433
1816,1813,8.9633,7.56254,26.44423,-69.44366
1817,1814,8.95785,7.55765,26.43609,-69.443
1818,1815,8.95241,7.55276,26.42796,-69.44233
1819,1816,8.94696,7.54785,26.41983,-69.44167
1820,1817,8.94152,7.54295,26.4117,-69.44101
1821,1818,8.93608,7.53803,26.40357,-69.44035
1822,1819,8.93064,7.53311,26.39545,-69.43969
1823,1820,8.9252,7.52818,26.38733,-69.43904
1824,1821,8.91977,7.52325,26.37921,-69.43839
1825,1822,8.91434,7.51831,26.3711,-69.43774
1826,1823,8.90891,7.51337,26.36299,-69.43709
1827,1824,8.90348,7.50842,26.35488,-69.43645
1828,1825,8.89806,7.50347,26.34679,-69.43581
1829,1826,8.89263,7.49852,26.33869,-69.43518
1830,1827,8.88721,7.49356,26.3306,-69.43455
1831,1828,8.88179,7.4886,26.32252,-69.43393
1832,1829,8.87638,7.48364,26.31444,-69.43331
1833,1830,8.87097,7.47867,26.30636,-69.43269
1834,1831,8.86555,7.4737,26.29829,-69.43208
1835,1832,8.86015,7.46872,26.29023,-69.43148
1836,1833,8.85474,7.46375,26.28217,-69.43088
1837,1834,8.84933,7.45877,26.27412,-69.43029
1838,1835,8.84393,7.45379,26.26608,-69.4297
1839,1836,8.83853,7.44881,26.25805,-69.42912
1840,1837,8.83313,7.44382,26.25002,-69.42855
1841,1838,8.82774,7.43884,26.242,-69.42798
1842,1839,8.82234,7.43385,26.23399,-69.42742
1843,1840,8.81695,7.42887,26.22598,-69.42687
1844,1841,8.81156,7.42388,26.21799,-69.42633
1845,1842,8.80618,7.41889,26.21,-69.42579
1846,1843,8.80079,7.4139,26.20202,-69.42526
1847,1844,8.79541,7.40891,26.19405,-69.42474
1848,1845,8.79003,7.40391,26.18609,-69.42423
1849,1846,8.78465,7.39892,26.17814,-69.42373
1850,1847,8.77928,7.39393,26.1702,-69.42324
1851,1848,8.7739,7.38894,26.16227,-69.42275
1852,1849,8.76853,7.38396,26.15434,-69.42228
1853,1850,8.76316,7.37897,26.14643,-69.42181
1854,1851,8.7578,7.37398,26.13853,-69.42135
1855,1852,8.75243,7.369,26.13064,-69.4209
1856,1853,8.74707,7.36402,26.12276,-69.42046
1857,1854,8.74171,7.35904,26.11489,-69.42003
1858,1855,8.73635,7.35407,26.10702,-69.41961
1859,1856,8.731,7.3491,26.09917,-69.41919
1860,1857,8.72565,7.34413,26.09134,-69.41879
1861,1858,8.72029,7.33917,26.08351,-69.41839
1862,1859,8.71495,7.33421,26.07569,-69.418
1863,1860,8.7096,7.32926,26.06788,-69.41762
1864,1861,8.70426,7.32431,26.06009,-69.41725
1865,1862,8.69891,7.31937,26.05231,-69.41689
1866,1863,8.69357,7.31443,26.04454,-69.41654
1867,1864,8.68824,7.3095,26.03678,-69.41619
1868,1865,8.6829,7.30458,26.02903,-69.41586
1869,1866,8.67757,7.29966,26.0213,-69.41554
1870,1867,8.67224,7.29475,26.01358,-69.41523
1871,1868,8.66691,7.28985,26.00587,-69.41492
1872,1869,8.66158,7.28496,25.99817,-69.41463
1873,1870,8.65626,7.28007,25.99049,-69.41434
1874,1871,8.65093,7.27519,25.98282,-69.41407
1875,1872,8.64561,7.27032,25.97516,-69.41381
1876,1873,8.6403,7.26546,25.96752,-69.41355
1877,1874,8.63498,7.26061,25.95989,-69.41331
1878,1875,8.62967,7.25576,25.95227,-69.41308
1879,1876,8.62436,7.25093,25.94467,-69.41285
1880,1877,8.61905,7.24611,25.93708,-69.41264
1881,1878,8.61374,7.24129,25.9295,-69.41243
1882,1879,8.60844,7.23649,25.92194,-69.41224
1883,1880,8.60313,7.2317,25.91439,-69.41205
1884,1881,8.59783,7.22691,25.90685,-69.41188
1885,1882,8.59254,7.22214,25.89933,-69.41171
1886,1883,8.58724,7.21738,25.89182,-69.41155
1887,1884,8.58195,7.21263,25.88432,-69.41141
1888,1885,8.57666,7.20789,25.87683,-69.41127
1889,1886,8.57137,7.20316,25.86936,-69.41114
1890,1887,8.56608,7.19845,25.8619,-69.41102
1891,1888,8.5608,7.19374,25.85445,-69.4109
1892,1889,8.55552,7.18905,25.84701,-69.4108
1893,1890,8.55024,7.18437,25.83959,-69.4107
1894,1891,8.54496,7.17969,25.83218,-69.41061
1895,1892,8.53969,7.17503,25.82478,-69.41053
1896,1893,8.53441,7.17039,25.8174,-69.41046
1897,1894,8.52914,7.16575,25.81002,-69.4104
1898,1895,8.52388,7.16113,25.80267,-69.41034
1899,1896,8.51861,7.15651,25.79532,-69.41029
1900,1897,8.51335,7.15191,25.78798,-69.41025
1901,1898,8.50809,7.14732,25.78066,-69.41021
1902,1899,8.50283,7.14274,25.77335,-69.41018
1903,1900,8.49757,7.13818,25.76606,-69.41016
1904,1901,8.49232,7.13362,25.75877,-69.41014
1905,1902,8.48707,7.12908,25.7515,-69.41013
1906,1903,8.48182,7.12455,25.74425,-69.41013
1907,1904,8.47658,7.12002,25.737,-69.41013
1908,1905,8.47133,7.11551,25.72977,-69.41013
1909,1906,8.46609,7.11102,25.72256,-69.41014
1910,1907,8.46085,7.10653,25.71535,-69.41016
1911,1908,8.45562,7.10205,25.70816,-69.41018
1912,1909,8.45038,7.09759,25.70098,-69.41021
1913,1910,8.44515,7.09313,25.69382,-69.41024
1914,1911,8.43992,7.08869,25.68667,-69.41027
1915,1912,8.4347,7.08426,25.67953,-69.41031
1916,1913,8.42947,7.07984,25.6724,-69.41035
1917,1914,8.42425,7.07543,25.66528,-69.4104
1918,1915,8.41903,7.07103,25.65818,-69.41044
1919,1916,8.41382,7.06664,25.65109,-69.4105
1920,1917,8.4086,7.06226,25.64401,-69.41055
1921,1918,8.40339,7.05789,25.63694,-69.41061
1922,1919,8.39818,7.05353,25.62989,-69.41067
1923,1920,8.39298,7.04918,25.62284,-69.41073
1924,1921,8.38777,7.04485,25.6158,-69.41079
1925,1922,8.38257,7.04052,25.60878,-69.41086
1926,1923,8.37737,7.0362,25.60176,-69.41093
1927,1924,8.37218,7.03189,25.59475,-69.411
1928,1925,8.36698,7.02759,25.58776,-69.41106
1929,1926,8.36179,7.0233,25.58077,-69.41114
1930,1927,8.3566,7.01902,25.5738,-69.41121
1931,1928,8.35142,7.01476,25.56683,-69.41128
1932,1929,8.34623,7.01049,25.55987,-69.41135
1933,1930,8.34105,7.00624,25.55292,-69.41142
1934,1931,8.33587,7.002,25.54598,-69.41149
1935,1932,8.3307,6.99777,25.53904,-69.41157
1936,1933,8.32552,6.99355,25.53212,-69.41164
1937,1934,8.32035,6.98934,25.5252,-69.41171
1938,1935,8.31518,6.98513,25.51829,-69.41178
1939,1936,8.31002,6.98094,25.51138,-69.41185
1940,1937,8.30485,6.97675,25.50449,-69.41191
1941,1938,8.29969,6.97258,25.4976,-69.41198
1942,1939,8.29453,6.96841,25.49072,-69.41205
1943,1940,8.28938,6.96425,25.48385,-69.41211
1944,1941,8.28422,6.96011,25.47698,-69.41217
1945,1942,8.27907,6.95597,25.47013,-69.41223
1946,1943,8.27392,6.95184,25.46328,-69.41229
1947,1944,8.26878,6.94772,25.45644,-69.41235
1948,1945,8.26363,6.94361,25.4496,-69.4124
1949,1946,8.25849,6.93951,25.44278,-69.41246
1950,1947,8.25336,6.93542,25.43596,-69.41251
1951,1948,8.24822,6.93134,25.42915,-69.41255
1952,1949,8.24309,6.92727,25.42235,-69.4126
1953,1950,8.23796,6.9232,25.41555,-69.41264
1954,1951,8.23283,6.91915,25.40876,-69.41267
1955,1952,8.2277,6.91511,25.40199,-69.41271
1956,1953,8.22258,6.91108,25.39522,-69.41274
1957,1954,8.21746,6.90706,25.38845,-69.41276
1958,1955,8.21234,6.90304,25.3817,-69.41279
1959,1956,8.20723,6.89904,25.37495,-69.41281
1960,1957,8.20211,6.89505,25.36821,-69.41282
1961,1958,8.197,6.89107,25.36148,-69.41283
1962,1959,8.1919,6.8871,25.35475,-69.41284
1963,1960,8.18679,6.88314,25.34804,-69.41284
1964,1961,8.18169,6.87919,25.34133,-69.41284
1965,1962,8.17659,6.87525,25.33462,-69.41284
1966,1963,8.17149,6.87132,25.32793,-69.41283
1967,1964,8.1664,6.8674,25.32124,-69.41281
1968,1965,8.16131,6.86349,25.31457,-69.41279
1969,1966,8.15622,6.85959,25.3079,-69.41277
1970,1967,8.15113,6.85571,25.30124,-69.41274
1971,1968,8.14605,6.85183,25.29459,-69.4127
1972,1969,8.14097,6.84797,25.28794,-69.41266
1973,1970,8.13589,6.84412,25.28131,-69.41261
1974,1971,8.13082,6.84028,25.27468,-69.41256
1975,1972,8.12574,6.83645,25.26806,-69.4125
1976,1973,8.12067,6.83263,25.26145,-69.41244
1977,1974,8.11561,6.82883,25.25484,-69.41237
1978,1975,8.11054,6.82504,25.24825,-69.41229
1979,1976,8.10548,6.82126,25.24166,-69.41221
1980,1977,8.10043,6.81749,25.23507,-69.41212
1981,1978,8.09537,6.81374,25.2285,-69.41202
1982,1979,8.09032,6.81,25.22193,-69.41192
1983,1980,8.08527,6.80627,25.21537,-69.41181
1984,1981,8.08022,6.80255,25.20881,-69.41169
1985,1982,8.07518,6.79885,25.20227,-69.41157
1986,1983,8.07014,6.79517,25.19573,-69.41144
1987,1984,8.0651,6.79149,25.18919,-69.4113
1988,1985,8.06007,6.78783,25.18267,-69.41116
1989,1986,8.05504,6.78419,25.17615,-69.411
1990,1987,8.05001,6.78056,25.16964,-69.41084
1991,1988,8.04499,6.77694,25.16315,-69.41068
1992,1989,8.03996,6.77334,25.15668,-69.4105
1993,1990,8.03495,6.76975,25.15023,-69.41032
1994,1991,8.02993,6.76618,25.14381,-69.41013
1995,1992,8.02492,6.76263,25.13742,-69.40993
1996,1993,8.01991,6.75909,25.13106,-69.40972
1997,1994,8.0149,6.75556,25.12475,-69.40951
1998,1995,8.0099,6.75205,25.11847,-69.40928
1999,1996,8.0049,6.74856,25.11225,-69.40905
2000,1997,7.99991,6.74508,25.10608,-69.40881
2001,1998,7.99492,6.74162,25.09996,-69.40856
2002,1999,7.98993,6.73818,25.09391,-69.4083
2003,2000,7.98494,6.73475,25.08791,-69.40803
2004,2001,7.97996,6.73135,25.08199,-69.40776
2005,2002,7.97498,6.72795,25.07613,-69.40747
2006,2003,7.97001,6.72458,25.07034,-69.40718
2007,2004,7.96504,6.72122,25.06463,-69.40688
2008,2005,7.96007,6.71789,25.059,-69.40656
2009,2006,7.9551,6.71457,25.05345,-69.40624
2010,2007,7.95014,6.71127,25.04799,-69.40591
2011,2008,7.94519,6.70798,25.04261,-69.40557
2012,2009,7.94024,6.70472,25.03732,-69.40522
2013,2010,7.93529,6.70148,25.03213,-69.40486
2014,2011,7.93034,6.69825,25.02702,-69.4045
2015,2012,7.9254,6.69505,25.02201,-69.40412
2016,2013,7.92047,6.69186,25.01709,-69.40373
2017,2014,7.91553,6.68869,25.01227,-69.40333
2018,2015,7.91061,6.68555,25.00754,-69.40293
2019,2016,7.90568,6.68242,25.0029,-69.40251
2020,2017,7.90076,6.67932,24.99836,-69.40209
2021,2018,7.89585,6.67624,24.99391,-69.40165
2022,2019,7.89093,6.67317,24.98955,-69.4012
2023,2020,7.88603,6.67013,24.98528,-69.40075
2024,2021,7.88113,6.66711,24.9811,-69.40028
2025,2022,7.87623,6.66411,24.97701,-69.39981
2026,2023,7.87133,6.66113,24.973,-69.39932
2027,2024,7.86644,6.65817,24.96909,-69.39883
2028,2025,7.86156,6.65524,24.96526,-69.39833
2029,2026,7.85668,6.65232,24.96151,-69.39781
2030,2027,7.85181,6.64943,24.95784,-69.39729
2031,2028,7.84694,6.64656,24.95426,-69.39675
2032,2029,7.84207,6.64371,24.95075,-69.39621
2033,2030,7.83721,6.64088,24.94732,-69.39566
2034,2031,7.83236,6.63808,24.94396,-69.39509
2035,2032,7.82751,6.6353,24.94068,-69.39452
2036,2033,7.82266,6.63254,24.93747,-69.39394
2037,2034,7.81783,6.6298,24.93433,-69.39334
2038,2035,7.81299,6.62709,24.93126,-69.39274
2039,2036,7.80816,6.6244,24.92825,-69.39213
2040,2037,7.80334,6.62173,24.92531,-69.39151
2041,2038,7.79852,6.61909,24.92243,-69.39088
2042,2039,7.79371,6.61647,24.91962,-69.39024
2043,2040,7.7889,6.61387,24.91686,-69.38958
2044,2041,7.7841,6.6113,24.91416,-69.38892
2045,2042,7.77931,6.60875,24.91151,-69.38825
2046,2043,7.77452,6.60622,24.90892,-69.38757
2047,2044,7.76974,6.60372,24.90638,-69.38688
2048,2045,7.76496,6.60125,24.90389,-69.38618
2049,2046,7.76019,6.59879,24.90144,-69.38547
2050,2047,7.75542,6.59637,24.89905,-69.38476
2051,2048,7.75066,6.59396,24.89669,-69.38403
2052,2049,7.74591,6.59158,24.89438,-69.38329
2053,2050,7.74116,6.58923,24.89211,-69.38254
2054,2051,7.73642,6.5869,24.88988,-69.38179
2055,2052,7.73169,6.58459,24.88768,-69.38102
2056,2053,7.72696,6.58231,24.88552,-69.38025
2057,2054,7.72224,6.58006,24.88339,-69.37947
2058,2055,7.71753,6.57783,24.88129,-69.37867
2059,2056,7.71282,6.57562,24.87921,-69.37787
2060,2057,7.70812,6.57344,24.87717,-69.37706
2061,2058,7.70343,6.57128,24.87514,-69.37625
2062,2059,7.69874,6.56915,24.87314,-69.37542
2063,2060,7.69406,6.56704,24.87116,-69.37459
2064,2061,7.68939,6.56496,24.8692,-69.37375
2065,2062,7.68472,6.5629,24.86726,-69.3729
2066,2063,7.68006,6.56087,24.86533,-69.37204
2067,2064,7.67541,6.55886,24.86341,-69.37117
2068,2065,7.67077,6.55687,24.8615,-69.3703
2069,2066,7.66613,6.55491,24.8596,-69.36942
2070,2067,7.6615,6.55298,24.8577,-69.36853
2071,2068,7.65688,6.55107,24.85581,-69.36763
2072,2069,7.65227,6.54918,24.85392,-69.36673
2073,2070,7.64766,6.54731,24.85203,-69.36582
2074,2071,7.64306,6.54547,24.85013,-69.3649
2075,2072,7.63847,6.54365,24.84823,-69.36398
2076,2073,7.63389,6.54186,24.84632,-69.36305
2077,2074,7.62932,6.54009,24.84439,-69.36211
2078,2075,7.62475,6.53833,24.84246,-69.36117
2079,2076,7.62019,6.5366,24.84051,-69.36022
2080,2077,7.61564,6.53489,24.83853,-69.35926
2081,2078,7.6111,6.5332,24.83654,-69.3583
2082,2079,7.60657,6.53153,24.83452,-69.35733
2083,2080,7.60204,6.52988,24.83247,-69.35636
2084,2081,7.59753,6.52824,24.83039,-69.35538
2085,2082,7.59302,6.52662,24.82828,-69.3544
2086,2083,7.58852,6.52502,24.82614,-69.35341
2087,2084,7.58403,6.52343,24.82396,-69.35242
2088,2085,7.57955,6.52185,24.82174,-69.35142
2089,2086,7.57508,6.52029,24.81947,-69.35041
2090,2087,7.57061,6.51874,24.81717,-69.3494
2091,2088,7.56616,6.5172,24.81482,-69.34839
2092,2089,7.56172,6.51568,24.81242,-69.34737
2093,2090,7.55728,6.51416,24.80998,-69.34635
2094,2091,7.55285,6.51265,24.80748,-69.34532
2095,2092,7.54844,6.51115,24.80493,-69.34428
2096,2093,7.54403,6.50966,24.80233,-69.34325
2097,2094,7.53963,6.50818,24.79966,-69.3422
2098,2095,7.53524,6.50671,24.79695,-69.34116
2099,2096,7.53086,6.50525,24.79417,-69.3401
2100,2097,7.52649,6.50379,24.79133,-69.33905
2101,2098,7.52213,6.50234,24.78843,-69.33799
2102,2099,7.51778,6.50089,24.78546,-69.33692
2103,2100,7.51344,6.49946,24.78243,-69.33585
2104,2101,7.50911,6.49802,24.77933,-69.33478
2105,2102,7.50479,6.4966,24.77617,-69.3337
2106,2103,7.50048,6.49518,24.77293,-69.33262
2107,2104,7.49618,6.49376,24.76963,-69.33153
2108,2105,7.49189,6.49235,24.76625,-69.33044
2109,2106,7.48761,6.49095,24.7628,-69.32935
2110,2107,7.48334,6.48955,24.75928,-69.32825
2111,2108,7.47908,6.48816,24.75568,-69.32714
2112,2109,7.47484,6.48677,24.75201,-69.32604
2113,2110,7.4706,6.48538,24.74826,-69.32493
2114,2111,7.46637,6.484,24.74443,-69.32381
2115,2112,7.46215,6.48263,24.74053,-69.32269
2116,2113,7.45795,6.48125,24.73655,-69.32157
2117,2114,7.45375,6.47989,24.73248,-69.32045
2118,2115,7.44957,6.47852,24.72834,-69.31932
2119,2116,7.44539,6.47716,24.72412,-69.31819
2120,2117,7.44123,6.4758,24.71981,-69.31705
2121,2118,7.43708,6.47444,24.71543,-69.31591
2122,2119,7.43294,6.47308,24.71096,-69.31477
2123,2120,7.42881,6.47172,24.70642,-69.31362
2124,2121,7.42469,6.47037,24.70179,-69.31247
2125,2122,7.42058,6.46902,24.69708,-69.31132
2126,2123,7.41649,6.46766,24.69229,-69.31017
2127,2124,7.4124,6.46631,24.68743,-69.30901
2128,2125,7.40833,6.46495,24.68248,-69.30785
2129,2126,7.40426,6.4636,24.67746,-69.30668
2130,2127,7.40021,6.46224,24.67236,-69.30551
2131,2128,7.39617,6.46089,24.66718,-69.30434
2132,2129,7.39215,6.45953,24.66193,-69.30316
2133,2130,7.38813,6.45817,24.6566,-69.30199
2134,2131,7.38413,6.4568,24.65119,-69.3008
2135,2132,7.38013,6.45544,24.6457,-69.29962
2136,2133,7.37615,6.45407,24.64014,-69.29843
2137,2134,7.37218,6.45269,24.63451,-69.29724
2138,2135,7.36823,6.45132,24.6288,-69.29604
2139,2136,7.36428,6.44994,24.62301,-69.29484
2140,2137,7.36035,6.44855,24.61715,-69.29364
2141,2138,7.35643,6.44716,24.61122,-69.29244
2142,2139,7.35252,6.44577,24.60521,-69.29123
2143,2140,7.34862,6.44437,24.59913,-69.29001
2144,2141,7.34473,6.44296,24.59298,-69.2888
2145,2142,7.34086,6.44155,24.58675,-69.28758
2146,2143,7.337,6.44013,24.58044,-69.28635
2147,2144,7.33315,6.4387,24.57407,-69.28513
2148,2145,7.32932,6.43727,24.56761,-69.2839
2149,2146,7.3255,6.43583,24.56109,-69.28266
2150,2147,7.32169,6.43439,24.55449,-69.28142
2151,2148,7.31789,6.43293,24.54782,-69.28018
2152,2149,7.3141,6.43147,24.54107,-69.27894
2153,2150,7.31033,6.43,24.53425,-69.27769
2154,2151,7.30657,6.42853,24.52736,-69.27644
2155,2152,7.30283,6.42704,24.52039,-69.27518
2156,2153,7.29909,6.42555,24.51336,-69.27392
2157,2154,7.29537,6.42405,24.50625,-69.27266
2158,2155,7.29166,6.42254,24.49906,-69.2714
2159,2156,7.28797,6.42102,24.4918,-69.27013
2160,2157,7.28429,6.4195,24.48447,-69.26885
2161,2158,7.28062,6.41796,24.47707,-69.26758
2162,2159,7.27696,6.41642,24.46959,-69.2663
2163,2160,7.27332,6.41487,24.46205,-69.26501
2164,2161,7.26969,6.41331,24.45442,-69.26373
2165,2162,7.26608,6.41174,24.44673,-69.26243
2166,2163,7.26248,6.41016,24.43896,-69.26114
2167,2164,7.25889,6.40858,24.43112,-69.25984
2168,2165,7.25531,6.40698,24.42322,-69.25854
2169,2166,7.25175,6.40537,24.41523,-69.25723
2170,2167,7.2482,6.40376,24.40718,-69.25592
2171,2168,7.24467,6.40214,24.39906,-69.25461
2172,2169,7.24115,6.40051,24.39087,-69.25329
2173,2170,7.23764,6.39887,24.38261,-69.25197
2174,2171,7.23415,6.39722,24.37429,-69.25065
2175,2172,7.23067,6.39556,24.36589,-69.24932
2176,2173,7.2272,6.39389,24.35743,-69.24799
2177,2174,7.22375,6.39221,24.3489,-69.24665
2178,2175,7.22031,6.39053,24.3403,-69.24531
2179,2176,7.21689,6.38883,24.33163,-69.24396
2180,2177,7.21348,6.38712,24.3229,-69.24261
2181,2178,7.21009,6.38541,24.31411,-69.24126
2182,2179,7.20671,6.38368,24.30524,-69.2399
2183,2180,7.20334,6.38195,24.29631,-69.23854
2184,2181,7.19999,6.3802,24.28732,-69.23717
2185,2182,7.19665,6.37845,24.27825,-69.2358
2186,2183,7.19333,6.37669,24.26913,-69.23442
2187,2184,7.19002,6.37491,24.25993,-69.23304
2188,2185,7.18672,6.37313,24.25068,-69.23165
2189,2186,7.18344,6.37134,24.24135,-69.23026
2190,2187,7.18018,6.36953,24.23197,-69.22887
2191,2188,7.17693,6.36772,24.22252,-69.22747
2192,2189,7.17369,6.3659,24.213,-69.22606
2193,2190,7.17047,6.36407,24.20343,-69.22465
2194,2191,7.16727,6.36223,24.19378,-69.22323
2195,2192,7.16408,6.36038,24.18408,-69.22181
2196,2193,7.1609,6.35851,24.17432,-69.22039
2197,2194,7.15774,6.35664,24.16449,-69.21895
2198,2195,7.15459,6.35476,24.1546,-69.21752
2199,2196,7.15146,6.35287,24.14466,-69.21607
2200,2197,7.14835,6.35096,24.13465,-69.21462
2201,2198,7.14525,6.34905,24.12458,-69.21317
2202,2199,7.14216,6.34712,24.11445,-69.21171
2203,2200,7.13909,6.34519,24.10426,-69.21024
2204,2201,7.13603,6.34324,24.09402,-69.20877
2205,2202,7.13299,6.34128,24.08372,-69.20729
2206,2203,7.12997,6.33931,24.07336,-69.20581
2207,2204,7.12696,6.33732,24.06294,-69.20432
2208,2205,7.12397,6.33533,24.05247,-69.20282
2209,2206,7.12099,6.33332,24.04195,-69.20132
2210,2207,7.11802,6.33129,24.03137,-69.19981
2211,2208,7.11508,6.32926,24.02073,-69.1983
2212,2209,7.11214,6.32721,24.01005,-69.19678
2213,2210,7.10923,6.32515,23.99931,-69.19525
2214,2211,7.10633,6.32307,23.98852,-69.19372
2215,2212,7.10344,6.32099,23.97768,-69.19218
2216,2213,7.10057,6.31888,23.96679,-69.19064
2217,2214,7.09771,6.31677,23.95585,-69.18909
2218,2215,7.09488,6.31464,23.94486,-69.18753
2219,2216,7.09205,6.31249,23.93382,-69.18597
2220,2217,7.08924,6.31033,23.92274,-69.1844
2221,2218,7.08645,6.30816,23.91162,-69.18283
2222,2219,7.08367,6.30597,23.90045,-69.18125
2223,2220,7.08091,6.30377,23.88923,-69.17966
2224,2221,7.07817,6.30155,23.87798,-69.17807
2225,2222,7.07544,6.29932,23.86668,-69.17647
2226,2223,7.07272,6.29707,23.85535,-69.17486
2227,2224,7.07002,6.29482,23.84398,-69.17325
2228,2225,7.06734,6.29254,23.83257,-69.17163
2229,2226,7.06467,6.29026,23.82112,-69.17001
2230,2227,7.06202,6.28796,23.80964,-69.16838
2231,2228,7.05939,6.28564,23.79813,-69.16675
2232,2229,7.05676,6.28332,23.78658,-69.16511
2233,2230,7.05416,6.28098,23.77501,-69.16346
2234,2231,7.05157,6.27862,23.76341,-69.16181
2235,2232,7.049,6.27625,23.75178,-69.16015
2236,2233,7.04644,6.27387,23.74012,-69.15848
2237,2234,7.0439,6.27148,23.72843,-69.15681
2238,2235,7.04137,6.26908,23.71672,-69.15514
2239,2236,7.03886,6.26666,23.70498,-69.15346
2240,2237,7.03636,6.26423,23.69322,-69.15177
2241,2238,7.03388,6.26179,23.68143,-69.15008
2242,2239,7.03142,6.25933,23.66961,-69.14838
2243,2240,7.02897,6.25687,23.65777,-69.14668
2244,2241,7.02653,6.25439,23.6459,-69.14498
2245,2242,7.02411,6.2519,23.63401,-69.14326
2246,2243,7.02171,6.2494,23.62209,-69.14155
2247,2244,7.01932,6.24688,23.61015,-69.13982
2248,2245,7.01695,6.24436,23.59818,-69.1381
2249,2246,7.0146,6.24182,23.58618,-69.13637
2250,2247,7.01225,6.23927,23.57416,-69.13463
2251,2248,7.00993,6.23671,23.56211,-69.13289
2252,2249,7.00762,6.23414,23.55004,-69.13115
2253,2250,7.00532,6.23156,23.53794,-69.1294
2254,2251,7.00304,6.22897,23.52581,-69.12765
2255,2252,7.00078,6.22637,23.51366,-69.12589
2256,2253,6.99853,6.22376,23.50148,-69.12413
2257,2254,6.99629,6.22114,23.48927,-69.12237
2258,2255,6.99407,6.21851,23.47703,-69.1206
2259,2256,6.99187,6.21588,23.46477,-69.11883
2260,2257,6.98968,6.21323,23.45248,-69.11706
2261,2258,6.9875,6.21057,23.44016,-69.11529
2262,2259,6.98534,6.20791,23.42781,-69.11351
2263,2260,6.9832,6.20523,23.41543,-69.11173
2264,2261,6.98107,6.20255,23.40303,-69.10995
2265,2262,6.97895,6.19986,23.3906,-69.10817
2266,2263,6.97685,6.19717,23.37814,-69.10639
2267,2264,6.97477,6.19446,23.36565,-69.1046
2268,2265,6.9727,6.19175,23.35314,-69.10281
2269,2266,6.97064,6.18903,23.3406,-69.10103
2270,2267,6.9686,6.18631,23.32803,-69.09924
2271,2268,6.96658,6.18358,23.31544,-69.09745
2272,2269,6.96456,6.18085,23.30282,-69.09566
2273,2270,6.96257,6.17811,23.29018,-69.09387
2274,2271,6.96058,6.17536,23.27752,-69.09208
2275,2272,6.95862,6.17261,23.26483,-69.09029
2276,2273,6.95666,6.16986,23.25212,-69.08851
2277,2274,6.95472,6.1671,23.23939,-69.08672
2278,2275,6.9528,6.16433,23.22665,-69.08494
2279,2276,6.95089,6.16156,23.21388,-69.08315
2280,2277,6.94899,6.15879,23.2011,-69.08137
2281,2278,6.94711,6.15601,23.18831,-69.07959
2282,2279,6.94524,6.15322,23.1755,-69.07781
2283,2280,6.94338,6.15044,23.16268,-69.07604
2284,2281,6.94154,6.14764,23.14985,-69.07427
2285,2282,6.93972,6.14485,23.13701,-69.0725
2286,2283,6.93791,6.14205,23.12415,-69.07073
2287,2284,6.93611,6.13924,23.11129,-69.06897
2288,2285,6.93432,6.13644,23.09842,-69.06721
2289,2286,6.93255,6.13363,23.08555,-69.06546
2290,2287,6.93079,6.13081,23.07267,-69.06371
2291,2288,6.92905,6.128,23.05978,-69.06196
2292,2289,6.92732,6.12518,23.0469,-69.06022
2293,2290,6.9256,6.12235,23.034,-69.05848
2294,2291,6.9239,6.11953,23.02111,-69.05676
2295,2292,6.92221,6.1167,23.00822,-69.05503
2296,2293,6.92053,6.11387,22.99532,-69.05332
2297,2294,6.91887,6.11104,22.98243,-69.05161
2298,2295,6.91722,6.1082,22.96954,-69.0499
2299,2296,6.91558,6.10536,22.95664,-69.04821
2300,2297,6.91396,6.10253,22.94375,-69.04652
2301,2298,6.91235,6.09969,22.93087,-69.04484
2302,2299,6.91075,6.09685,22.91799,-69.04316
2303,2300,6.90917,6.094,22.90511,-69.0415
2304,2301,6.9076,6.09116,22.89224,-69.03984
2305,2302,6.90604,6.08831,22.87937,-69.03819
2306,2303,6.90449,6.08546,22.86651,-69.03656
2307,2304,6.90296,6.08261,22.85365,-69.03492
2308,2305,6.90144,6.07976,22.8408,-69.0333
2309,2306,6.89993,6.07691,22.82796,-69.03169
2310,2307,6.89843,6.07406,22.81513,-69.03008
2311,2308,6.89695,6.0712,22.8023,-69.02849
2312,2309,6.89548,6.06834,22.78949,-69.0269
2313,2310,6.89402,6.06548,22.77668,-69.02533
2314,2311,6.89257,6.06262,22.76388,-69.02376
2315,2312,6.89113,6.05975,22.75109,-69.0222
2316,2313,6.88971,6.05688,22.7383,-69.02065
2317,2314,6.8883,6.05401,22.72553,-69.01911
2318,2315,6.8869,6.05113,22.71276,-69.01758
2319,2316,6.88551,6.04825,22.70001,-69.01606
2320,2317,6.88414,6.04537,22.68726,-69.01455
2321,2318,6.88277,6.04248,22.67452,-69.01305
2322,2319,6.88142,6.03959,22.66179,-69.01156
2323,2320,6.88008,6.0367,22.64907,-69.01008
2324,2321,6.87875,6.0338,22.63636,-69.0086
2325,2322,6.87743,6.0309,22.62366,-69.00714
2326,2323,6.87612,6.028,22.61096,-69.00569
2327,2324,6.87483,6.02509,22.59828,-69.00424
2328,2325,6.87354,6.02218,22.5856,-69.00281
2329,2326,6.87227,6.01926,22.57293,-69.00139
2330,2327,6.871,6.01634,22.56027,-68.99997
2331,2328,6.86975,6.01342,22.54762,-68.99857
2332,2329,6.86851,6.01049,22.53498,-68.99717
2333,2330,6.86728,6.00756,22.52235,-68.99579
2334,2331,6.86606,6.00463,22.50973,-68.99441
2335,2332,6.86485,6.00169,22.49711,-68.99304
2336,2333,6.86365,5.99874,22.4845,-68.99168
2337,2334,6.86246,5.9958,22.4719,-68.99033
2338,2335,6.86128,5.99284,22.45931,-68.98899
2339,2336,6.86011,5.98988,22.44672,-68.98765
2340,2337,6.85895,5.98692,22.43414,-68.98633
2341,2338,6.8578,5.98395,22.42157,-68.98501
2342,2339,6.85666,5.98098,22.409,-68.98369
2343,2340,6.85553,5.978,22.39644,-68.98238
2344,2341,6.85441,5.97501,22.38389,-68.98108
2345,2342,6.8533,5.97202,22.37135,-68.97978
2346,2343,6.8522,5.96902,22.35881,-68.97849
2347,2344,6.85111,5.96602,22.34628,-68.9772
2348,2345,6.85002,5.96301,22.33375,-68.97592
2349,2346,6.84895,5.96,22.32123,-68.97464
2350,2347,6.84789,5.95698,22.30871,-68.97336
2351,2348,6.84683,5.95395,22.2962,-68.97209
2352,2349,6.84578,5.95091,22.2837,-68.97082
2353,2350,6.84475,5.94787,22.2712,-68.96956
2354,2351,6.84372,5.94482,22.2587,-68.9683
2355,2352,6.8427,5.94177,22.24621,-68.96704
2356,2353,6.84168,5.93871,22.23373,-68.96579
2357,2354,6.84068,5.93564,22.22125,-68.96455
2358,2355,6.83968,5.93256,22.20878,-68.9633
2359,2356,6.8387,5.92947,22.19632,-68.96206
2360,2357,6.83772,5.92638,22.18386,-68.96083
2361,2358,6.83675,5.92328,22.17141,-68.95959
2362,2359,6.83578,5.92017,22.15897,-68.95836
2363,2360,6.83483,5.91706,22.14654,-68.95713
2364,2361,6.83388,5.91393,22.13412,-68.9559
2365,2362,6.83294,5.9108,22.1217,-68.95467
2366,2363,6.83201,5.90766,22.1093,-68.95345
2367,2364,6.83108,5.90451,22.09691,-68.95223
2368,2365,6.83016,5.90135,22.08452,-68.95101
2369,2366,6.82925,5.89818,22.07216,-68.94979
2370,2367,6.82835,5.895,22.0598,-68.94857
2371,2368,6.82745,5.89181,22.04746,-68.94736
2372,2369,6.82656,5.88862,22.03513,-68.94615
2373,2370,6.82568,5.88541,22.02281,-68.94494
2374,2371,6.8248,5.8822,22.01051,-68.94373
2375,2372,6.82393,5.87897,21.99823,-68.94252
2376,2373,6.82306,5.87573,21.98596,-68.94131
2377,2374,6.8222,5.87249,21.97371,-68.94011
2378,2375,6.82135,5.86923,21.96148,-68.9389
2379,2376,6.82051,5.86597,21.94927,-68.9377
2380,2377,6.81967,5.86269,21.93707,-68.93649
2381,2378,6.81883,5.85941,21.9249,-68.93529
2382,2379,6.818,5.85611,21.91275,-68.93408
2383,2380,6.81718,5.85281,21.90062,-68.93288
2384,2381,6.81636,5.84949,21.88852,-68.93168
2385,2382,6.81555,5.84616,21.87644,-68.93047
2386,2383,6.81474,5.84283,21.86438,-68.92927
2387,2384,6.81394,5.83948,21.85235,-68.92806
2388,2385,6.81315,5.83612,21.84035,-68.92685
2389,2386,6.81235,5.83275,21.82838,-68.92564
2390,2387,6.81157,5.82938,21.81644,-68.92443
2391,2388,6.81079,5.82599,21.80453,-68.92322
2392,2389,6.81001,5.82259,21.79265,-68.92201
2393,2390,6.80924,5.81917,21.78081,-68.9208
2394,2391,6.80847,5.81575,21.769,-68.91958
2395,2392,6.8077,5.81232,21.75723,-68.91837
2396,2393,6.80694,5.80888,21.7455,-68.91715
2397,2394,6.80619,5.80543,21.7338,-68.91593
2398,2395,6.80543,5.80196,21.72215,-68.91471
2399,2396,6.80469,5.79849,21.71055,-68.91349
2400,2397,6.80394,5.79501,21.69899,-68.91227
2401,2398,6.8032,5.79151,21.68748,-68.91105
2402,2399,6.80246,5.78801,21.67601,-68.90983
2403,2400,6.80173,5.78449,21.6646,-68.9086
2404,2401,6.801,5.78097,21.65324,-68.90738
2405,2402,6.80027,5.77743,21.64193,-68.90616
2406,2403,6.79954,5.77389,21.63068,-68.90493
2407,2404,6.79882,5.77034,21.61949,-68.90371
2408,2405,6.7981,5.76677,21.60835,-68.90248
2409,2406,6.79739,5.7632,21.59728,-68.90126
2410,2407,6.79667,5.75962,21.58627,-68.90003
2411,2408,6.79596,5.75603,21.57533,-68.89881
2412,2409,6.79525,5.75243,21.56445,-68.89758
2413,2410,6.79455,5.74882,21.55364,-68.89636
2414,2411,6.79384,5.74521,21.5429,-68.89513
2415,2412,6.79314,5.74158,21.53223,-68.89391
2416,2413,6.79244,5.73795,21.52163,-68.89268
2417,2414,6.79174,5.7343,21.51111,-68.89146
2418,2415,6.79105,5.73065,21.50065,-68.89023
2419,2416,6.79035,5.72699,21.49028,-68.88901
2420,2417,6.78966,5.72332,21.47998,-68.88778
2421,2418,6.78897,5.71965,21.46976,-68.88655
2422,2419,6.78827,5.71596,21.45962,-68.88532
2423,2420,6.78758,5.71227,21.44957,-68.88409
2424,2421,6.7869,5.70856,21.43959,-68.88286
2425,2422,6.78621,5.70485,21.4297,-68.88163
2426,2423,6.78552,5.70114,21.4199,-68.8804
2427,2424,6.78483,5.69741,21.41018,-68.87916
2428,2425,6.78415,5.69368,21.40055,-68.87793
2429,2426,6.78346,5.68994,21.391,-68.87669
2430,2427,6.78278,5.68619,21.38155,-68.87545
2431,2428,6.78209,5.68243,21.37219,-68.87421
2432,2429,6.78141,5.67866,21.36292,-68.87297
2433,2430,6.78073,5.67489,21.35374,-68.87173
2434,2431,6.78004,5.67111,21.34466,-68.87048
2435,2432,6.77936,5.66733,21.33568,-68.86924
2436,2433,6.77868,5.66353,21.32679,-68.86799
2437,2434,6.77799,5.65973,21.318,-68.86674
2438,2435,6.77731,5.65592,21.30931,-68.86549
2439,2436,6.77662,5.6521,21.30072,-68.86423
2440,2437,6.77594,5.64828,21.29223,-68.86298
2441,2438,6.77525,5.64445,21.28384,-68.86172
2442,2439,6.77457,5.64061,21.27554,-68.86047
2443,2440,6.77388,5.63677,21.26735,-68.85921
2444,2441,6.77319,5.63292,21.25926,-68.85795
2445,2442,6.77251,5.62906,21.25127,-68.85669
2446,2443,6.77182,5.62519,21.24339,-68.85542
2447,2444,6.77113,5.62132,21.2356,-68.85416
2448,2445,6.77044,5.61744,21.22791,-68.85289
2449,2446,6.76975,5.61355,21.22033,-68.85162
2450,2447,6.76905,5.60966,21.21285,-68.85035
2451,2448,6.76836,5.60576,21.20546,-68.84908
2452,2449,6.76767,5.60185,21.19818,-68.84781
2453,2450,6.76697,5.59794,21.191,-68.84653
2454,2451,6.76627,5.59402,21.18391,-68.84525
2455,2452,6.76558,5.59009,21.17692,-68.84398
2456,2453,6.76488,5.58616,21.17003,-68.84269
2457,2454,6.76418,5.58222,21.16323,-68.84141
2458,2455,6.76347,5.57828,21.15653,-68.84013
2459,2456,6.76277,5.57433,21.14993,-68.83884
2460,2457,6.76207,5.57037,21.14341,-68.83755
2461,2458,6.76136,5.56641,21.13699,-68.83626
2462,2459,6.76066,5.56245,21.13066,-68.83497
2463,2460,6.75995,5.55848,21.12441,-68.83368
2464,2461,6.75924,5.5545,21.11825,-68.83239
2465,2462,6.75853,5.55052,21.11217,-68.83109
2466,2463,6.75782,5.54654,21.10617,-68.82979
2467,2464,6.7571,5.54255,21.10024,-68.82849
2468,2465,6.75639,5.53856,21.09439,-68.8272
2469,2466,6.75568,5.53456,21.0886,-68.8259
2470,2467,6.75496,5.53056,21.08289,-68.82459
2471,2468,6.75424,5.52655,21.07723,-68.82329
2472,2469,6.75353,5.52254,21.07163,-68.82199
2473,2470,6.75281,5.51853,21.06609,-68.82068
2474,2471,6.75209,5.51452,21.06059,-68.81938
2475,2472,6.75137,5.5105,21.05514,-68.81807
2476,2473,6.75065,5.50647,21.04973,-68.81677
2477,2474,6.74993,5.50245,21.04436,-68.81546
2478,2475,6.74921,5.49842,21.03901,-68.81415
2479,2476,6.74848,5.49439,21.03368,-68.81285
2480,2477,6.74776,5.49036,21.02837,-68.81154
2481,2478,6.74704,5.48632,21.02308,-68.81023
2482,2479,6.74631,5.48228,21.01781,-68.80892
2483,2480,6.74559,5.47824,21.01255,-68.80761
2484,2481,6.74487,5.4742,21.00731,-68.8063
2485,2482,6.74414,5.47016,21.00208,-68.80499
2486,2483,6.74342,5.46611,20.99686,-68.80368
2487,2484,6.74269,5.46206,20.99165,-68.80237
2488,2485,6.74197,5.45801,20.98645,-68.80106
2489,2486,6.74125,5.45396,20.98126,-68.79975
2490,2487,6.74052,5.44991,20.97608,-68.79844
2491,2488,6.7398,5.44585,20.97092,-68.79713
2492,2489,6.73907,5.44179,20.96576,-68.79582
2493,2490,6.73835,5.43773,20.96061,-68.79451
2494,2491,6.73763,5.43367,20.95548,-68.7932
2495,2492,6.73691,5.42961,20.95036,-68.79189
2496,2493,6.73619,5.42555,20.94525,-68.79058
2497,2494,6.73546,5.42148,20.94015,-68.78927
2498,2495,6.73474,5.41742,20.93507,-68.78796
2499,2496,6.73402,5.41335,20.93001,-68.78665
2500,2497,6.73331,5.40928,20.92497,-68.78534
2501,2498,6.73259,5.40521,20.91994,-68.78403
2502,2499,6.73187,5.40114,20.91494,-68.78273
2503,2500,6.73116,5.39706,20.90996,-68.78142
2504,2501,6.73044,5.39299,20.905,-68.78011
2505,2502,6.72973,5.38892,20.90006,-68.77881
2506,2503,6.72901,5.38484,20.89515,-68.7775
2507,2504,6.7283,5.38076,20.89027,-68.7762
2508,2505,6.72759,5.37669,20.88541,-68.7749
2509,2506,6.72689,5.37261,20.88057,-68.7736
2510,2507,6.72618,5.36853,20.87575,-68.77229
2511,2508,6.72548,5.36445,20.87096,-68.77099
2512,2509,6.72477,5.36037,20.86619,-68.7697
2513,2510,6.72407,5.35629,20.86145,-68.7684
2514,2511,6.72337,5.35221,20.85672,-68.7671
2515,2512,6.72268,5.34813,20.85202,-68.76581
2516,2513,6.72198,5.34405,20.84733,-68.76451
2517,2514,6.72129,5.33997,20.84267,-68.76322
2518,2515,6.7206,5.33588,20.83803,-68.76193
2519,2516,6.71991,5.3318,20.83341,-68.76064
2520,2517,6.71923,5.32771,20.8288,-68.75936
2521,2518,6.71854,5.32363,20.82422,-68.75807
2522,2519,6.71786,5.31955,20.81965,-68.75679
2523,2520,6.71718,5.31546,20.81509,-68.7555
2524,2521,6.71651,5.31137,20.81055,-68.75422
2525,2522,6.71584,5.30729,20.80603,-68.75294
2526,2523,6.71517,5.3032,20.80152,-68.75166
2527,2524,6.7145,5.29911,20.79702,-68.75039
2528,2525,6.71384,5.29502,20.79254,-68.74911
2529,2526,6.71318,5.29094,20.78806,-68.74784
2530,2527,6.71252,5.28685,20.7836,-68.74657
2531,2528,6.71187,5.28276,20.77914,-68.74529
2532,2529,6.71122,5.27866,20.7747,-68.74402
2533,2530,6.71057,5.27457,20.77026,-68.74276
2534,2531,6.70993,5.27048,20.76583,-68.74149
2535,2532,6.70929,5.26639,20.76141,-68.74022
2536,2533,6.70865,5.26229,20.75699,-68.73896
2537,2534,6.70802,5.2582,20.75258,-68.73769
2538,2535,6.70739,5.2541,20.74817,-68.73643
2539,2536,6.70677,5.25,20.74376,-68.73517
2540,2537,6.70615,5.2459,20.73935,-68.73391
2541,2538,6.70553,5.2418,20.73495,-68.73265
2542,2539,6.70492,5.2377,20.73054,-68.73139
2543,2540,6.70431,5.2336,20.72613,-68.73013
2544,2541,6.70371,5.2295,20.72173,-68.72887
2545,2542,6.70311,5.2254,20.71731,-68.72762
2546,2543,6.70251,5.22129,20.7129,-68.72636
2547,2544,6.70192,5.21719,20.70848,-68.72511
2548,2545,6.70133,5.21308,20.70406,-68.72385
2549,2546,6.70075,5.20898,20.69963,-68.7226
2550,2547,6.70017,5.20487,20.6952,-68.72135
2551,2548,6.6996,5.20076,20.69076,-68.7201
2552,2549,6.69903,5.19665,20.68631,-68.71885
2553,2550,6.69847,5.19253,20.68186,-68.7176
2554,2551,6.69791,5.18842,20.6774,-68.71635
2555,2552,6.69736,5.1843,20.67293,-68.7151
2556,2553,6.69681,5.18019,20.66845,-68.71386
2557,2554,6.69626,5.17607,20.66396,-68.71261
2558,2555,6.69572,5.17195,20.65946,-68.71137
2559,2556,6.69519,5.16783,20.65495,-68.71012
2560,2557,6.69466,5.1637,20.65044,-68.70888
2561,2558,6.69414,5.15958,20.64591,-68.70764
2562,2559,6.69362,5.15545,20.64137,-68.7064
2563,2560,6.69311,5.15132,20.63682,-68.70516
2564,2561,6.6926,5.14718,20.63226,-68.70392
2565,2562,6.6921,5.14305,20.62769,-68.70269
2566,2563,6.6916,5.13891,20.6231,-68.70145
2567,2564,6.69111,5.13477,20.6185,-68.70022
2568,2565,6.69062,5.13062,20.61389,-68.69898
2569,2566,6.69014,5.12647,20.60926,-68.69775
2570,2567,6.68967,5.12232,20.60462,-68.69652
2571,2568,6.6892,5.11816,20.59995,-68.69529
2572,2569,6.68873,5.114,20.59527,-68.69406
2573,2570,6.68828,5.10984,20.59057,-68.69283
2574,2571,6.68782,5.10567,20.58585,-68.6916
2575,2572,6.68738,5.1015,20.58111,-68.69037
2576,2573,6.68694,5.09732,20.57634,-68.68914
2577,2574,6.6865,5.09313,20.57155,-68.68792
2578,2575,6.68608,5.08894,20.56674,-68.68669
2579,2576,6.68565,5.08475,20.56191,-68.68546
2580,2577,6.68524,5.08054,20.55705,-68.68424
2581,2578,6.68483,5.07633,20.55216,-68.68301
2582,2579,6.68442,5.07212,20.54725,-68.68179
2583,2580,6.68403,5.0679,20.54231,-68.68057
2584,2581,6.68363,5.06367,20.53735,-68.67934
2585,2582,6.68325,5.05943,20.53235,-68.67812
2586,2583,6.68287,5.05519,20.52733,-68.6769
2587,2584,6.6825,5.05094,20.52228,-68.67568
2588,2585,6.68213,5.04668,20.5172,-68.67445
2589,2586,6.68177,5.04242,20.51209,-68.67323
2590,2587,6.68142,5.03815,20.50695,-68.67201
2591,2588,6.68107,5.03387,20.50177,-68.67079
2592,2589,6.68073,5.02958,20.49656,-68.66957
2593,2590,6.6804,5.02529,20.49132,-68.66835
2594,2591,6.68007,5.02099,20.48604,-68.66713
2595,2592,6.67975,5.01668,20.48073,-68.66592
2596,2593,6.67943,5.01237,20.47538,-68.6647
2597,2594,6.67912,5.00806,20.46999,-68.66348
2598,2595,6.67882,5.00373,20.46456,-68.66226
2599,2596,6.67853,4.9994,20.4591,-68.66104
2600,2597,6.67824,4.99507,20.4536,-68.65983
2601,2598,6.67796,4.99073,20.44805,-68.65861
2602,2599,6.67768,4.98639,20.44246,-68.65739
2603,2600,6.67742,4.98205,20.43683,-68.65617
2604,2601,6.67716,4.9777,20.43116,-68.65496
2605,2602,6.6769,4.97335,20.42543,-68.65374
2606,2603,6.67665,4.96899,20.41967,-68.65252
2607,2604,6.67641,4.96464,20.41385,-68.65131
2608,2605,6.67618,4.96028,20.40799,-68.65009
2609,2606,6.67595,4.95592,20.40208,-68.64888
2610,2607,6.67573,4.95157,20.39613,-68.64766
2611,2608,6.67552,4.94721,20.39012,-68.64644
2612,2609,6.67531,4.94285,20.38407,-68.64523
2613,2610,6.67511,4.93849,20.37797,-68.64401
2614,2611,6.67492,4.93414,20.37181,-68.64279
2615,2612,6.67473,4.92978,20.36561,-68.64158
2616,2613,6.67455,4.92543,20.35937,-68.64036
2617,2614,6.67438,4.92108,20.35307,-68.63914
2618,2615,6.67421,4.91674,20.34672,-68.63792
2619,2616,6.67405,4.9124,20.34033,-68.63671
2620,2617,6.6739,4.90806,20.33389,-68.63549
2621,2618,6.67375,4.90373,20.32741,-68.63427
2622,2619,6.67361,4.89941,20.32088,-68.63306
2623,2620,6.67348,4.89509,20.3143,-68.63184
2624,2621,6.67336,4.89078,20.30768,-68.63062
2625,2622,6.67324,4.88648,20.30101,-68.6294
2626,2623,6.67313,4.88219,20.29429,-68.62818
2627,2624,6.67302,4.8779,20.28753,-68.62697
2628,2625,6.67292,4.87363,20.28073,-68.62575
2629,2626,6.67283,4.86937,20.27388,-68.62453
2630,2627,6.67274,4.86512,20.26698,-68.62331
2631,2628,6.67267,4.86088,20.26005,-68.62209
2632,2629,6.67259,4.85666,20.25306,-68.62087
2633,2630,6.67253,4.85245,20.24604,-68.61965
2634,2631,6.67247,4.84826,20.23897,-68.61844
2635,2632,6.67242,4.84408,20.23187,-68.61722
2636,2633,6.67237,4.83992,20.22472,-68.616
2637,2634,6.67233,4.83577,20.21752,-68.61478
2638,2635,6.6723,4.83164,20.21029,-68.61356
2639,2636,6.67227,4.82753,20.20302,-68.61234
2640,2637,6.67225,4.82344,20.1957,-68.61111
2641,2638,6.67224,4.81937,20.18835,-68.60989
2642,2639,6.67223,4.81532,20.18096,-68.60867
2643,2640,6.67223,4.81128,20.17353,-68.60745
2644,2641,6.67223,4.80727,20.16606,-68.60623
2645,2642,6.67224,4.80329,20.15856,-68.60501
2646,2643,6.67226,4.79932,20.15102,-68.60379
2647,2644,6.67228,4.79538,20.14345,-68.60256
2648,2645,6.67231,4.79146,20.13585,-68.60134
2649,2646,6.67234,4.78757,20.12821,-68.60012
2650,2647,6.67238,4.7837,20.12055,-68.5989
2651,2648,6.67243,4.77986,20.11285,-68.59767
2652,2649,6.67248,4.77604,20.10513,-68.59645
2653,2650,6.67254,4.77226,20.09737,-68.59523
2654,2651,6.6726,4.7685,20.08959,-68.594
2655,2652,6.67267,4.76476,20.08179,-68.59278
2656,2653,6.67275,4.76106,20.07396,-68.59156
2657,2654,6.67283,4.75738,20.06611,-68.59033
2658,2655,6.67291,4.75374,20.05823,-68.58911
2659,2656,6.67301,4.75013,20.05034,-68.58789
2660,2657,6.6731,4.74654,20.04243,-68.58666
2661,2658,6.6732,4.74299,20.0345,-68.58544
2662,2659,6.67331,4.73947,20.02656,-68.58422
2663,2660,6.67342,4.73599,20.0186,-68.58299
2664,2661,6.67354,4.73254,20.01063,-68.58177
2665,2662,6.67366,4.72912,20.00265,-68.58055
2666,2663,6.67379,4.72574,19.99467,-68.57932
2667,2664,6.67392,4.72239,19.98668,-68.5781
2668,2665,6.67406,4.71908,19.97868,-68.57687
2669,2666,6.6742,4.7158,19.97068,-68.57565
2670,2667,6.67434,4.71256,19.96267,-68.57442
2671,2668,6.67449,4.70936,19.95467,-68.5732
2672,2669,6.67465,4.7062,19.94667,-68.57197
2673,2670,6.67481,4.70307,19.93867,-68.57075
2674,2671,6.67497,4.69998,19.93067,-68.56952
2675,2672,6.67514,4.69693,19.92268,-68.5683
2676,2673,6.67531,4.69392,19.9147,-68.56707
2677,2674,6.67549,4.69095,19.90672,-68.56585
2678,2675,6.67566,4.68802,19.89875,-68.56462
2679,2676,6.67585,4.68513,19.8908,-68.56339
2680,2677,6.67604,4.68228,19.88285,-68.56217
2681,2678,6.67623,4.67947,19.87493,-68.56094
2682,2679,6.67642,4.67671,19.86701,-68.55972
2683,2680,6.67662,4.67399,19.85912,-68.55849
2684,2681,6.67682,4.67131,19.85125,-68.55726
2685,2682,6.67703,4.66867,19.84339,-68.55604
2686,2683,6.67724,4.66608,19.83556,-68.55481
2687,2684,6.67745,4.66353,19.82775,-68.55359
2688,2685,6.67766,4.66102,19.81997,-68.55236
2689,2686,6.67788,4.65856,19.81222,-68.55114
2690,2687,6.6781,4.65615,19.80449,-68.54992
2691,2688,6.67832,4.65378,19.79679,-68.54869
2692,2689,6.67855,4.65145,19.78913,-68.54747
2693,2690,6.67878,4.64917,19.78149,-68.54625
2694,2691,6.67901,4.64694,19.77389,-68.54502
2695,2692,6.67925,4.64475,19.76633,-68.5438
2696,2693,6.67948,4.64261,19.7588,-68.54258
2697,2694,6.67972,4.64052,19.75131,-68.54135
2698,2695,6.67996,4.63847,19.74386,-68.54013
2699,2696,6.68021,4.63647,19.73645,-68.53891
2700,2697,6.68045,4.63452,19.72908,-68.53768
2701,2698,6.6807,4.63261,19.72175,-68.53646
2702,2699,6.68095,4.63075,19.71446,-68.53524
2703,2700,6.6812,4.62894,19.70721,-68.53401
2704,2701,6.68145,4.62717,19.7,-68.53279
2705,2702,6.68171,4.62545,19.69284,-68.53156
2706,2703,6.68196,4.62378,19.68572,-68.53034
2707,2704,6.68222,4.62216,19.67865,-68.52911
2708,2705,6.68248,4.62059,19.67161,-68.52789
2709,2706,6.68274,4.61906,19.66463,-68.52666
2710,2707,6.683,4.61758,19.65768,-68.52544
2711,2708,6.68326,4.61616,19.65079,-68.52421
2712,2709,6.68352,4.61477,19.64393,-68.52298
2713,2710,6.68378,4.61344,19.63713,-68.52175
2714,2711,6.68405,4.61216,19.63037,-68.52053
2715,2712,6.68431,4.61092,19.62365,-68.5193
2716,2713,6.68458,4.60973,19.61699,-68.51807
2717,2714,6.68484,4.60859,19.61037,-68.51684
2718,2715,6.68511,4.6075,19.60379,-68.51562
2719,2716,6.68538,4.60646,19.59727,-68.51439
2720,2717,6.68564,4.60546,19.59079,-68.51316
2721,2718,6.68591,4.60452,19.58437,-68.51193
2722,2719,6.68617,4.60362,19.57799,-68.5107
2723,2720,6.68644,4.60277,19.57166,-68.50947
2724,2721,6.68671,4.60197,19.56538,-68.50824
2725,2722,6.68697,4.60121,19.55916,-68.50701
2726,2723,6.68724,4.6005,19.55298,-68.50579
2727,2724,6.6875,4.59984,19.54685,-68.50456
2728,2725,6.68776,4.59923,19.54078,-68.50333
2729,2726,6.68803,4.59866,19.53475,-68.50209
2730,2727,6.68829,4.59814,19.52878,-68.50086
2731,2728,6.68855,4.59767,19.52285,-68.49962
2732,2729,6.68881,4.59724,19.51698,-68.49838
2733,2730,6.68907,4.59685,19.51115,-68.49713
2734,2731,6.68933,4.59651,19.50537,-68.49587
2735,2732,6.68959,4.59622,19.49964,-68.4946
2736,2733,6.68984,4.59596,19.49396,-68.49332
2737,2734,6.6901,4.59576,19.48832,-68.49203
2738,2735,6.69035,4.59559,19.48273,-68.49074
2739,2736,6.6906,4.59547,19.47719,-68.48943
2740,2737,6.69085,4.59539,19.47168,-68.4881
2741,2738,6.6911,4.59536,19.46622,-68.48677
2742,2739,6.69135,4.59536,19.46079,-68.48542
2743,2740,6.69159,4.59541,19.45541,-68.48406
2744,2741,6.69184,4.5955,19.45006,-68.48269
2745,2742,6.69208,4.59563,19.44474,-68.4813
2746,2743,6.69232,4.5958,19.43946,-68.47989
2747,2744,6.69255,4.59601,19.43421,-68.47847
2748,2745,6.69279,4.59626,19.42899,-68.47704
2749,2746,6.69302,4.59654,19.42381,-68.47559
2750,2747,6.69325,4.59687,19.41865,-68.47412
2751,2748,6.69348,4.59723,19.41352,-68.47263
2752,2749,6.69371,4.59763,19.40842,-68.47113
2753,2750,6.69393,4.59807,19.40334,-68.46961
2754,2751,6.69415,4.59854,19.39829,-68.46807
2755,2752,6.69437,4.59905,19.39326,-68.46652
2756,2753,6.69459,4.5996,19.38825,-68.46495
2757,2754,6.6948,4.60018,19.38326,-68.46335
2758,2755,6.69501,4.60079,19.3783,-68.46174
2759,2756,6.69522,4.60144,19.37335,-68.46011
2760,2757,6.69543,4.60212,19.36841,-68.45846
2761,2758,6.69563,4.60283,19.3635,-68.4568
2762,2759,6.69583,4.60358,19.3586,-68.45511
2763,2760,6.69603,4.60435,19.35371,-68.4534
2764,2761,6.69622,4.60516,19.34883,-68.45168
2765,2762,6.69641,4.606,19.34397,-68.44993
2766,2763,6.6966,4.60687,19.33912,-68.44817
2767,2764,6.69679,4.60777,19.33428,-68.44638
2768,2765,6.69697,4.6087,19.32945,-68.44458
2769,2766,6.69715,4.60965,19.32463,-68.44276
2770,2767,6.69732,4.61064,19.31982,-68.44092
2771,2768,6.6975,4.61165,19.31501,-68.43904
2772,2769,6.69767,4.6127,19.31022,-68.43714
2773,2770,6.69783,4.61376,19.30544,-68.4352
2774,2771,6.698,4.61486,19.30066,-68.43322
2775,2772,6.69816,4.61598,19.29589,-68.43121
2776,2773,6.69832,4.61713,19.29113,-68.42914
2777,2774,6.69847,4.6183,19.28637,-68.42703
2778,2775,6.69862,4.6195,19.28163,-68.42487
2779,2776,6.69877,4.62072,19.27689,-68.42266
2780,2777,6.69891,4.62197,19.27215,-68.4204
2781,2778,6.69905,4.62324,19.26742,-68.41808
2782,2779,6.69918,4.62453,19.2627,-68.41571
2783,2780,6.69932,4.62585,19.25799,-68.41328
2784,2781,6.69945,4.62719,19.25328,-68.4108
2785,2782,6.69957,4.62856,19.24858,-68.40825
2786,2783,6.69969,4.62994,19.24389,-68.40565
2787,2784,6.69981,4.63135,19.23921,-68.40299
2788,2785,6.69993,4.63278,19.23453,-68.40027
2789,2786,6.70004,4.63424,19.22986,-68.39749
2790,2787,6.70014,4.63571,19.22521,-68.39465
2791,2788,6.70025,4.63721,19.22056,-68.39175
2792,2789,6.70035,4.63873,19.21592,-68.38878
2793,2790,6.70044,4.64027,19.21129,-68.38576
2794,2791,6.70053,4.64183,19.20667,-68.38267
2795,2792,6.70062,4.64342,19.20206,-68.37952
2796,2793,6.70071,4.64502,19.19747,-68.37631
2797,2794,6.70079,4.64664,19.19288,-68.37303
2798,2795,6.70086,4.64829,19.18831,-68.36969
2799,2796,6.70093,4.64996,19.18375,-68.3663
2800,2797,6.701,4.65164,19.17921,-68.36283
2801,2798,6.70107,4.65335,19.17468,-68.35931
2802,2799,6.70112,4.65508,19.17016,-68.35572
2803,2800,6.70118,4.65682,19.16566,-68.35208
2804,2801,6.70123,4.65859,19.16117,-68.34837
2805,2802,6.70128,4.66037,19.15669,-68.3446
2806,2803,6.70132,4.66217,19.15224,-68.34076
2807,2804,6.70136,4.66399,19.14779,-68.33687
2808,2805,6.7014,4.66583,19.14337,-68.33292
2809,2806,6.70143,4.66769,19.13895,-68.3289
2810,2807,6.70145,4.66957,19.13456,-68.32483
2811,2808,6.70148,4.67146,19.13018,-68.32069
2812,2809,6.70149,4.67337,19.12581,-68.3165
2813,2810,6.70151,4.6753,19.12146,-68.31225
2814,2811,6.70152,4.67724,19.11713,-68.30794
2815,2812,6.70152,4.6792,19.11281,-68.30357
2816,2813,6.70152,4.68118,19.10851,-68.29914
2817,2814,6.70152,4.68317,19.10423,-68.29466
2818,2815,6.70151,4.68519,19.09996,-68.29012
2819,2816,6.7015,4.68721,19.09571,-68.28552
2820,2817,6.70148,4.68926,19.09148,-68.28087
2821,2818,6.70146,4.69132,19.08726,-68.27617
2822,2819,6.70143,4.69339,19.08306,-68.27141
2823,2820,6.7014,4.69549,19.07888,-68.2666
2824,2821,6.70137,4.69759,19.07472,-68.26174
2825,2822,6.70133,4.69972,19.07057,-68.25682
2826,2823,6.70129,4.70186,19.06644,-68.25186
2827,2824,6.70124,4.70402,19.06234,-68.24684
2828,2825,6.70119,4.70619,19.05825,-68.24178
2829,2826,6.70113,4.70838,19.05417,-68.23667
2830,2827,6.70107,4.71059,19.05012,-68.23151
2831,2828,6.701,4.71282,19.04608,-68.2263
2832,2829,6.70093,4.71506,19.04207,-68.22105
2833,2830,6.70086,4.71731,19.03807,-68.21575
2834,2831,6.70078,4.71958,19.03409,-68.21041
2835,2832,6.7007,4.72187,19.03013,-68.20502
2836,2833,6.70061,4.72418,19.02618,-68.19959
2837,2834,6.70052,4.7265,19.02226,-68.19412
2838,2835,6.70042,4.72884,19.01835,-68.18861
2839,2836,6.70032,4.73119,19.01446,-68.18306
2840,2837,6.70021,4.73356,19.01059,-68.17747
2841,2838,6.7001,4.73595,19.00674,-68.17184
2842,2839,6.69999,4.73835,19.00291,-68.16617
2843,2840,6.69987,4.74077,18.99909,-68.16046
2844,2841,6.69974,4.7432,18.99528,-68.15472
2845,2842,6.69961,4.74565,18.9915,-68.14895
2846,2843,6.69948,4.74811,18.98773,-68.14314
2847,2844,6.69934,4.75059,18.98397,-68.1373
2848,2845,6.6992,4.75308,18.98023,-68.13142
2849,2846,6.69905,4.75559,18.97651,-68.12552
2850,2847,6.6989,4.75811,18.9728,-68.11958
2851,2848,6.69874,4.76065,18.9691,-68.11362
2852,2849,6.69858,4.7632,18.96542,-68.10762
2853,2850,6.69842,4.76577,18.96176,-68.1016
2854,2851,6.69825,4.76835,18.9581,-68.09555
2855,2852,6.69807,4.77095,18.95447,-68.08948
2856,2853,6.6979,4.77356,18.95084,-68.08338
2857,2854,6.69771,4.77619,18.94723,-68.07726
2858,2855,6.69753,4.77883,18.94364,-68.07111
2859,2856,6.69733,4.78148,18.94005,-68.06494
2860,2857,6.69714,4.78415,18.93648,-68.05876
2861,2858,6.69694,4.78684,18.93293,-68.05255
2862,2859,6.69673,4.78954,18.92938,-68.04632
2863,2860,6.69652,4.79225,18.92585,-68.04007
2864,2861,6.69631,4.79498,18.92233,-68.0338
2865,2862,6.69609,4.79772,18.91883,-68.02752
2866,2863,6.69587,4.80047,18.91533,-68.02122
2867,2864,6.69564,4.80324,18.91185,-68.01491
2868,2865,6.69541,4.80602,18.90838,-68.00858
2869,2866,6.69517,4.80881,18.90492,-68.00224
2870,2867,6.69493,4.81162,18.90147,-67.99589
2871,2868,6.69469,4.81443,18.89803,-67.98952
2872,2869,6.69444,4.81727,18.8946,-67.98315
2873,2870,6.69419,4.82011,18.89118,-67.97676
2874,2871,6.69393,4.82297,18.88778,-67.97037
2875,2872,6.69367,4.82584,18.88438,-67.96396
2876,2873,6.6934,4.82872,18.88099,-67.95755
2877,2874,6.69313,4.83161,18.87762,-67.95113
2878,2875,6.69286,4.83451,18.87425,-67.94471
2879,2876,6.69258,4.83743,18.87089,-67.93828
2880,2877,6.6923,4.84035,18.86754,-67.93185
2881,2878,6.69201,4.84329,18.86421,-67.92541
2882,2879,6.69173,4.84624,18.86088,-67.91897
2883,2880,6.69143,4.8492,18.85756,-67.91253
2884,2881,6.69114,4.85217,18.85425,-67.90608
2885,2882,6.69083,4.85515,18.85095,-67.89964
2886,2883,6.69053,4.85813,18.84766,-67.89319
2887,2884,6.69022,4.86113,18.84438,-67.88675
2888,2885,6.68991,4.86414,18.84111,-67.88031
2889,2886,6.6896,4.86716,18.83785,-67.87387
2890,2887,6.68928,4.87019,18.8346,-67.86743
2891,2888,6.68895,4.87323,18.83136,-67.86099
2892,2889,6.68863,4.87627,18.82813,-67.85457
2893,2890,6.6883,4.87933,18.82491,-67.84814
2894,2891,6.68797,4.88239,18.8217,-67.84172
2895,2892,6.68763,4.88546,18.8185,-67.83531
2896,2893,6.68729,4.88854,18.81532,-67.8289
2897,2894,6.68695,4.89163,18.81214,-67.8225
2898,2895,6.6866,4.89472,18.80898,-67.81611
2899,2896,6.68625,4.89783,18.80583,-67.80972
2900,2897,6.6859,4.90094,18.80269,-67.80335
2901,2898,6.68555,4.90406,18.79956,-67.79698
2902,2899,6.68519,4.90718,18.79645,-67.79062
2903,2900,6.68483,4.91032,18.79335,-67.78428
2904,2901,6.68446,4.91346,18.79026,-67.77795
2905,2902,6.68409,4.9166,18.78718,-67.77162
2906,2903,6.68372,4.91975,18.78411,-67.76531
2907,2904,6.68335,4.92291,18.78106,-67.75902
2908,2905,6.68297,4.92608,18.77802,-67.75273
2909,2906,6.6826,4.92925,18.775,-67.74646
2910,2907,6.68221,4.93242,18.77199,-67.7402
2911,2908,6.68183,4.9356,18.76899,-67.73396
2912,2909,6.68144,4.93879,18.766,-67.72774
2913,2910,6.68105,4.94198,18.76303,-67.72152
2914,2911,6.68066,4.94518,18.76007,-67.71533
2915,2912,6.68026,4.94838,18.75712,-67.70915
2916,2913,6.67986,4.95158,18.75419,-67.70298
2917,2914,6.67946,4.95479,18.75127,-67.69684
2918,2915,6.67906,4.95801,18.74836,-67.69071
2919,2916,6.67865,4.96122,18.74546,-67.6846
2920,2917,6.67824,4.96444,18.74258,-67.6785
2921,2918,6.67783,4.96766,18.73971,-67.67243
2922,2919,6.67741,4.97089,18.73686,-67.66637
2923,2920,6.677,4.97412,18.73401,-67.66033
2924,2921,6.67658,4.97735,18.73118,-67.65431
2925,2922,6.67615,4.98058,18.72836,-67.64831
2926,2923,6.67573,4.98382,18.72555,-67.64233
2927,2924,6.6753,4.98706,18.72276,-67.63637
2928,2925,6.67487,4.9903,18.71998,-67.63043
2929,2926,6.67444,4.99354,18.7172,-67.62452
2930,2927,6.674,4.99678,18.71444,-67.61862
2931,2928,6.67356,5.00003,18.71169,-67.61274
2932,2929,6.67312,5.00327,18.70895,-67.60689
2933,2930,6.67268,5.00652,18.70621,-67.60105
2934,2931,6.67224,5.00977,18.70349,-67.59524
2935,2932,6.67179,5.01302,18.70077,-67.58946
2936,2933,6.67134,5.01627,18.69806,-67.58369
2937,2934,6.67089,5.01951,18.69536,-67.57795
2938,2935,6.67043,5.02276,18.69266,-67.57223
2939,2936,6.66997,5.02601,18.68996,-67.56654
2940,2937,6.66951,5.02926,18.68727,-67.56087
2941,2938,6.66905,5.03251,18.68458,-67.55522
2942,2939,6.66859,5.03575,18.68189,-67.5496
2943,2940,6.66812,5.039,18.6792,-67.544
2944,2941,6.66765,5.04224,18.67651,-67.53843
2945,2942,6.66718,5.04548,18.67381,-67.53288
2946,2943,6.66671,5.04872,18.67112,-67.52735
2947,2944,6.66623,5.05195,18.66842,-67.52185
2948,2945,6.66575,5.05519,18.66571,-67.51638
2949,2946,6.66527,5.05842,18.663,-67.51092
2950,2947,6.66479,5.06164,18.66028,-67.5055
2951,2948,6.66431,5.06487,18.65755,-67.50009
2952,2949,6.66382,5.06808,18.65481,-67.49471
2953,2950,6.66333,5.0713,18.65206,-67.48936
2954,2951,6.66284,5.07451,18.6493,-67.48403
2955,2952,6.66235,5.07771,18.64652,-67.47872
2956,2953,6.66185,5.08091,18.64373,-67.47343
2957,2954,6.66135,5.0841,18.64093,-67.46817
2958,2955,6.66085,5.08729,18.6381,-67.46294
2959,2956,6.66035,5.09047,18.63526,-67.45773
2960,2957,6.65984,5.09364,18.6324,-67.45254
2961,2958,6.65934,5.09681,18.62952,-67.44737
2962,2959,6.65883,5.09997,18.62661,-67.44223
2963,2960,6.65832,5.10312,18.62368,-67.43711
2964,2961,6.65781,5.10626,18.62073,-67.43201
2965,2962,6.65729,5.10939,18.61775,-67.42694
2966,2963,6.65677,5.11252,18.61474,-67.42189
2967,2964,6.65625,5.11563,18.61171,-67.41686
2968,2965,6.65573,5.11873,18.60864,-67.41185
2969,2966,6.65521,5.12182,18.60555,-67.40687
2970,2967,6.65468,5.1249,18.60243,-67.40191
2971,2968,6.65415,5.12797,18.59927,-67.39697
2972,2969,6.65362,5.13102,18.59609,-67.39205
2973,2970,6.65309,5.13407,18.59287,-67.38715
2974,2971,6.65255,5.13709,18.58962,-67.38228
2975,2972,6.65201,5.14011,18.58633,-67.37742
2976,2973,6.65147,5.14311,18.58301,-67.37259
2977,2974,6.65093,5.14609,18.57966,-67.36777
2978,2975,6.65039,5.14906,18.57627,-67.36298
2979,2976,6.64984,5.15201,18.57284,-67.3582
2980,2977,6.64929,5.15495,18.56938,-67.35345
2981,2978,6.64874,5.15787,18.56588,-67.34871
2982,2979,6.64818,5.16077,18.56235,-67.34399
2983,2980,6.64763,5.16365,18.55878,-67.3393
2984,2981,6.64707,5.16652,18.55518,-67.33461
2985,2982,6.64651,5.16937,18.55154,-67.32995
2986,2983,6.64594,5.1722,18.54787,-67.32531
2987,2984,6.64537,5.175,18.54416,-67.32068
2988,2985,6.6448,5.17779,18.54042,-67.31607
2989,2986,6.64423,5.18056,18.53665,-67.31147
2990,2987,6.64366,5.18331,18.53283,-67.30689
2991,2988,6.64308,5.18604,18.52899,-67.30233
2992,2989,6.6425,5.18874,18.52511,-67.29778
2993,2990,6.64192,5.19142,18.52119,-67.29324
2994,2991,6.64133,5.19408,18.51724,-67.28873
2995,2992,6.64074,5.19672,18.51325,-67.28422
2996,2993,6.64015,5.19933,18.50923,-67.27973
2997,2994,6.63956,5.20193,18.50517,-67.27526
2998,2995,6.63896,5.20449,18.50106,-67.2708
2999,2996,6.63836,5.20704,18.49692,-67.26636
3000,2997,6.63776,5.20955,18.49274,-67.26193
3001,2998,6.63716,5.21205,18.48851,-67.25752
3002,2999,6.63655,5.21451,18.48425,-67.25312
3003,3000,6.63594,5.21696,18.47993,-67.24874
3004,3001,6.63532,5.21937,18.47558,-67.24437
3005,3002,6.61267,5.22176,18.47117,-67.24001
3006,3003,6.61195,5.22412,18.46672,-67.23567
3007,3004,6.61122,5.22646,18.46222,-67.23134
3008,3005,6.61049,5.22877,18.45767,-67.22702
3009,3006,6.60976,5.23105,18.45307,-67.22272
3010,3007,6.60903,5.2333,18.44842,-67.21844
3011,3008,6.60829,5.23553,18.44372,-67.21416
3012,3009,6.60755,5.23772,18.43897,-67.2099
3013,3010,6.60681,5.23989,18.43416,-67.20565
3014,3011,6.60606,5.24203,18.42931,-67.20141
3015,3012,6.60531,5.24414,18.4244,-67.19719
3016,3013,6.60455,5.24622,18.41943,-67.19298
3017,3014,6.60379,5.24827,18.41442,-67.18878
3018,3015,6.60303,5.25029,18.40934,-67.18459
3019,3016,6.60227,5.25228,18.40422,-67.18041
3020,3017,6.6015,5.25424,18.39904,-67.17625
3021,3018,6.60072,5.25617,18.39381,-67.17209
3022,3019,6.59995,5.25807,18.38853,-67.16795
3023,3020,6.59917,5.25994,18.38319,-67.16382
3024,3021,6.59838,5.26179,18.3778,-67.1597
3025,3022,6.5976,5.2636,18.37235,-67.15559
3026,3023,6.59681,5.26538,18.36686,-67.15149
3027,3024,6.59601,5.26713,18.36131,-67.14739
3028,3025,6.59521,5.26885,18.3557,-67.14331
3029,3026,6.59441,5.27055,18.35005,-67.13924
3030,3027,6.59361,5.27221,18.34434,-67.13518
3031,3028,6.5928,5.27384,18.33858,-67.13113
3032,3029,6.59198,5.27545,18.33277,-67.12708
3033,3030,6.59116,5.27702,18.32691,-67.12305
3034,3031,6.59034,5.27857,18.321,-67.11902
3035,3032,6.58952,5.28009,18.31504,-67.11501
3036,3033,6.58869,5.28158,18.30903,-67.11101
3037,3034,6.58785,5.28304,18.30297,-67.10702
3038,3035,6.58702,5.28447,18.29686,-67.10304
3039,3036,6.58617,5.28587,18.2907,-67.09908
3040,3037,6.58533,5.28725,18.2845,-67.09513
3041,3038,6.58448,5.28859,18.27825,-67.0912
3042,3039,6.58362,5.28992,18.27195,-67.08729
3043,3040,6.58277,5.29121,18.26561,-67.08339
3044,3041,6.5819,5.29248,18.25923,-67.07951
3045,3042,6.58104,5.29372,18.2528,-67.07564
3046,3043,6.58017,5.29493,18.24633,-67.0718
3047,3044,6.57929,5.29612,18.23981,-67.06797
3048,3045,6.57841,5.29728,18.23326,-67.06416
3049,3046,6.57753,5.29842,18.22667,-67.06037
3050,3047,6.57664,5.29953,18.22004,-67.0566
3051,3048,6.57574,5.30062,18.21338,-67.05285
3052,3049,6.57485,5.30169,18.20668,-67.04912
3053,3050,6.57394,5.30272,18.19995,-67.04542
3054,3051,6.57304,5.30374,18.19319,-67.04173
3055,3052,6.57213,5.30473,18.18639,-67.03807
3056,3053,6.57121,5.3057,18.17956,-67.03443
3057,3054,6.57029,5.30664,18.17271,-67.03082
3058,3055,6.56937,5.30757,18.16583,-67.02722
3059,3056,6.56844,5.30846,18.15892,-67.02365
3060,3057,6.5675,5.30934,18.15199,-67.02011
3061,3058,6.56656,5.31019,18.14504,-67.01659
3062,3059,6.56562,5.31102,18.13806,-67.0131
3063,3060,6.56467,5.31183,18.13106,-67.00963
3064,3061,6.56371,5.31262,18.12405,-67.00619
3065,3062,6.56275,5.31339,18.11702,-67.00278
3066,3063,6.56179,5.31413,18.10997,-66.99939
3067,3064,6.56082,5.31485,18.1029,-66.99604
3068,3065,6.55984,5.31556,18.09582,-66.99271
3069,3066,6.55886,5.31624,18.08873,-66.9894
3070,3067,6.55788,5.3169,18.08162,-66.98613
3071,3068,6.55688,5.31754,18.07451,-66.98289
3072,3069,6.55589,5.31816,18.06738,-66.97968
3073,3070,6.55489,5.31877,18.06025,-66.9765
3074,3071,6.55388,5.31935,18.05311,-66.97335
3075,3072,6.55286,5.31991,18.04597,-66.97023
3076,3073,6.55185,5.32046,18.03882,-66.96715
3077,3074,6.55082,5.32099,18.03168,-66.96409
3078,3075,6.54979,5.3215,18.02453,-66.96107
3079,3076,6.54876,5.32199,18.01738,-66.95809
3080,3077,6.54772,5.32247,18.01023,-66.95513
3081,3078,6.54667,5.32293,18.00308,-66.95221
3082,3079,6.54562,5.32337,17.99594,-66.94933
3083,3080,6.54456,5.3238,17.9888,-66.94648
3084,3081,6.5435,5.32421,17.98166,-66.94367
3085,3082,6.54243,5.32461,17.97453,-66.94089
3086,3083,6.54135,5.32499,17.96741,-66.93815
3087,3084,6.54027,5.32535,17.9603,-66.93544
3088,3085,6.53918,5.32571,17.9532,-66.93277
3089,3086,6.53809,5.32604,17.94611,-66.93014
3090,3087,6.53699,5.32637,17.93904,-66.92755
3091,3088,6.53588,5.32668,17.93197,-66.92499
3092,3089,6.53477,5.32698,17.92493,-66.92247
3093,3090,6.53366,5.32726,17.91789,-66.91999
3094,3091,6.53253,5.32754,17.91087,-66.91755
3095,3092,6.5314,5.3278,17.90387,-66.91515
3096,3093,6.53027,5.32805,17.89689,-66.91279
3097,3094,6.52913,5.32829,17.88993,-66.91046
3098,3095,6.52798,5.32851,17.88298,-66.90818
3099,3096,6.52683,5.32873,17.87606,-66.90593
3100,3097,6.52567,5.32893,17.86916,-66.90373
3101,3098,6.52451,5.32913,17.86229,-66.90157
3102,3099,6.52334,5.32931,17.85544,-66.89945
3103,3100,6.52216,5.32948,17.84861,-66.89737
3104,3101,6.52098,5.32964,17.84181,-66.89533
3105,3102,6.51979,5.32979,17.83505,-66.89333
3106,3103,6.51859,5.32992,17.82831,-66.89138
3107,3104,6.51739,5.33005,17.8216,-66.88947
3108,3105,6.51619,5.33017,17.81492,-66.88761
3109,3106,6.51497,5.33027,17.80828,-66.88578
3110,3107,6.51375,5.33037,17.80167,-66.88401
3111,3108,6.51253,5.33045,17.79509,-66.88227
3112,3109,6.5113,5.33052,17.78856,-66.88059
3113,3110,6.51006,5.33058,17.78205,-66.87895
3114,3111,6.50882,5.33063,17.77559,-66.87735
3115,3112,6.50757,5.33066,17.76917,-66.8758
3116,3113,6.50632,5.33069,17.76278,-66.8743
3117,3114,6.50506,5.3307,17.75643,-66.87285
3118,3115,6.50379,5.3307,17.75013,-66.87144
3119,3116,6.50252,5.3307,17.74386,-66.87008
3120,3117,6.50124,5.33067,17.73763,-66.86877
3121,3118,6.49996,5.33064,17.73145,-66.86751
3122,3119,6.49867,5.3306,17.7253,-66.86629
3123,3120,6.49737,5.33054,17.71919,-66.86513
3124,3121,6.49607,5.33047,17.71313,-66.86401
3125,3122,6.49476,5.33039,17.70711,-66.86295
3126,3123,6.49345,5.3303,17.70113,-66.86194
3127,3124,6.49213,5.33019,17.69519,-66.86098
3128,3125,6.49081,5.33007,17.68929,-66.86007
3129,3126,6.48948,5.32994,17.68343,-66.85921
3130,3127,6.48814,5.3298,17.67762,-66.8584
3131,3128,6.4868,5.32964,17.67185,-66.85765
3132,3129,6.48545,5.32947,17.66612,-66.85695
3133,3130,6.4841,5.32929,17.66043,-66.85629
3134,3131,6.48274,5.3291,17.65478,-66.8557
3135,3132,6.48138,5.32889,17.64917,-66.85515
3136,3133,6.48001,5.32867,17.6436,-66.85466
3137,3134,6.47864,5.32843,17.63808,-66.85422
3138,3135,6.47726,5.32818,17.6326,-66.85383
3139,3136,6.47588,5.32792,17.62715,-66.85349
3140,3137,6.47449,5.32764,17.62175,-66.85321
3141,3138,6.47309,5.32735,17.61639,-66.85297
3142,3139,6.47169,5.32704,17.61107,-66.8528
3143,3140,6.47029,5.32672,17.60579,-66.85267
3144,3141,6.46888,5.32638,17.60055,-66.85259
3145,3142,6.46746,5.32603,17.59535,-66.85257
3146,3143,6.46604,5.32567,17.59019,-66.8526
3147,3144,6.46462,5.32529,17.58507,-66.85268
3148,3145,6.46319,5.32489,17.57999,-66.85281
3149,3146,6.46176,5.32448,17.57495,-66.85299
3150,3147,6.46032,5.32406,17.56994,-66.85322
3151,3148,6.45888,5.32362,17.56498,-66.8535
3152,3149,6.45743,5.32316,17.56005,-66.85383
3153,3150,6.45598,5.32269,17.55517,-66.85422
3154,3151,6.45453,5.3222,17.55032,-66.85465
3155,3152,6.45307,5.3217,17.5455,-66.85513
3156,3153,6.45161,5.32119,17.54073,-66.85566
3157,3154,6.45014,5.32066,17.53599,-66.85624
3158,3155,6.44868,5.32011,17.53129,-66.85687
3159,3156,6.4472,5.31955,17.52663,-66.85754
3160,3157,6.44573,5.31898,17.522,-66.85826
3161,3158,6.44425,5.31839,17.5174,-66.85903
3162,3159,6.44277,5.31778,17.51285,-66.85985
3163,3160,6.44129,5.31716,17.50832,-66.86071
3164,3161,6.4398,5.31652,17.50383,-66.86161
3165,3162,6.43831,5.31587,17.49937,-66.86256
3166,3163,6.43682,5.3152,17.49495,-66.86355
3167,3164,6.43532,5.31452,17.49056,-66.86459
3168,3165,6.43382,5.31382,17.4862,-66.86566
3169,3166,6.43232,5.31311,17.48188,-66.86678
3170,3167,6.43082,5.31238,17.47759,-66.86794
3171,3168,6.42932,5.31163,17.47333,-66.86913
3172,3169,6.42781,5.31087,17.4691,-66.87037
3173,3170,6.4263,5.31009,17.4649,-66.87164
3174,3171,6.42479,5.3093,17.46073,-66.87295
3175,3172,6.42328,5.30849,17.4566,-66.8743
3176,3173,6.42176,5.30767,17.45249,-66.87568
3177,3174,6.42024,5.30683,17.44841,-66.8771
3178,3175,6.41873,5.30598,17.44437,-66.87855
3179,3176,6.41721,5.30512,17.44035,-66.88003
3180,3177,6.41568,5.30424,17.43637,-66.88155
3181,3178,6.41416,5.30334,17.43241,-66.88309
3182,3179,6.41264,5.30243,17.42848,-66.88467
3183,3180,6.41111,5.30151,17.42458,-66.88627
3184,3181,6.40958,5.30058,17.42071,-66.8879
3185,3182,6.40806,5.29963,17.41688,-66.88956
3186,3183,6.40653,5.29867,17.41307,-66.89125
3187,3184,6.405,5.29769,17.40929,-66.89296
3188,3185,6.40347,5.29671,17.40554,-66.89469
3189,3186,6.40193,5.29571,17.40183,-66.89644
3190,3187,6.4004,5.29469,17.39814,-66.89822
3191,3188,6.39887,5.29367,17.39449,-66.90002
3192,3189,6.39733,5.29263,17.39086,-66.90183
3193,3190,6.3958,5.29159,17.38727,-66.90367
3194,3191,6.39427,5.29052,17.3837,-66.90552
3195,3192,6.39273,5.28945,17.38016,-66.90739
3196,3193,6.3912,5.28837,17.37666,-66.90927
3197,3194,6.38966,5.28727,17.37318,-66.91116
3198,3195,6.38813,5.28616,17.36973,-66.91307
3199,3196,6.3866,5.28504,17.36632,-66.91499
3200,3197,6.38506,5.28391,17.36293,-66.91692
3201,3198,6.38353,5.28277,17.35957,-66.91886
3202,3199,6.382,5.28161,17.35625,-66.9208
3203,3200,6.38047,5.28044,17.35295,-66.92275
3204,3201,6.37894,5.27926,17.34968,-66.92471
3205,3202,6.37741,5.27807,17.34644,-66.92667
3206,3203,6.37588,5.27687,17.34324,-66.92863
3207,3204,6.37435,5.27565,17.34006,-66.93059
3208,3205,6.37282,5.27442,17.33692,-66.93255
3209,3206,6.3713,5.27318,17.33381,-66.93452
3210,3207,6.36978,5.27193,17.33072,-66.93648
3211,3208,6.36825,5.27066,17.32768,-66.93843
3212,3209,6.36673,5.26939,17.32466,-66.94038
3213,3210,6.36522,5.2681,17.32168,-66.94233
3214,3211,6.3637,5.26681,17.31873,-66.94426
3215,3212,6.36219,5.2655,17.31582,-66.94619
3216,3213,6.36067,5.26418,17.31294,-66.94811
3217,3214,6.35916,5.26285,17.3101,-66.95002
3218,3215,6.35766,5.26151,17.3073,-66.95191
3219,3216,6.35615,5.26016,17.30453,-66.95379
3220,3217,6.35465,5.2588,17.3018,-66.95566
3221,3218,6.35315,5.25743,17.29911,-66.95751
3222,3219,6.35165,5.25605,17.29646,-66.95935
3223,3220,6.35016,5.25466,17.29384,-66.96116
3224,3221,6.34867,5.25326,17.29126,-66.96296
3225,3222,6.34718,5.25185,17.28872,-66.96474
3226,3223,6.34569,5.25044,17.28622,-66.96649
3227,3224,6.34421,5.24901,17.28375,-66.96822
3228,3225,6.34273,5.24758,17.28132,-66.96993
3229,3226,6.34126,5.24613,17.27893,-66.97162
3230,3227,6.33978,5.24468,17.27657,-66.97328
3231,3228,6.33832,5.24323,17.27425,-66.97491
3232,3229,6.33685,5.24176,17.27196,-66.97652
3233,3230,6.33539,5.24029,17.2697,-66.9781
3234,3231,6.33393,5.23881,17.26748,-66.97965
3235,3232,6.33248,5.23732,17.26529,-66.98117
3236,3233,6.33103,5.23583,17.26312,-66.98266
3237,3234,6.32959,5.23433,17.26099,-66.98411
3238,3235,6.32814,5.23282,17.25889,-66.98554
3239,3236,6.32671,5.23131,17.25681,-66.98694
3240,3237,6.32527,5.22979,17.25477,-66.9883
3241,3238,6.32385,5.22826,17.25275,-66.98963
3242,3239,6.32242,5.22673,17.25076,-66.99093
3243,3240,6.321,5.2252,17.24879,-66.99219
3244,3241,6.31959,5.22366,17.24686,-66.99342
3245,3242,6.31817,5.22211,17.24495,-66.99462
3246,3243,6.31677,5.22056,17.24307,-66.99578
3247,3244,6.31537,5.219,17.24122,-66.99691
3248,3245,6.31397,5.21744,17.23939,-66.998
3249,3246,6.31257,5.21588,17.23759,-66.99907
3250,3247,6.31119,5.21431,17.23581,-67.00009
3251,3248,6.3098,5.21273,17.23406,-67.00109
3252,3249,6.30842,5.21115,17.23234,-67.00205
3253,3250,6.30705,5.20957,17.23064,-67.00298
3254,3251,6.30568,5.20798,17.22897,-67.00388
3255,3252,6.30431,5.20639,17.22732,-67.00475
3256,3253,6.30295,5.20479,17.2257,-67.00558
3257,3254,6.30159,5.20319,17.2241,-67.00638
3258,3255,6.30024,5.20158,17.22253,-67.00715
3259,3256,6.2989,5.19997,17.22099,-67.00788
3260,3257,6.29755,5.19835,17.21946,-67.00857
3261,3258,6.29622,5.19673,17.21797,-67.00923
3262,3259,6.29488,5.1951,17.21649,-67.00986
3263,3260,6.29355,5.19347,17.21505,-67.01044
3264,3261,6.29223,5.19183,17.21362,-67.01099
3265,3262,6.29091,5.19019,17.21223,-67.0115
3266,3263,6.2896,5.18854,17.21086,-67.01198
3267,3264,6.28829,5.18689,17.20951,-67.01242
3268,3265,6.28698,5.18523,17.20819,-67.01282
3269,3266,6.28568,5.18356,17.2069,-67.01319
3270,3267,6.28438,5.18189,17.20563,-67.01353
3271,3268,6.28309,5.18021,17.20439,-67.01382
3272,3269,6.2818,5.17853,17.20317,-67.01409
3273,3270,6.28052,5.17684,17.20199,-67.01432
3274,3271,6.27924,5.17514,17.20082,-67.01451
3275,3272,6.27797,5.17344,17.19969,-67.01468
3276,3273,6.2767,5.17173,17.19859,-67.01481
3277,3274,6.27543,5.17001,17.19751,-67.01491
3278,3275,6.27417,5.16829,17.19646,-67.01498
3279,3276,6.27291,5.16656,17.19544,-67.01502
3280,3277,6.27166,5.16483,17.19445,-67.01504
3281,3278,6.27041,5.16308,17.19349,-67.01503
3282,3279,6.26917,5.16133,17.19257,-67.01499
3283,3280,6.26793,5.15958,17.19167,-67.01493
3284,3281,6.26669,5.15781,17.1908,-67.01485
3285,3282,6.26546,5.15604,17.18997,-67.01475
3286,3283,6.26423,5.15426,17.18917,-67.01463
3287,3284,6.26301,5.15247,17.1884,-67.0145
3288,3285,6.26179,5.15067,17.18766,-67.01435
3289,3286,6.26057,5.14887,17.18696,-67.01419
3290,3287,6.25936,5.14706,17.18629,-67.01402
3291,3288,6.25815,5.14523,17.18566,-67.01384
3292,3289,6.25695,5.1434,17.18506,-67.01366
3293,3290,6.25575,5.14157,17.18449,-67.01348
3294,3291,6.25456,5.13972,17.18397,-67.01331
3295,3292,6.25336,5.13786,17.18348,-67.01314
3296,3293,6.25218,5.136,17.18302,-67.01297
3297,3294,6.25099,5.13412,17.1826,-67.01281
3298,3295,6.24981,5.13224,17.18222,-67.01265
3299,3296,6.24864,5.13034,17.18187,-67.0125
3300,3297,6.24746,5.12844,17.18156,-67.01234
3301,3298,6.2463,5.12653,17.18129,-67.01218
3302,3299,6.24513,5.12461,17.18105,-67.01202
3303,3300,6.24397,5.12268,17.18085,-67.01186
3304,3301,6.24282,5.12073,17.18069,-67.0117
