pid,time,view,permutation,all_three_within10,Carbs_actual,Carbs_predicted,Protein_actual,Protein_predicted,Fat_actual,Fat_predicted
4,2020-02-29 14:00:00,full_signal,-1,False,26.4,69.14231667182693,48.4,40.67883741064648,11.7,9.581860341877817
4,2020-02-29 20:00:00,full_signal,-1,False,48.7,64.0995212854715,6.5,44.224959947696824,30.0,11.408397921657437
4,2020-03-01 08:45:00,full_signal,-1,False,56.5,74.27197567560384,8.0,32.04178338881174,2.5,13.50995726278757
4,2020-03-01 13:15:00,full_signal,-1,False,7.3,80.7244858130707,107.3,37.42169160733866,46.5,16.989238034057966
4,2020-03-02 08:15:00,full_signal,-1,False,114.0,73.26076756927014,15.9,37.83049180801947,0.9,13.68496431601366
4,2020-03-02 12:30:00,full_signal,-1,False,6.8,65.6388430989402,21.9,39.774241099180976,11.7,11.483327930222057
4,2020-03-02 16:30:00,full_signal,-1,False,117.0,60.25976262362163,49.0,38.63497528165855,38.0,10.161162308204297
4,2020-03-03 09:30:00,full_signal,-1,False,56.5,64.99202357601828,8.0,18.075347588767055,2.5,9.261639365120484
4,2020-03-03 15:30:00,full_signal,-1,False,10.6,80.75226064476239,22.4,37.763330200393526,11.3,16.3574383089422
4,2020-03-03 20:30:00,full_signal,-1,False,6.8,65.4573091720945,55.3,36.035133807305336,28.5,9.203123923214262
4,2020-03-04 11:30:00,full_signal,-1,False,77.5,71.71264066884498,34.9,24.274524864432188,37.7,9.829253189121625
4,2020-03-05 09:00:00,full_signal,-1,False,83.5,67.17743885428939,9.3,26.679031930110554,2.9,10.112987773079368
4,2020-03-05 13:15:00,full_signal,-1,False,58.8,77.44228135758217,48.3,34.61030509334924,17.6,13.725680755604856
4,2020-03-05 20:00:00,full_signal,-1,False,6.8,61.12509193774686,42.3,48.89754416005789,4.8,11.983392510028535
4,2020-02-29 14:00:00,full_signal,0,False,26.4,65.50413322085002,48.4,37.81978368949496,11.7,10.868898875070158
4,2020-02-29 20:00:00,full_signal,0,False,48.7,77.07210909093537,6.5,32.17162076625046,30.0,14.477141784999494
4,2020-03-01 08:45:00,full_signal,0,False,56.5,76.07250336722907,8.0,33.38646286007059,2.5,13.608656542031298
4,2020-03-01 13:15:00,full_signal,0,False,7.3,65.72873465818952,107.3,26.605094809791307,46.5,9.994508048075716
4,2020-03-02 08:15:00,full_signal,0,False,114.0,67.41050108524372,15.9,21.251557743495823,0.9,10.78631639316984
4,2020-03-02 12:30:00,full_signal,0,False,6.8,70.02326142783284,21.9,41.22805445557419,11.7,10.408632595559377
4,2020-03-02 16:30:00,full_signal,0,False,117.0,80.29516992346434,49.0,37.18096534193913,38.0,15.886339085648867
4,2020-03-03 09:30:00,full_signal,0,False,56.5,58.099603815186626,8.0,32.12461300249182,2.5,8.495845598903664
4,2020-03-03 15:30:00,full_signal,0,False,10.6,67.18340741188209,22.4,47.28681502049783,11.3,13.426146914739213
4,2020-03-03 20:30:00,full_signal,0,False,6.8,65.4573091720945,55.3,36.035133807305336,28.5,9.203123923214262
4,2020-03-04 11:30:00,full_signal,0,False,77.5,71.37441984348786,34.9,33.09806867594283,37.7,11.986604115892636
4,2020-03-05 09:00:00,full_signal,0,False,83.5,63.26930366871604,9.3,46.212109196659746,2.9,11.921705777732592
4,2020-03-05 13:15:00,full_signal,0,False,58.8,69.50536239703062,48.3,24.629409308826457,17.6,9.793494175212842
4,2020-03-05 20:00:00,full_signal,0,False,6.8,75.7996858388181,42.3,33.49735027104069,4.8,14.235317509177131
4,2020-02-29 14:00:00,full_signal,1,False,26.4,59.20727275965842,48.4,38.512346055757064,11.7,9.17589593095169
4,2020-02-29 20:00:00,full_signal,1,False,48.7,64.0995212854715,6.5,44.224959947696824,30.0,11.408397921657437
4,2020-03-01 08:45:00,full_signal,1,False,56.5,78.66593719552687,8.0,35.588695492898694,2.5,15.01981661547656
4,2020-03-01 13:15:00,full_signal,1,False,7.3,64.70782572650391,107.3,37.400628803438565,46.5,11.126196036766625
4,2020-03-02 08:15:00,full_signal,1,False,114.0,63.94863398588546,15.9,39.30752461864085,0.9,10.653056754333814
4,2020-03-02 12:30:00,full_signal,1,False,6.8,69.35776110202539,21.9,24.945188543517236,11.7,9.888585447689234
4,2020-03-02 16:30:00,full_signal,1,False,117.0,68.06840851123538,49.0,21.68585493894731,38.0,11.167681996143923
4,2020-03-03 09:30:00,full_signal,1,False,56.5,68.48973699917845,8.0,35.82203358280238,2.5,8.490972206858453
4,2020-03-03 15:30:00,full_signal,1,False,10.6,61.52757815553737,22.4,51.26234453036918,11.3,12.657152299216811
4,2020-03-03 20:30:00,full_signal,1,False,6.8,73.32656880672243,55.3,28.338776813659223,28.5,10.941234710047869
4,2020-03-04 11:30:00,full_signal,1,False,77.5,71.37441984348786,34.9,33.09806867594283,37.7,11.986604115892636
4,2020-03-05 09:00:00,full_signal,1,False,83.5,79.21497769037053,9.3,35.93230225034421,2.9,15.82087087859243
4,2020-03-05 13:15:00,full_signal,1,False,58.8,67.52239643862832,48.3,27.618168937755875,17.6,10.522646595573509
4,2020-03-05 20:00:00,full_signal,1,False,6.8,76.33842142048819,42.3,33.66755748088124,4.8,13.844501245104569
4,2020-02-29 14:00:00,full_signal,2,False,26.4,67.42425420412768,48.4,27.031759958642425,11.7,10.36792918789082
4,2020-02-29 20:00:00,full_signal,2,False,48.7,72.24108360325893,6.5,27.901237562917863,30.0,12.572605412915886
4,2020-03-01 08:45:00,full_signal,2,False,56.5,78.66593719552687,8.0,35.588695492898694,2.5,15.01981661547656
4,2020-03-01 13:15:00,full_signal,2,False,7.3,80.7244858130707,107.3,37.42169160733866,46.5,16.989238034057966
4,2020-03-02 08:15:00,full_signal,2,False,114.0,68.9374083083032,15.9,40.57279484510213,0.9,10.001413431871098
4,2020-03-02 12:30:00,full_signal,2,False,6.8,61.66386577715441,21.9,51.03371626560663,11.7,12.574083599282584
4,2020-03-02 16:30:00,full_signal,2,False,117.0,60.25976262362163,49.0,38.63497528165855,38.0,10.161162308204297
4,2020-03-03 09:30:00,full_signal,2,False,56.5,73.86333596714526,8.0,31.838756245290405,2.5,12.330145149589777
4,2020-03-03 15:30:00,full_signal,2,False,10.6,68.265285579835,22.4,21.95688824075095,11.3,11.029665543709038
4,2020-03-03 20:30:00,full_signal,2,False,6.8,78.12734654414844,55.3,28.456454642729973,28.5,12.44544834015696
4,2020-03-04 11:30:00,full_signal,2,False,77.5,71.71264066884498,34.9,24.274524864432188,37.7,9.829253189121625
4,2020-03-05 09:00:00,full_signal,2,False,83.5,63.33823192225484,9.3,36.79200424607961,2.9,10.093767375546486
4,2020-03-05 13:15:00,full_signal,2,False,58.8,66.07804762899787,48.3,46.52034235504908,17.6,12.711077014553812
4,2020-03-05 20:00:00,full_signal,2,False,6.8,65.13184295532304,42.3,35.75546791372263,4.8,10.79761337754336
4,2020-02-29 14:00:00,full_signal,3,False,26.4,69.79794599011706,48.4,24.577124619482134,11.7,9.784611437005653
4,2020-02-29 20:00:00,full_signal,3,False,48.7,76.45101488471478,6.5,32.66272369435073,30.0,13.024870182599276
4,2020-03-01 08:45:00,full_signal,3,False,56.5,79.52938052403663,8.0,35.799752356861404,2.5,16.266746005552882
4,2020-03-01 13:15:00,full_signal,3,False,7.3,66.72193084770412,107.3,47.12251370709841,46.5,13.463680567508506
4,2020-03-02 08:15:00,full_signal,3,False,114.0,76.60782552187126,15.9,34.77445800484619,0.9,14.051757131270797
4,2020-03-02 12:30:00,full_signal,3,False,6.8,74.01936581668666,21.9,38.5817042823256,11.7,13.93063315260579
4,2020-03-02 16:30:00,full_signal,3,False,117.0,68.06840851123538,49.0,21.68585493894731,38.0,11.167681996143923
4,2020-03-03 09:30:00,full_signal,3,False,56.5,68.48973699917845,8.0,35.82203358280238,2.5,8.490972206858453
4,2020-03-03 15:30:00,full_signal,3,False,10.6,64.70218603423206,22.4,39.99476548361571,11.3,11.137497500239194
4,2020-03-03 20:30:00,full_signal,3,False,6.8,73.32656880672243,55.3,28.338776813659223,28.5,10.941234710047869
4,2020-03-04 11:30:00,full_signal,3,False,77.5,58.720876052143645,34.9,34.26909938261754,37.7,8.010074004714177
4,2020-03-05 09:00:00,full_signal,3,False,83.5,67.17743885428939,9.3,26.679031930110554,2.9,10.112987773079368
4,2020-03-05 13:15:00,full_signal,3,False,58.8,61.08104798364282,48.3,50.4540015926561,17.6,11.983239409873125
4,2020-03-05 20:00:00,full_signal,3,False,6.8,65.13184295532304,42.3,35.75546791372263,4.8,10.79761337754336
4,2020-02-29 14:00:00,full_signal,4,False,26.4,65.66380490735548,48.4,46.12534363112233,11.7,12.37768942982374
4,2020-02-29 20:00:00,full_signal,4,False,48.7,57.26084346170336,6.5,15.757597197767906,30.0,6.0977026721148135
4,2020-03-01 08:45:00,full_signal,4,False,56.5,79.52938052403663,8.0,35.799752356861404,2.5,16.266746005552882
4,2020-03-01 13:15:00,full_signal,4,False,7.3,60.579298155338236,107.3,50.08529747925749,46.5,12.526096684637183
4,2020-03-02 08:15:00,full_signal,4,False,114.0,63.94863398588546,15.9,39.30752461864085,0.9,10.653056754333814
4,2020-03-02 12:30:00,full_signal,4,False,6.8,77.67596849039104,21.9,35.716507975342175,11.7,14.409149566522428
4,2020-03-02 16:30:00,full_signal,4,False,117.0,80.29516992346434,49.0,37.18096534193913,38.0,15.886339085648867
4,2020-03-03 09:30:00,full_signal,4,False,56.5,68.48973699917845,8.0,35.82203358280238,2.5,8.490972206858453
4,2020-03-03 15:30:00,full_signal,4,False,10.6,77.83480482308448,22.4,34.83736332098677,11.3,15.042081423380855
4,2020-03-03 20:30:00,full_signal,4,False,6.8,73.2152274151094,55.3,32.699378512593626,28.5,11.096812846766218
4,2020-03-04 11:30:00,full_signal,4,False,77.5,71.71264066884498,34.9,24.274524864432188,37.7,9.829253189121625
4,2020-03-05 09:00:00,full_signal,4,False,83.5,72.0041614830783,9.3,35.246511093049016,2.9,12.848671252788591
4,2020-03-05 13:15:00,full_signal,4,False,58.8,59.54491052897784,48.3,38.962006694615646,17.6,9.582496576809566
4,2020-03-05 20:00:00,full_signal,4,False,6.8,66.17781183239205,42.3,26.369235086701,4.8,9.999224552208794
4,2020-02-29 14:00:00,full_signal,5,False,26.4,67.42425420412768,48.4,27.031759958642425,11.7,10.36792918789082
4,2020-02-29 20:00:00,full_signal,5,False,48.7,74.05434237767382,6.5,23.839956517873038,30.0,11.126318998609943
4,2020-03-01 08:45:00,full_signal,5,False,56.5,66.45039788787369,8.0,20.32381873562383,2.5,10.410365540498335
4,2020-03-01 13:15:00,full_signal,5,False,7.3,60.579298155338236,107.3,50.08529747925749,46.5,12.526096684637183
4,2020-03-02 08:15:00,full_signal,5,False,114.0,66.1420469567594,15.9,46.68349345281092,0.9,12.93694700586161
4,2020-03-02 12:30:00,full_signal,5,False,6.8,74.01936581668666,21.9,38.5817042823256,11.7,13.93063315260579
4,2020-03-02 16:30:00,full_signal,5,False,117.0,80.29516992346434,49.0,37.18096534193913,38.0,15.886339085648867
4,2020-03-03 09:30:00,full_signal,5,False,56.5,68.33498851114224,8.0,35.484185300061284,2.5,10.860595876599774
4,2020-03-03 15:30:00,full_signal,5,False,10.6,77.77789805080874,22.4,36.11046670240401,11.3,14.662095954180522
4,2020-03-03 20:30:00,full_signal,5,False,6.8,78.85421655789631,55.3,31.631558980564186,28.5,13.92369907704284
4,2020-03-04 11:30:00,full_signal,5,False,77.5,68.66747896228507,34.9,36.652244494047636,37.7,8.047740463267663
4,2020-03-05 09:00:00,full_signal,5,False,83.5,63.33823192225484,9.3,36.79200424607961,2.9,10.093767375546486
4,2020-03-05 13:15:00,full_signal,5,False,58.8,77.82217531552823,48.3,34.675238900981114,17.6,14.714794938463763
4,2020-03-05 20:00:00,full_signal,5,False,6.8,59.39146058888735,42.3,37.65926107060819,4.8,9.614948113997613
4,2020-02-29 14:00:00,full_signal,6,False,26.4,67.42425420412768,48.4,27.031759958642425,11.7,10.36792918789082
4,2020-02-29 20:00:00,full_signal,6,False,48.7,75.0129292358969,6.5,28.936062122288337,30.0,11.794682525431208
4,2020-03-01 08:45:00,full_signal,6,False,56.5,72.37153624627189,8.0,35.163760892928735,2.5,13.44665305774017
4,2020-03-01 13:15:00,full_signal,6,False,7.3,60.447924711785944,107.3,38.861629394881476,46.5,10.283251007997292
4,2020-03-02 08:15:00,full_signal,6,False,114.0,68.92296801937468,15.9,24.604009048946335,0.9,9.748670362461972
4,2020-03-02 12:30:00,full_signal,6,False,6.8,68.00342119354698,21.9,21.241791216605666,11.7,10.673742344633892
4,2020-03-02 16:30:00,full_signal,6,False,117.0,80.96732662875291,49.0,37.27033722841867,38.0,16.855051143379768
4,2020-03-03 09:30:00,full_signal,6,False,56.5,62.71828792164664,8.0,35.0470229947453,2.5,9.668672721793577
4,2020-03-03 15:30:00,full_signal,6,False,10.6,65.4346008531339,22.4,39.89565345442357,11.3,11.490273873592432
4,2020-03-03 20:30:00,full_signal,6,False,6.8,64.51122479434909,55.3,45.412142932366535,28.5,10.90820464889515
4,2020-03-04 11:30:00,full_signal,6,False,77.5,67.29775644696498,34.9,44.262367812806325,37.7,12.036785126133832
4,2020-03-05 09:00:00,full_signal,6,False,83.5,79.24269684270281,9.3,35.43384925228098,2.9,15.034469829672782
4,2020-03-05 13:15:00,full_signal,6,False,58.8,77.82217531552823,48.3,34.675238900981114,17.6,14.714794938463763
4,2020-03-05 20:00:00,full_signal,6,False,6.8,68.9298911524877,42.3,39.916467176908995,4.8,9.975733606294131
4,2020-02-29 14:00:00,full_signal,7,False,26.4,79.90823665394174,48.4,36.681926737736916,11.7,16.036730069492954
4,2020-02-29 20:00:00,full_signal,7,False,48.7,60.424316098963246,6.5,28.072209843583373,30.0,8.542940454811928
4,2020-03-01 08:45:00,full_signal,7,False,56.5,64.90341140955827,8.0,34.63070193770623,2.5,10.688530474957256
4,2020-03-01 13:15:00,full_signal,7,False,7.3,76.68218800575389,107.3,34.80159230071604,46.5,14.136853006116457
4,2020-03-02 08:15:00,full_signal,7,False,114.0,67.41050108524372,15.9,21.251557743495823,0.9,10.78631639316984
4,2020-03-02 12:30:00,full_signal,7,False,6.8,80.8023077722392,21.9,37.698773051991026,11.7,16.28555350678336
4,2020-03-02 16:30:00,full_signal,7,False,117.0,64.58200916918737,49.0,39.45340940773756,38.0,10.988983499744224
4,2020-03-03 09:30:00,full_signal,7,False,56.5,73.86333596714526,8.0,31.838756245290405,2.5,12.330145149589777
4,2020-03-03 15:30:00,full_signal,7,False,10.6,67.18340741188209,22.4,47.28681502049783,11.3,13.426146914739213
4,2020-03-03 20:30:00,full_signal,7,False,6.8,72.4068720024838,55.3,25.20621676076938,28.5,10.716730898290443
4,2020-03-04 11:30:00,full_signal,7,False,77.5,71.71264066884498,34.9,24.274524864432188,37.7,9.829253189121625
4,2020-03-05 09:00:00,full_signal,7,False,83.5,72.0041614830783,9.3,35.246511093049016,2.9,12.848671252788591
4,2020-03-05 13:15:00,full_signal,7,False,58.8,69.4354634132456,48.3,41.00778996234295,17.6,9.857353896262037
4,2020-03-05 20:00:00,full_signal,7,False,6.8,61.12509193774686,42.3,48.89754416005789,4.8,11.983392510028535
4,2020-02-29 14:00:00,full_signal,8,False,26.4,77.16740962205269,48.4,34.09890686468678,11.7,14.407413453492683
4,2020-02-29 20:00:00,full_signal,8,False,48.7,57.26084346170336,6.5,15.757597197767906,30.0,6.0977026721148135
4,2020-03-01 08:45:00,full_signal,8,False,56.5,68.28483176258467,8.0,23.808147446232343,2.5,9.453593417064278
4,2020-03-01 13:15:00,full_signal,8,False,7.3,60.579298155338236,107.3,50.08529747925749,46.5,12.526096684637183
4,2020-03-02 08:15:00,full_signal,8,False,114.0,79.72606768158427,15.9,36.75516256392322,0.9,15.550749400048488
4,2020-03-02 12:30:00,full_signal,8,False,6.8,77.67596849039104,21.9,35.716507975342175,11.7,14.409149566522428
4,2020-03-02 16:30:00,full_signal,8,False,117.0,64.70294315548465,49.0,37.79552541018614,38.0,11.097687717159518
4,2020-03-03 09:30:00,full_signal,8,False,56.5,67.59182884972311,8.0,25.850256409530488,2.5,10.28755246278998
4,2020-03-03 15:30:00,full_signal,8,False,10.6,60.97401353702063,22.4,39.30912331481555,11.3,10.379856082594708
4,2020-03-03 20:30:00,full_signal,8,False,6.8,73.65988248234427,55.3,29.026304857100264,28.5,12.345583303148565
4,2020-03-04 11:30:00,full_signal,8,False,77.5,63.30421346511335,34.9,37.84542626467911,37.7,9.188077114652923
4,2020-03-05 09:00:00,full_signal,8,False,83.5,68.82926448666268,9.3,38.06227239979172,2.9,9.00774921189569
4,2020-03-05 13:15:00,full_signal,8,False,58.8,66.07804762899787,48.3,46.52034235504908,17.6,12.711077014553812
4,2020-03-05 20:00:00,full_signal,8,False,6.8,80.51461605872849,42.3,36.30102105768214,4.8,16.43145729231003
4,2020-02-29 14:00:00,full_signal,9,False,26.4,77.16740962205269,48.4,34.09890686468678,11.7,14.407413453492683
4,2020-02-29 20:00:00,full_signal,9,False,48.7,71.23807913106361,6.5,30.315375778093962,30.0,8.580337467377845
4,2020-03-01 08:45:00,full_signal,9,False,56.5,62.67039813820901,8.0,46.5568403966069,2.5,12.399729442635698
4,2020-03-01 13:15:00,full_signal,9,False,7.3,64.40388658967592,107.3,39.287103825323655,46.5,11.025244005816054
4,2020-03-02 08:15:00,full_signal,9,False,114.0,80.82641220341928,15.9,37.31331307302388,0.9,16.6047249724841
4,2020-03-02 12:30:00,full_signal,9,False,6.8,65.6388430989402,21.9,39.774241099180976,11.7,11.483327930222057
4,2020-03-02 16:30:00,full_signal,9,False,117.0,66.72627299531376,49.0,46.91148212356686,38.0,13.41529097403568
4,2020-03-03 09:30:00,full_signal,9,False,56.5,71.00120422633104,8.0,33.439388791643196,2.5,12.540271586816788
4,2020-03-03 15:30:00,full_signal,9,False,10.6,60.97401353702063,22.4,39.30912331481555,11.3,10.379856082594708
4,2020-03-03 20:30:00,full_signal,9,False,6.8,60.870639992677255,55.3,16.514277884370554,28.5,6.303412851878942
4,2020-03-04 11:30:00,full_signal,9,False,77.5,79.16284730267039,34.9,34.827435216356356,37.7,14.70875975095443
4,2020-03-05 09:00:00,full_signal,9,False,83.5,69.15359830984244,9.3,24.177280535248958,2.9,9.504874818612068
4,2020-03-05 13:15:00,full_signal,9,False,58.8,77.44228135758217,48.3,34.61030509334924,17.6,13.725680755604856
4,2020-03-05 20:00:00,full_signal,9,False,6.8,66.17781183239205,42.3,26.369235086701,4.8,9.999224552208794
4,2020-02-29 14:00:00,full_signal,10,False,26.4,79.90823665394174,48.4,36.681926737736916,11.7,16.036730069492954
4,2020-02-29 20:00:00,full_signal,10,False,48.7,57.26084346170336,6.5,15.757597197767906,30.0,6.0977026721148135
4,2020-03-01 08:45:00,full_signal,10,False,56.5,58.48132030593419,8.0,34.23099978229833,2.5,9.44797509032578
4,2020-03-01 13:15:00,full_signal,10,False,7.3,76.46902133669191,107.3,34.08571262111705,46.5,14.895616197426202
4,2020-03-02 08:15:00,full_signal,10,False,114.0,68.92296801937468,15.9,24.604009048946335,0.9,9.748670362461972
4,2020-03-02 12:30:00,full_signal,10,False,6.8,74.01936581668666,21.9,38.5817042823256,11.7,13.93063315260579
4,2020-03-02 16:30:00,full_signal,10,False,117.0,80.29516992346434,49.0,37.18096534193913,38.0,15.886339085648867
4,2020-03-03 09:30:00,full_signal,10,False,56.5,62.71828792164664,8.0,35.0470229947453,2.5,9.668672721793577
4,2020-03-03 15:30:00,full_signal,10,False,10.6,65.4346008531339,22.4,39.89565345442357,11.3,11.490273873592432
4,2020-03-03 20:30:00,full_signal,10,False,6.8,71.78802231138684,55.3,37.22734211384613,28.5,11.760344138803987
4,2020-03-04 11:30:00,full_signal,10,False,77.5,68.66747896228507,34.9,36.652244494047636,37.7,8.047740463267663
4,2020-03-05 09:00:00,full_signal,10,False,83.5,64.98714760119513,9.3,45.3087441831097,2.9,12.356311161312918
4,2020-03-05 13:15:00,full_signal,10,False,58.8,77.44228135758217,48.3,34.61030509334924,17.6,13.725680755604856
4,2020-03-05 20:00:00,full_signal,10,False,6.8,66.17781183239205,42.3,26.369235086701,4.8,9.999224552208794
4,2020-02-29 14:00:00,full_signal,11,False,26.4,79.47952589007612,48.4,35.70588181864925,11.7,15.341767543097545
4,2020-02-29 20:00:00,full_signal,11,False,48.7,70.40243952276792,6.5,31.663729248651833,30.0,10.598551136772308
4,2020-03-01 08:45:00,full_signal,11,False,56.5,76.07250336722907,8.0,33.38646286007059,2.5,13.608656542031298
4,2020-03-01 13:15:00,full_signal,11,False,7.3,80.7244858130707,107.3,37.42169160733866,46.5,16.989238034057966
4,2020-03-02 08:15:00,full_signal,11,False,114.0,63.94863398588546,15.9,39.30752461864085,0.9,10.653056754333814
4,2020-03-02 12:30:00,full_signal,11,False,6.8,60.678099079879686,21.9,38.977900635586096,11.7,10.179117803700656
4,2020-03-02 16:30:00,full_signal,11,False,117.0,76.81111344551083,49.0,33.95806847760658,38.0,14.742331804052824
4,2020-03-03 09:30:00,full_signal,11,False,56.5,66.8416447225627,8.0,43.78036425584406,2.5,12.416946613979242
4,2020-03-03 15:30:00,full_signal,11,False,10.6,69.45133343547073,22.4,25.066956190953537,11.3,10.002893875606373
4,2020-03-03 20:30:00,full_signal,11,False,6.8,60.870639992677255,55.3,16.514277884370554,28.5,6.303412851878942
4,2020-03-04 11:30:00,full_signal,11,False,77.5,71.37441984348786,34.9,33.09806867594283,37.7,11.986604115892636
4,2020-03-05 09:00:00,full_signal,11,False,83.5,64.98714760119513,9.3,45.3087441831097,2.9,12.356311161312918
4,2020-03-05 13:15:00,full_signal,11,False,58.8,69.4354634132456,48.3,41.00778996234295,17.6,9.857353896262037
4,2020-03-05 20:00:00,full_signal,11,False,6.8,66.17781183239205,42.3,26.369235086701,4.8,9.999224552208794
4,2020-02-29 14:00:00,full_signal,12,False,26.4,77.16740962205269,48.4,34.09890686468678,11.7,14.407413453492683
4,2020-02-29 20:00:00,full_signal,12,False,48.7,74.05434237767382,6.5,23.839956517873038,30.0,11.126318998609943
4,2020-03-01 08:45:00,full_signal,12,False,56.5,64.90341140955827,8.0,34.63070193770623,2.5,10.688530474957256
4,2020-03-01 13:15:00,full_signal,12,False,7.3,64.40388658967592,107.3,39.287103825323655,46.5,11.025244005816054
4,2020-03-02 08:15:00,full_signal,12,False,114.0,59.611322706723705,15.9,38.347923095332234,0.9,9.73639072259406
4,2020-03-02 12:30:00,full_signal,12,False,6.8,81.4137840436623,21.9,38.20475190198431,11.7,16.932048872350006
4,2020-03-02 16:30:00,full_signal,12,False,117.0,76.72039745338864,49.0,35.01761035775887,38.0,14.218615375829549
4,2020-03-03 09:30:00,full_signal,12,False,56.5,66.8416447225627,8.0,43.78036425584406,2.5,12.416946613979242
4,2020-03-03 15:30:00,full_signal,12,False,10.6,68.265285579835,22.4,21.95688824075095,11.3,11.029665543709038
4,2020-03-03 20:30:00,full_signal,12,False,6.8,77.44863726633007,55.3,33.075169009617575,28.5,13.272129912150108
4,2020-03-04 11:30:00,full_signal,12,False,77.5,71.37441984348786,34.9,33.09806867594283,37.7,11.986604115892636
4,2020-03-05 09:00:00,full_signal,12,False,83.5,64.98714760119513,9.3,45.3087441831097,2.9,12.356311161312918
4,2020-03-05 13:15:00,full_signal,12,False,58.8,69.4354634132456,48.3,41.00778996234295,17.6,9.857353896262037
4,2020-03-05 20:00:00,full_signal,12,False,6.8,66.17781183239205,42.3,26.369235086701,4.8,9.999224552208794
4,2020-02-29 14:00:00,full_signal,13,False,26.4,72.93431595598462,48.4,37.45333266467774,11.7,13.16841206456976
4,2020-02-29 20:00:00,full_signal,13,False,48.7,60.424316098963246,6.5,28.072209843583373,30.0,8.542940454811928
4,2020-03-01 08:45:00,full_signal,13,False,56.5,65.61994145505349,8.0,25.5256652851634,2.5,9.547347454851007
4,2020-03-01 13:15:00,full_signal,13,False,7.3,76.68218800575389,107.3,34.80159230071604,46.5,14.136853006116457
4,2020-03-02 08:15:00,full_signal,13,False,114.0,63.94863398588546,15.9,39.30752461864085,0.9,10.653056754333814
4,2020-03-02 12:30:00,full_signal,13,False,6.8,70.02326142783284,21.9,41.22805445557419,11.7,10.408632595559377
4,2020-03-02 16:30:00,full_signal,13,False,117.0,80.29516992346434,49.0,37.18096534193913,38.0,15.886339085648867
4,2020-03-03 09:30:00,full_signal,13,False,56.5,73.86333596714526,8.0,31.838756245290405,2.5,12.330145149589777
4,2020-03-03 15:30:00,full_signal,13,False,10.6,69.45133343547073,22.4,25.066956190953537,11.3,10.002893875606373
4,2020-03-03 20:30:00,full_signal,13,False,6.8,60.870639992677255,55.3,16.514277884370554,28.5,6.303412851878942
4,2020-03-04 11:30:00,full_signal,13,False,77.5,67.29775644696498,34.9,44.262367812806325,37.7,12.036785126133832
4,2020-03-05 09:00:00,full_signal,13,False,83.5,79.21497769037053,9.3,35.93230225034421,2.9,15.82087087859243
4,2020-03-05 13:15:00,full_signal,13,False,58.8,66.06370798279913,48.3,39.486572789206924,17.6,11.272590035856004
4,2020-03-05 20:00:00,full_signal,13,False,6.8,65.78499679106784,42.3,46.365778564689265,4.8,12.903657379137025
4,2020-02-29 14:00:00,full_signal,14,False,26.4,76.81295560842774,48.4,33.44079121847641,11.7,13.299345134949949
4,2020-02-29 20:00:00,full_signal,14,False,48.7,74.05434237767382,6.5,23.839956517873038,30.0,11.126318998609943
4,2020-03-01 08:45:00,full_signal,14,False,56.5,74.27197567560384,8.0,32.04178338881174,2.5,13.50995726278757
4,2020-03-01 13:15:00,full_signal,14,False,7.3,73.6306836555666,107.3,38.02001874880675,46.5,14.053688069732631
4,2020-03-02 08:15:00,full_signal,14,False,114.0,66.40351226915747,15.9,27.1503769716877,0.9,10.178222492395477
4,2020-03-02 12:30:00,full_signal,14,False,6.8,60.678099079879686,21.9,38.977900635586096,11.7,10.179117803700656
4,2020-03-02 16:30:00,full_signal,14,False,117.0,80.29516992346434,49.0,37.18096534193913,38.0,15.886339085648867
4,2020-03-03 09:30:00,full_signal,14,False,56.5,68.48973699917845,8.0,35.82203358280238,2.5,8.490972206858453
4,2020-03-03 15:30:00,full_signal,14,False,10.6,65.4346008531339,22.4,39.89565345442357,11.3,11.490273873592432
4,2020-03-03 20:30:00,full_signal,14,False,6.8,64.51122479434909,55.3,45.412142932366535,28.5,10.90820464889515
4,2020-03-04 11:30:00,full_signal,14,False,77.5,79.33439897631692,34.9,33.63633355607754,37.7,14.469132722553862
4,2020-03-05 09:00:00,full_signal,14,False,83.5,63.33823192225484,9.3,36.79200424607961,2.9,10.093767375546486
4,2020-03-05 13:15:00,full_signal,14,False,58.8,67.75541291172706,48.3,20.759212127319486,17.6,10.51613015567919
4,2020-03-05 20:00:00,full_signal,14,False,6.8,61.12509193774686,42.3,48.89754416005789,4.8,11.983392510028535
4,2020-02-29 14:00:00,full_signal,15,False,26.4,65.50413322085002,48.4,37.81978368949496,11.7,10.868898875070158
4,2020-02-29 20:00:00,full_signal,15,False,48.7,71.23807913106361,6.5,30.315375778093962,30.0,8.580337467377845
4,2020-03-01 08:45:00,full_signal,15,False,56.5,65.78358703090134,8.0,45.715476482816776,2.5,13.102564526302196
4,2020-03-01 13:15:00,full_signal,15,False,7.3,73.6306836555666,107.3,38.02001874880675,46.5,14.053688069732631
4,2020-03-02 08:15:00,full_signal,15,False,114.0,80.82641220341928,15.9,37.31331307302388,0.9,16.6047249724841
4,2020-03-02 12:30:00,full_signal,15,False,6.8,67.56727429446038,21.9,27.980530162276775,11.7,10.71079589424704
4,2020-03-02 16:30:00,full_signal,15,False,117.0,64.58200916918737,49.0,39.45340940773756,38.0,10.988983499744224
4,2020-03-03 09:30:00,full_signal,15,False,56.5,73.86333596714526,8.0,31.838756245290405,2.5,12.330145149589777
4,2020-03-03 15:30:00,full_signal,15,False,10.6,80.75226064476239,22.4,37.763330200393526,11.3,16.3574383089422
4,2020-03-03 20:30:00,full_signal,15,False,6.8,77.23921246192602,55.3,24.47242981777273,28.5,11.580849387889838
4,2020-03-04 11:30:00,full_signal,15,False,77.5,66.50784696716195,34.9,18.003037278026518,37.7,9.00867709400676
4,2020-03-05 09:00:00,full_signal,15,False,83.5,57.87278319613052,9.3,34.44670135214971,2.9,8.843205108950318
4,2020-03-05 13:15:00,full_signal,15,False,58.8,77.44228135758217,48.3,34.61030509334924,17.6,13.725680755604856
4,2020-03-05 20:00:00,full_signal,15,False,6.8,61.12509193774686,42.3,48.89754416005789,4.8,11.983392510028535
4,2020-02-29 14:00:00,full_signal,16,False,26.4,67.42425420412768,48.4,27.031759958642425,11.7,10.36792918789082
4,2020-02-29 20:00:00,full_signal,16,False,48.7,65.24142202596066,6.5,32.869077059938036,30.0,9.654363274179463
4,2020-03-01 08:45:00,full_signal,16,False,56.5,68.28483176258467,8.0,23.808147446232343,2.5,9.453593417064278
4,2020-03-01 13:15:00,full_signal,16,False,7.3,69.36940013047504,107.3,40.26831811775761,46.5,10.657595867621643
4,2020-03-02 08:15:00,full_signal,16,False,114.0,76.6825021655034,15.9,34.072834144528684,0.9,14.634407810645726
4,2020-03-02 12:30:00,full_signal,16,False,6.8,80.8023077722392,21.9,37.698773051991026,11.7,16.28555350678336
4,2020-03-02 16:30:00,full_signal,16,False,117.0,66.72627299531376,49.0,46.91148212356686,38.0,13.41529097403568
4,2020-03-03 09:30:00,full_signal,16,False,56.5,76.17284860460039,8.0,31.260221446447858,2.5,12.704585500902663
4,2020-03-03 15:30:00,full_signal,16,False,10.6,65.4346008531339,22.4,39.89565345442357,11.3,11.490273873592432
4,2020-03-03 20:30:00,full_signal,16,False,6.8,60.870639992677255,55.3,16.514277884370554,28.5,6.303412851878942
4,2020-03-04 11:30:00,full_signal,16,False,77.5,79.33439897631692,34.9,33.63633355607754,37.7,14.469132722553862
4,2020-03-05 09:00:00,full_signal,16,False,83.5,57.87278319613052,9.3,34.44670135214971,2.9,8.843205108950318
4,2020-03-05 13:15:00,full_signal,16,False,58.8,73.4383961389875,48.3,38.03206621480591,17.6,13.44654166389941
4,2020-03-05 20:00:00,full_signal,16,False,6.8,61.12509193774686,42.3,48.89754416005789,4.8,11.983392510028535
4,2020-02-29 14:00:00,full_signal,17,False,26.4,69.79794599011706,48.4,24.577124619482134,11.7,9.784611437005653
4,2020-02-29 20:00:00,full_signal,17,False,48.7,60.424316098963246,6.5,28.072209843583373,30.0,8.542940454811928
4,2020-03-01 08:45:00,full_signal,17,False,56.5,65.78358703090134,8.0,45.715476482816776,2.5,13.102564526302196
4,2020-03-01 13:15:00,full_signal,17,False,7.3,76.68218800575389,107.3,34.80159230071604,46.5,14.136853006116457
4,2020-03-02 08:15:00,full_signal,17,False,114.0,63.94863398588546,15.9,39.30752461864085,0.9,10.653056754333814
4,2020-03-02 12:30:00,full_signal,17,False,6.8,61.66386577715441,21.9,51.03371626560663,11.7,12.574083599282584
4,2020-03-02 16:30:00,full_signal,17,False,117.0,80.96732662875291,49.0,37.27033722841867,38.0,16.855051143379768
4,2020-03-03 09:30:00,full_signal,17,False,56.5,73.86333596714526,8.0,31.838756245290405,2.5,12.330145149589777
4,2020-03-03 15:30:00,full_signal,17,False,10.6,74.34630483779563,22.4,38.8002351494718,11.3,14.223072459637411
4,2020-03-03 20:30:00,full_signal,17,False,6.8,77.44863726633007,55.3,33.075169009617575,28.5,13.272129912150108
4,2020-03-04 11:30:00,full_signal,17,False,77.5,66.50784696716195,34.9,18.003037278026518,37.7,9.00867709400676
4,2020-03-05 09:00:00,full_signal,17,False,83.5,65.85497798311467,9.3,36.743587832938736,2.9,10.744156981164073
4,2020-03-05 13:15:00,full_signal,17,False,58.8,69.4354634132456,48.3,41.00778996234295,17.6,9.857353896262037
4,2020-03-05 20:00:00,full_signal,17,False,6.8,66.17781183239205,42.3,26.369235086701,4.8,9.999224552208794
4,2020-02-29 14:00:00,full_signal,18,False,26.4,79.90823665394174,48.4,36.681926737736916,11.7,16.036730069492954
4,2020-02-29 20:00:00,full_signal,18,False,48.7,64.0995212854715,6.5,44.224959947696824,30.0,11.408397921657437
4,2020-03-01 08:45:00,full_signal,18,False,56.5,66.45039788787369,8.0,20.32381873562383,2.5,10.410365540498335
4,2020-03-01 13:15:00,full_signal,18,False,7.3,60.579298155338236,107.3,50.08529747925749,46.5,12.526096684637183
4,2020-03-02 08:15:00,full_signal,18,False,114.0,73.26076756927014,15.9,37.83049180801947,0.9,13.68496431601366
4,2020-03-02 12:30:00,full_signal,18,False,6.8,77.88296366477022,21.9,34.609195921339015,11.7,15.038178213548488
4,2020-03-02 16:30:00,full_signal,18,False,117.0,69.43434118003147,49.0,40.49771835263299,38.0,10.47342075267313
4,2020-03-03 09:30:00,full_signal,18,False,56.5,67.59182884972311,8.0,25.850256409530488,2.5,10.28755246278998
4,2020-03-03 15:30:00,full_signal,18,False,10.6,77.77789805080874,22.4,36.11046670240401,11.3,14.662095954180522
4,2020-03-03 20:30:00,full_signal,18,False,6.8,77.44863726633007,55.3,33.075169009617575,28.5,13.272129912150108
4,2020-03-04 11:30:00,full_signal,18,False,77.5,63.30421346511335,34.9,37.84542626467911,37.7,9.188077114652923
4,2020-03-05 09:00:00,full_signal,18,False,83.5,69.15359830984244,9.3,24.177280535248958,2.9,9.504874818612068
4,2020-03-05 13:15:00,full_signal,18,False,58.8,66.06370798279913,48.3,39.486572789206924,17.6,11.272590035856004
4,2020-03-05 20:00:00,full_signal,18,False,6.8,59.39146058888735,42.3,37.65926107060819,4.8,9.614948113997613
4,2020-02-29 14:00:00,full_signal,19,False,26.4,69.79794599011706,48.4,24.577124619482134,11.7,9.784611437005653
4,2020-02-29 20:00:00,full_signal,19,False,48.7,60.424316098963246,6.5,28.072209843583373,30.0,8.542940454811928
4,2020-03-01 08:45:00,full_signal,19,False,56.5,65.61994145505349,8.0,25.5256652851634,2.5,9.547347454851007
4,2020-03-01 13:15:00,full_signal,19,False,7.3,60.579298155338236,107.3,50.08529747925749,46.5,12.526096684637183
4,2020-03-02 08:15:00,full_signal,19,False,114.0,76.60782552187126,15.9,34.77445800484619,0.9,14.051757131270797
4,2020-03-02 12:30:00,full_signal,19,False,6.8,65.6388430989402,21.9,39.774241099180976,11.7,11.483327930222057
4,2020-03-02 16:30:00,full_signal,19,False,117.0,80.29516992346434,49.0,37.18096534193913,38.0,15.886339085648867
4,2020-03-03 09:30:00,full_signal,19,False,56.5,78.58161806002798,8.0,34.94430531542826,2.5,15.315452822216953
4,2020-03-03 15:30:00,full_signal,19,False,10.6,68.265285579835,22.4,21.95688824075095,11.3,11.029665543709038
4,2020-03-03 20:30:00,full_signal,19,False,6.8,73.32656880672243,55.3,28.338776813659223,28.5,10.941234710047869
4,2020-03-04 11:30:00,full_signal,19,False,77.5,64.66345089186117,34.9,45.823419547252094,37.7,11.464885365741688
4,2020-03-05 09:00:00,full_signal,19,False,83.5,63.33823192225484,9.3,36.79200424607961,2.9,10.093767375546486
4,2020-03-05 13:15:00,full_signal,19,False,58.8,73.4383961389875,48.3,38.03206621480591,17.6,13.44654166389941
4,2020-03-05 20:00:00,full_signal,19,False,6.8,68.9298911524877,42.3,39.916467176908995,4.8,9.975733606294131
4,2020-02-29 14:00:00,full_signal,20,False,26.4,63.381934018900594,48.4,39.40037587494036,11.7,10.128843991009223
4,2020-02-29 20:00:00,full_signal,20,False,48.7,70.40243952276792,6.5,31.663729248651833,30.0,10.598551136772308
4,2020-03-01 08:45:00,full_signal,20,False,56.5,79.52938052403663,8.0,35.799752356861404,2.5,16.266746005552882
4,2020-03-01 13:15:00,full_signal,20,False,7.3,66.72193084770412,107.3,47.12251370709841,46.5,13.463680567508506
4,2020-03-02 08:15:00,full_signal,20,False,114.0,67.41050108524372,15.9,21.251557743495823,0.9,10.78631639316984
4,2020-03-02 12:30:00,full_signal,20,False,6.8,77.88296366477022,21.9,34.609195921339015,11.7,15.038178213548488
4,2020-03-02 16:30:00,full_signal,20,False,117.0,69.43434118003147,49.0,40.49771835263299,38.0,10.47342075267313
4,2020-03-03 09:30:00,full_signal,20,False,56.5,76.17284860460039,8.0,31.260221446447858,2.5,12.704585500902663
4,2020-03-03 15:30:00,full_signal,20,False,10.6,74.34630483779563,22.4,38.8002351494718,11.3,14.223072459637411
4,2020-03-03 20:30:00,full_signal,20,False,6.8,77.44863726633007,55.3,33.075169009617575,28.5,13.272129912150108
4,2020-03-04 11:30:00,full_signal,20,False,77.5,71.71264066884498,34.9,24.274524864432188,37.7,9.829253189121625
4,2020-03-05 09:00:00,full_signal,20,False,83.5,63.26930366871604,9.3,46.212109196659746,2.9,11.921705777732592
4,2020-03-05 13:15:00,full_signal,20,False,58.8,67.52239643862832,48.3,27.618168937755875,17.6,10.522646595573509
4,2020-03-05 20:00:00,full_signal,20,False,6.8,59.39146058888735,42.3,37.65926107060819,4.8,9.614948113997613
4,2020-02-29 14:00:00,full_signal,21,False,26.4,61.65129813301607,48.4,49.81382039175334,11.7,11.610329835292916
4,2020-02-29 20:00:00,full_signal,21,False,48.7,71.23807913106361,6.5,30.315375778093962,30.0,8.580337467377845
4,2020-03-01 08:45:00,full_signal,21,False,56.5,64.90341140955827,8.0,34.63070193770623,2.5,10.688530474957256
4,2020-03-01 13:15:00,full_signal,21,False,7.3,64.40388658967592,107.3,39.287103825323655,46.5,11.025244005816054
4,2020-03-02 08:15:00,full_signal,21,False,114.0,76.60782552187126,15.9,34.77445800484619,0.9,14.051757131270797
4,2020-03-02 12:30:00,full_signal,21,False,6.8,69.35776110202539,21.9,24.945188543517236,11.7,9.888585447689234
4,2020-03-02 16:30:00,full_signal,21,False,117.0,73.56854055628621,49.0,37.96613711092954,38.0,13.975951133981757
4,2020-03-03 09:30:00,full_signal,21,False,56.5,58.099603815186626,8.0,32.12461300249182,2.5,8.495845598903664
4,2020-03-03 15:30:00,full_signal,21,False,10.6,67.62454315903186,22.4,28.315162406413993,11.3,10.721853827816904
4,2020-03-03 20:30:00,full_signal,21,False,6.8,78.85421655789631,55.3,31.631558980564186,28.5,13.92369907704284
4,2020-03-04 11:30:00,full_signal,21,False,77.5,64.66345089186117,34.9,45.823419547252094,37.7,11.464885365741688
4,2020-03-05 09:00:00,full_signal,21,False,83.5,79.24269684270281,9.3,35.43384925228098,2.9,15.034469829672782
4,2020-03-05 13:15:00,full_signal,21,False,58.8,67.75541291172706,48.3,20.759212127319486,17.6,10.51613015567919
4,2020-03-05 20:00:00,full_signal,21,False,6.8,75.7996858388181,42.3,33.49735027104069,4.8,14.235317509177131
4,2020-02-29 14:00:00,full_signal,22,False,26.4,61.65129813301607,48.4,49.81382039175334,11.7,11.610329835292916
4,2020-02-29 20:00:00,full_signal,22,False,48.7,74.05434237767382,6.5,23.839956517873038,30.0,11.126318998609943
4,2020-03-01 08:45:00,full_signal,22,False,56.5,68.92032724223958,8.0,37.714748400364336,2.5,9.748655550137933
4,2020-03-01 13:15:00,full_signal,22,False,7.3,80.7244858130707,107.3,37.42169160733866,46.5,16.989238034057966
4,2020-03-02 08:15:00,full_signal,22,False,114.0,64.43733432201132,15.9,38.67132750836216,0.9,10.919538873837208
4,2020-03-02 12:30:00,full_signal,22,False,6.8,64.59894677547773,21.9,39.774634102111406,11.7,11.019616468085522
4,2020-03-02 16:30:00,full_signal,22,False,117.0,80.29516992346434,49.0,37.18096534193913,38.0,15.886339085648867
4,2020-03-03 09:30:00,full_signal,22,False,56.5,64.93126193093215,8.0,45.127605907739664,2.5,12.128132466116096
4,2020-03-03 15:30:00,full_signal,22,False,10.6,67.62454315903186,22.4,28.315162406413993,11.3,10.721853827816904
4,2020-03-03 20:30:00,full_signal,22,False,6.8,61.99475549629108,55.3,31.095782930409634,28.5,8.270157231446817
4,2020-03-04 11:30:00,full_signal,22,False,77.5,77.6635618481156,34.9,30.642462277840362,37.7,12.658344736923317
4,2020-03-05 09:00:00,full_signal,22,False,83.5,75.35117177042778,9.3,32.92943648645867,2.9,13.288361077337255
4,2020-03-05 13:15:00,full_signal,22,False,58.8,67.75541291172706,48.3,20.759212127319486,17.6,10.51613015567919
4,2020-03-05 20:00:00,full_signal,22,False,6.8,73.16700651435086,42.3,37.18442259278446,4.8,13.52321021760456
4,2020-02-29 14:00:00,full_signal,23,False,26.4,67.42425420412768,48.4,27.031759958642425,11.7,10.36792918789082
4,2020-02-29 20:00:00,full_signal,23,False,48.7,57.26084346170336,6.5,15.757597197767906,30.0,6.0977026721148135
4,2020-03-01 08:45:00,full_signal,23,False,56.5,78.66593719552687,8.0,35.588695492898694,2.5,15.01981661547656
4,2020-03-01 13:15:00,full_signal,23,False,7.3,69.36940013047504,107.3,40.26831811775761,46.5,10.657595867621643
4,2020-03-02 08:15:00,full_signal,23,False,114.0,68.92296801937468,15.9,24.604009048946335,0.9,9.748670362461972
4,2020-03-02 12:30:00,full_signal,23,False,6.8,74.01936581668666,21.9,38.5817042823256,11.7,13.93063315260579
4,2020-03-02 16:30:00,full_signal,23,False,117.0,66.72627299531376,49.0,46.91148212356686,38.0,13.41529097403568
4,2020-03-03 09:30:00,full_signal,23,False,56.5,68.33498851114224,8.0,35.484185300061284,2.5,10.860595876599774
4,2020-03-03 15:30:00,full_signal,23,False,10.6,81.77079825579659,22.4,38.23559764760232,11.3,17.09054468085927
4,2020-03-03 20:30:00,full_signal,23,False,6.8,65.4573091720945,55.3,36.035133807305336,28.5,9.203123923214262
4,2020-03-04 11:30:00,full_signal,23,False,77.5,75.88184141306877,34.9,30.982236225859836,37.7,12.131510124730177
4,2020-03-05 09:00:00,full_signal,23,False,83.5,63.26930366871604,9.3,46.212109196659746,2.9,11.921705777732592
4,2020-03-05 13:15:00,full_signal,23,False,58.8,77.44228135758217,48.3,34.61030509334924,17.6,13.725680755604856
4,2020-03-05 20:00:00,full_signal,23,False,6.8,59.39146058888735,42.3,37.65926107060819,4.8,9.614948113997613
4,2020-02-29 14:00:00,full_signal,24,False,26.4,76.81295560842774,48.4,33.44079121847641,11.7,13.299345134949949
4,2020-02-29 20:00:00,full_signal,24,False,48.7,60.424316098963246,6.5,28.072209843583373,30.0,8.542940454811928
4,2020-03-01 08:45:00,full_signal,24,False,56.5,79.52938052403663,8.0,35.799752356861404,2.5,16.266746005552882
4,2020-03-01 13:15:00,full_signal,24,False,7.3,64.70782572650391,107.3,37.400628803438565,46.5,11.126196036766625
4,2020-03-02 08:15:00,full_signal,24,False,114.0,68.92296801937468,15.9,24.604009048946335,0.9,9.748670362461972
4,2020-03-02 12:30:00,full_signal,24,False,6.8,66.89509309097532,21.9,46.877718685065425,11.7,13.216409560236748
4,2020-03-02 16:30:00,full_signal,24,False,117.0,76.81111344551083,49.0,33.95806847760658,38.0,14.742331804052824
4,2020-03-03 09:30:00,full_signal,24,False,56.5,67.59182884972311,8.0,25.850256409530488,2.5,10.28755246278998
4,2020-03-03 15:30:00,full_signal,24,False,10.6,74.34630483779563,22.4,38.8002351494718,11.3,14.223072459637411
4,2020-03-03 20:30:00,full_signal,24,False,6.8,71.78802231138684,55.3,37.22734211384613,28.5,11.760344138803987
4,2020-03-04 11:30:00,full_signal,24,False,77.5,79.16284730267039,34.9,34.827435216356356,37.7,14.70875975095443
4,2020-03-05 09:00:00,full_signal,24,False,83.5,68.82926448666268,9.3,38.06227239979172,2.9,9.00774921189569
4,2020-03-05 13:15:00,full_signal,24,False,58.8,63.92696440531835,48.3,39.935280647180605,17.6,10.501325702049206
4,2020-03-05 20:00:00,full_signal,24,False,6.8,66.53742143882822,42.3,20.606067853834126,4.8,10.48934303143605
4,2020-02-29 14:00:00,full_signal,25,False,26.4,67.07377156947842,48.4,19.914128647398822,11.7,10.101330014422548
4,2020-02-29 20:00:00,full_signal,25,False,48.7,64.0995212854715,6.5,44.224959947696824,30.0,11.408397921657437
4,2020-03-01 08:45:00,full_signal,25,False,56.5,65.61994145505349,8.0,25.5256652851634,2.5,9.547347454851007
4,2020-03-01 13:15:00,full_signal,25,False,7.3,80.7244858130707,107.3,37.42169160733866,46.5,16.989238034057966
4,2020-03-02 08:15:00,full_signal,25,False,114.0,59.611322706723705,15.9,38.347923095332234,0.9,9.73639072259406
4,2020-03-02 12:30:00,full_signal,25,False,6.8,61.66386577715441,21.9,51.03371626560663,11.7,12.574083599282584
4,2020-03-02 16:30:00,full_signal,25,False,117.0,69.43434118003147,49.0,40.49771835263299,38.0,10.47342075267313
4,2020-03-03 09:30:00,full_signal,25,False,56.5,78.5900384575051,8.0,34.72801720264963,2.5,14.211790380813042
4,2020-03-03 15:30:00,full_signal,25,False,10.6,64.70218603423206,22.4,39.99476548361571,11.3,11.137497500239194
4,2020-03-03 20:30:00,full_signal,25,False,6.8,73.32656880672243,55.3,28.338776813659223,28.5,10.941234710047869
4,2020-03-04 11:30:00,full_signal,25,False,77.5,77.6635618481156,34.9,30.642462277840362,37.7,12.658344736923317
4,2020-03-05 09:00:00,full_signal,25,False,83.5,72.0041614830783,9.3,35.246511093049016,2.9,12.848671252788591
4,2020-03-05 13:15:00,full_signal,25,False,58.8,69.50536239703062,48.3,24.629409308826457,17.6,9.793494175212842
4,2020-03-05 20:00:00,full_signal,25,False,6.8,65.13184295532304,42.3,35.75546791372263,4.8,10.79761337754336
4,2020-02-29 14:00:00,full_signal,26,False,26.4,69.79794599011706,48.4,24.577124619482134,11.7,9.784611437005653
4,2020-02-29 20:00:00,full_signal,26,False,48.7,70.40243952276792,6.5,31.663729248651833,30.0,10.598551136772308
4,2020-03-01 08:45:00,full_signal,26,False,56.5,65.78358703090134,8.0,45.715476482816776,2.5,13.102564526302196
4,2020-03-01 13:15:00,full_signal,26,False,7.3,64.40388658967592,107.3,39.287103825323655,46.5,11.025244005816054
4,2020-03-02 08:15:00,full_signal,26,False,114.0,76.6825021655034,15.9,34.072834144528684,0.9,14.634407810645726
4,2020-03-02 12:30:00,full_signal,26,False,6.8,81.4137840436623,21.9,38.20475190198431,11.7,16.932048872350006
4,2020-03-02 16:30:00,full_signal,26,False,117.0,76.72039745338864,49.0,35.01761035775887,38.0,14.218615375829549
4,2020-03-03 09:30:00,full_signal,26,False,56.5,71.00120422633104,8.0,33.439388791643196,2.5,12.540271586816788
4,2020-03-03 15:30:00,full_signal,26,False,10.6,67.62454315903186,22.4,28.315162406413993,11.3,10.721853827816904
4,2020-03-03 20:30:00,full_signal,26,False,6.8,71.78802231138684,55.3,37.22734211384613,28.5,11.760344138803987
4,2020-03-04 11:30:00,full_signal,26,False,77.5,79.16284730267039,34.9,34.827435216356356,37.7,14.70875975095443
4,2020-03-05 09:00:00,full_signal,26,False,83.5,66.20764544814125,9.3,19.26556197427599,2.9,9.80027586000153
4,2020-03-05 13:15:00,full_signal,26,False,58.8,69.4354634132456,48.3,41.00778996234295,17.6,9.857353896262037
4,2020-03-05 20:00:00,full_signal,26,False,6.8,59.39146058888735,42.3,37.65926107060819,4.8,9.614948113997613
4,2020-02-29 14:00:00,full_signal,27,False,26.4,79.47952589007612,48.4,35.70588181864925,11.7,15.341767543097545
4,2020-02-29 20:00:00,full_signal,27,False,48.7,69.07603143227853,6.5,24.446329017996458,30.0,10.668747105705819
4,2020-03-01 08:45:00,full_signal,27,False,56.5,74.27197567560384,8.0,32.04178338881174,2.5,13.50995726278757
4,2020-03-01 13:15:00,full_signal,27,False,7.3,68.7806105856996,107.3,24.459901798083933,46.5,9.901335130608256
4,2020-03-02 08:15:00,full_signal,27,False,114.0,68.9374083083032,15.9,40.57279484510213,0.9,10.001413431871098
4,2020-03-02 12:30:00,full_signal,27,False,6.8,81.4137840436623,21.9,38.20475190198431,11.7,16.932048872350006
4,2020-03-02 16:30:00,full_signal,27,False,117.0,64.58200916918737,49.0,39.45340940773756,38.0,10.988983499744224
4,2020-03-03 09:30:00,full_signal,27,False,56.5,76.17284860460039,8.0,31.260221446447858,2.5,12.704585500902663
4,2020-03-03 15:30:00,full_signal,27,False,10.6,74.34630483779563,22.4,38.8002351494718,11.3,14.223072459637411
4,2020-03-03 20:30:00,full_signal,27,False,6.8,60.870639992677255,55.3,16.514277884370554,28.5,6.303412851878942
4,2020-03-04 11:30:00,full_signal,27,False,77.5,64.66345089186117,34.9,45.823419547252094,37.7,11.464885365741688
4,2020-03-05 09:00:00,full_signal,27,False,83.5,57.87278319613052,9.3,34.44670135214971,2.9,8.843205108950318
4,2020-03-05 13:15:00,full_signal,27,False,58.8,66.06370798279913,48.3,39.486572789206924,17.6,11.272590035856004
4,2020-03-05 20:00:00,full_signal,27,False,6.8,61.12509193774686,42.3,48.89754416005789,4.8,11.983392510028535
4,2020-02-29 14:00:00,full_signal,28,False,26.4,79.90823665394174,48.4,36.681926737736916,11.7,16.036730069492954
4,2020-02-29 20:00:00,full_signal,28,False,48.7,76.45101488471478,6.5,32.66272369435073,30.0,13.024870182599276
4,2020-03-01 08:45:00,full_signal,28,False,56.5,76.07250336722907,8.0,33.38646286007059,2.5,13.608656542031298
4,2020-03-01 13:15:00,full_signal,28,False,7.3,73.6306836555666,107.3,38.02001874880675,46.5,14.053688069732631
4,2020-03-02 08:15:00,full_signal,28,False,114.0,68.9374083083032,15.9,40.57279484510213,0.9,10.001413431871098
4,2020-03-02 12:30:00,full_signal,28,False,6.8,67.56727429446038,21.9,27.980530162276775,11.7,10.71079589424704
4,2020-03-02 16:30:00,full_signal,28,False,117.0,68.81170446538982,49.0,24.354387287095683,38.0,9.821738628027992
4,2020-03-03 09:30:00,full_signal,28,False,56.5,64.93126193093215,8.0,45.127605907739664,2.5,12.128132466116096
4,2020-03-03 15:30:00,full_signal,28,False,10.6,77.83480482308448,22.4,34.83736332098677,11.3,15.042081423380855
4,2020-03-03 20:30:00,full_signal,28,False,6.8,71.78802231138684,55.3,37.22734211384613,28.5,11.760344138803987
4,2020-03-04 11:30:00,full_signal,28,False,77.5,68.9442943595605,34.9,35.0997684404956,37.7,10.777138136134607
4,2020-03-05 09:00:00,full_signal,28,False,83.5,57.87278319613052,9.3,34.44670135214971,2.9,8.843205108950318
4,2020-03-05 13:15:00,full_signal,28,False,58.8,63.92696440531835,48.3,39.935280647180605,17.6,10.501325702049206
4,2020-03-05 20:00:00,full_signal,28,False,6.8,66.53742143882822,42.3,20.606067853834126,4.8,10.48934303143605
4,2020-02-29 14:00:00,full_signal,29,False,26.4,69.79794599011706,48.4,24.577124619482134,11.7,9.784611437005653
4,2020-02-29 20:00:00,full_signal,29,False,48.7,77.07210909093537,6.5,32.17162076625046,30.0,14.477141784999494
4,2020-03-01 08:45:00,full_signal,29,False,56.5,62.67039813820901,8.0,46.5568403966069,2.5,12.399729442635698
4,2020-03-01 13:15:00,full_signal,29,False,7.3,64.70782572650391,107.3,37.400628803438565,46.5,11.126196036766625
4,2020-03-02 08:15:00,full_signal,29,False,114.0,66.40351226915747,15.9,27.1503769716877,0.9,10.178222492395477
4,2020-03-02 12:30:00,full_signal,29,False,6.8,77.88296366477022,21.9,34.609195921339015,11.7,15.038178213548488
4,2020-03-02 16:30:00,full_signal,29,False,117.0,68.06840851123538,49.0,21.68585493894731,38.0,11.167681996143923
4,2020-03-03 09:30:00,full_signal,29,False,56.5,78.5900384575051,8.0,34.72801720264963,2.5,14.211790380813042
4,2020-03-03 15:30:00,full_signal,29,False,10.6,67.18340741188209,22.4,47.28681502049783,11.3,13.426146914739213
4,2020-03-03 20:30:00,full_signal,29,False,6.8,65.4573091720945,55.3,36.035133807305336,28.5,9.203123923214262
4,2020-03-04 11:30:00,full_signal,29,False,77.5,58.720876052143645,34.9,34.26909938261754,37.7,8.010074004714177
4,2020-03-05 09:00:00,full_signal,29,False,83.5,72.0041614830783,9.3,35.246511093049016,2.9,12.848671252788591
4,2020-03-05 13:15:00,full_signal,29,False,58.8,69.4354634132456,48.3,41.00778996234295,17.6,9.857353896262037
4,2020-03-05 20:00:00,full_signal,29,False,6.8,76.33842142048819,42.3,33.66755748088124,4.8,13.844501245104569
4,2020-02-29 14:00:00,full_signal,30,False,26.4,65.66380490735548,48.4,46.12534363112233,11.7,12.37768942982374
4,2020-02-29 20:00:00,full_signal,30,False,48.7,69.07603143227853,6.5,24.446329017996458,30.0,10.668747105705819
4,2020-03-01 08:45:00,full_signal,30,False,56.5,68.92032724223958,8.0,37.714748400364336,2.5,9.748655550137933
4,2020-03-01 13:15:00,full_signal,30,False,7.3,79.87587535896148,107.3,37.366783283168935,46.5,15.811973042779902
4,2020-03-02 08:15:00,full_signal,30,False,114.0,68.92296801937468,15.9,24.604009048946335,0.9,9.748670362461972
4,2020-03-02 12:30:00,full_signal,30,False,6.8,61.66386577715441,21.9,51.03371626560663,11.7,12.574083599282584
4,2020-03-02 16:30:00,full_signal,30,False,117.0,76.81111344551083,49.0,33.95806847760658,38.0,14.742331804052824
4,2020-03-03 09:30:00,full_signal,30,False,56.5,62.71828792164664,8.0,35.0470229947453,2.5,9.668672721793577
4,2020-03-03 15:30:00,full_signal,30,False,10.6,74.34630483779563,22.4,38.8002351494718,11.3,14.223072459637411
4,2020-03-03 20:30:00,full_signal,30,False,6.8,78.12734654414844,55.3,28.456454642729973,28.5,12.44544834015696
4,2020-03-04 11:30:00,full_signal,30,False,77.5,79.33439897631692,34.9,33.63633355607754,37.7,14.469132722553862
4,2020-03-05 09:00:00,full_signal,30,False,83.5,57.87278319613052,9.3,34.44670135214971,2.9,8.843205108950318
4,2020-03-05 13:15:00,full_signal,30,False,58.8,67.75541291172706,48.3,20.759212127319486,17.6,10.51613015567919
4,2020-03-05 20:00:00,full_signal,30,False,6.8,65.13184295532304,42.3,35.75546791372263,4.8,10.79761337754336
4,2020-02-29 14:00:00,full_signal,31,False,26.4,79.90823665394174,48.4,36.681926737736916,11.7,16.036730069492954
4,2020-02-29 20:00:00,full_signal,31,False,48.7,76.45101488471478,6.5,32.66272369435073,30.0,13.024870182599276
4,2020-03-01 08:45:00,full_signal,31,False,56.5,65.78358703090134,8.0,45.715476482816776,2.5,13.102564526302196
4,2020-03-01 13:15:00,full_signal,31,False,7.3,68.7806105856996,107.3,24.459901798083933,46.5,9.901335130608256
4,2020-03-02 08:15:00,full_signal,31,False,114.0,66.40351226915747,15.9,27.1503769716877,0.9,10.178222492395477
4,2020-03-02 12:30:00,full_signal,31,False,6.8,77.67596849039104,21.9,35.716507975342175,11.7,14.409149566522428
4,2020-03-02 16:30:00,full_signal,31,False,117.0,64.70294315548465,49.0,37.79552541018614,38.0,11.097687717159518
4,2020-03-03 09:30:00,full_signal,31,False,56.5,58.099603815186626,8.0,32.12461300249182,2.5,8.495845598903664
4,2020-03-03 15:30:00,full_signal,31,False,10.6,61.52757815553737,22.4,51.26234453036918,11.3,12.657152299216811
4,2020-03-03 20:30:00,full_signal,31,False,6.8,65.4573091720945,55.3,36.035133807305336,28.5,9.203123923214262
4,2020-03-04 11:30:00,full_signal,31,False,77.5,66.50784696716195,34.9,18.003037278026518,37.7,9.00867709400676
4,2020-03-05 09:00:00,full_signal,31,False,83.5,75.35117177042778,9.3,32.92943648645867,2.9,13.288361077337255
4,2020-03-05 13:15:00,full_signal,31,False,58.8,69.4354634132456,48.3,41.00778996234295,17.6,9.857353896262037
4,2020-03-05 20:00:00,full_signal,31,False,6.8,73.16700651435086,42.3,37.18442259278446,4.8,13.52321021760456
4,2020-02-29 14:00:00,full_signal,32,False,26.4,79.90823665394174,48.4,36.681926737736916,11.7,16.036730069492954
4,2020-02-29 20:00:00,full_signal,32,False,48.7,65.24142202596066,6.5,32.869077059938036,30.0,9.654363274179463
4,2020-03-01 08:45:00,full_signal,32,False,56.5,65.61994145505349,8.0,25.5256652851634,2.5,9.547347454851007
4,2020-03-01 13:15:00,full_signal,32,False,7.3,67.99822493925413,107.3,22.073752483941135,46.5,11.241347241383655
4,2020-03-02 08:15:00,full_signal,32,False,114.0,66.1420469567594,15.9,46.68349345281092,0.9,12.93694700586161
4,2020-03-02 12:30:00,full_signal,32,False,6.8,70.02326142783284,21.9,41.22805445557419,11.7,10.408632595559377
4,2020-03-02 16:30:00,full_signal,32,False,117.0,76.81111344551083,49.0,33.95806847760658,38.0,14.742331804052824
4,2020-03-03 09:30:00,full_signal,32,False,56.5,68.33498851114224,8.0,35.484185300061284,2.5,10.860595876599774
4,2020-03-03 15:30:00,full_signal,32,False,10.6,74.34630483779563,22.4,38.8002351494718,11.3,14.223072459637411
4,2020-03-03 20:30:00,full_signal,32,False,6.8,78.12734654414844,55.3,28.456454642729973,28.5,12.44544834015696
4,2020-03-04 11:30:00,full_signal,32,False,77.5,58.720876052143645,34.9,34.26909938261754,37.7,8.010074004714177
4,2020-03-05 09:00:00,full_signal,32,False,83.5,79.24269684270281,9.3,35.43384925228098,2.9,15.034469829672782
4,2020-03-05 13:15:00,full_signal,32,False,58.8,69.50536239703062,48.3,24.629409308826457,17.6,9.793494175212842
4,2020-03-05 20:00:00,full_signal,32,False,6.8,61.12509193774686,42.3,48.89754416005789,4.8,11.983392510028535
4,2020-02-29 14:00:00,full_signal,33,False,26.4,69.14231667182693,48.4,40.67883741064648,11.7,9.581860341877817
4,2020-02-29 20:00:00,full_signal,33,False,48.7,65.24142202596066,6.5,32.869077059938036,30.0,9.654363274179463
4,2020-03-01 08:45:00,full_signal,33,False,56.5,74.27197567560384,8.0,32.04178338881174,2.5,13.50995726278757
4,2020-03-01 13:15:00,full_signal,33,False,7.3,79.87587535896148,107.3,37.366783283168935,46.5,15.811973042779902
4,2020-03-02 08:15:00,full_signal,33,False,114.0,66.40351226915747,15.9,27.1503769716877,0.9,10.178222492395477
4,2020-03-02 12:30:00,full_signal,33,False,6.8,66.89509309097532,21.9,46.877718685065425,11.7,13.216409560236748
4,2020-03-02 16:30:00,full_signal,33,False,117.0,60.362965983995856,49.0,50.52079652052968,38.0,12.311459849792014
4,2020-03-03 09:30:00,full_signal,33,False,56.5,71.00120422633104,8.0,33.439388791643196,2.5,12.540271586816788
4,2020-03-03 15:30:00,full_signal,33,False,10.6,69.45133343547073,22.4,25.066956190953537,11.3,10.002893875606373
4,2020-03-03 20:30:00,full_signal,33,False,6.8,78.85421655789631,55.3,31.631558980564186,28.5,13.92369907704284
4,2020-03-04 11:30:00,full_signal,33,False,77.5,58.720876052143645,34.9,34.26909938261754,37.7,8.010074004714177
4,2020-03-05 09:00:00,full_signal,33,False,83.5,66.20764544814125,9.3,19.26556197427599,2.9,9.80027586000153
4,2020-03-05 13:15:00,full_signal,33,False,58.8,66.06370798279913,48.3,39.486572789206924,17.6,11.272590035856004
4,2020-03-05 20:00:00,full_signal,33,False,6.8,76.33842142048819,42.3,33.66755748088124,4.8,13.844501245104569
4,2020-02-29 14:00:00,full_signal,34,False,26.4,61.65129813301607,48.4,49.81382039175334,11.7,11.610329835292916
4,2020-02-29 20:00:00,full_signal,34,False,48.7,76.45101488471478,6.5,32.66272369435073,30.0,13.024870182599276
4,2020-03-01 08:45:00,full_signal,34,False,56.5,58.48132030593419,8.0,34.23099978229833,2.5,9.44797509032578
4,2020-03-01 13:15:00,full_signal,34,False,7.3,76.68218800575389,107.3,34.80159230071604,46.5,14.136853006116457
4,2020-03-02 08:15:00,full_signal,34,False,114.0,67.41050108524372,15.9,21.251557743495823,0.9,10.78631639316984
4,2020-03-02 12:30:00,full_signal,34,False,6.8,66.89509309097532,21.9,46.877718685065425,11.7,13.216409560236748
4,2020-03-02 16:30:00,full_signal,34,False,117.0,80.96732662875291,49.0,37.27033722841867,38.0,16.855051143379768
4,2020-03-03 09:30:00,full_signal,34,False,56.5,67.59182884972311,8.0,25.850256409530488,2.5,10.28755246278998
4,2020-03-03 15:30:00,full_signal,34,False,10.6,77.83480482308448,22.4,34.83736332098677,11.3,15.042081423380855
4,2020-03-03 20:30:00,full_signal,34,False,6.8,65.4573091720945,55.3,36.035133807305336,28.5,9.203123923214262
4,2020-03-04 11:30:00,full_signal,34,False,77.5,68.9442943595605,34.9,35.0997684404956,37.7,10.777138136134607
4,2020-03-05 09:00:00,full_signal,34,False,83.5,68.82926448666268,9.3,38.06227239979172,2.9,9.00774921189569
4,2020-03-05 13:15:00,full_signal,34,False,58.8,69.50536239703062,48.3,24.629409308826457,17.6,9.793494175212842
4,2020-03-05 20:00:00,full_signal,34,False,6.8,73.16700651435086,42.3,37.18442259278446,4.8,13.52321021760456
4,2020-02-29 14:00:00,full_signal,35,False,26.4,69.79794599011706,48.4,24.577124619482134,11.7,9.784611437005653
4,2020-02-29 20:00:00,full_signal,35,False,48.7,71.23807913106361,6.5,30.315375778093962,30.0,8.580337467377845
4,2020-03-01 08:45:00,full_signal,35,False,56.5,63.89122025837715,8.0,36.307683504167535,2.5,10.605556111128049
4,2020-03-01 13:15:00,full_signal,35,False,7.3,76.68218800575389,107.3,34.80159230071604,46.5,14.136853006116457
4,2020-03-02 08:15:00,full_signal,35,False,114.0,59.611322706723705,15.9,38.347923095332234,0.9,9.73639072259406
4,2020-03-02 12:30:00,full_signal,35,False,6.8,81.4137840436623,21.9,38.20475190198431,11.7,16.932048872350006
4,2020-03-02 16:30:00,full_signal,35,False,117.0,80.29516992346434,49.0,37.18096534193913,38.0,15.886339085648867
4,2020-03-03 09:30:00,full_signal,35,False,56.5,64.93126193093215,8.0,45.127605907739664,2.5,12.128132466116096
4,2020-03-03 15:30:00,full_signal,35,False,10.6,67.62454315903186,22.4,28.315162406413993,11.3,10.721853827816904
4,2020-03-03 20:30:00,full_signal,35,False,6.8,73.32656880672243,55.3,28.338776813659223,28.5,10.941234710047869
4,2020-03-04 11:30:00,full_signal,35,False,77.5,67.29775644696498,34.9,44.262367812806325,37.7,12.036785126133832
4,2020-03-05 09:00:00,full_signal,35,False,83.5,66.20764544814125,9.3,19.26556197427599,2.9,9.80027586000153
4,2020-03-05 13:15:00,full_signal,35,False,58.8,66.06370798279913,48.3,39.486572789206924,17.6,11.272590035856004
4,2020-03-05 20:00:00,full_signal,35,False,6.8,73.16700651435086,42.3,37.18442259278446,4.8,13.52321021760456
4,2020-02-29 14:00:00,full_signal,36,False,26.4,65.50413322085002,48.4,37.81978368949496,11.7,10.868898875070158
4,2020-02-29 20:00:00,full_signal,36,False,48.7,77.07210909093537,6.5,32.17162076625046,30.0,14.477141784999494
4,2020-03-01 08:45:00,full_signal,36,False,56.5,65.78358703090134,8.0,45.715476482816776,2.5,13.102564526302196
4,2020-03-01 13:15:00,full_signal,36,False,7.3,60.579298155338236,107.3,50.08529747925749,46.5,12.526096684637183
4,2020-03-02 08:15:00,full_signal,36,False,114.0,76.6825021655034,15.9,34.072834144528684,0.9,14.634407810645726
4,2020-03-02 12:30:00,full_signal,36,False,6.8,69.35776110202539,21.9,24.945188543517236,11.7,9.888585447689234
4,2020-03-02 16:30:00,full_signal,36,False,117.0,69.43434118003147,49.0,40.49771835263299,38.0,10.47342075267313
4,2020-03-03 09:30:00,full_signal,36,False,56.5,58.099603815186626,8.0,32.12461300249182,2.5,8.495845598903664
4,2020-03-03 15:30:00,full_signal,36,False,10.6,64.70218603423206,22.4,39.99476548361571,11.3,11.137497500239194
4,2020-03-03 20:30:00,full_signal,36,False,6.8,60.870639992677255,55.3,16.514277884370554,28.5,6.303412851878942
4,2020-03-04 11:30:00,full_signal,36,False,77.5,79.16284730267039,34.9,34.827435216356356,37.7,14.70875975095443
4,2020-03-05 09:00:00,full_signal,36,False,83.5,67.17743885428939,9.3,26.679031930110554,2.9,10.112987773079368
4,2020-03-05 13:15:00,full_signal,36,False,58.8,77.44228135758217,48.3,34.61030509334924,17.6,13.725680755604856
4,2020-03-05 20:00:00,full_signal,36,False,6.8,73.16700651435086,42.3,37.18442259278446,4.8,13.52321021760456
4,2020-02-29 14:00:00,full_signal,37,False,26.4,76.81295560842774,48.4,33.44079121847641,11.7,13.299345134949949
4,2020-02-29 20:00:00,full_signal,37,False,48.7,57.26084346170336,6.5,15.757597197767906,30.0,6.0977026721148135
4,2020-03-01 08:45:00,full_signal,37,False,56.5,63.89122025837715,8.0,36.307683504167535,2.5,10.605556111128049
4,2020-03-01 13:15:00,full_signal,37,False,7.3,80.7244858130707,107.3,37.42169160733866,46.5,16.989238034057966
4,2020-03-02 08:15:00,full_signal,37,False,114.0,73.26076756927014,15.9,37.83049180801947,0.9,13.68496431601366
4,2020-03-02 12:30:00,full_signal,37,False,6.8,65.6388430989402,21.9,39.774241099180976,11.7,11.483327930222057
4,2020-03-02 16:30:00,full_signal,37,False,117.0,60.362965983995856,49.0,50.52079652052968,38.0,12.311459849792014
4,2020-03-03 09:30:00,full_signal,37,False,56.5,67.59182884972311,8.0,25.850256409530488,2.5,10.28755246278998
4,2020-03-03 15:30:00,full_signal,37,False,10.6,70.16863778735032,22.4,41.42908839751047,11.3,10.562285497292166
4,2020-03-03 20:30:00,full_signal,37,False,6.8,73.32656880672243,55.3,28.338776813659223,28.5,10.941234710047869
4,2020-03-04 11:30:00,full_signal,37,False,77.5,79.16284730267039,34.9,34.827435216356356,37.7,14.70875975095443
4,2020-03-05 09:00:00,full_signal,37,False,83.5,64.98714760119513,9.3,45.3087441831097,2.9,12.356311161312918
4,2020-03-05 13:15:00,full_signal,37,False,58.8,69.50536239703062,48.3,24.629409308826457,17.6,9.793494175212842
4,2020-03-05 20:00:00,full_signal,37,False,6.8,59.39146058888735,42.3,37.65926107060819,4.8,9.614948113997613
4,2020-02-29 14:00:00,full_signal,38,False,26.4,61.65129813301607,48.4,49.81382039175334,11.7,11.610329835292916
4,2020-02-29 20:00:00,full_signal,38,False,48.7,70.19663246851721,6.5,28.21904374326899,30.0,10.914185470182044
4,2020-03-01 08:45:00,full_signal,38,False,56.5,68.28483176258467,8.0,23.808147446232343,2.5,9.453593417064278
4,2020-03-01 13:15:00,full_signal,38,False,7.3,80.7244858130707,107.3,37.42169160733866,46.5,16.989238034057966
4,2020-03-02 08:15:00,full_signal,38,False,114.0,66.1420469567594,15.9,46.68349345281092,0.9,12.93694700586161
4,2020-03-02 12:30:00,full_signal,38,False,6.8,65.6388430989402,21.9,39.774241099180976,11.7,11.483327930222057
4,2020-03-02 16:30:00,full_signal,38,False,117.0,80.29516992346434,49.0,37.18096534193913,38.0,15.886339085648867
4,2020-03-03 09:30:00,full_signal,38,False,56.5,67.59182884972311,8.0,25.850256409530488,2.5,10.28755246278998
4,2020-03-03 15:30:00,full_signal,38,False,10.6,70.16863778735032,22.4,41.42908839751047,11.3,10.562285497292166
4,2020-03-03 20:30:00,full_signal,38,False,6.8,60.870639992677255,55.3,16.514277884370554,28.5,6.303412851878942
4,2020-03-04 11:30:00,full_signal,38,False,77.5,63.30421346511335,34.9,37.84542626467911,37.7,9.188077114652923
4,2020-03-05 09:00:00,full_signal,38,False,83.5,72.0041614830783,9.3,35.246511093049016,2.9,12.848671252788591
4,2020-03-05 13:15:00,full_signal,38,False,58.8,77.44228135758217,48.3,34.61030509334924,17.6,13.725680755604856
4,2020-03-05 20:00:00,full_signal,38,False,6.8,59.39146058888735,42.3,37.65926107060819,4.8,9.614948113997613
4,2020-02-29 14:00:00,full_signal,39,False,26.4,77.16740962205269,48.4,34.09890686468678,11.7,14.407413453492683
4,2020-02-29 20:00:00,full_signal,39,False,48.7,70.40243952276792,6.5,31.663729248651833,30.0,10.598551136772308
4,2020-03-01 08:45:00,full_signal,39,False,56.5,68.92032724223958,8.0,37.714748400364336,2.5,9.748655550137933
4,2020-03-01 13:15:00,full_signal,39,False,7.3,76.68218800575389,107.3,34.80159230071604,46.5,14.136853006116457
4,2020-03-02 08:15:00,full_signal,39,False,114.0,59.611322706723705,15.9,38.347923095332234,0.9,9.73639072259406
4,2020-03-02 12:30:00,full_signal,39,False,6.8,69.35776110202539,21.9,24.945188543517236,11.7,9.888585447689234
4,2020-03-02 16:30:00,full_signal,39,False,117.0,80.96732662875291,49.0,37.27033722841867,38.0,16.855051143379768
4,2020-03-03 09:30:00,full_signal,39,False,56.5,67.59182884972311,8.0,25.850256409530488,2.5,10.28755246278998
4,2020-03-03 15:30:00,full_signal,39,False,10.6,74.34630483779563,22.4,38.8002351494718,11.3,14.223072459637411
4,2020-03-03 20:30:00,full_signal,39,False,6.8,71.78802231138684,55.3,37.22734211384613,28.5,11.760344138803987
4,2020-03-04 11:30:00,full_signal,39,False,77.5,64.66345089186117,34.9,45.823419547252094,37.7,11.464885365741688
4,2020-03-05 09:00:00,full_signal,39,False,83.5,66.20764544814125,9.3,19.26556197427599,2.9,9.80027586000153
4,2020-03-05 13:15:00,full_signal,39,False,58.8,81.21646434963968,48.3,37.07334337607959,17.6,15.98820382919356
4,2020-03-05 20:00:00,full_signal,39,False,6.8,63.748217366357856,42.3,38.840977093488924,4.8,10.522054381715584
4,2020-02-29 14:00:00,full_signal,40,False,26.4,61.65129813301607,48.4,49.81382039175334,11.7,11.610329835292916
4,2020-02-29 20:00:00,full_signal,40,False,48.7,65.24142202596066,6.5,32.869077059938036,30.0,9.654363274179463
4,2020-03-01 08:45:00,full_signal,40,False,56.5,78.66593719552687,8.0,35.588695492898694,2.5,15.01981661547656
4,2020-03-01 13:15:00,full_signal,40,False,7.3,68.7806105856996,107.3,24.459901798083933,46.5,9.901335130608256
4,2020-03-02 08:15:00,full_signal,40,False,114.0,66.1420469567594,15.9,46.68349345281092,0.9,12.93694700586161
4,2020-03-02 12:30:00,full_signal,40,False,6.8,68.00342119354698,21.9,21.241791216605666,11.7,10.673742344633892
4,2020-03-02 16:30:00,full_signal,40,False,117.0,69.43434118003147,49.0,40.49771835263299,38.0,10.47342075267313
4,2020-03-03 09:30:00,full_signal,40,False,56.5,78.58161806002798,8.0,34.94430531542826,2.5,15.315452822216953
4,2020-03-03 15:30:00,full_signal,40,False,10.6,77.77789805080874,22.4,36.11046670240401,11.3,14.662095954180522
4,2020-03-03 20:30:00,full_signal,40,False,6.8,73.65988248234427,55.3,29.026304857100264,28.5,12.345583303148565
4,2020-03-04 11:30:00,full_signal,40,False,77.5,68.9442943595605,34.9,35.0997684404956,37.7,10.777138136134607
4,2020-03-05 09:00:00,full_signal,40,False,83.5,67.17743885428939,9.3,26.679031930110554,2.9,10.112987773079368
4,2020-03-05 13:15:00,full_signal,40,False,58.8,77.82217531552823,48.3,34.675238900981114,17.6,14.714794938463763
4,2020-03-05 20:00:00,full_signal,40,False,6.8,59.39146058888735,42.3,37.65926107060819,4.8,9.614948113997613
4,2020-02-29 14:00:00,full_signal,41,False,26.4,79.47952589007612,48.4,35.70588181864925,11.7,15.341767543097545
4,2020-02-29 20:00:00,full_signal,41,False,48.7,72.24108360325893,6.5,27.901237562917863,30.0,12.572605412915886
4,2020-03-01 08:45:00,full_signal,41,False,56.5,58.48132030593419,8.0,34.23099978229833,2.5,9.44797509032578
4,2020-03-01 13:15:00,full_signal,41,False,7.3,76.68218800575389,107.3,34.80159230071604,46.5,14.136853006116457
4,2020-03-02 08:15:00,full_signal,41,False,114.0,68.92296801937468,15.9,24.604009048946335,0.9,9.748670362461972
4,2020-03-02 12:30:00,full_signal,41,False,6.8,81.4137840436623,21.9,38.20475190198431,11.7,16.932048872350006
4,2020-03-02 16:30:00,full_signal,41,False,117.0,68.06840851123538,49.0,21.68585493894731,38.0,11.167681996143923
4,2020-03-03 09:30:00,full_signal,41,False,56.5,68.33498851114224,8.0,35.484185300061284,2.5,10.860595876599774
4,2020-03-03 15:30:00,full_signal,41,False,10.6,61.52757815553737,22.4,51.26234453036918,11.3,12.657152299216811
4,2020-03-03 20:30:00,full_signal,41,False,6.8,65.4573091720945,55.3,36.035133807305336,28.5,9.203123923214262
4,2020-03-04 11:30:00,full_signal,41,False,77.5,75.88184141306877,34.9,30.982236225859836,37.7,12.131510124730177
4,2020-03-05 09:00:00,full_signal,41,False,83.5,67.17743885428939,9.3,26.679031930110554,2.9,10.112987773079368
4,2020-03-05 13:15:00,full_signal,41,False,58.8,66.07804762899787,48.3,46.52034235504908,17.6,12.711077014553812
4,2020-03-05 20:00:00,full_signal,41,False,6.8,68.9298911524877,42.3,39.916467176908995,4.8,9.975733606294131
4,2020-02-29 14:00:00,full_signal,42,False,26.4,72.93431595598462,48.4,37.45333266467774,11.7,13.16841206456976
4,2020-02-29 20:00:00,full_signal,42,False,48.7,70.40243952276792,6.5,31.663729248651833,30.0,10.598551136772308
4,2020-03-01 08:45:00,full_signal,42,False,56.5,74.27197567560384,8.0,32.04178338881174,2.5,13.50995726278757
4,2020-03-01 13:15:00,full_signal,42,False,7.3,64.40388658967592,107.3,39.287103825323655,46.5,11.025244005816054
4,2020-03-02 08:15:00,full_signal,42,False,114.0,68.9374083083032,15.9,40.57279484510213,0.9,10.001413431871098
4,2020-03-02 12:30:00,full_signal,42,False,6.8,61.66386577715441,21.9,51.03371626560663,11.7,12.574083599282584
4,2020-03-02 16:30:00,full_signal,42,False,117.0,66.39073603793855,49.0,26.984881196163,38.0,10.125463855893367
4,2020-03-03 09:30:00,full_signal,42,False,56.5,78.5900384575051,8.0,34.72801720264963,2.5,14.211790380813042
4,2020-03-03 15:30:00,full_signal,42,False,10.6,81.77079825579659,22.4,38.23559764760232,11.3,17.09054468085927
4,2020-03-03 20:30:00,full_signal,42,False,6.8,78.12734654414844,55.3,28.456454642729973,28.5,12.44544834015696
4,2020-03-04 11:30:00,full_signal,42,False,77.5,64.66345089186117,34.9,45.823419547252094,37.7,11.464885365741688
4,2020-03-05 09:00:00,full_signal,42,False,83.5,66.20764544814125,9.3,19.26556197427599,2.9,9.80027586000153
4,2020-03-05 13:15:00,full_signal,42,False,58.8,69.50536239703062,48.3,24.629409308826457,17.6,9.793494175212842
4,2020-03-05 20:00:00,full_signal,42,False,6.8,59.39146058888735,42.3,37.65926107060819,4.8,9.614948113997613
4,2020-02-29 14:00:00,full_signal,43,False,26.4,77.16740962205269,48.4,34.09890686468678,11.7,14.407413453492683
4,2020-02-29 20:00:00,full_signal,43,False,48.7,57.26084346170336,6.5,15.757597197767906,30.0,6.0977026721148135
4,2020-03-01 08:45:00,full_signal,43,False,56.5,68.92032724223958,8.0,37.714748400364336,2.5,9.748655550137933
4,2020-03-01 13:15:00,full_signal,43,False,7.3,60.579298155338236,107.3,50.08529747925749,46.5,12.526096684637183
4,2020-03-02 08:15:00,full_signal,43,False,114.0,63.94863398588546,15.9,39.30752461864085,0.9,10.653056754333814
4,2020-03-02 12:30:00,full_signal,43,False,6.8,81.4137840436623,21.9,38.20475190198431,11.7,16.932048872350006
4,2020-03-02 16:30:00,full_signal,43,False,117.0,64.70294315548465,49.0,37.79552541018614,38.0,11.097687717159518
4,2020-03-03 09:30:00,full_signal,43,False,56.5,78.5900384575051,8.0,34.72801720264963,2.5,14.211790380813042
4,2020-03-03 15:30:00,full_signal,43,False,10.6,67.18340741188209,22.4,47.28681502049783,11.3,13.426146914739213
4,2020-03-03 20:30:00,full_signal,43,False,6.8,61.99475549629108,55.3,31.095782930409634,28.5,8.270157231446817
4,2020-03-04 11:30:00,full_signal,43,False,77.5,69.4351104168626,34.9,26.168960660602725,37.7,9.930864735476694
4,2020-03-05 09:00:00,full_signal,43,False,83.5,69.15359830984244,9.3,24.177280535248958,2.9,9.504874818612068
4,2020-03-05 13:15:00,full_signal,43,False,58.8,77.44228135758217,48.3,34.61030509334924,17.6,13.725680755604856
4,2020-03-05 20:00:00,full_signal,43,False,6.8,73.16700651435086,42.3,37.18442259278446,4.8,13.52321021760456
4,2020-02-29 14:00:00,full_signal,44,False,26.4,79.47952589007612,48.4,35.70588181864925,11.7,15.341767543097545
4,2020-02-29 20:00:00,full_signal,44,False,48.7,74.05434237767382,6.5,23.839956517873038,30.0,11.126318998609943
4,2020-03-01 08:45:00,full_signal,44,False,56.5,64.90341140955827,8.0,34.63070193770623,2.5,10.688530474957256
4,2020-03-01 13:15:00,full_signal,44,False,7.3,76.46902133669191,107.3,34.08571262111705,46.5,14.895616197426202
4,2020-03-02 08:15:00,full_signal,44,False,114.0,63.94863398588546,15.9,39.30752461864085,0.9,10.653056754333814
4,2020-03-02 12:30:00,full_signal,44,False,6.8,68.00342119354698,21.9,21.241791216605666,11.7,10.673742344633892
4,2020-03-02 16:30:00,full_signal,44,False,117.0,73.56854055628621,49.0,37.96613711092954,38.0,13.975951133981757
4,2020-03-03 09:30:00,full_signal,44,False,56.5,68.48973699917845,8.0,35.82203358280238,2.5,8.490972206858453
4,2020-03-03 15:30:00,full_signal,44,False,10.6,67.18340741188209,22.4,47.28681502049783,11.3,13.426146914739213
4,2020-03-03 20:30:00,full_signal,44,False,6.8,61.99475549629108,55.3,31.095782930409634,28.5,8.270157231446817
4,2020-03-04 11:30:00,full_signal,44,False,77.5,79.33439897631692,34.9,33.63633355607754,37.7,14.469132722553862
4,2020-03-05 09:00:00,full_signal,44,False,83.5,67.17743885428939,9.3,26.679031930110554,2.9,10.112987773079368
4,2020-03-05 13:15:00,full_signal,44,False,58.8,77.44228135758217,48.3,34.61030509334924,17.6,13.725680755604856
4,2020-03-05 20:00:00,full_signal,44,False,6.8,61.12509193774686,42.3,48.89754416005789,4.8,11.983392510028535
4,2020-02-29 14:00:00,full_signal,45,False,26.4,59.20727275965842,48.4,38.512346055757064,11.7,9.17589593095169
4,2020-02-29 20:00:00,full_signal,45,False,48.7,75.0129292358969,6.5,28.936062122288337,30.0,11.794682525431208
4,2020-03-01 08:45:00,full_signal,45,False,56.5,68.28483176258467,8.0,23.808147446232343,2.5,9.453593417064278
4,2020-03-01 13:15:00,full_signal,45,False,7.3,73.6306836555666,107.3,38.02001874880675,46.5,14.053688069732631
4,2020-03-02 08:15:00,full_signal,45,False,114.0,79.72606768158427,15.9,36.75516256392322,0.9,15.550749400048488
4,2020-03-02 12:30:00,full_signal,45,False,6.8,70.02326142783284,21.9,41.22805445557419,11.7,10.408632595559377
4,2020-03-02 16:30:00,full_signal,45,False,117.0,80.96732662875291,49.0,37.27033722841867,38.0,16.855051143379768
4,2020-03-03 09:30:00,full_signal,45,False,56.5,64.99202357601828,8.0,18.075347588767055,2.5,9.261639365120484
4,2020-03-03 15:30:00,full_signal,45,False,10.6,67.18340741188209,22.4,47.28681502049783,11.3,13.426146914739213
4,2020-03-03 20:30:00,full_signal,45,False,6.8,71.78802231138684,55.3,37.22734211384613,28.5,11.760344138803987
4,2020-03-04 11:30:00,full_signal,45,False,77.5,63.30421346511335,34.9,37.84542626467911,37.7,9.188077114652923
4,2020-03-05 09:00:00,full_signal,45,False,83.5,75.35117177042778,9.3,32.92943648645867,2.9,13.288361077337255
4,2020-03-05 13:15:00,full_signal,45,False,58.8,67.52239643862832,48.3,27.618168937755875,17.6,10.522646595573509
4,2020-03-05 20:00:00,full_signal,45,False,6.8,65.13184295532304,42.3,35.75546791372263,4.8,10.79761337754336
4,2020-02-29 14:00:00,full_signal,46,False,26.4,79.47952589007612,48.4,35.70588181864925,11.7,15.341767543097545
4,2020-02-29 20:00:00,full_signal,46,False,48.7,64.0995212854715,6.5,44.224959947696824,30.0,11.408397921657437
4,2020-03-01 08:45:00,full_signal,46,False,56.5,68.92032724223958,8.0,37.714748400364336,2.5,9.748655550137933
4,2020-03-01 13:15:00,full_signal,46,False,7.3,80.7244858130707,107.3,37.42169160733866,46.5,16.989238034057966
4,2020-03-02 08:15:00,full_signal,46,False,114.0,76.6825021655034,15.9,34.072834144528684,0.9,14.634407810645726
4,2020-03-02 12:30:00,full_signal,46,False,6.8,61.66386577715441,21.9,51.03371626560663,11.7,12.574083599282584
4,2020-03-02 16:30:00,full_signal,46,False,117.0,64.58200916918737,49.0,39.45340940773756,38.0,10.988983499744224
4,2020-03-03 09:30:00,full_signal,46,False,56.5,71.00120422633104,8.0,33.439388791643196,2.5,12.540271586816788
4,2020-03-03 15:30:00,full_signal,46,False,10.6,67.62454315903186,22.4,28.315162406413993,11.3,10.721853827816904
4,2020-03-03 20:30:00,full_signal,46,False,6.8,61.99475549629108,55.3,31.095782930409634,28.5,8.270157231446817
4,2020-03-04 11:30:00,full_signal,46,False,77.5,68.9442943595605,34.9,35.0997684404956,37.7,10.777138136134607
4,2020-03-05 09:00:00,full_signal,46,False,83.5,69.15359830984244,9.3,24.177280535248958,2.9,9.504874818612068
4,2020-03-05 13:15:00,full_signal,46,False,58.8,67.75541291172706,48.3,20.759212127319486,17.6,10.51613015567919
4,2020-03-05 20:00:00,full_signal,46,False,6.8,76.33842142048819,42.3,33.66755748088124,4.8,13.844501245104569
4,2020-02-29 14:00:00,full_signal,47,False,26.4,69.79794599011706,48.4,24.577124619482134,11.7,9.784611437005653
4,2020-02-29 20:00:00,full_signal,47,False,48.7,72.24108360325893,6.5,27.901237562917863,30.0,12.572605412915886
4,2020-03-01 08:45:00,full_signal,47,False,56.5,65.61994145505349,8.0,25.5256652851634,2.5,9.547347454851007
4,2020-03-01 13:15:00,full_signal,47,False,7.3,80.7244858130707,107.3,37.42169160733866,46.5,16.989238034057966
4,2020-03-02 08:15:00,full_signal,47,False,114.0,66.1420469567594,15.9,46.68349345281092,0.9,12.93694700586161
4,2020-03-02 12:30:00,full_signal,47,False,6.8,61.66386577715441,21.9,51.03371626560663,11.7,12.574083599282584
4,2020-03-02 16:30:00,full_signal,47,False,117.0,64.70294315548465,49.0,37.79552541018614,38.0,11.097687717159518
4,2020-03-03 09:30:00,full_signal,47,False,56.5,76.17284860460039,8.0,31.260221446447858,2.5,12.704585500902663
4,2020-03-03 15:30:00,full_signal,47,False,10.6,77.83480482308448,22.4,34.83736332098677,11.3,15.042081423380855
4,2020-03-03 20:30:00,full_signal,47,False,6.8,61.99475549629108,55.3,31.095782930409634,28.5,8.270157231446817
4,2020-03-04 11:30:00,full_signal,47,False,77.5,68.66747896228507,34.9,36.652244494047636,37.7,8.047740463267663
4,2020-03-05 09:00:00,full_signal,47,False,83.5,63.33823192225484,9.3,36.79200424607961,2.9,10.093767375546486
4,2020-03-05 13:15:00,full_signal,47,False,58.8,67.75541291172706,48.3,20.759212127319486,17.6,10.51613015567919
4,2020-03-05 20:00:00,full_signal,47,False,6.8,78.93277638355913,42.3,35.678781763816055,4.8,15.156251249784962
4,2020-02-29 14:00:00,full_signal,48,False,26.4,77.16740962205269,48.4,34.09890686468678,11.7,14.407413453492683
4,2020-02-29 20:00:00,full_signal,48,False,48.7,65.24142202596066,6.5,32.869077059938036,30.0,9.654363274179463
4,2020-03-01 08:45:00,full_signal,48,False,56.5,68.92032724223958,8.0,37.714748400364336,2.5,9.748655550137933
4,2020-03-01 13:15:00,full_signal,48,False,7.3,60.447924711785944,107.3,38.861629394881476,46.5,10.283251007997292
4,2020-03-02 08:15:00,full_signal,48,False,114.0,66.1420469567594,15.9,46.68349345281092,0.9,12.93694700586161
4,2020-03-02 12:30:00,full_signal,48,False,6.8,81.4137840436623,21.9,38.20475190198431,11.7,16.932048872350006
4,2020-03-02 16:30:00,full_signal,48,False,117.0,60.362965983995856,49.0,50.52079652052968,38.0,12.311459849792014
4,2020-03-03 09:30:00,full_signal,48,False,56.5,71.00120422633104,8.0,33.439388791643196,2.5,12.540271586816788
4,2020-03-03 15:30:00,full_signal,48,False,10.6,67.62454315903186,22.4,28.315162406413993,11.3,10.721853827816904
4,2020-03-03 20:30:00,full_signal,48,False,6.8,60.870639992677255,55.3,16.514277884370554,28.5,6.303412851878942
4,2020-03-04 11:30:00,full_signal,48,False,77.5,79.16284730267039,34.9,34.827435216356356,37.7,14.70875975095443
4,2020-03-05 09:00:00,full_signal,48,False,83.5,65.85497798311467,9.3,36.743587832938736,2.9,10.744156981164073
4,2020-03-05 13:15:00,full_signal,48,False,58.8,69.50536239703062,48.3,24.629409308826457,17.6,9.793494175212842
4,2020-03-05 20:00:00,full_signal,48,False,6.8,76.33842142048819,42.3,33.66755748088124,4.8,13.844501245104569
4,2020-02-29 14:00:00,full_signal,49,False,26.4,65.50413322085002,48.4,37.81978368949496,11.7,10.868898875070158
4,2020-02-29 20:00:00,full_signal,49,False,48.7,70.19663246851721,6.5,28.21904374326899,30.0,10.914185470182044
4,2020-03-01 08:45:00,full_signal,49,False,56.5,76.07250336722907,8.0,33.38646286007059,2.5,13.608656542031298
4,2020-03-01 13:15:00,full_signal,49,False,7.3,68.7806105856996,107.3,24.459901798083933,46.5,9.901335130608256
4,2020-03-02 08:15:00,full_signal,49,False,114.0,80.82641220341928,15.9,37.31331307302388,0.9,16.6047249724841
4,2020-03-02 12:30:00,full_signal,49,False,6.8,61.66386577715441,21.9,51.03371626560663,11.7,12.574083599282584
4,2020-03-02 16:30:00,full_signal,49,False,117.0,69.43434118003147,49.0,40.49771835263299,38.0,10.47342075267313
4,2020-03-03 09:30:00,full_signal,49,False,56.5,71.00120422633104,8.0,33.439388791643196,2.5,12.540271586816788
4,2020-03-03 15:30:00,full_signal,49,False,10.6,67.18340741188209,22.4,47.28681502049783,11.3,13.426146914739213
4,2020-03-03 20:30:00,full_signal,49,False,6.8,65.4573091720945,55.3,36.035133807305336,28.5,9.203123923214262
4,2020-03-04 11:30:00,full_signal,49,False,77.5,79.16284730267039,34.9,34.827435216356356,37.7,14.70875975095443
4,2020-03-05 09:00:00,full_signal,49,False,83.5,66.20764544814125,9.3,19.26556197427599,2.9,9.80027586000153
4,2020-03-05 13:15:00,full_signal,49,False,58.8,59.54491052897784,48.3,38.962006694615646,17.6,9.582496576809566
4,2020-03-05 20:00:00,full_signal,49,False,6.8,66.17781183239205,42.3,26.369235086701,4.8,9.999224552208794
5,2020-03-01 18:00:00,full_signal,-1,False,56.6,17.743813477429768,29.199999999999996,5.141067669969224,13.0,6.802838539824898
5,2020-03-01 22:00:00,full_signal,-1,False,0.3,30.51963900352914,5.0,5.739466879381719,5.5,10.03485892669245
5,2020-03-02 11:00:00,full_signal,-1,False,9.6,15.063409872212745,17.299999999999997,9.118421947359025,9.0,7.710246757225496
5,2020-03-02 22:30:00,full_signal,-1,False,0.9,5.327821301891764,6.4,11.820620134609854,9.3,4.734288784206216
5,2020-03-03 09:40:00,full_signal,-1,False,56.5,37.67546577670245,8.0,5.269562177620603,2.5,8.923606576783918
5,2020-03-04 14:00:00,full_signal,-1,False,43.4,39.4007415553428,4.300000000000001,2.05667686684431,8.0,10.993118401275
5,2020-03-04 18:30:00,full_signal,-1,False,154.0,41.945017822106,77.0,7.713092023751398,95.0,11.117040376728598
5,2020-03-04 22:15:00,full_signal,-1,False,3.0,13.349597271342162,1.0,8.157386906118292,5.5,5.72783017493783
5,2020-03-05 08:30:00,full_signal,-1,False,56.5,38.32870214367922,8.0,8.156263496963486,2.5,9.882916508527446
5,2020-03-05 13:30:00,full_signal,-1,False,17.0,10.48499272648193,13.0,15.674927313702613,28.0,6.357545937437335
5,2020-03-05 22:00:00,full_signal,-1,False,119.0,20.266058496588574,9.6,6.723101072950515,28.0,10.02138648994492
5,2020-03-06 13:30:00,full_signal,-1,False,9.1,6.29393269501108,9.4,12.442157089641345,21.1,4.76725891583026
5,2020-03-06 21:00:00,full_signal,-1,False,42.1,39.84617519703085,9.4,9.362440779081421,18.1,13.88019811009266
5,2020-03-01 18:00:00,full_signal,0,False,56.6,13.584503883449196,29.199999999999996,8.045253061780764,13.0,5.734740925658702
5,2020-03-01 22:00:00,full_signal,0,False,0.3,10.639542958810878,5.0,15.439326846317138,5.5,6.295305453071343
5,2020-03-02 11:00:00,full_signal,0,False,9.6,40.42118352744713,17.299999999999997,7.974192815337085,9.0,10.552361563751754
5,2020-03-02 22:30:00,full_signal,0,False,0.9,5.327821301891764,6.4,11.820620134609854,9.3,4.734288784206216
5,2020-03-03 09:40:00,full_signal,0,False,56.5,21.46945397150307,8.0,6.994443545618413,2.5,10.217188434557885
5,2020-03-04 14:00:00,full_signal,0,False,43.4,30.521382820263415,4.300000000000001,6.362431932268937,8.0,10.137133703273147
5,2020-03-04 18:30:00,full_signal,0,False,154.0,7.292231692693062,77.0,12.797790122574467,95.0,4.708425773138282
5,2020-03-04 22:15:00,full_signal,0,False,3.0,38.68880811076566,1.0,1.9628697263224866,5.5,10.702015991037511
5,2020-03-05 08:30:00,full_signal,0,False,56.5,16.129765094802533,8.0,10.580801966267234,2.5,7.774258660338931
5,2020-03-05 13:30:00,full_signal,0,False,17.0,41.66651018057575,13.0,10.188425660009182,28.0,15.09236952138718
5,2020-03-05 22:00:00,full_signal,0,False,119.0,17.651456606814204,9.6,4.50290704260663,28.0,6.611763097326349
5,2020-03-06 13:30:00,full_signal,0,False,9.1,38.37327774073171,9.4,8.238807996495826,21.1,10.058627330362413
5,2020-03-06 21:00:00,full_signal,0,False,42.1,37.556527076806915,9.4,5.15345231549904,18.1,9.182702194048655
5,2020-03-01 18:00:00,full_signal,1,False,56.6,10.424039381985011,29.199999999999996,15.880373886790014,13.0,6.522992575762244
5,2020-03-01 22:00:00,full_signal,1,False,0.3,17.51235870829959,5.0,4.892888635842472,5.5,6.550487541192976
5,2020-03-02 11:00:00,full_signal,1,False,9.6,15.063409872212745,17.299999999999997,9.118421947359025,9.0,7.710246757225496
5,2020-03-02 22:30:00,full_signal,1,False,0.9,5.867670528286951,6.4,12.094705738920291,9.3,4.586880350125498
5,2020-03-03 09:40:00,full_signal,1,False,56.5,38.301205661357216,8.0,8.14684116150856,2.5,9.884040255961114
5,2020-03-04 14:00:00,full_signal,1,False,43.4,30.521382820263415,4.300000000000001,6.362431932268937,8.0,10.137133703273147
5,2020-03-04 18:30:00,full_signal,1,False,154.0,37.41285450922086,77.0,5.052575367954775,95.0,8.86848214565294
5,2020-03-04 22:15:00,full_signal,1,False,3.0,13.349597271342162,1.0,8.157386906118292,5.5,5.72783017493783
5,2020-03-05 08:30:00,full_signal,1,False,56.5,42.03813217389209,8.0,10.346881071260759,2.5,15.162258192306485
5,2020-03-05 13:30:00,full_signal,1,False,17.0,4.598128157733072,13.0,11.720654258467766,28.0,4.473987838225428
5,2020-03-05 22:00:00,full_signal,1,False,119.0,39.08556882539657,9.6,2.4526726646651253,28.0,10.858767699972782
5,2020-03-06 13:30:00,full_signal,1,False,9.1,41.51293653650924,9.4,7.4068802695958045,21.1,10.904022030406317
5,2020-03-06 21:00:00,full_signal,1,False,42.1,20.273779332484878,9.4,7.067750305782737,18.1,10.030677077894843
5,2020-03-01 18:00:00,full_signal,2,False,56.6,5.7094181412643765,29.199999999999996,12.480745194808689,13.0,4.57370156595462
5,2020-03-01 22:00:00,full_signal,2,False,0.3,13.775584338105162,5.0,7.9938745524108406,5.5,5.7183365096932555
5,2020-03-02 11:00:00,full_signal,2,False,9.6,15.063409872212745,17.299999999999997,9.118421947359025,9.0,7.710246757225496
5,2020-03-02 22:30:00,full_signal,2,False,0.9,10.423164527339729,6.4,15.179076803097637,9.3,6.3934561174294355
5,2020-03-03 09:40:00,full_signal,2,False,56.5,37.67546577670245,8.0,5.269562177620603,2.5,8.923606576783918
5,2020-03-04 14:00:00,full_signal,2,False,43.4,42.320099110247284,4.300000000000001,10.869990751836085,8.0,15.367682258146306
5,2020-03-04 18:30:00,full_signal,2,False,154.0,37.96475624984833,77.0,7.964177350872665,95.0,9.72175022691138
5,2020-03-04 22:15:00,full_signal,2,False,3.0,4.6453218104967675,1.0,12.099083317083998,5.5,4.626035477457821
5,2020-03-05 08:30:00,full_signal,2,False,56.5,17.298020563769445,8.0,4.911316588529445,2.5,6.473873819592208
5,2020-03-05 13:30:00,full_signal,2,False,17.0,21.373301508430274,13.0,6.651779148886961,28.0,10.261581184981996
5,2020-03-05 22:00:00,full_signal,2,False,119.0,39.85142039723265,9.6,7.592965138462148,28.0,10.645310470659586
5,2020-03-06 13:30:00,full_signal,2,False,9.1,30.57392155557074,9.4,6.101904353702141,21.1,10.099742999716469
5,2020-03-06 21:00:00,full_signal,2,False,42.1,38.92441203056492,9.4,1.697078902950898,18.1,10.340834137030415
5,2020-03-01 18:00:00,full_signal,3,False,56.6,37.750097761413855,29.199999999999996,5.633513223884785,13.0,9.205718762364452
5,2020-03-01 22:00:00,full_signal,3,False,0.3,38.48066151153198,5.0,8.185886579072829,5.5,9.881850931289499
5,2020-03-02 11:00:00,full_signal,3,False,9.6,40.661363308455,17.299999999999997,9.677068513811182,9.0,14.100846835476707
5,2020-03-02 22:30:00,full_signal,3,False,0.9,14.012077917317873,6.4,7.888988961706911,9.3,5.833773362680532
5,2020-03-03 09:40:00,full_signal,3,False,56.5,30.65422633218554,8.0,6.103105174198751,2.5,10.077896464595852
5,2020-03-04 14:00:00,full_signal,3,False,43.4,4.479729261229332,4.300000000000001,12.115531800818937,8.0,4.525694057908879
5,2020-03-04 18:30:00,full_signal,3,False,154.0,21.39940326582696,77.0,6.652959068360084,95.0,10.116065590436499
5,2020-03-04 22:15:00,full_signal,3,False,3.0,15.216129634889372,1.0,9.051679290226538,5.5,7.723007855641197
5,2020-03-05 08:30:00,full_signal,3,False,56.5,10.513063064780809,8.0,15.671840153990615,2.5,6.261989170728554
5,2020-03-05 13:30:00,full_signal,3,False,17.0,42.07626766646275,13.0,7.584877879172496,28.0,11.034456898916213
5,2020-03-05 22:00:00,full_signal,3,False,119.0,5.368266971768195,9.6,11.249607428579989,28.0,4.855640551369207
5,2020-03-06 13:30:00,full_signal,3,False,9.1,17.63718358384598,9.4,4.710464273969264,21.1,6.6625536862095815
5,2020-03-06 21:00:00,full_signal,3,False,42.1,38.92441203056492,9.4,1.697078902950898,18.1,10.340834137030415
5,2020-03-01 18:00:00,full_signal,4,False,56.6,4.906341861062357,29.199999999999996,12.221810122619555,13.0,4.589798505610233
5,2020-03-01 22:00:00,full_signal,4,False,0.3,38.48066151153198,5.0,8.185886579072829,5.5,9.881850931289499
5,2020-03-02 11:00:00,full_signal,4,False,9.6,40.661363308455,17.299999999999997,9.677068513811182,9.0,14.100846835476707
5,2020-03-02 22:30:00,full_signal,4,False,0.9,30.58319172461652,6.4,6.652653095495786,9.3,10.264136166774682
5,2020-03-03 09:40:00,full_signal,4,False,56.5,21.46945397150307,8.0,6.994443545618413,2.5,10.217188434557885
5,2020-03-04 14:00:00,full_signal,4,False,43.4,10.377042045994815,4.300000000000001,15.819660687182234,8.0,6.496208752263459
5,2020-03-04 18:30:00,full_signal,4,False,154.0,13.941956880589245,77.0,7.937676465916507,95.0,5.704235143017152
5,2020-03-04 22:15:00,full_signal,4,False,3.0,15.216129634889372,1.0,9.051679290226538,5.5,7.723007855641197
5,2020-03-05 08:30:00,full_signal,4,False,56.5,39.44772613040403,8.0,2.4827427543602125,2.5,11.020641970900266
5,2020-03-05 13:30:00,full_signal,4,False,17.0,42.07626766646275,13.0,7.584877879172496,28.0,11.034456898916213
5,2020-03-05 22:00:00,full_signal,4,False,119.0,38.3198573809067,9.6,6.139952611339957,28.0,9.879335615504345
5,2020-03-06 13:30:00,full_signal,4,False,9.1,6.29393269501108,9.4,12.442157089641345,21.1,4.76725891583026
5,2020-03-06 21:00:00,full_signal,4,False,42.1,18.42760954470271,9.4,4.219154558212604,18.1,6.710926798533707
5,2020-03-01 18:00:00,full_signal,5,False,56.6,30.443341251632557,29.199999999999996,6.787817799621729,13.0,10.21420846207462
5,2020-03-01 22:00:00,full_signal,5,False,0.3,17.51235870829959,5.0,4.892888635842472,5.5,6.550487541192976
5,2020-03-02 11:00:00,full_signal,5,False,9.6,38.92610328308467,17.299999999999997,1.6986452724083212,9.0,10.44984982688801
5,2020-03-02 22:30:00,full_signal,5,False,0.9,15.333409460065473,6.4,9.336206232457283,9.3,7.7310070192183105
5,2020-03-03 09:40:00,full_signal,5,False,56.5,38.301205661357216,8.0,8.14684116150856,2.5,9.884040255961114
5,2020-03-04 14:00:00,full_signal,5,False,43.4,10.377042045994815,4.300000000000001,15.819660687182234,8.0,6.496208752263459
5,2020-03-04 18:30:00,full_signal,5,False,154.0,5.002121134435738,77.0,12.05694275214095,95.0,4.379621984283083
5,2020-03-04 22:15:00,full_signal,5,False,3.0,5.595337631582706,1.0,11.95504614475797,5.5,4.520046370019593
5,2020-03-05 08:30:00,full_signal,5,False,56.5,37.70028272649092,8.0,5.278195155692215,2.5,8.922698743228313
5,2020-03-05 13:30:00,full_signal,5,False,17.0,13.63378390141285,13.0,7.96530689334215,28.0,5.707863660036036
5,2020-03-05 22:00:00,full_signal,5,False,119.0,20.266058496588574,9.6,6.723101072950515,28.0,10.02138648994492
5,2020-03-06 13:30:00,full_signal,5,False,9.1,41.51293653650924,9.4,7.4068802695958045,21.1,10.904022030406317
5,2020-03-06 21:00:00,full_signal,5,False,42.1,39.84617519703085,9.4,9.362440779081421,18.1,13.88019811009266
5,2020-03-01 18:00:00,full_signal,6,False,56.6,4.906341861062357,29.199999999999996,12.221810122619555,13.0,4.589798505610233
5,2020-03-01 22:00:00,full_signal,6,False,0.3,37.71526146860928,5.0,5.1852947347461384,5.5,8.860675350612714
5,2020-03-02 11:00:00,full_signal,6,False,9.6,18.20601905833231,17.299999999999997,4.2942753255996164,9.0,6.686689174576281
5,2020-03-02 22:30:00,full_signal,6,False,0.9,40.529675062490774,6.4,8.835079538071998,9.3,10.805257438301481
5,2020-03-03 09:40:00,full_signal,6,False,56.5,30.65422633218554,8.0,6.103105174198751,2.5,10.077896464595852
5,2020-03-04 14:00:00,full_signal,6,False,43.4,38.1138491320884,4.300000000000001,8.10629694433884,8.0,10.052805225140018
5,2020-03-04 18:30:00,full_signal,6,False,154.0,10.764925937041879,77.0,15.368256760763208,95.0,6.205822402759765
5,2020-03-04 22:15:00,full_signal,6,False,3.0,38.68880811076566,1.0,1.9628697263224866,5.5,10.702015991037511
5,2020-03-05 08:30:00,full_signal,6,False,56.5,42.03813217389209,8.0,10.346881071260759,2.5,15.162258192306485
5,2020-03-05 13:30:00,full_signal,6,False,17.0,16.350611035260215,13.0,10.613353386330084,28.0,7.887691128948187
5,2020-03-05 22:00:00,full_signal,6,False,119.0,20.266058496588574,9.6,6.723101072950515,28.0,10.02138648994492
5,2020-03-06 13:30:00,full_signal,6,False,9.1,6.29393269501108,9.4,12.442157089641345,21.1,4.76725891583026
5,2020-03-06 21:00:00,full_signal,6,False,42.1,13.132139909568464,9.4,8.751089029727641,18.1,5.844486029900507
5,2020-03-01 18:00:00,full_signal,7,False,56.6,13.584503883449196,29.199999999999996,8.045253061780764,13.0,5.734740925658702
5,2020-03-01 22:00:00,full_signal,7,False,0.3,41.607322785963994,5.0,10.157848289611138,5.5,15.028249164774877
5,2020-03-02 11:00:00,full_signal,7,False,9.6,20.482489537921353,17.299999999999997,7.20854377082811,9.0,10.006679160532403
5,2020-03-02 22:30:00,full_signal,7,False,0.9,40.529675062490774,6.4,8.835079538071998,9.3,10.805257438301481
5,2020-03-03 09:40:00,full_signal,7,False,56.5,30.65422633218554,8.0,6.103105174198751,2.5,10.077896464595852
5,2020-03-04 14:00:00,full_signal,7,False,43.4,39.4007415553428,4.300000000000001,2.05667686684431,8.0,10.993118401275
5,2020-03-04 18:30:00,full_signal,7,False,154.0,5.002121134435738,77.0,12.05694275214095,95.0,4.379621984283083
5,2020-03-04 22:15:00,full_signal,7,False,3.0,15.216129634889372,1.0,9.051679290226538,5.5,7.723007855641197
5,2020-03-05 08:30:00,full_signal,7,False,56.5,17.298020563769445,8.0,4.911316588529445,2.5,6.473873819592208
5,2020-03-05 13:30:00,full_signal,7,False,17.0,10.48499272648193,13.0,15.674927313702613,28.0,6.357545937437335
5,2020-03-05 22:00:00,full_signal,7,False,119.0,5.368266971768195,9.6,11.249607428579989,28.0,4.855640551369207
5,2020-03-06 13:30:00,full_signal,7,False,9.1,37.72807230741848,9.4,5.152474806794809,21.1,8.979781262262213
5,2020-03-06 21:00:00,full_signal,7,False,42.1,38.713187210117574,9.4,9.007674539330157,18.1,10.656368397677598
5,2020-03-01 18:00:00,full_signal,8,False,56.6,38.317686549622266,29.199999999999996,9.118940495150447,13.0,10.6226053334697
5,2020-03-01 22:00:00,full_signal,8,False,0.3,13.775584338105162,5.0,7.9938745524108406,5.5,5.7183365096932555
5,2020-03-02 11:00:00,full_signal,8,False,9.6,37.413184922382435,17.299999999999997,5.130608744458313,9.0,9.163089645500422
5,2020-03-02 22:30:00,full_signal,8,False,0.9,42.13546768384709,6.4,10.719181590158046,9.3,15.037960814373385
5,2020-03-03 09:40:00,full_signal,8,False,56.5,10.469275628904775,8.0,15.655169051625519,2.5,6.262581890250755
5,2020-03-04 14:00:00,full_signal,8,False,43.4,20.9526515097597,4.300000000000001,6.88655704328305,8.0,10.206959845513069
5,2020-03-04 18:30:00,full_signal,8,False,154.0,5.002121134435738,77.0,12.05694275214095,95.0,4.379621984283083
5,2020-03-04 22:15:00,full_signal,8,False,3.0,38.68880811076566,1.0,1.9628697263224866,5.5,10.702015991037511
5,2020-03-05 08:30:00,full_signal,8,False,56.5,41.94469449233132,8.0,7.767787272550982,2.5,11.015416331723943
5,2020-03-05 13:30:00,full_signal,8,False,17.0,17.53637408919433,13.0,4.90156819096533,28.0,6.566414830292558
5,2020-03-05 22:00:00,full_signal,8,False,119.0,5.368266971768195,9.6,11.249607428579989,28.0,4.855640551369207
5,2020-03-06 13:30:00,full_signal,8,False,9.1,16.331942689476122,9.4,10.670482707681215,21.1,8.061899026101523
5,2020-03-06 21:00:00,full_signal,8,False,42.1,30.008718584408815,9.4,7.264011238339712,18.1,9.981171206518653
5,2020-03-01 18:00:00,full_signal,9,False,56.6,42.1586915884791,29.199999999999996,10.72277530258558,13.0,15.0369822432061
5,2020-03-01 22:00:00,full_signal,9,False,0.3,13.775584338105162,5.0,7.9938745524108406,5.5,5.7183365096932555
5,2020-03-02 11:00:00,full_signal,9,False,9.6,38.92610328308467,17.299999999999997,1.6986452724083212,9.0,10.44984982688801
5,2020-03-02 22:30:00,full_signal,9,False,0.9,15.333409460065473,6.4,9.336206232457283,9.3,7.7310070192183105
5,2020-03-03 09:40:00,full_signal,9,False,56.5,4.531559757933678,8.0,12.096979185923747,2.5,4.365707241393585
5,2020-03-04 14:00:00,full_signal,9,False,43.4,20.9526515097597,4.300000000000001,6.88655704328305,8.0,10.206959845513069
5,2020-03-04 18:30:00,full_signal,9,False,154.0,30.527115197051128,77.0,5.920624884774392,95.0,10.048206076614509
5,2020-03-04 22:15:00,full_signal,9,False,3.0,17.739293663809498,1.0,4.973079949429086,5.5,6.784480916664725
5,2020-03-05 08:30:00,full_signal,9,False,56.5,37.70028272649092,8.0,5.278195155692215,2.5,8.922698743228313
5,2020-03-05 13:30:00,full_signal,9,False,17.0,6.700041422465034,13.0,12.807896313877368,28.0,4.763965140094317
5,2020-03-05 22:00:00,full_signal,9,False,119.0,39.85142039723265,9.6,7.592965138462148,28.0,10.645310470659586
5,2020-03-06 13:30:00,full_signal,9,False,9.1,10.574499395096002,9.4,15.819279581392886,21.1,6.580436638379235
5,2020-03-06 21:00:00,full_signal,9,False,42.1,38.713187210117574,9.4,9.007674539330157,18.1,10.656368397677598
5,2020-03-01 18:00:00,full_signal,10,False,56.6,30.443341251632557,29.199999999999996,6.787817799621729,13.0,10.21420846207462
5,2020-03-01 22:00:00,full_signal,10,False,0.3,10.639542958810878,5.0,15.439326846317138,5.5,6.295305453071343
5,2020-03-02 11:00:00,full_signal,10,False,9.6,15.063409872212745,17.299999999999997,9.118421947359025,9.0,7.710246757225496
5,2020-03-02 22:30:00,full_signal,10,False,0.9,37.726471361998215,6.4,5.629098293846403,9.3,9.206851244816038
5,2020-03-03 09:40:00,full_signal,10,False,56.5,13.714676702760094,8.0,7.962844247622147,2.5,5.665828436337753
5,2020-03-04 14:00:00,full_signal,10,False,43.4,5.8713901331948986,4.300000000000001,12.251474672926241,8.0,4.6375725501153475
5,2020-03-04 18:30:00,full_signal,10,False,154.0,42.26411676739093,77.0,10.529699405844859,95.0,15.36905691227559
5,2020-03-04 22:15:00,full_signal,10,False,3.0,38.17879624965712,1.0,8.966881301733839,5.5,10.598604448532182
5,2020-03-05 08:30:00,full_signal,10,False,56.5,39.44772613040403,8.0,2.4827427543602125,2.5,11.020641970900266
5,2020-03-05 13:30:00,full_signal,10,False,17.0,4.598128157733072,13.0,11.720654258467766,28.0,4.473987838225428
5,2020-03-05 22:00:00,full_signal,10,False,119.0,20.266058496588574,9.6,6.723101072950515,28.0,10.02138648994492
5,2020-03-06 13:30:00,full_signal,10,False,9.1,41.51293653650924,9.4,7.4068802695958045,21.1,10.904022030406317
5,2020-03-06 21:00:00,full_signal,10,False,42.1,18.42760954470271,9.4,4.219154558212604,18.1,6.710926798533707
5,2020-03-01 18:00:00,full_signal,11,False,56.6,21.286473531563416,29.199999999999996,6.745559329733769,13.0,10.162415056028841
5,2020-03-01 22:00:00,full_signal,11,False,0.3,38.48066151153198,5.0,8.185886579072829,5.5,9.881850931289499
5,2020-03-02 11:00:00,full_signal,11,False,9.6,40.661363308455,17.299999999999997,9.677068513811182,9.0,14.100846835476707
5,2020-03-02 22:30:00,full_signal,11,False,0.9,17.717340854472035,6.4,5.136979782633965,9.3,6.80366399088897
5,2020-03-03 09:40:00,full_signal,11,False,56.5,41.93527738760296,8.0,7.76372187052605,2.5,11.01573102813071
5,2020-03-04 14:00:00,full_signal,11,False,43.4,5.8713901331948986,4.300000000000001,12.251474672926241,8.0,4.6375725501153475
5,2020-03-04 18:30:00,full_signal,11,False,154.0,37.41285450922086,77.0,5.052575367954775,95.0,8.86848214565294
5,2020-03-04 22:15:00,full_signal,11,False,3.0,38.68880811076566,1.0,1.9628697263224866,5.5,10.702015991037511
5,2020-03-05 08:30:00,full_signal,11,False,56.5,30.482589264188817,8.0,5.9655274475292925,2.5,10.019813790361361
5,2020-03-05 13:30:00,full_signal,11,False,17.0,4.598128157733072,13.0,11.720654258467766,28.0,4.473987838225428
5,2020-03-05 22:00:00,full_signal,11,False,119.0,12.846264322503444,9.6,7.492848410889096,28.0,5.908512755174375
5,2020-03-06 13:30:00,full_signal,11,False,9.1,16.331942689476122,9.4,10.670482707681215,21.1,8.061899026101523
5,2020-03-06 21:00:00,full_signal,11,False,42.1,9.75041211670598,9.4,14.363507313389094,18.1,6.45217584154819
5,2020-03-01 18:00:00,full_signal,12,False,56.6,4.906341861062357,29.199999999999996,12.221810122619555,13.0,4.589798505610233
5,2020-03-01 22:00:00,full_signal,12,False,0.3,6.902213547094753,5.0,12.873980082182873,5.5,4.755917253249166
5,2020-03-02 11:00:00,full_signal,12,False,9.6,38.92610328308467,17.299999999999997,1.6986452724083212,9.0,10.44984982688801
5,2020-03-02 22:30:00,full_signal,12,False,0.9,21.49845935179429,6.4,6.709416571070962,9.3,10.15427723891961
5,2020-03-03 09:40:00,full_signal,12,False,56.5,13.714676702760094,8.0,7.962844247622147,2.5,5.665828436337753
5,2020-03-04 14:00:00,full_signal,12,False,43.4,17.554293416714128,4.300000000000001,4.831601028926416,8.0,6.636454625563006
5,2020-03-04 18:30:00,full_signal,12,False,154.0,42.26411676739093,77.0,10.529699405844859,95.0,15.36905691227559
5,2020-03-04 22:15:00,full_signal,12,False,3.0,10.26851682899163,1.0,15.522301544358859,5.5,6.521844097382237
5,2020-03-05 08:30:00,full_signal,12,False,56.5,37.70028272649092,8.0,5.278195155692215,2.5,8.922698743228313
5,2020-03-05 13:30:00,full_signal,12,False,17.0,30.62452379294476,13.0,5.697875708888217,28.0,9.988236817667191
5,2020-03-05 22:00:00,full_signal,12,False,119.0,39.85142039723265,9.6,7.592965138462148,28.0,10.645310470659586
5,2020-03-06 13:30:00,full_signal,12,False,9.1,38.37327774073171,9.4,8.238807996495826,21.1,10.058627330362413
5,2020-03-06 21:00:00,full_signal,12,False,42.1,15.365771760590704,9.4,8.993702584673098,18.1,7.791844774902147
5,2020-03-01 18:00:00,full_signal,13,False,56.6,13.584503883449196,29.199999999999996,8.045253061780764,13.0,5.734740925658702
5,2020-03-01 22:00:00,full_signal,13,False,0.3,21.316053922207193,5.0,6.620118716293398,5.5,10.197021594894643
5,2020-03-02 11:00:00,full_signal,13,False,9.6,38.92610328308467,17.299999999999997,1.6986452724083212,9.0,10.44984982688801
5,2020-03-02 22:30:00,full_signal,13,False,0.9,10.423164527339729,6.4,15.179076803097637,9.3,6.3934561174294355
5,2020-03-03 09:40:00,full_signal,13,False,56.5,6.758235976567137,8.0,12.781122120757885,2.5,4.679799864701074
5,2020-03-04 14:00:00,full_signal,13,False,43.4,30.521382820263415,4.300000000000001,6.362431932268937,8.0,10.137133703273147
5,2020-03-04 18:30:00,full_signal,13,False,154.0,5.002121134435738,77.0,12.05694275214095,95.0,4.379621984283083
5,2020-03-04 22:15:00,full_signal,13,False,3.0,37.817085518815944,1.0,5.47778703082366,5.5,9.26479679301154
5,2020-03-05 08:30:00,full_signal,13,False,56.5,42.03813217389209,8.0,10.346881071260759,2.5,15.162258192306485
5,2020-03-05 13:30:00,full_signal,13,False,17.0,38.507585035728674,13.0,8.228313724105437,28.0,9.888516894035588
5,2020-03-05 22:00:00,full_signal,13,False,119.0,39.85142039723265,9.6,7.592965138462148,28.0,10.645310470659586
5,2020-03-06 13:30:00,full_signal,13,False,9.1,16.331942689476122,9.4,10.670482707681215,21.1,8.061899026101523
5,2020-03-06 21:00:00,full_signal,13,False,42.1,18.42760954470271,9.4,4.219154558212604,18.1,6.710926798533707
5,2020-03-01 18:00:00,full_signal,14,False,56.6,42.1586915884791,29.199999999999996,10.72277530258558,13.0,15.0369822432061
5,2020-03-01 22:00:00,full_signal,14,False,0.3,42.05803833331273,5.0,7.5610649207532115,5.5,11.030794041457114
5,2020-03-02 11:00:00,full_signal,14,False,9.6,38.539687740412724,17.299999999999997,8.97584842902669,9.0,10.659891063642515
5,2020-03-02 22:30:00,full_signal,14,False,0.9,14.012077917317873,6.4,7.888988961706911,9.3,5.833773362680532
5,2020-03-03 09:40:00,full_signal,14,False,56.5,10.469275628904775,8.0,15.655169051625519,2.5,6.262581890250755
5,2020-03-04 14:00:00,full_signal,14,False,43.4,30.521382820263415,4.300000000000001,6.362431932268937,8.0,10.137133703273147
5,2020-03-04 18:30:00,full_signal,14,False,154.0,16.03313289398378,77.0,10.279860127152977,95.0,7.648377007695196
5,2020-03-04 22:15:00,full_signal,14,False,3.0,37.817085518815944,1.0,5.47778703082366,5.5,9.26479679301154
5,2020-03-05 08:30:00,full_signal,14,False,56.5,17.298020563769445,8.0,4.911316588529445,2.5,6.473873819592208
5,2020-03-05 13:30:00,full_signal,14,False,17.0,21.373301508430274,13.0,6.651779148886961,28.0,10.261581184981996
5,2020-03-05 22:00:00,full_signal,14,False,119.0,39.08556882539657,9.6,2.4526726646651253,28.0,10.858767699972782
5,2020-03-06 13:30:00,full_signal,14,False,9.1,4.649678095497701,9.4,11.732121394171045,21.1,4.590600658033776
5,2020-03-06 21:00:00,full_signal,14,False,42.1,5.473194488802617,9.4,11.672289534640601,18.1,4.693294669747452
5,2020-03-01 18:00:00,full_signal,15,False,56.6,21.286473531563416,29.199999999999996,6.745559329733769,13.0,10.162415056028841
5,2020-03-01 22:00:00,full_signal,15,False,0.3,42.05803833331273,5.0,7.5610649207532115,5.5,11.030794041457114
5,2020-03-02 11:00:00,full_signal,15,False,9.6,18.20601905833231,17.299999999999997,4.2942753255996164,9.0,6.686689174576281
5,2020-03-02 22:30:00,full_signal,15,False,0.9,42.13546768384709,6.4,10.719181590158046,9.3,15.037960814373385
5,2020-03-03 09:40:00,full_signal,15,False,56.5,39.496624730295764,8.0,2.4031532888858105,2.5,11.049694683786171
5,2020-03-04 14:00:00,full_signal,15,False,43.4,30.521382820263415,4.300000000000001,6.362431932268937,8.0,10.137133703273147
5,2020-03-04 18:30:00,full_signal,15,False,154.0,13.941956880589245,77.0,7.937676465916507,95.0,5.704235143017152
5,2020-03-04 22:15:00,full_signal,15,False,3.0,37.817085518815944,1.0,5.47778703082366,5.5,9.26479679301154
5,2020-03-05 08:30:00,full_signal,15,False,56.5,38.32870214367922,8.0,8.156263496963486,2.5,9.882916508527446
5,2020-03-05 13:30:00,full_signal,15,False,17.0,10.48499272648193,13.0,15.674927313702613,28.0,6.357545937437335
5,2020-03-05 22:00:00,full_signal,15,False,119.0,4.030147755201824,9.6,11.498650917253055,28.0,4.8945849389369736
5,2020-03-06 13:30:00,full_signal,15,False,9.1,16.331942689476122,9.4,10.670482707681215,21.1,8.061899026101523
5,2020-03-06 21:00:00,full_signal,15,False,42.1,5.473194488802617,9.4,11.672289534640601,18.1,4.693294669747452
5,2020-03-01 18:00:00,full_signal,16,False,56.6,38.317686549622266,29.199999999999996,9.118940495150447,13.0,10.6226053334697
5,2020-03-01 22:00:00,full_signal,16,False,0.3,16.39348272260411,5.0,10.44982158097691,5.5,7.859047452658269
5,2020-03-02 11:00:00,full_signal,16,False,9.6,4.057612300358905,17.299999999999997,12.450341715708808,9.0,4.68884006782822
5,2020-03-02 22:30:00,full_signal,16,False,0.9,14.012077917317873,6.4,7.888988961706911,9.3,5.833773362680532
5,2020-03-03 09:40:00,full_signal,16,False,56.5,37.67546577670245,8.0,5.269562177620603,2.5,8.923606576783918
5,2020-03-04 14:00:00,full_signal,16,False,43.4,20.9526515097597,4.300000000000001,6.88655704328305,8.0,10.206959845513069
5,2020-03-04 18:30:00,full_signal,16,False,154.0,39.546145070340096,77.0,2.7145158107212675,95.0,11.171485135344485
5,2020-03-04 22:15:00,full_signal,16,False,3.0,41.956395365406244,1.0,10.43058601547381,5.5,14.877980300867286
5,2020-03-05 08:30:00,full_signal,16,False,56.5,41.94469449233132,8.0,7.767787272550982,2.5,11.015416331723943
5,2020-03-05 13:30:00,full_signal,16,False,17.0,10.48499272648193,13.0,15.674927313702613,28.0,6.357545937437335
5,2020-03-05 22:00:00,full_signal,16,False,119.0,5.368266971768195,9.6,11.249607428579989,28.0,4.855640551369207
5,2020-03-06 13:30:00,full_signal,16,False,9.1,17.63718358384598,9.4,4.710464273969264,21.1,6.6625536862095815
5,2020-03-06 21:00:00,full_signal,16,False,42.1,30.008718584408815,9.4,7.264011238339712,18.1,9.981171206518653
5,2020-03-01 18:00:00,full_signal,17,False,56.6,15.529103521042346,29.199999999999996,9.588504449190548,13.0,7.86143134736503
5,2020-03-01 22:00:00,full_signal,17,False,0.3,41.607322785963994,5.0,10.157848289611138,5.5,15.028249164774877
5,2020-03-02 11:00:00,full_signal,17,False,9.6,30.20400423865254,17.299999999999997,7.6930056793175,9.0,10.012531431201545
5,2020-03-02 22:30:00,full_signal,17,False,0.9,17.717340854472035,6.4,5.136979782633965,9.3,6.80366399088897
5,2020-03-03 09:40:00,full_signal,17,False,56.5,41.93527738760296,8.0,7.76372187052605,2.5,11.01573102813071
5,2020-03-04 14:00:00,full_signal,17,False,43.4,5.8713901331948986,4.300000000000001,12.251474672926241,8.0,4.6375725501153475
5,2020-03-04 18:30:00,full_signal,17,False,154.0,21.39940326582696,77.0,6.652959068360084,95.0,10.116065590436499
5,2020-03-04 22:15:00,full_signal,17,False,3.0,13.349597271342162,1.0,8.157386906118292,5.5,5.72783017493783
5,2020-03-05 08:30:00,full_signal,17,False,56.5,4.578440670262067,8.0,12.113054925572854,2.5,4.364423434842783
5,2020-03-05 13:30:00,full_signal,17,False,17.0,37.74213627177956,13.0,5.2266867939793515,28.0,8.867162990298056
5,2020-03-05 22:00:00,full_signal,17,False,119.0,9.89922609665927,9.6,13.426693073334011,28.0,6.5352219299357515
5,2020-03-06 13:30:00,full_signal,17,False,9.1,38.37327774073171,9.4,8.238807996495826,21.1,10.058627330362413
5,2020-03-06 21:00:00,full_signal,17,False,42.1,38.92441203056492,9.4,1.697078902950898,18.1,10.340834137030415
5,2020-03-01 18:00:00,full_signal,18,False,56.6,10.424039381985011,29.199999999999996,15.880373886790014,13.0,6.522992575762244
5,2020-03-01 22:00:00,full_signal,18,False,0.3,17.51235870829959,5.0,4.892888635842472,5.5,6.550487541192976
5,2020-03-02 11:00:00,full_signal,18,False,9.6,4.057612300358905,17.299999999999997,12.450341715708808,9.0,4.68884006782822
5,2020-03-02 22:30:00,full_signal,18,False,0.9,21.49845935179429,6.4,6.709416571070962,9.3,10.15427723891961
5,2020-03-03 09:40:00,full_signal,18,False,56.5,30.65422633218554,8.0,6.103105174198751,2.5,10.077896464595852
5,2020-03-04 14:00:00,full_signal,18,False,43.4,41.293411124855865,4.300000000000001,7.753471785865409,8.0,10.850442855789073
5,2020-03-04 18:30:00,full_signal,18,False,154.0,37.41285450922086,77.0,5.052575367954775,95.0,8.86848214565294
5,2020-03-04 22:15:00,full_signal,18,False,3.0,15.216129634889372,1.0,9.051679290226538,5.5,7.723007855641197
5,2020-03-05 08:30:00,full_signal,18,False,56.5,6.804308054286623,8.0,12.798615700321136,2.5,4.679162061543522
5,2020-03-05 13:30:00,full_signal,18,False,17.0,38.507585035728674,13.0,8.228313724105437,28.0,9.888516894035588
5,2020-03-05 22:00:00,full_signal,18,False,119.0,41.678762402285116,9.6,10.123427721800569,28.0,14.824157337579667
5,2020-03-06 13:30:00,full_signal,18,False,9.1,13.69709398364922,9.4,8.206996102445506,21.1,5.726309079976911
5,2020-03-06 21:00:00,full_signal,18,False,42.1,38.92441203056492,9.4,1.697078902950898,18.1,10.340834137030415
5,2020-03-01 18:00:00,full_signal,19,False,56.6,15.529103521042346,29.199999999999996,9.588504449190548,13.0,7.86143134736503
5,2020-03-01 22:00:00,full_signal,19,False,0.3,37.71526146860928,5.0,5.1852947347461384,5.5,8.860675350612714
5,2020-03-02 11:00:00,full_signal,19,False,9.6,4.057612300358905,17.299999999999997,12.450341715708808,9.0,4.68884006782822
5,2020-03-02 22:30:00,full_signal,19,False,0.9,39.046582457250985,6.4,2.5739811036377307,9.3,10.873130725563463
5,2020-03-03 09:40:00,full_signal,19,False,56.5,17.25509933398661,8.0,4.895829579170904,2.5,6.47430640112839
5,2020-03-04 14:00:00,full_signal,19,False,43.4,38.1138491320884,4.300000000000001,8.10629694433884,8.0,10.052805225140018
5,2020-03-04 18:30:00,full_signal,19,False,154.0,10.764925937041879,77.0,15.368256760763208,95.0,6.205822402759765
5,2020-03-04 22:15:00,full_signal,19,False,3.0,40.4201673729901,1.0,8.8133804611839,5.5,10.762448870292381
5,2020-03-05 08:30:00,full_signal,19,False,56.5,30.482589264188817,8.0,5.9655274475292925,2.5,10.019813790361361
5,2020-03-05 13:30:00,full_signal,19,False,17.0,13.63378390141285,13.0,7.96530689334215,28.0,5.707863660036036
5,2020-03-05 22:00:00,full_signal,19,False,119.0,5.368266971768195,9.6,11.249607428579989,28.0,4.855640551369207
5,2020-03-06 13:30:00,full_signal,19,False,9.1,21.09273234777849,9.4,6.730879900000526,21.1,10.25937825446547
5,2020-03-06 21:00:00,full_signal,19,False,42.1,39.84617519703085,9.4,9.362440779081421,18.1,13.88019811009266
5,2020-03-01 18:00:00,full_signal,20,False,56.6,40.54331138303141,29.199999999999996,8.838074983409943,13.0,10.804471675731003
5,2020-03-01 22:00:00,full_signal,20,False,0.3,10.639542958810878,5.0,15.439326846317138,5.5,6.295305453071343
5,2020-03-02 11:00:00,full_signal,20,False,9.6,4.057612300358905,17.299999999999997,12.450341715708808,9.0,4.68884006782822
5,2020-03-02 22:30:00,full_signal,20,False,0.9,5.867670528286951,6.4,12.094705738920291,9.3,4.586880350125498
5,2020-03-03 09:40:00,full_signal,20,False,56.5,21.46945397150307,8.0,6.994443545618413,2.5,10.217188434557885
5,2020-03-04 14:00:00,full_signal,20,False,43.4,42.320099110247284,4.300000000000001,10.869990751836085,8.0,15.367682258146306
5,2020-03-04 18:30:00,full_signal,20,False,154.0,39.546145070340096,77.0,2.7145158107212675,95.0,11.171485135344485
5,2020-03-04 22:15:00,full_signal,20,False,3.0,30.464575737328573,1.0,6.801175768509608,5.5,10.206402531624882
5,2020-03-05 08:30:00,full_signal,20,False,56.5,16.129765094802533,8.0,10.580801966267234,2.5,7.774258660338931
5,2020-03-05 13:30:00,full_signal,20,False,17.0,37.74213627177956,13.0,5.2266867939793515,28.0,8.867162990298056
5,2020-03-05 22:00:00,full_signal,20,False,119.0,12.846264322503444,9.6,7.492848410889096,28.0,5.908512755174375
5,2020-03-06 13:30:00,full_signal,20,False,9.1,17.63718358384598,9.4,4.710464273969264,21.1,6.6625536862095815
5,2020-03-06 21:00:00,full_signal,20,False,42.1,38.713187210117574,9.4,9.007674539330157,18.1,10.656368397677598
5,2020-03-01 18:00:00,full_signal,21,False,56.6,17.743813477429768,29.199999999999996,5.141067669969224,13.0,6.802838539824898
5,2020-03-01 22:00:00,full_signal,21,False,0.3,16.39348272260411,5.0,10.44982158097691,5.5,7.859047452658269
5,2020-03-02 11:00:00,full_signal,21,False,9.6,37.413184922382435,17.299999999999997,5.130608744458313,9.0,9.163089645500422
5,2020-03-02 22:30:00,full_signal,21,False,0.9,39.046582457250985,6.4,2.5739811036377307,9.3,10.873130725563463
5,2020-03-03 09:40:00,full_signal,21,False,56.5,10.469275628904775,8.0,15.655169051625519,2.5,6.262581890250755
5,2020-03-04 14:00:00,full_signal,21,False,43.4,30.521382820263415,4.300000000000001,6.362431932268937,8.0,10.137133703273147
5,2020-03-04 18:30:00,full_signal,21,False,154.0,21.39940326582696,77.0,6.652959068360084,95.0,10.116065590436499
5,2020-03-04 22:15:00,full_signal,21,False,3.0,41.956395365406244,1.0,10.43058601547381,5.5,14.877980300867286
5,2020-03-05 08:30:00,full_signal,21,False,56.5,4.578440670262067,8.0,12.113054925572854,2.5,4.364423434842783
5,2020-03-05 13:30:00,full_signal,21,False,17.0,38.507585035728674,13.0,8.228313724105437,28.0,9.888516894035588
5,2020-03-05 22:00:00,full_signal,21,False,119.0,39.85142039723265,9.6,7.592965138462148,28.0,10.645310470659586
5,2020-03-06 13:30:00,full_signal,21,False,9.1,13.69709398364922,9.4,8.206996102445506,21.1,5.726309079976911
5,2020-03-06 21:00:00,full_signal,21,False,42.1,5.473194488802617,9.4,11.672289534640601,18.1,4.693294669747452
5,2020-03-01 18:00:00,full_signal,22,False,56.6,5.7094181412643765,29.199999999999996,12.480745194808689,13.0,4.57370156595462
5,2020-03-01 22:00:00,full_signal,22,False,0.3,13.775584338105162,5.0,7.9938745524108406,5.5,5.7183365096932555
5,2020-03-02 11:00:00,full_signal,22,False,9.6,30.20400423865254,17.299999999999997,7.6930056793175,9.0,10.012531431201545
5,2020-03-02 22:30:00,full_signal,22,False,0.9,15.333409460065473,6.4,9.336206232457283,9.3,7.7310070192183105
5,2020-03-03 09:40:00,full_signal,22,False,56.5,21.46945397150307,8.0,6.994443545618413,2.5,10.217188434557885
5,2020-03-04 14:00:00,full_signal,22,False,43.4,38.1138491320884,4.300000000000001,8.10629694433884,8.0,10.052805225140018
5,2020-03-04 18:30:00,full_signal,22,False,154.0,5.002121134435738,77.0,12.05694275214095,95.0,4.379621984283083
5,2020-03-04 22:15:00,full_signal,22,False,3.0,38.68880811076566,1.0,1.9628697263224866,5.5,10.702015991037511
5,2020-03-05 08:30:00,full_signal,22,False,56.5,17.298020563769445,8.0,4.911316588529445,2.5,6.473873819592208
5,2020-03-05 13:30:00,full_signal,22,False,17.0,10.48499272648193,13.0,15.674927313702613,28.0,6.357545937437335
5,2020-03-05 22:00:00,full_signal,22,False,119.0,41.678762402285116,9.6,10.123427721800569,28.0,14.824157337579667
5,2020-03-06 13:30:00,full_signal,22,False,9.1,41.51293653650924,9.4,7.4068802695958045,21.1,10.904022030406317
5,2020-03-06 21:00:00,full_signal,22,False,42.1,37.556527076806915,9.4,5.15345231549904,18.1,9.182702194048655
5,2020-03-01 18:00:00,full_signal,23,False,56.6,17.743813477429768,29.199999999999996,5.141067669969224,13.0,6.802838539824898
5,2020-03-01 22:00:00,full_signal,23,False,0.3,42.05803833331273,5.0,7.5610649207532115,5.5,11.030794041457114
5,2020-03-02 11:00:00,full_signal,23,False,9.6,12.999840202228526,17.299999999999997,9.05336959600249,9.0,5.78525765697106
5,2020-03-02 22:30:00,full_signal,23,False,0.9,21.49845935179429,6.4,6.709416571070962,9.3,10.15427723891961
5,2020-03-03 09:40:00,full_signal,23,False,56.5,10.469275628904775,8.0,15.655169051625519,2.5,6.262581890250755
5,2020-03-04 14:00:00,full_signal,23,False,43.4,4.479729261229332,4.300000000000001,12.115531800818937,8.0,4.525694057908879
5,2020-03-04 18:30:00,full_signal,23,False,154.0,7.292231692693062,77.0,12.797790122574467,95.0,4.708425773138282
5,2020-03-04 22:15:00,full_signal,23,False,3.0,15.216129634889372,1.0,9.051679290226538,5.5,7.723007855641197
5,2020-03-05 08:30:00,full_signal,23,False,56.5,39.44772613040403,8.0,2.4827427543602125,2.5,11.020641970900266
5,2020-03-05 13:30:00,full_signal,23,False,17.0,38.507585035728674,13.0,8.228313724105437,28.0,9.888516894035588
5,2020-03-05 22:00:00,full_signal,23,False,119.0,38.3198573809067,9.6,6.139952611339957,28.0,9.879335615504345
5,2020-03-06 13:30:00,full_signal,23,False,9.1,30.57392155557074,9.4,6.101904353702141,21.1,10.099742999716469
5,2020-03-06 21:00:00,full_signal,23,False,42.1,39.84617519703085,9.4,9.362440779081421,18.1,13.88019811009266
5,2020-03-01 18:00:00,full_signal,24,False,56.6,17.743813477429768,29.199999999999996,5.141067669969224,13.0,6.802838539824898
5,2020-03-01 22:00:00,full_signal,24,False,0.3,42.05803833331273,5.0,7.5610649207532115,5.5,11.030794041457114
5,2020-03-02 11:00:00,full_signal,24,False,9.6,40.661363308455,17.299999999999997,9.677068513811182,9.0,14.100846835476707
5,2020-03-02 22:30:00,full_signal,24,False,0.9,10.423164527339729,6.4,15.179076803097637,9.3,6.3934561174294355
5,2020-03-03 09:40:00,full_signal,24,False,56.5,30.65422633218554,8.0,6.103105174198751,2.5,10.077896464595852
5,2020-03-04 14:00:00,full_signal,24,False,43.4,15.978385895409481,4.300000000000001,10.619472268424527,8.0,7.9290042362516555
5,2020-03-04 18:30:00,full_signal,24,False,154.0,37.41285450922086,77.0,5.052575367954775,95.0,8.86848214565294
5,2020-03-04 22:15:00,full_signal,24,False,3.0,4.6453218104967675,1.0,12.099083317083998,5.5,4.626035477457821
5,2020-03-05 08:30:00,full_signal,24,False,56.5,6.804308054286623,8.0,12.798615700321136,2.5,4.679162061543522
5,2020-03-05 13:30:00,full_signal,24,False,17.0,21.373301508430274,13.0,6.651779148886961,28.0,10.261581184981996
5,2020-03-05 22:00:00,full_signal,24,False,119.0,12.846264322503444,9.6,7.492848410889096,28.0,5.908512755174375
5,2020-03-06 13:30:00,full_signal,24,False,9.1,39.40901550360104,9.4,1.9406730073073182,21.1,10.913660990015021
5,2020-03-06 21:00:00,full_signal,24,False,42.1,38.713187210117574,9.4,9.007674539330157,18.1,10.656368397677598
5,2020-03-01 18:00:00,full_signal,25,False,56.6,4.906341861062357,29.199999999999996,12.221810122619555,13.0,4.589798505610233
5,2020-03-01 22:00:00,full_signal,25,False,0.3,42.05803833331273,5.0,7.5610649207532115,5.5,11.030794041457114
5,2020-03-02 11:00:00,full_signal,25,False,9.6,15.063409872212745,17.299999999999997,9.118421947359025,9.0,7.710246757225496
5,2020-03-02 22:30:00,full_signal,25,False,0.9,30.58319172461652,6.4,6.652653095495786,9.3,10.264136166774682
5,2020-03-03 09:40:00,full_signal,25,False,56.5,38.301205661357216,8.0,8.14684116150856,2.5,9.884040255961114
5,2020-03-04 14:00:00,full_signal,25,False,43.4,20.9526515097597,4.300000000000001,6.88655704328305,8.0,10.206959845513069
5,2020-03-04 18:30:00,full_signal,25,False,154.0,39.546145070340096,77.0,2.7145158107212675,95.0,11.171485135344485
5,2020-03-04 22:15:00,full_signal,25,False,3.0,17.739293663809498,1.0,4.973079949429086,5.5,6.784480916664725
5,2020-03-05 08:30:00,full_signal,25,False,56.5,10.513063064780809,8.0,15.671840153990615,2.5,6.261989170728554
5,2020-03-05 13:30:00,full_signal,25,False,17.0,41.66651018057575,13.0,10.188425660009182,28.0,15.09236952138718
5,2020-03-05 22:00:00,full_signal,25,False,119.0,38.3198573809067,9.6,6.139952611339957,28.0,9.879335615504345
5,2020-03-06 13:30:00,full_signal,25,False,9.1,6.29393269501108,9.4,12.442157089641345,21.1,4.76725891583026
5,2020-03-06 21:00:00,full_signal,25,False,42.1,13.132139909568464,9.4,8.751089029727641,18.1,5.844486029900507
5,2020-03-01 18:00:00,full_signal,26,False,56.6,4.906341861062357,29.199999999999996,12.221810122619555,13.0,4.589798505610233
5,2020-03-01 22:00:00,full_signal,26,False,0.3,17.51235870829959,5.0,4.892888635842472,5.5,6.550487541192976
5,2020-03-02 11:00:00,full_signal,26,False,9.6,12.999840202228526,17.299999999999997,9.05336959600249,9.0,5.78525765697106
5,2020-03-02 22:30:00,full_signal,26,False,0.9,5.867670528286951,6.4,12.094705738920291,9.3,4.586880350125498
5,2020-03-03 09:40:00,full_signal,26,False,56.5,10.469275628904775,8.0,15.655169051625519,2.5,6.262581890250755
5,2020-03-04 14:00:00,full_signal,26,False,43.4,38.1138491320884,4.300000000000001,8.10629694433884,8.0,10.052805225140018
5,2020-03-04 18:30:00,full_signal,26,False,154.0,39.546145070340096,77.0,2.7145158107212675,95.0,11.171485135344485
5,2020-03-04 22:15:00,full_signal,26,False,3.0,41.956395365406244,1.0,10.43058601547381,5.5,14.877980300867286
5,2020-03-05 08:30:00,full_signal,26,False,56.5,16.129765094802533,8.0,10.580801966267234,2.5,7.774258660338931
5,2020-03-05 13:30:00,full_signal,26,False,17.0,37.74213627177956,13.0,5.2266867939793515,28.0,8.867162990298056
5,2020-03-05 22:00:00,full_signal,26,False,119.0,39.85142039723265,9.6,7.592965138462148,28.0,10.645310470659586
5,2020-03-06 13:30:00,full_signal,26,False,9.1,30.57392155557074,9.4,6.101904353702141,21.1,10.099742999716469
5,2020-03-06 21:00:00,full_signal,26,False,42.1,20.273779332484878,9.4,7.067750305782737,18.1,10.030677077894843
5,2020-03-01 18:00:00,full_signal,27,False,56.6,40.54331138303141,29.199999999999996,8.838074983409943,13.0,10.804471675731003
5,2020-03-01 22:00:00,full_signal,27,False,0.3,4.7518957607456915,5.0,11.867377843163535,5.5,4.460586513888884
5,2020-03-02 11:00:00,full_signal,27,False,9.6,12.999840202228526,17.299999999999997,9.05336959600249,9.0,5.78525765697106
5,2020-03-02 22:30:00,full_signal,27,False,0.9,38.12804088835203,6.4,8.944937533878335,9.3,10.487717206465206
5,2020-03-03 09:40:00,full_signal,27,False,56.5,6.758235976567137,8.0,12.781122120757885,2.5,4.679799864701074
5,2020-03-04 14:00:00,full_signal,27,False,43.4,10.377042045994815,4.300000000000001,15.819660687182234,8.0,6.496208752263459
5,2020-03-04 18:30:00,full_signal,27,False,154.0,16.03313289398378,77.0,10.279860127152977,95.0,7.648377007695196
5,2020-03-04 22:15:00,full_signal,27,False,3.0,30.464575737328573,1.0,6.801175768509608,5.5,10.206402531624882
5,2020-03-05 08:30:00,full_signal,27,False,56.5,17.298020563769445,8.0,4.911316588529445,2.5,6.473873819592208
5,2020-03-05 13:30:00,full_signal,27,False,17.0,41.66651018057575,13.0,10.188425660009182,28.0,15.09236952138718
5,2020-03-05 22:00:00,full_signal,27,False,119.0,20.266058496588574,9.6,6.723101072950515,28.0,10.02138648994492
5,2020-03-06 13:30:00,full_signal,27,False,9.1,39.40901550360104,9.4,1.9406730073073182,21.1,10.913660990015021
5,2020-03-06 21:00:00,full_signal,27,False,42.1,37.556527076806915,9.4,5.15345231549904,18.1,9.182702194048655
5,2020-03-01 18:00:00,full_signal,28,False,56.6,38.317686549622266,29.199999999999996,9.118940495150447,13.0,10.6226053334697
5,2020-03-01 22:00:00,full_signal,28,False,0.3,4.7518957607456915,5.0,11.867377843163535,5.5,4.460586513888884
5,2020-03-02 11:00:00,full_signal,28,False,9.6,12.999840202228526,17.299999999999997,9.05336959600249,9.0,5.78525765697106
5,2020-03-02 22:30:00,full_signal,28,False,0.9,39.046582457250985,6.4,2.5739811036377307,9.3,10.873130725563463
5,2020-03-03 09:40:00,full_signal,28,False,56.5,37.67546577670245,8.0,5.269562177620603,2.5,8.923606576783918
5,2020-03-04 14:00:00,full_signal,28,False,43.4,30.521382820263415,4.300000000000001,6.362431932268937,8.0,10.137133703273147
5,2020-03-04 18:30:00,full_signal,28,False,154.0,7.292231692693062,77.0,12.797790122574467,95.0,4.708425773138282
5,2020-03-04 22:15:00,full_signal,28,False,3.0,40.4201673729901,1.0,8.8133804611839,5.5,10.762448870292381
5,2020-03-05 08:30:00,full_signal,28,False,56.5,17.298020563769445,8.0,4.911316588529445,2.5,6.473873819592208
5,2020-03-05 13:30:00,full_signal,28,False,17.0,16.350611035260215,13.0,10.613353386330084,28.0,7.887691128948187
5,2020-03-05 22:00:00,full_signal,28,False,119.0,9.89922609665927,9.6,13.426693073334011,28.0,6.5352219299357515
5,2020-03-06 13:30:00,full_signal,28,False,9.1,41.82544789943765,9.4,10.465325656277056,21.1,15.201558634142895
5,2020-03-06 21:00:00,full_signal,28,False,42.1,20.273779332484878,9.4,7.067750305782737,18.1,10.030677077894843
5,2020-03-01 18:00:00,full_signal,29,False,56.6,4.906341861062357,29.199999999999996,12.221810122619555,13.0,4.589798505610233
5,2020-03-01 22:00:00,full_signal,29,False,0.3,42.05803833331273,5.0,7.5610649207532115,5.5,11.030794041457114
5,2020-03-02 11:00:00,full_signal,29,False,9.6,15.063409872212745,17.299999999999997,9.118421947359025,9.0,7.710246757225496
5,2020-03-02 22:30:00,full_signal,29,False,0.9,14.012077917317873,6.4,7.888988961706911,9.3,5.833773362680532
5,2020-03-03 09:40:00,full_signal,29,False,56.5,17.25509933398661,8.0,4.895829579170904,2.5,6.47430640112839
5,2020-03-04 14:00:00,full_signal,29,False,43.4,39.4007415553428,4.300000000000001,2.05667686684431,8.0,10.993118401275
5,2020-03-04 18:30:00,full_signal,29,False,154.0,30.527115197051128,77.0,5.920624884774392,95.0,10.048206076614509
5,2020-03-04 22:15:00,full_signal,29,False,3.0,41.956395365406244,1.0,10.43058601547381,5.5,14.877980300867286
5,2020-03-05 08:30:00,full_signal,29,False,56.5,10.513063064780809,8.0,15.671840153990615,2.5,6.261989170728554
5,2020-03-05 13:30:00,full_signal,29,False,17.0,37.74213627177956,13.0,5.2266867939793515,28.0,8.867162990298056
5,2020-03-05 22:00:00,full_signal,29,False,119.0,20.266058496588574,9.6,6.723101072950515,28.0,10.02138648994492
5,2020-03-06 13:30:00,full_signal,29,False,9.1,38.37327774073171,9.4,8.238807996495826,21.1,10.058627330362413
5,2020-03-06 21:00:00,full_signal,29,False,42.1,5.473194488802617,9.4,11.672289534640601,18.1,4.693294669747452
5,2020-03-01 18:00:00,full_signal,30,False,56.6,40.54331138303141,29.199999999999996,8.838074983409943,13.0,10.804471675731003
5,2020-03-01 22:00:00,full_signal,30,False,0.3,16.39348272260411,5.0,10.44982158097691,5.5,7.859047452658269
5,2020-03-02 11:00:00,full_signal,30,False,9.6,4.057612300358905,17.299999999999997,12.450341715708808,9.0,4.68884006782822
5,2020-03-02 22:30:00,full_signal,30,False,0.9,39.046582457250985,6.4,2.5739811036377307,9.3,10.873130725563463
5,2020-03-03 09:40:00,full_signal,30,False,56.5,13.714676702760094,8.0,7.962844247622147,2.5,5.665828436337753
5,2020-03-04 14:00:00,full_signal,30,False,43.4,42.320099110247284,4.300000000000001,10.869990751836085,8.0,15.367682258146306
5,2020-03-04 18:30:00,full_signal,30,False,154.0,10.764925937041879,77.0,15.368256760763208,95.0,6.205822402759765
5,2020-03-04 22:15:00,full_signal,30,False,3.0,5.595337631582706,1.0,11.95504614475797,5.5,4.520046370019593
5,2020-03-05 08:30:00,full_signal,30,False,56.5,21.324713675428622,8.0,6.8515624290893875,2.5,10.248849572385122
5,2020-03-05 13:30:00,full_signal,30,False,17.0,30.62452379294476,13.0,5.697875708888217,28.0,9.988236817667191
5,2020-03-05 22:00:00,full_signal,30,False,119.0,38.3198573809067,9.6,6.139952611339957,28.0,9.879335615504345
5,2020-03-06 13:30:00,full_signal,30,False,9.1,17.63718358384598,9.4,4.710464273969264,21.1,6.6625536862095815
5,2020-03-06 21:00:00,full_signal,30,False,42.1,38.713187210117574,9.4,9.007674539330157,18.1,10.656368397677598
5,2020-03-01 18:00:00,full_signal,31,False,56.6,38.317686549622266,29.199999999999996,9.118940495150447,13.0,10.6226053334697
5,2020-03-01 22:00:00,full_signal,31,False,0.3,13.775584338105162,5.0,7.9938745524108406,5.5,5.7183365096932555
5,2020-03-02 11:00:00,full_signal,31,False,9.6,9.586168810869083,17.299999999999997,14.588742343533468,9.0,6.421753664599914
5,2020-03-02 22:30:00,full_signal,31,False,0.9,17.717340854472035,6.4,5.136979782633965,9.3,6.80366399088897
5,2020-03-03 09:40:00,full_signal,31,False,56.5,4.531559757933678,8.0,12.096979185923747,2.5,4.365707241393585
5,2020-03-04 14:00:00,full_signal,31,False,43.4,41.293411124855865,4.300000000000001,7.753471785865409,8.0,10.850442855789073
5,2020-03-04 18:30:00,full_signal,31,False,154.0,37.41285450922086,77.0,5.052575367954775,95.0,8.86848214565294
5,2020-03-04 22:15:00,full_signal,31,False,3.0,15.216129634889372,1.0,9.051679290226538,5.5,7.723007855641197
5,2020-03-05 08:30:00,full_signal,31,False,56.5,39.44772613040403,8.0,2.4827427543602125,2.5,11.020641970900266
5,2020-03-05 13:30:00,full_signal,31,False,17.0,21.373301508430274,13.0,6.651779148886961,28.0,10.261581184981996
5,2020-03-05 22:00:00,full_signal,31,False,119.0,29.639686390573225,9.6,7.419056833976836,28.0,9.968753568089964
5,2020-03-06 13:30:00,full_signal,31,False,9.1,6.29393269501108,9.4,12.442157089641345,21.1,4.76725891583026
5,2020-03-06 21:00:00,full_signal,31,False,42.1,39.84617519703085,9.4,9.362440779081421,18.1,13.88019811009266
5,2020-03-01 18:00:00,full_signal,32,False,56.6,42.1586915884791,29.199999999999996,10.72277530258558,13.0,15.0369822432061
5,2020-03-01 22:00:00,full_signal,32,False,0.3,21.316053922207193,5.0,6.620118716293398,5.5,10.197021594894643
5,2020-03-02 11:00:00,full_signal,32,False,9.6,37.413184922382435,17.299999999999997,5.130608744458313,9.0,9.163089645500422
5,2020-03-02 22:30:00,full_signal,32,False,0.9,40.529675062490774,6.4,8.835079538071998,9.3,10.805257438301481
5,2020-03-03 09:40:00,full_signal,32,False,56.5,6.758235976567137,8.0,12.781122120757885,2.5,4.679799864701074
5,2020-03-04 14:00:00,full_signal,32,False,43.4,30.521382820263415,4.300000000000001,6.362431932268937,8.0,10.137133703273147
5,2020-03-04 18:30:00,full_signal,32,False,154.0,17.21333060073744,77.0,4.82095988146122,95.0,6.362977683273178
5,2020-03-04 22:15:00,full_signal,32,False,3.0,10.26851682899163,1.0,15.522301544358859,5.5,6.521844097382237
5,2020-03-05 08:30:00,full_signal,32,False,56.5,16.129765094802533,8.0,10.580801966267234,2.5,7.774258660338931
5,2020-03-05 13:30:00,full_signal,32,False,17.0,39.52742578692667,13.0,2.453290577942199,28.0,10.948938999468307
5,2020-03-05 22:00:00,full_signal,32,False,119.0,39.98059584610167,9.6,10.00040435499907,28.0,11.608609643787803
5,2020-03-06 13:30:00,full_signal,32,False,9.1,4.649678095497701,9.4,11.732121394171045,21.1,4.590600658033776
5,2020-03-06 21:00:00,full_signal,32,False,42.1,13.132139909568464,9.4,8.751089029727641,18.1,5.844486029900507
5,2020-03-01 18:00:00,full_signal,33,False,56.6,42.1586915884791,29.199999999999996,10.72277530258558,13.0,15.0369822432061
5,2020-03-01 22:00:00,full_signal,33,False,0.3,42.05803833331273,5.0,7.5610649207532115,5.5,11.030794041457114
5,2020-03-02 11:00:00,full_signal,33,False,9.6,38.539687740412724,17.299999999999997,8.97584842902669,9.0,10.659891063642515
5,2020-03-02 22:30:00,full_signal,33,False,0.9,21.49845935179429,6.4,6.709416571070962,9.3,10.15427723891961
5,2020-03-03 09:40:00,full_signal,33,False,56.5,37.67546577670245,8.0,5.269562177620603,2.5,8.923606576783918
5,2020-03-04 14:00:00,full_signal,33,False,43.4,5.8713901331948986,4.300000000000001,12.251474672926241,8.0,4.6375725501153475
5,2020-03-04 18:30:00,full_signal,33,False,154.0,30.527115197051128,77.0,5.920624884774392,95.0,10.048206076614509
5,2020-03-04 22:15:00,full_signal,33,False,3.0,38.68880811076566,1.0,1.9628697263224866,5.5,10.702015991037511
5,2020-03-05 08:30:00,full_signal,33,False,56.5,17.298020563769445,8.0,4.911316588529445,2.5,6.473873819592208
5,2020-03-05 13:30:00,full_signal,33,False,17.0,4.598128157733072,13.0,11.720654258467766,28.0,4.473987838225428
5,2020-03-05 22:00:00,full_signal,33,False,119.0,9.89922609665927,9.6,13.426693073334011,28.0,6.5352219299357515
5,2020-03-06 13:30:00,full_signal,33,False,9.1,13.69709398364922,9.4,8.206996102445506,21.1,5.726309079976911
5,2020-03-06 21:00:00,full_signal,33,False,42.1,15.365771760590704,9.4,8.993702584673098,18.1,7.791844774902147
5,2020-03-01 18:00:00,full_signal,34,False,56.6,38.317686549622266,29.199999999999996,9.118940495150447,13.0,10.6226053334697
5,2020-03-01 22:00:00,full_signal,34,False,0.3,16.39348272260411,5.0,10.44982158097691,5.5,7.859047452658269
5,2020-03-02 11:00:00,full_signal,34,False,9.6,5.334982703282976,17.299999999999997,11.588876827455374,9.0,4.619559295826301
5,2020-03-02 22:30:00,full_signal,34,False,0.9,5.327821301891764,6.4,11.820620134609854,9.3,4.734288784206216
5,2020-03-03 09:40:00,full_signal,34,False,56.5,42.33050501135273,8.0,10.557116961191774,2.5,15.241758674393688
5,2020-03-04 14:00:00,full_signal,34,False,43.4,30.521382820263415,4.300000000000001,6.362431932268937,8.0,10.137133703273147
5,2020-03-04 18:30:00,full_signal,34,False,154.0,37.41285450922086,77.0,5.052575367954775,95.0,8.86848214565294
5,2020-03-04 22:15:00,full_signal,34,False,3.0,21.274548499781883,1.0,6.779690804931637,5.5,10.16785730680773
5,2020-03-05 08:30:00,full_signal,34,False,56.5,17.298020563769445,8.0,4.911316588529445,2.5,6.473873819592208
5,2020-03-05 13:30:00,full_signal,34,False,17.0,13.63378390141285,13.0,7.96530689334215,28.0,5.707863660036036
5,2020-03-05 22:00:00,full_signal,34,False,119.0,9.89922609665927,9.6,13.426693073334011,28.0,6.5352219299357515
5,2020-03-06 13:30:00,full_signal,34,False,9.1,41.51293653650924,9.4,7.4068802695958045,21.1,10.904022030406317
5,2020-03-06 21:00:00,full_signal,34,False,42.1,38.92441203056492,9.4,1.697078902950898,18.1,10.340834137030415
5,2020-03-01 18:00:00,full_signal,35,False,56.6,38.89111429299934,29.199999999999996,2.241722993603229,13.0,10.765982585933658
5,2020-03-01 22:00:00,full_signal,35,False,0.3,37.71526146860928,5.0,5.1852947347461384,5.5,8.860675350612714
5,2020-03-02 11:00:00,full_signal,35,False,9.6,18.20601905833231,17.299999999999997,4.2942753255996164,9.0,6.686689174576281
5,2020-03-02 22:30:00,full_signal,35,False,0.9,38.12804088835203,6.4,8.944937533878335,9.3,10.487717206465206
5,2020-03-03 09:40:00,full_signal,35,False,56.5,30.65422633218554,8.0,6.103105174198751,2.5,10.077896464595852
5,2020-03-04 14:00:00,full_signal,35,False,43.4,10.377042045994815,4.300000000000001,15.819660687182234,8.0,6.496208752263459
5,2020-03-04 18:30:00,full_signal,35,False,154.0,42.26411676739093,77.0,10.529699405844859,95.0,15.36905691227559
5,2020-03-04 22:15:00,full_signal,35,False,3.0,21.274548499781883,1.0,6.779690804931637,5.5,10.16785730680773
5,2020-03-05 08:30:00,full_signal,35,False,56.5,41.94469449233132,8.0,7.767787272550982,2.5,11.015416331723943
5,2020-03-05 13:30:00,full_signal,35,False,17.0,6.700041422465034,13.0,12.807896313877368,28.0,4.763965140094317
5,2020-03-05 22:00:00,full_signal,35,False,119.0,4.030147755201824,9.6,11.498650917253055,28.0,4.8945849389369736
5,2020-03-06 13:30:00,full_signal,35,False,9.1,13.69709398364922,9.4,8.206996102445506,21.1,5.726309079976911
5,2020-03-06 21:00:00,full_signal,35,False,42.1,15.365771760590704,9.4,8.993702584673098,18.1,7.791844774902147
5,2020-03-01 18:00:00,full_signal,36,False,56.6,13.584503883449196,29.199999999999996,8.045253061780764,13.0,5.734740925658702
5,2020-03-01 22:00:00,full_signal,36,False,0.3,38.48066151153198,5.0,8.185886579072829,5.5,9.881850931289499
5,2020-03-02 11:00:00,full_signal,36,False,9.6,40.661363308455,17.299999999999997,9.677068513811182,9.0,14.100846835476707
5,2020-03-02 22:30:00,full_signal,36,False,0.9,5.867670528286951,6.4,12.094705738920291,9.3,4.586880350125498
5,2020-03-03 09:40:00,full_signal,36,False,56.5,10.469275628904775,8.0,15.655169051625519,2.5,6.262581890250755
5,2020-03-04 14:00:00,full_signal,36,False,43.4,17.554293416714128,4.300000000000001,4.831601028926416,8.0,6.636454625563006
5,2020-03-04 18:30:00,full_signal,36,False,154.0,41.945017822106,77.0,7.713092023751398,95.0,11.117040376728598
5,2020-03-04 22:15:00,full_signal,36,False,3.0,15.216129634889372,1.0,9.051679290226538,5.5,7.723007855641197
5,2020-03-05 08:30:00,full_signal,36,False,56.5,39.44772613040403,8.0,2.4827427543602125,2.5,11.020641970900266
5,2020-03-05 13:30:00,full_signal,36,False,17.0,21.373301508430274,13.0,6.651779148886961,28.0,10.261581184981996
5,2020-03-05 22:00:00,full_signal,36,False,119.0,38.3198573809067,9.6,6.139952611339957,28.0,9.879335615504345
5,2020-03-06 13:30:00,full_signal,36,False,9.1,4.649678095497701,9.4,11.732121394171045,21.1,4.590600658033776
5,2020-03-06 21:00:00,full_signal,36,False,42.1,30.008718584408815,9.4,7.264011238339712,18.1,9.981171206518653
5,2020-03-01 18:00:00,full_signal,37,False,56.6,4.906341861062357,29.199999999999996,12.221810122619555,13.0,4.589798505610233
5,2020-03-01 22:00:00,full_signal,37,False,0.3,39.50062124613744,5.0,2.4090079598725174,5.5,10.942095392083365
5,2020-03-02 11:00:00,full_signal,37,False,9.6,18.20601905833231,17.299999999999997,4.2942753255996164,9.0,6.686689174576281
5,2020-03-02 22:30:00,full_signal,37,False,0.9,42.13546768384709,6.4,10.719181590158046,9.3,15.037960814373385
5,2020-03-03 09:40:00,full_signal,37,False,56.5,21.46945397150307,8.0,6.994443545618413,2.5,10.217188434557885
5,2020-03-04 14:00:00,full_signal,37,False,43.4,30.521382820263415,4.300000000000001,6.362431932268937,8.0,10.137133703273147
5,2020-03-04 18:30:00,full_signal,37,False,154.0,10.764925937041879,77.0,15.368256760763208,95.0,6.205822402759765
5,2020-03-04 22:15:00,full_signal,37,False,3.0,38.17879624965712,1.0,8.966881301733839,5.5,10.598604448532182
5,2020-03-05 08:30:00,full_signal,37,False,56.5,41.94469449233132,8.0,7.767787272550982,2.5,11.015416331723943
5,2020-03-05 13:30:00,full_signal,37,False,17.0,16.350611035260215,13.0,10.613353386330084,28.0,7.887691128948187
5,2020-03-05 22:00:00,full_signal,37,False,119.0,5.368266971768195,9.6,11.249607428579989,28.0,4.855640551369207
5,2020-03-06 13:30:00,full_signal,37,False,9.1,37.72807230741848,9.4,5.152474806794809,21.1,8.979781262262213
5,2020-03-06 21:00:00,full_signal,37,False,42.1,13.132139909568464,9.4,8.751089029727641,18.1,5.844486029900507
5,2020-03-01 18:00:00,full_signal,38,False,56.6,13.584503883449196,29.199999999999996,8.045253061780764,13.0,5.734740925658702
5,2020-03-01 22:00:00,full_signal,38,False,0.3,39.50062124613744,5.0,2.4090079598725174,5.5,10.942095392083365
5,2020-03-02 11:00:00,full_signal,38,False,9.6,40.661363308455,17.299999999999997,9.677068513811182,9.0,14.100846835476707
5,2020-03-02 22:30:00,full_signal,38,False,0.9,5.327821301891764,6.4,11.820620134609854,9.3,4.734288784206216
5,2020-03-03 09:40:00,full_signal,38,False,56.5,30.65422633218554,8.0,6.103105174198751,2.5,10.077896464595852
5,2020-03-04 14:00:00,full_signal,38,False,43.4,5.8713901331948986,4.300000000000001,12.251474672926241,8.0,4.6375725501153475
5,2020-03-04 18:30:00,full_signal,38,False,154.0,16.03313289398378,77.0,10.279860127152977,95.0,7.648377007695196
5,2020-03-04 22:15:00,full_signal,38,False,3.0,37.817085518815944,1.0,5.47778703082366,5.5,9.26479679301154
5,2020-03-05 08:30:00,full_signal,38,False,56.5,38.32870214367922,8.0,8.156263496963486,2.5,9.882916508527446
5,2020-03-05 13:30:00,full_signal,38,False,17.0,17.53637408919433,13.0,4.90156819096533,28.0,6.566414830292558
5,2020-03-05 22:00:00,full_signal,38,False,119.0,9.89922609665927,9.6,13.426693073334011,28.0,6.5352219299357515
5,2020-03-06 13:30:00,full_signal,38,False,9.1,41.51293653650924,9.4,7.4068802695958045,21.1,10.904022030406317
5,2020-03-06 21:00:00,full_signal,38,False,42.1,20.273779332484878,9.4,7.067750305782737,18.1,10.030677077894843
5,2020-03-01 18:00:00,full_signal,39,False,56.6,37.750097761413855,29.199999999999996,5.633513223884785,13.0,9.205718762364452
5,2020-03-01 22:00:00,full_signal,39,False,0.3,21.316053922207193,5.0,6.620118716293398,5.5,10.197021594894643
5,2020-03-02 11:00:00,full_signal,39,False,9.6,9.586168810869083,17.299999999999997,14.588742343533468,9.0,6.421753664599914
5,2020-03-02 22:30:00,full_signal,39,False,0.9,40.529675062490774,6.4,8.835079538071998,9.3,10.805257438301481
5,2020-03-03 09:40:00,full_signal,39,False,56.5,38.301205661357216,8.0,8.14684116150856,2.5,9.884040255961114
5,2020-03-04 14:00:00,full_signal,39,False,43.4,39.4007415553428,4.300000000000001,2.05667686684431,8.0,10.993118401275
5,2020-03-04 18:30:00,full_signal,39,False,154.0,30.527115197051128,77.0,5.920624884774392,95.0,10.048206076614509
5,2020-03-04 22:15:00,full_signal,39,False,3.0,41.956395365406244,1.0,10.43058601547381,5.5,14.877980300867286
5,2020-03-05 08:30:00,full_signal,39,False,56.5,4.578440670262067,8.0,12.113054925572854,2.5,4.364423434842783
5,2020-03-05 13:30:00,full_signal,39,False,17.0,6.700041422465034,13.0,12.807896313877368,28.0,4.763965140094317
5,2020-03-05 22:00:00,full_signal,39,False,119.0,17.651456606814204,9.6,4.50290704260663,28.0,6.611763097326349
5,2020-03-06 13:30:00,full_signal,39,False,9.1,16.331942689476122,9.4,10.670482707681215,21.1,8.061899026101523
5,2020-03-06 21:00:00,full_signal,39,False,42.1,13.132139909568464,9.4,8.751089029727641,18.1,5.844486029900507
5,2020-03-01 18:00:00,full_signal,40,False,56.6,40.54331138303141,29.199999999999996,8.838074983409943,13.0,10.804471675731003
5,2020-03-01 22:00:00,full_signal,40,False,0.3,38.48066151153198,5.0,8.185886579072829,5.5,9.881850931289499
5,2020-03-02 11:00:00,full_signal,40,False,9.6,30.20400423865254,17.299999999999997,7.6930056793175,9.0,10.012531431201545
5,2020-03-02 22:30:00,full_signal,40,False,0.9,10.423164527339729,6.4,15.179076803097637,9.3,6.3934561174294355
5,2020-03-03 09:40:00,full_signal,40,False,56.5,16.085716117575586,8.0,10.565846438738948,2.5,7.775462451481767
5,2020-03-04 14:00:00,full_signal,40,False,43.4,13.656349107955485,4.300000000000001,8.237385091565768,8.0,5.68624276268819
5,2020-03-04 18:30:00,full_signal,40,False,154.0,5.002121134435738,77.0,12.05694275214095,95.0,4.379621984283083
5,2020-03-04 22:15:00,full_signal,40,False,3.0,5.595337631582706,1.0,11.95504614475797,5.5,4.520046370019593
5,2020-03-05 08:30:00,full_signal,40,False,56.5,17.298020563769445,8.0,4.911316588529445,2.5,6.473873819592208
5,2020-03-05 13:30:00,full_signal,40,False,17.0,37.74213627177956,13.0,5.2266867939793515,28.0,8.867162990298056
5,2020-03-05 22:00:00,full_signal,40,False,119.0,41.678762402285116,9.6,10.123427721800569,28.0,14.824157337579667
5,2020-03-06 13:30:00,full_signal,40,False,9.1,39.40901550360104,9.4,1.9406730073073182,21.1,10.913660990015021
5,2020-03-06 21:00:00,full_signal,40,False,42.1,20.273779332484878,9.4,7.067750305782737,18.1,10.030677077894843
5,2020-03-01 18:00:00,full_signal,41,False,56.6,38.89111429299934,29.199999999999996,2.241722993603229,13.0,10.765982585933658
5,2020-03-01 22:00:00,full_signal,41,False,0.3,38.48066151153198,5.0,8.185886579072829,5.5,9.881850931289499
5,2020-03-02 11:00:00,full_signal,41,False,9.6,40.42118352744713,17.299999999999997,7.974192815337085,9.0,10.552361563751754
5,2020-03-02 22:30:00,full_signal,41,False,0.9,42.13546768384709,6.4,10.719181590158046,9.3,15.037960814373385
5,2020-03-03 09:40:00,full_signal,41,False,56.5,6.758235976567137,8.0,12.781122120757885,2.5,4.679799864701074
5,2020-03-04 14:00:00,full_signal,41,False,43.4,30.521382820263415,4.300000000000001,6.362431932268937,8.0,10.137133703273147
5,2020-03-04 18:30:00,full_signal,41,False,154.0,5.002121134435738,77.0,12.05694275214095,95.0,4.379621984283083
5,2020-03-04 22:15:00,full_signal,41,False,3.0,17.739293663809498,1.0,4.973079949429086,5.5,6.784480916664725
5,2020-03-05 08:30:00,full_signal,41,False,56.5,13.760953004272682,8.0,7.978984020719812,2.5,5.664420381756246
5,2020-03-05 13:30:00,full_signal,41,False,17.0,16.350611035260215,13.0,10.613353386330084,28.0,7.887691128948187
5,2020-03-05 22:00:00,full_signal,41,False,119.0,38.3198573809067,9.6,6.139952611339957,28.0,9.879335615504345
5,2020-03-06 13:30:00,full_signal,41,False,9.1,10.574499395096002,9.4,15.819279581392886,21.1,6.580436638379235
5,2020-03-06 21:00:00,full_signal,41,False,42.1,20.273779332484878,9.4,7.067750305782737,18.1,10.030677077894843
5,2020-03-01 18:00:00,full_signal,42,False,56.6,37.750097761413855,29.199999999999996,5.633513223884785,13.0,9.205718762364452
5,2020-03-01 22:00:00,full_signal,42,False,0.3,16.39348272260411,5.0,10.44982158097691,5.5,7.859047452658269
5,2020-03-02 11:00:00,full_signal,42,False,9.6,18.20601905833231,17.299999999999997,4.2942753255996164,9.0,6.686689174576281
5,2020-03-02 22:30:00,full_signal,42,False,0.9,42.13546768384709,6.4,10.719181590158046,9.3,15.037960814373385
5,2020-03-03 09:40:00,full_signal,42,False,56.5,13.714676702760094,8.0,7.962844247622147,2.5,5.665828436337753
5,2020-03-04 14:00:00,full_signal,42,False,43.4,39.4007415553428,4.300000000000001,2.05667686684431,8.0,10.993118401275
5,2020-03-04 18:30:00,full_signal,42,False,154.0,30.527115197051128,77.0,5.920624884774392,95.0,10.048206076614509
5,2020-03-04 22:15:00,full_signal,42,False,3.0,10.26851682899163,1.0,15.522301544358859,5.5,6.521844097382237
5,2020-03-05 08:30:00,full_signal,42,False,56.5,41.94469449233132,8.0,7.767787272550982,2.5,11.015416331723943
5,2020-03-05 13:30:00,full_signal,42,False,17.0,38.507585035728674,13.0,8.228313724105437,28.0,9.888516894035588
5,2020-03-05 22:00:00,full_signal,42,False,119.0,5.368266971768195,9.6,11.249607428579989,28.0,4.855640551369207
5,2020-03-06 13:30:00,full_signal,42,False,9.1,21.09273234777849,9.4,6.730879900000526,21.1,10.25937825446547
5,2020-03-06 21:00:00,full_signal,42,False,42.1,4.272940575166345,9.4,12.212048463602304,18.1,4.781630044630516
5,2020-03-01 18:00:00,full_signal,43,False,56.6,10.424039381985011,29.199999999999996,15.880373886790014,13.0,6.522992575762244
5,2020-03-01 22:00:00,full_signal,43,False,0.3,42.05803833331273,5.0,7.5610649207532115,5.5,11.030794041457114
5,2020-03-02 11:00:00,full_signal,43,False,9.6,37.413184922382435,17.299999999999997,5.130608744458313,9.0,9.163089645500422
5,2020-03-02 22:30:00,full_signal,43,False,0.9,5.867670528286951,6.4,12.094705738920291,9.3,4.586880350125498
5,2020-03-03 09:40:00,full_signal,43,False,56.5,39.496624730295764,8.0,2.4031532888858105,2.5,11.049694683786171
5,2020-03-04 14:00:00,full_signal,43,False,43.4,13.656349107955485,4.300000000000001,8.237385091565768,8.0,5.68624276268819
5,2020-03-04 18:30:00,full_signal,43,False,154.0,21.39940326582696,77.0,6.652959068360084,95.0,10.116065590436499
5,2020-03-04 22:15:00,full_signal,43,False,3.0,4.6453218104967675,1.0,12.099083317083998,5.5,4.626035477457821
5,2020-03-05 08:30:00,full_signal,43,False,56.5,16.129765094802533,8.0,10.580801966267234,2.5,7.774258660338931
5,2020-03-05 13:30:00,full_signal,43,False,17.0,41.66651018057575,13.0,10.188425660009182,28.0,15.09236952138718
5,2020-03-05 22:00:00,full_signal,43,False,119.0,29.639686390573225,9.6,7.419056833976836,28.0,9.968753568089964
5,2020-03-06 13:30:00,full_signal,43,False,9.1,38.37327774073171,9.4,8.238807996495826,21.1,10.058627330362413
5,2020-03-06 21:00:00,full_signal,43,False,42.1,18.42760954470271,9.4,4.219154558212604,18.1,6.710926798533707
5,2020-03-01 18:00:00,full_signal,44,False,56.6,5.7094181412643765,29.199999999999996,12.480745194808689,13.0,4.57370156595462
5,2020-03-01 22:00:00,full_signal,44,False,0.3,42.05803833331273,5.0,7.5610649207532115,5.5,11.030794041457114
5,2020-03-02 11:00:00,full_signal,44,False,9.6,37.413184922382435,17.299999999999997,5.130608744458313,9.0,9.163089645500422
5,2020-03-02 22:30:00,full_signal,44,False,0.9,21.49845935179429,6.4,6.709416571070962,9.3,10.15427723891961
5,2020-03-03 09:40:00,full_signal,44,False,56.5,39.496624730295764,8.0,2.4031532888858105,2.5,11.049694683786171
5,2020-03-04 14:00:00,full_signal,44,False,43.4,30.521382820263415,4.300000000000001,6.362431932268937,8.0,10.137133703273147
5,2020-03-04 18:30:00,full_signal,44,False,154.0,42.26411676739093,77.0,10.529699405844859,95.0,15.36905691227559
5,2020-03-04 22:15:00,full_signal,44,False,3.0,13.349597271342162,1.0,8.157386906118292,5.5,5.72783017493783
5,2020-03-05 08:30:00,full_signal,44,False,56.5,17.298020563769445,8.0,4.911316588529445,2.5,6.473873819592208
5,2020-03-05 13:30:00,full_signal,44,False,17.0,4.598128157733072,13.0,11.720654258467766,28.0,4.473987838225428
5,2020-03-05 22:00:00,full_signal,44,False,119.0,15.00436793641552,9.6,8.13453812692913,28.0,7.69838486450601
5,2020-03-06 13:30:00,full_signal,44,False,9.1,38.37327774073171,9.4,8.238807996495826,21.1,10.058627330362413
5,2020-03-06 21:00:00,full_signal,44,False,42.1,9.75041211670598,9.4,14.363507313389094,18.1,6.45217584154819
5,2020-03-01 18:00:00,full_signal,45,False,56.6,13.584503883449196,29.199999999999996,8.045253061780764,13.0,5.734740925658702
5,2020-03-01 22:00:00,full_signal,45,False,0.3,10.639542958810878,5.0,15.439326846317138,5.5,6.295305453071343
5,2020-03-02 11:00:00,full_signal,45,False,9.6,40.42118352744713,17.299999999999997,7.974192815337085,9.0,10.552361563751754
5,2020-03-02 22:30:00,full_signal,45,False,0.9,17.717340854472035,6.4,5.136979782633965,9.3,6.80366399088897
5,2020-03-03 09:40:00,full_signal,45,False,56.5,21.46945397150307,8.0,6.994443545618413,2.5,10.217188434557885
5,2020-03-04 14:00:00,full_signal,45,False,43.4,37.770006864366415,4.300000000000001,5.368467794169931,8.0,9.078297925560804
5,2020-03-04 18:30:00,full_signal,45,False,154.0,16.03313289398378,77.0,10.279860127152977,95.0,7.648377007695196
5,2020-03-04 22:15:00,full_signal,45,False,3.0,41.956395365406244,1.0,10.43058601547381,5.5,14.877980300867286
5,2020-03-05 08:30:00,full_signal,45,False,56.5,39.44772613040403,8.0,2.4827427543602125,2.5,11.020641970900266
5,2020-03-05 13:30:00,full_signal,45,False,17.0,6.700041422465034,13.0,12.807896313877368,28.0,4.763965140094317
5,2020-03-05 22:00:00,full_signal,45,False,119.0,29.639686390573225,9.6,7.419056833976836,28.0,9.968753568089964
5,2020-03-06 13:30:00,full_signal,45,False,9.1,38.37327774073171,9.4,8.238807996495826,21.1,10.058627330362413
5,2020-03-06 21:00:00,full_signal,45,False,42.1,4.272940575166345,9.4,12.212048463602304,18.1,4.781630044630516
5,2020-03-01 18:00:00,full_signal,46,False,56.6,37.750097761413855,29.199999999999996,5.633513223884785,13.0,9.205718762364452
5,2020-03-01 22:00:00,full_signal,46,False,0.3,10.639542958810878,5.0,15.439326846317138,5.5,6.295305453071343
5,2020-03-02 11:00:00,full_signal,46,False,9.6,15.063409872212745,17.299999999999997,9.118421947359025,9.0,7.710246757225496
5,2020-03-02 22:30:00,full_signal,46,False,0.9,5.327821301891764,6.4,11.820620134609854,9.3,4.734288784206216
5,2020-03-03 09:40:00,full_signal,46,False,56.5,41.93527738760296,8.0,7.76372187052605,2.5,11.01573102813071
5,2020-03-04 14:00:00,full_signal,46,False,43.4,39.4007415553428,4.300000000000001,2.05667686684431,8.0,10.993118401275
5,2020-03-04 18:30:00,full_signal,46,False,154.0,17.21333060073744,77.0,4.82095988146122,95.0,6.362977683273178
5,2020-03-04 22:15:00,full_signal,46,False,3.0,38.17879624965712,1.0,8.966881301733839,5.5,10.598604448532182
5,2020-03-05 08:30:00,full_signal,46,False,56.5,30.482589264188817,8.0,5.9655274475292925,2.5,10.019813790361361
5,2020-03-05 13:30:00,full_signal,46,False,17.0,21.373301508430274,13.0,6.651779148886961,28.0,10.261581184981996
5,2020-03-05 22:00:00,full_signal,46,False,119.0,5.368266971768195,9.6,11.249607428579989,28.0,4.855640551369207
5,2020-03-06 13:30:00,full_signal,46,False,9.1,41.82544789943765,9.4,10.465325656277056,21.1,15.201558634142895
5,2020-03-06 21:00:00,full_signal,46,False,42.1,13.132139909568464,9.4,8.751089029727641,18.1,5.844486029900507
5,2020-03-01 18:00:00,full_signal,47,False,56.6,42.1586915884791,29.199999999999996,10.72277530258558,13.0,15.0369822432061
5,2020-03-01 22:00:00,full_signal,47,False,0.3,10.639542958810878,5.0,15.439326846317138,5.5,6.295305453071343
5,2020-03-02 11:00:00,full_signal,47,False,9.6,5.334982703282976,17.299999999999997,11.588876827455374,9.0,4.619559295826301
5,2020-03-02 22:30:00,full_signal,47,False,0.9,40.529675062490774,6.4,8.835079538071998,9.3,10.805257438301481
5,2020-03-03 09:40:00,full_signal,47,False,56.5,21.46945397150307,8.0,6.994443545618413,2.5,10.217188434557885
5,2020-03-04 14:00:00,full_signal,47,False,43.4,37.770006864366415,4.300000000000001,5.368467794169931,8.0,9.078297925560804
5,2020-03-04 18:30:00,full_signal,47,False,154.0,17.21333060073744,77.0,4.82095988146122,95.0,6.362977683273178
5,2020-03-04 22:15:00,full_signal,47,False,3.0,38.68880811076566,1.0,1.9628697263224866,5.5,10.702015991037511
5,2020-03-05 08:30:00,full_signal,47,False,56.5,38.32870214367922,8.0,8.156263496963486,2.5,9.882916508527446
5,2020-03-05 13:30:00,full_signal,47,False,17.0,4.598128157733072,13.0,11.720654258467766,28.0,4.473987838225428
5,2020-03-05 22:00:00,full_signal,47,False,119.0,12.846264322503444,9.6,7.492848410889096,28.0,5.908512755174375
5,2020-03-06 13:30:00,full_signal,47,False,9.1,16.331942689476122,9.4,10.670482707681215,21.1,8.061899026101523
5,2020-03-06 21:00:00,full_signal,47,False,42.1,30.008718584408815,9.4,7.264011238339712,18.1,9.981171206518653
5,2020-03-01 18:00:00,full_signal,48,False,56.6,21.286473531563416,29.199999999999996,6.745559329733769,13.0,10.162415056028841
5,2020-03-01 22:00:00,full_signal,48,False,0.3,4.7518957607456915,5.0,11.867377843163535,5.5,4.460586513888884
5,2020-03-02 11:00:00,full_signal,48,False,9.6,40.661363308455,17.299999999999997,9.677068513811182,9.0,14.100846835476707
5,2020-03-02 22:30:00,full_signal,48,False,0.9,17.717340854472035,6.4,5.136979782633965,9.3,6.80366399088897
5,2020-03-03 09:40:00,full_signal,48,False,56.5,37.67546577670245,8.0,5.269562177620603,2.5,8.923606576783918
5,2020-03-04 14:00:00,full_signal,48,False,43.4,10.377042045994815,4.300000000000001,15.819660687182234,8.0,6.496208752263459
5,2020-03-04 18:30:00,full_signal,48,False,154.0,16.03313289398378,77.0,10.279860127152977,95.0,7.648377007695196
5,2020-03-04 22:15:00,full_signal,48,False,3.0,40.4201673729901,1.0,8.8133804611839,5.5,10.762448870292381
5,2020-03-05 08:30:00,full_signal,48,False,56.5,38.32870214367922,8.0,8.156263496963486,2.5,9.882916508527446
5,2020-03-05 13:30:00,full_signal,48,False,17.0,30.62452379294476,13.0,5.697875708888217,28.0,9.988236817667191
5,2020-03-05 22:00:00,full_signal,48,False,119.0,39.08556882539657,9.6,2.4526726646651253,28.0,10.858767699972782
5,2020-03-06 13:30:00,full_signal,48,False,9.1,6.29393269501108,9.4,12.442157089641345,21.1,4.76725891583026
5,2020-03-06 21:00:00,full_signal,48,False,42.1,13.132139909568464,9.4,8.751089029727641,18.1,5.844486029900507
5,2020-03-01 18:00:00,full_signal,49,False,56.6,4.906341861062357,29.199999999999996,12.221810122619555,13.0,4.589798505610233
5,2020-03-01 22:00:00,full_signal,49,False,0.3,42.05803833331273,5.0,7.5610649207532115,5.5,11.030794041457114
5,2020-03-02 11:00:00,full_signal,49,False,9.6,18.20601905833231,17.299999999999997,4.2942753255996164,9.0,6.686689174576281
5,2020-03-02 22:30:00,full_signal,49,False,0.9,39.046582457250985,6.4,2.5739811036377307,9.3,10.873130725563463
5,2020-03-03 09:40:00,full_signal,49,False,56.5,37.67546577670245,8.0,5.269562177620603,2.5,8.923606576783918
5,2020-03-04 14:00:00,full_signal,49,False,43.4,15.978385895409481,4.300000000000001,10.619472268424527,8.0,7.9290042362516555
5,2020-03-04 18:30:00,full_signal,49,False,154.0,13.941956880589245,77.0,7.937676465916507,95.0,5.704235143017152
5,2020-03-04 22:15:00,full_signal,49,False,3.0,5.595337631582706,1.0,11.95504614475797,5.5,4.520046370019593
5,2020-03-05 08:30:00,full_signal,49,False,56.5,42.03813217389209,8.0,10.346881071260759,2.5,15.162258192306485
5,2020-03-05 13:30:00,full_signal,49,False,17.0,30.62452379294476,13.0,5.697875708888217,28.0,9.988236817667191
5,2020-03-05 22:00:00,full_signal,49,False,119.0,20.266058496588574,9.6,6.723101072950515,28.0,10.02138648994492
5,2020-03-06 13:30:00,full_signal,49,False,9.1,10.574499395096002,9.4,15.819279581392886,21.1,6.580436638379235
5,2020-03-06 21:00:00,full_signal,49,False,42.1,38.713187210117574,9.4,9.007674539330157,18.1,10.656368397677598
6,2020-02-29 23:30:00,full_signal,-1,False,188.0,75.92215778090217,52.0,19.347843113121666,21.6,28.62415970378026
6,2020-03-01 14:00:00,full_signal,-1,True,70.0,71.74452709722776,26.0,26.569024140820318,26.0,24.414282262661956
6,2020-03-02 05:15:00,full_signal,-1,False,56.5,52.68445628766526,8.0,4.973780969832825,2.5,11.909379015686367
6,2020-03-02 09:50:00,full_signal,-1,False,5.0,40.551492839305084,30.0,20.018291040392302,3.0,11.750496636588215
6,2020-03-02 15:00:00,full_signal,-1,False,9.2,43.418418349606206,1.1,9.620467004170044,3.6,9.821300558854707
6,2020-03-02 22:00:00,full_signal,-1,False,226.0,75.82145843092356,31.0,17.941157096095566,31.1,23.886465689748306
6,2020-03-04 08:25:00,full_signal,-1,False,56.5,67.56024183908589,8.0,11.340009786148544,2.5,16.315059388189677
6,2020-03-04 13:20:00,full_signal,-1,False,45.9,72.92807514979458,33.0,18.564973568675736,31.1,21.717436240376305
6,2020-03-04 20:25:00,full_signal,-1,False,40.0,37.57149334417666,10.0,22.42749299526035,8.0,10.814884940635107
6,2020-03-05 00:05:00,full_signal,-1,False,34.0,59.18133532753905,2.1,12.098962956850627,10.0,16.729626988470233
6,2020-03-05 11:00:00,full_signal,-1,False,5.0,40.10717919410071,30.0,12.163699726880697,3.0,11.390612220860241
6,2020-03-05 18:15:00,full_signal,-1,False,5.0,36.15231481188808,30.0,23.343754142160343,3.0,11.880291807388446
6,2020-03-05 23:30:00,full_signal,-1,False,228.0,75.10065332003059,56.0,26.217893070403832,31.6,26.91172321980477
6,2020-03-06 13:00:00,full_signal,-1,False,56.5,60.151481969894135,8.0,11.593412439719877,2.5,16.71558809687731
6,2020-03-07 08:20:00,full_signal,-1,False,43.4,47.207811066899176,13.2,2.912556565731796,12.4,10.575008839422349
6,2020-03-08 19:50:00,full_signal,-1,False,111.0,69.89997008413494,12.3,20.04588431374629,28.5,18.37771468671302
6,2020-02-29 23:30:00,full_signal,0,False,188.0,52.40937055158803,52.0,6.905460274845424,21.6,12.525435539077412
6,2020-03-01 14:00:00,full_signal,0,False,70.0,77.0495248644553,26.0,24.439618849444916,26.0,26.687866980731727
6,2020-03-02 05:15:00,full_signal,0,False,56.5,37.16105433733257,8.0,17.997827463824024,2.5,11.4055387027536
6,2020-03-02 09:50:00,full_signal,0,False,5.0,40.551492839305084,30.0,20.018291040392302,3.0,11.750496636588215
6,2020-03-02 15:00:00,full_signal,0,False,9.2,38.775792536998594,1.1,16.04962296457768,3.6,10.932536691143474
6,2020-03-02 22:00:00,full_signal,0,False,226.0,64.27046806772317,31.0,12.825491142097121,31.1,17.946624329431952
6,2020-03-04 08:25:00,full_signal,0,False,56.5,70.1637362438507,8.0,21.029304330317366,2.5,19.075314648858175
6,2020-03-04 13:20:00,full_signal,0,False,45.9,76.96470327932555,33.0,13.131731596870235,31.1,22.839732162495878
6,2020-03-04 20:25:00,full_signal,0,False,40.0,43.39505737036872,10.0,9.537969156406572,8.0,9.820461524576716
6,2020-03-05 00:05:00,full_signal,0,False,34.0,66.72247811142348,2.1,22.77919210765188,10.0,22.65105474304427
6,2020-03-05 11:00:00,full_signal,0,False,5.0,71.32236196396535,30.0,17.48619815303424,3.0,20.69258074612366
6,2020-03-05 18:15:00,full_signal,0,False,5.0,48.724635221699614,30.0,3.262545106403216,3.0,11.12196144900924
6,2020-03-05 23:30:00,full_signal,0,False,228.0,68.0025338900257,56.0,12.59512492771118,31.6,17.138194612289727
6,2020-03-06 13:00:00,full_signal,0,False,56.5,60.151481969894135,8.0,11.593412439719877,2.5,16.71558809687731
6,2020-03-07 08:20:00,full_signal,0,False,43.4,39.26826101498924,13.2,15.36230928349492,12.4,10.986172193308537
6,2020-03-08 19:50:00,full_signal,0,False,111.0,73.4657321805574,12.3,18.112031393926344,28.5,26.727774161650654
6,2020-02-29 23:30:00,full_signal,1,False,188.0,64.59297126630969,52.0,12.827336426545543,21.6,18.1092364564629
6,2020-03-01 14:00:00,full_signal,1,False,70.0,60.50894199648991,26.0,11.612690293096152,26.0,16.61339057842371
6,2020-03-02 05:15:00,full_signal,1,False,56.5,71.15060066501279,8.0,17.277266358061116,2.5,20.13522115965435
6,2020-03-02 09:50:00,full_signal,1,False,5.0,38.329488512138106,30.0,22.202524307642797,3.0,12.222707814053702
6,2020-03-02 15:00:00,full_signal,1,False,9.2,74.92081553432195,1.1,19.012686883709314,3.6,27.663469295440663
6,2020-03-02 22:00:00,full_signal,1,False,226.0,41.3110325471646,31.0,19.821217918411616,31.1,11.92181835922923
6,2020-03-04 08:25:00,full_signal,1,False,56.5,67.56024183908589,8.0,11.340009786148544,2.5,16.315059388189677
6,2020-03-04 13:20:00,full_signal,1,False,45.9,52.54138810600213,33.0,6.664692296159397,31.1,12.453988775142516
6,2020-03-04 20:25:00,full_signal,1,False,40.0,37.57149334417666,10.0,22.42749299526035,8.0,10.814884940635107
6,2020-03-05 00:05:00,full_signal,1,False,34.0,48.624719566838486,2.1,10.311174586766931,10.0,11.294429712384458
6,2020-03-05 11:00:00,full_signal,1,False,5.0,40.10717919410071,30.0,12.163699726880697,3.0,11.390612220860241
6,2020-03-05 18:15:00,full_signal,1,False,5.0,75.92938606306488,30.0,14.352906532501219,3.0,23.08035639407062
6,2020-03-05 23:30:00,full_signal,1,False,228.0,72.25640714137373,56.0,22.600870517081564,31.6,20.969238962596627
6,2020-03-06 13:00:00,full_signal,1,False,56.5,71.99987193989662,8.0,26.46203706064907,2.5,24.55192528215318
6,2020-03-07 08:20:00,full_signal,1,False,43.4,47.207811066899176,13.2,2.912556565731796,12.4,10.575008839422349
6,2020-03-08 19:50:00,full_signal,1,False,111.0,75.36698630041872,12.3,25.832055620570006,28.5,26.011365437984917
6,2020-02-29 23:30:00,full_signal,2,False,188.0,77.17236403466157,52.0,17.819978010664244,21.6,24.22289636067106
6,2020-03-01 14:00:00,full_signal,2,False,70.0,60.50894199648991,26.0,11.612690293096152,26.0,16.61339057842371
6,2020-03-02 05:15:00,full_signal,2,False,56.5,37.16105433733257,8.0,17.997827463824024,2.5,11.4055387027536
6,2020-03-02 09:50:00,full_signal,2,False,5.0,37.99171527409689,30.0,18.842513778735114,3.0,10.917304214397552
6,2020-03-02 15:00:00,full_signal,2,False,9.2,74.92081553432195,1.1,19.012686883709314,3.6,27.663469295440663
6,2020-03-02 22:00:00,full_signal,2,False,226.0,38.89736188872274,31.0,14.76675783979934,31.1,11.059950935719979
6,2020-03-04 08:25:00,full_signal,2,False,56.5,41.41812060024309,8.0,17.974131914083888,2.5,11.654531361055406
6,2020-03-04 13:20:00,full_signal,2,False,45.9,69.68990796312863,33.0,10.828755133476763,31.1,16.94237563549565
6,2020-03-04 20:25:00,full_signal,2,False,40.0,52.49722203875746,10.0,6.516203089937471,8.0,12.42451692530423
6,2020-03-05 00:05:00,full_signal,2,False,34.0,43.998316957500485,2.1,2.203760293094002,10.0,9.89040207748936
6,2020-03-05 11:00:00,full_signal,2,False,5.0,69.12020866468445,30.0,20.967680317034503,3.0,18.71393358433994
6,2020-03-05 18:15:00,full_signal,2,False,5.0,65.12159465463577,30.0,12.162773785026655,3.0,17.356226661274633
6,2020-03-05 23:30:00,full_signal,2,False,228.0,71.97301847808014,56.0,27.10086844002105,31.6,25.38693192055502
6,2020-03-06 13:00:00,full_signal,2,False,56.5,43.579954650650606,8.0,9.721134054366058,2.5,9.894526105534961
6,2020-03-07 08:20:00,full_signal,2,False,43.4,72.09979793876695,13.2,18.437411281433434,12.4,21.81434426999838
6,2020-03-08 19:50:00,full_signal,2,False,111.0,75.36698630041872,12.3,25.832055620570006,28.5,26.011365437984917
6,2020-02-29 23:30:00,full_signal,3,False,188.0,73.06328689863892,52.0,19.60295139871194,21.6,22.82948015529916
6,2020-03-01 14:00:00,full_signal,3,False,70.0,67.99177927716153,26.0,17.051406031659333,26.0,17.076421457248294
6,2020-03-02 05:15:00,full_signal,3,False,56.5,74.07451548012246,8.0,25.03264214818365,2.5,25.580816521676454
6,2020-03-02 09:50:00,full_signal,3,False,5.0,71.83148666995578,30.0,26.17942676397963,3.0,24.608456940801872
6,2020-03-02 15:00:00,full_signal,3,False,9.2,64.34672262710217,1.1,12.280085547168252,3.6,17.787769322974384
6,2020-03-02 22:00:00,full_signal,3,False,226.0,51.99446596524091,31.0,6.296128895944903,31.1,12.20679372114296
6,2020-03-04 08:25:00,full_signal,3,False,56.5,41.41812060024309,8.0,17.974131914083888,2.5,11.654531361055406
6,2020-03-04 13:20:00,full_signal,3,False,45.9,38.577031399922795,33.0,16.227680001934633,31.1,10.921836431958436
6,2020-03-04 20:25:00,full_signal,3,False,40.0,37.57149334417666,10.0,22.42749299526035,8.0,10.814884940635107
6,2020-03-05 00:05:00,full_signal,3,False,34.0,48.624719566838486,2.1,10.311174586766931,10.0,11.294429712384458
6,2020-03-05 11:00:00,full_signal,3,False,5.0,66.7019385234643,30.0,10.853672644074669,3.0,15.691566243437679
6,2020-03-05 18:15:00,full_signal,3,False,5.0,36.15231481188808,30.0,23.343754142160343,3.0,11.880291807388446
6,2020-03-05 23:30:00,full_signal,3,False,228.0,76.49770751545435,56.0,18.78897134377201,31.6,25.563596381645482
6,2020-03-06 13:00:00,full_signal,3,False,56.5,60.151481969894135,8.0,11.593412439719877,2.5,16.71558809687731
6,2020-03-07 08:20:00,full_signal,3,False,43.4,71.86129130150091,13.2,17.357395740959728,12.4,26.191053417820186
6,2020-03-08 19:50:00,full_signal,3,False,111.0,48.02226657968477,12.3,3.2059153936997804,28.5,10.841212247924787
6,2020-02-29 23:30:00,full_signal,4,False,188.0,76.53436755897879,52.0,25.57041613919713,21.6,26.41447439764524
6,2020-03-01 14:00:00,full_signal,4,False,70.0,48.831535538696855,26.0,3.582098613556194,26.0,11.172729290245954
6,2020-03-02 05:15:00,full_signal,4,False,56.5,41.37884549459446,8.0,15.117612335548205,2.5,12.22783050644699
6,2020-03-02 09:50:00,full_signal,4,False,5.0,75.8000698637656,30.0,18.19589707612069,3.0,23.887966479150663
6,2020-03-02 15:00:00,full_signal,4,False,9.2,70.10117141547043,1.1,20.034003397510762,3.6,18.37807740116344
6,2020-03-02 22:00:00,full_signal,4,False,226.0,59.369713114768075,31.0,12.16711748982745,31.1,16.669115664914038
6,2020-03-04 08:25:00,full_signal,4,False,56.5,39.170132103769326,8.0,16.233874131118217,2.5,11.046457577308576
6,2020-03-04 13:20:00,full_signal,4,False,45.9,43.59452090279383,33.0,9.770874107742701,31.1,9.87856779984007
6,2020-03-04 20:25:00,full_signal,4,False,40.0,52.49722203875746,10.0,6.516203089937471,8.0,12.42451692530423
6,2020-03-05 00:05:00,full_signal,4,False,34.0,67.88270780141147,2.1,18.497252749800698,10.0,21.802824005484432
6,2020-03-05 11:00:00,full_signal,4,False,5.0,66.7019385234643,30.0,10.853672644074669,3.0,15.691566243437679
6,2020-03-05 18:15:00,full_signal,4,False,5.0,70.65310999686885,30.0,25.741861818160157,3.0,23.52334598072901
6,2020-03-05 23:30:00,full_signal,4,False,228.0,75.19477164333102,56.0,19.76292208284259,31.6,28.61005662628199
6,2020-03-06 13:00:00,full_signal,4,False,56.5,37.27893668847079,8.0,24.364530206379115,2.5,12.41578130057153
6,2020-03-07 08:20:00,full_signal,4,False,43.4,42.75089716550851,13.2,17.30468378860531,12.4,11.954021387089242
6,2020-03-08 19:50:00,full_signal,4,False,111.0,64.14492900818092,12.3,12.353357117681277,28.5,17.705678713443433
6,2020-02-29 23:30:00,full_signal,5,False,188.0,64.59297126630969,52.0,12.827336426545543,21.6,18.1092364564629
6,2020-03-01 14:00:00,full_signal,5,False,70.0,73.04776227644034,26.0,18.93177717377615,26.0,21.90112143021388
6,2020-03-02 05:15:00,full_signal,5,False,56.5,40.27104547275132,8.0,16.986029857778956,2.5,11.412180640673077
6,2020-03-02 09:50:00,full_signal,5,False,5.0,71.83148666995578,30.0,26.17942676397963,3.0,24.608456940801872
6,2020-03-02 15:00:00,full_signal,5,False,9.2,68.83753278971979,1.1,11.487430799063668,3.6,16.804197453594465
6,2020-03-02 22:00:00,full_signal,5,False,226.0,59.369713114768075,31.0,12.16711748982745,31.1,16.669115664914038
6,2020-03-04 08:25:00,full_signal,5,False,56.5,39.170132103769326,8.0,16.233874131118217,2.5,11.046457577308576
6,2020-03-04 13:20:00,full_signal,5,False,45.9,48.61604506276074,33.0,3.841773718285658,31.1,11.26050484029375
6,2020-03-04 20:25:00,full_signal,5,False,40.0,43.39505737036872,10.0,9.537969156406572,8.0,9.820461524576716
6,2020-03-05 00:05:00,full_signal,5,False,34.0,74.1499142181299,2.1,20.07153947997149,10.0,25.67747974017101
6,2020-03-05 11:00:00,full_signal,5,False,5.0,72.80528072480806,30.0,25.797582500544,3.0,26.05172687595832
6,2020-03-05 18:15:00,full_signal,5,False,5.0,39.340680299129716,30.0,15.601994856891034,3.0,11.266743761850666
6,2020-03-05 23:30:00,full_signal,5,False,228.0,75.19477164333102,56.0,19.76292208284259,31.6,28.61005662628199
6,2020-03-06 13:00:00,full_signal,5,False,56.5,52.51750739720056,8.0,6.57904997895851,2.5,12.469625680176657
6,2020-03-07 08:20:00,full_signal,5,False,43.4,40.86070412529635,13.2,20.044370636207823,12.4,12.555097799178025
6,2020-03-08 19:50:00,full_signal,5,False,111.0,69.89997008413494,12.3,20.04588431374629,28.5,18.37771468671302
6,2020-02-29 23:30:00,full_signal,6,False,188.0,71.21465494923528,52.0,26.424174041535046,21.6,24.829375371744856
6,2020-03-01 14:00:00,full_signal,6,False,70.0,67.99177927716153,26.0,17.051406031659333,26.0,17.076421457248294
6,2020-03-02 05:15:00,full_signal,6,False,56.5,71.15060066501279,8.0,17.277266358061116,2.5,20.13522115965435
6,2020-03-02 09:50:00,full_signal,6,False,5.0,52.202640634573605,30.0,6.457496308069285,3.0,12.27709693555779
6,2020-03-02 15:00:00,full_signal,6,False,9.2,60.20593303606984,1.1,11.554441421564075,3.6,16.622714477211577
6,2020-03-02 22:00:00,full_signal,6,False,226.0,38.98098356547886,31.0,22.441115011643454,31.1,12.353277622219544
6,2020-03-04 08:25:00,full_signal,6,False,56.5,73.32594147293226,8.0,26.500785183387944,2.5,26.22360939452637
6,2020-03-04 13:20:00,full_signal,6,False,45.9,38.577031399922795,33.0,16.227680001934633,31.1,10.921836431958436
6,2020-03-04 20:25:00,full_signal,6,False,40.0,39.60714093860208,10.0,23.371823674452383,8.0,11.61743819338385
6,2020-03-05 00:05:00,full_signal,6,False,34.0,61.5672171274262,2.1,11.853484895144184,10.0,16.243441125628326
6,2020-03-05 11:00:00,full_signal,6,False,5.0,71.7058806572229,30.0,17.579164250809484,3.0,25.83799617660081
6,2020-03-05 18:15:00,full_signal,6,False,5.0,43.96692350455097,30.0,9.21265472541761,3.0,9.902386271629712
6,2020-03-05 23:30:00,full_signal,6,False,228.0,47.83730081571577,56.0,4.2233632719360905,31.6,11.427448476057917
6,2020-03-06 13:00:00,full_signal,6,False,56.5,65.14859081423721,8.0,12.13478132096088,2.5,17.779119532914017
6,2020-03-07 08:20:00,full_signal,6,False,43.4,39.26826101498924,13.2,15.36230928349492,12.4,10.986172193308537
6,2020-03-08 19:50:00,full_signal,6,False,111.0,75.83407890265521,12.3,18.108849289619222,28.5,23.959443023476506
6,2020-02-29 23:30:00,full_signal,7,False,188.0,39.19011125827206,52.0,18.657165520564295,21.6,11.259252811679236
6,2020-03-01 14:00:00,full_signal,7,False,70.0,70.06491271765381,26.0,11.073858915544928,26.0,17.21227160968137
6,2020-03-02 05:15:00,full_signal,7,False,56.5,72.39984687249783,8.0,17.369526199826186,2.5,25.498094044762713
6,2020-03-02 09:50:00,full_signal,7,False,5.0,43.313281577390775,30.0,9.318265859736618,3.0,9.907849228851022
6,2020-03-02 15:00:00,full_signal,7,False,9.2,37.76134126558007,1.1,22.222135519848365,3.6,10.863334321457357
6,2020-03-02 22:00:00,full_signal,7,False,226.0,59.369713114768075,31.0,12.16711748982745,31.1,16.669115664914038
6,2020-03-04 08:25:00,full_signal,7,False,56.5,47.697219820247646,8.0,3.0608489915227546,2.5,10.717848472863947
6,2020-03-04 13:20:00,full_signal,7,False,45.9,52.54138810600213,33.0,6.664692296159397,31.1,12.453988775142516
6,2020-03-04 20:25:00,full_signal,7,False,40.0,76.67000627815634,10.0,24.991423656913287,8.0,26.37122691205965
6,2020-03-05 00:05:00,full_signal,7,False,34.0,59.18133532753905,2.1,12.098962956850627,10.0,16.729626988470233
6,2020-03-05 11:00:00,full_signal,7,False,5.0,69.12020866468445,30.0,20.967680317034503,3.0,18.71393358433994
6,2020-03-05 18:15:00,full_signal,7,False,5.0,36.15231481188808,30.0,23.343754142160343,3.0,11.880291807388446
6,2020-03-05 23:30:00,full_signal,7,False,228.0,73.40698024352992,56.0,20.783830605725317,31.6,23.61364522086827
6,2020-03-06 13:00:00,full_signal,7,False,56.5,76.85513061379822,8.0,16.275517631728476,2.5,23.703516399322726
6,2020-03-07 08:20:00,full_signal,7,False,43.4,71.59037292619685,13.2,25.04870907140695,12.4,24.00014670610868
6,2020-03-08 19:50:00,full_signal,7,False,111.0,40.65365012868725,12.3,19.65392961069439,28.5,11.758236782539411
6,2020-02-29 23:30:00,full_signal,8,False,188.0,73.06328689863892,52.0,19.60295139871194,21.6,22.82948015529916
6,2020-03-01 14:00:00,full_signal,8,False,70.0,65.4011358403454,26.0,12.125228790025435,26.0,17.886584002617468
6,2020-03-02 05:15:00,full_signal,8,False,56.5,44.014098619663514,8.0,8.49579389783835,2.5,10.045565967202538
6,2020-03-02 09:50:00,full_signal,8,False,5.0,40.551492839305084,30.0,20.018291040392302,3.0,11.750496636588215
6,2020-03-02 15:00:00,full_signal,8,False,9.2,37.76134126558007,1.1,22.222135519848365,3.6,10.863334321457357
6,2020-03-02 22:00:00,full_signal,8,False,226.0,73.50011228107599,31.0,18.255317572823923,31.1,26.90266558323221
6,2020-03-04 08:25:00,full_signal,8,False,56.5,39.003189488931916,8.0,12.1443924338156,2.5,10.951422351706222
6,2020-03-04 13:20:00,full_signal,8,False,45.9,68.16564555823126,33.0,14.467994145870566,31.1,16.592987901886346
6,2020-03-04 20:25:00,full_signal,8,False,40.0,37.06840255531224,10.0,24.189037571800846,8.0,12.280152168003333
6,2020-03-05 00:05:00,full_signal,8,False,34.0,43.998316957500485,2.1,2.203760293094002,10.0,9.89040207748936
6,2020-03-05 11:00:00,full_signal,8,False,5.0,74.97828231692948,30.0,18.645137036965753,3.0,25.058681351589513
6,2020-03-05 18:15:00,full_signal,8,False,5.0,60.64146812410256,30.0,11.334598386306018,3.0,16.47133533494719
6,2020-03-05 23:30:00,full_signal,8,False,228.0,71.97301847808014,56.0,27.10086844002105,31.6,25.38693192055502
6,2020-03-06 13:00:00,full_signal,8,False,56.5,52.51750739720056,8.0,6.57904997895851,2.5,12.469625680176657
6,2020-03-07 08:20:00,full_signal,8,False,43.4,72.91645185751796,13.2,26.81185491062168,12.4,26.117288997548894
6,2020-03-08 19:50:00,full_signal,8,False,111.0,68.40258621204441,12.3,11.549982386830528,28.5,16.6240429215159
6,2020-02-29 23:30:00,full_signal,9,False,188.0,76.53436755897879,52.0,25.57041613919713,21.6,26.41447439764524
6,2020-03-01 14:00:00,full_signal,9,False,70.0,60.50894199648991,26.0,11.612690293096152,26.0,16.61339057842371
6,2020-03-02 05:15:00,full_signal,9,False,56.5,72.39984687249783,8.0,17.369526199826186,2.5,25.498094044762713
6,2020-03-02 09:50:00,full_signal,9,False,5.0,70.24474714045246,30.0,20.067675362601836,3.0,18.50823273851351
6,2020-03-02 15:00:00,full_signal,9,False,9.2,39.974622880395174,1.1,23.290943390862296,3.6,11.70962073243789
6,2020-03-02 22:00:00,full_signal,9,False,226.0,71.41821599124854,31.0,26.17318150337599,31.1,24.591597760427504
6,2020-03-04 08:25:00,full_signal,9,False,56.5,67.56024183908589,8.0,11.340009786148544,2.5,16.315059388189677
6,2020-03-04 13:20:00,full_signal,9,False,45.9,38.577031399922795,33.0,16.227680001934633,31.1,10.921836431958436
6,2020-03-04 20:25:00,full_signal,9,False,40.0,72.95645377488343,10.0,18.691090644427796,8.0,21.94717319335668
6,2020-03-05 00:05:00,full_signal,9,False,34.0,48.850914978326585,2.1,18.64010843857528,10.0,14.64170067583353
6,2020-03-05 11:00:00,full_signal,9,False,5.0,62.73916155725477,30.0,11.73363478060221,3.0,16.90919376505475
6,2020-03-05 18:15:00,full_signal,9,False,5.0,52.93998734610443,30.0,6.017211456455828,3.0,12.448692316279852
6,2020-03-05 23:30:00,full_signal,9,False,228.0,44.24224543677921,56.0,11.468542133561415,31.6,10.773295913238517
6,2020-03-06 13:00:00,full_signal,9,False,56.5,76.85513061379822,8.0,16.275517631728476,2.5,23.703516399322726
6,2020-03-07 08:20:00,full_signal,9,False,43.4,47.207811066899176,13.2,2.912556565731796,12.4,10.575008839422349
6,2020-03-08 19:50:00,full_signal,9,False,111.0,38.947302890889176,12.3,18.181209580958225,28.5,11.160658780890333
6,2020-02-29 23:30:00,full_signal,10,False,188.0,39.19011125827206,52.0,18.657165520564295,21.6,11.259252811679236
6,2020-03-01 14:00:00,full_signal,10,False,70.0,76.63444105134214,26.0,15.463652172817262,26.0,23.315473141419623
6,2020-03-02 05:15:00,full_signal,10,False,56.5,72.39984687249783,8.0,17.369526199826186,2.5,25.498094044762713
6,2020-03-02 09:50:00,full_signal,10,False,5.0,59.70573182965785,30.0,11.705324559656173,3.0,16.51031773537907
6,2020-03-02 15:00:00,full_signal,10,False,9.2,72.82970201008217,1.1,18.84887099799747,3.6,22.015138282631977
6,2020-03-02 22:00:00,full_signal,10,False,226.0,43.1039796434609,31.0,9.959628403272571,31.1,10.1412578709286
6,2020-03-04 08:25:00,full_signal,10,False,56.5,52.08879385105803,8.0,6.056305314048808,2.5,12.194446277449181
6,2020-03-04 13:20:00,full_signal,10,False,45.9,48.61604506276074,33.0,3.841773718285658,31.1,11.26050484029375
6,2020-03-04 20:25:00,full_signal,10,False,40.0,37.57149334417666,10.0,22.42749299526035,8.0,10.814884940635107
6,2020-03-05 00:05:00,full_signal,10,False,34.0,59.18133532753905,2.1,12.098962956850627,10.0,16.729626988470233
6,2020-03-05 11:00:00,full_signal,10,False,5.0,72.80528072480806,30.0,25.797582500544,3.0,26.05172687595832
6,2020-03-05 18:15:00,full_signal,10,False,5.0,36.15231481188808,30.0,23.343754142160343,3.0,11.880291807388446
6,2020-03-05 23:30:00,full_signal,10,False,228.0,72.25640714137373,56.0,22.600870517081564,31.6,20.969238962596627
6,2020-03-06 13:00:00,full_signal,10,False,56.5,71.99987193989662,8.0,26.46203706064907,2.5,24.55192528215318
6,2020-03-07 08:20:00,full_signal,10,False,43.4,42.75089716550851,13.2,17.30468378860531,12.4,11.954021387089242
6,2020-03-08 19:50:00,full_signal,10,False,111.0,68.40258621204441,12.3,11.549982386830528,28.5,16.6240429215159
6,2020-02-29 23:30:00,full_signal,11,False,188.0,68.00243745445067,52.0,11.611469424590542,21.6,16.48071048017791
6,2020-03-01 14:00:00,full_signal,11,False,70.0,52.61188240275482,26.0,6.42713262284371,26.0,12.423369968842453
6,2020-03-02 05:15:00,full_signal,11,False,56.5,39.76536274686079,8.0,17.227171419816973,2.5,11.539837817323424
6,2020-03-02 09:50:00,full_signal,11,False,5.0,71.83148666995578,30.0,26.17942676397963,3.0,24.608456940801872
6,2020-03-02 15:00:00,full_signal,11,False,9.2,70.10117141547043,1.1,20.034003397510762,3.6,18.37807740116344
6,2020-03-02 22:00:00,full_signal,11,False,226.0,64.27046806772317,31.0,12.825491142097121,31.1,17.946624329431952
6,2020-03-04 08:25:00,full_signal,11,False,56.5,39.73204278786738,8.0,20.457791046909474,2.5,12.291788583088252
6,2020-03-04 13:20:00,full_signal,11,False,45.9,39.64900002000516,33.0,23.467884048949166,31.1,11.666128930287606
6,2020-03-04 20:25:00,full_signal,11,False,40.0,38.62745692093626,10.0,16.044495081779093,8.0,10.882770357478115
6,2020-03-05 00:05:00,full_signal,11,False,34.0,43.998316957500485,2.1,2.203760293094002,10.0,9.89040207748936
6,2020-03-05 11:00:00,full_signal,11,False,5.0,71.7058806572229,30.0,17.579164250809484,3.0,25.83799617660081
6,2020-03-05 18:15:00,full_signal,11,False,5.0,43.96692350455097,30.0,9.21265472541761,3.0,9.902386271629712
6,2020-03-05 23:30:00,full_signal,11,False,228.0,76.49770751545435,56.0,18.78897134377201,31.6,25.563596381645482
6,2020-03-06 13:00:00,full_signal,11,False,56.5,60.151481969894135,8.0,11.593412439719877,2.5,16.71558809687731
6,2020-03-07 08:20:00,full_signal,11,False,43.4,72.91645185751796,13.2,26.81185491062168,12.4,26.117288997548894
6,2020-03-08 19:50:00,full_signal,11,False,111.0,72.61677015787838,12.3,18.557021876418613,28.5,21.567253862393382
6,2020-02-29 23:30:00,full_signal,12,False,188.0,71.21465494923528,52.0,26.424174041535046,21.6,24.829375371744856
6,2020-03-01 14:00:00,full_signal,12,False,70.0,52.61188240275482,26.0,6.42713262284371,26.0,12.423369968842453
6,2020-03-02 05:15:00,full_signal,12,False,56.5,67.26026695159344,8.0,11.100022236267955,2.5,16.043996629329314
6,2020-03-02 09:50:00,full_signal,12,False,5.0,59.70573182965785,30.0,11.705324559656173,3.0,16.51031773537907
6,2020-03-02 15:00:00,full_signal,12,False,9.2,76.13584592753881,1.1,25.661682045145906,3.6,26.029814932430902
6,2020-03-02 22:00:00,full_signal,12,False,226.0,41.3110325471646,31.0,19.821217918411616,31.1,11.92181835922923
6,2020-03-04 08:25:00,full_signal,12,False,56.5,72.10246765038887,8.0,18.531718982101193,2.5,21.65435735367526
6,2020-03-04 13:20:00,full_signal,12,False,45.9,37.675164186046835,33.0,22.446093590380993,31.1,10.882058028424591
6,2020-03-04 20:25:00,full_signal,12,False,40.0,38.62745692093626,10.0,16.044495081779093,8.0,10.882770357478115
6,2020-03-05 00:05:00,full_signal,12,False,34.0,74.1499142181299,2.1,20.07153947997149,10.0,25.67747974017101
6,2020-03-05 11:00:00,full_signal,12,False,5.0,43.3805874176315,30.0,8.205485949328827,3.0,9.803480361372092
6,2020-03-05 18:15:00,full_signal,12,False,5.0,67.1313959664779,30.0,15.64080560932409,3.0,16.546148926149698
6,2020-03-05 23:30:00,full_signal,12,False,228.0,64.55409958160554,56.0,13.91266308358354,31.6,18.494515037903547
6,2020-03-06 13:00:00,full_signal,12,False,56.5,48.86252514452753,8.0,3.7490680966786063,2.5,11.282588577741695
6,2020-03-07 08:20:00,full_signal,12,False,43.4,40.86070412529635,13.2,20.044370636207823,12.4,12.555097799178025
6,2020-03-08 19:50:00,full_signal,12,False,111.0,73.4657321805574,12.3,18.112031393926344,28.5,26.727774161650654
6,2020-02-29 23:30:00,full_signal,13,False,188.0,70.33515379295568,52.0,19.816297076485135,21.6,18.68842956291137
6,2020-03-01 14:00:00,full_signal,13,False,70.0,65.4011358403454,26.0,12.125228790025435,26.0,17.886584002617468
6,2020-03-02 05:15:00,full_signal,13,False,56.5,52.68445628766526,8.0,4.973780969832825,2.5,11.909379015686367
6,2020-03-02 09:50:00,full_signal,13,False,5.0,38.329488512138106,30.0,22.202524307642797,3.0,12.222707814053702
6,2020-03-02 15:00:00,full_signal,13,False,9.2,76.9063716180931,1.1,18.162486083436058,3.6,23.974172564884853
6,2020-03-02 22:00:00,full_signal,13,False,226.0,67.68433107217528,31.0,11.931702228774814,31.1,16.527917271890914
6,2020-03-04 08:25:00,full_signal,13,False,56.5,47.697219820247646,8.0,3.0608489915227546,2.5,10.717848472863947
6,2020-03-04 13:20:00,full_signal,13,False,45.9,77.48395415254014,33.0,23.548240623120236,31.1,26.154573038599104
6,2020-03-04 20:25:00,full_signal,13,False,40.0,72.95645377488343,10.0,18.691090644427796,8.0,21.94717319335668
6,2020-03-05 00:05:00,full_signal,13,False,34.0,48.624719566838486,2.1,10.311174586766931,10.0,11.294429712384458
6,2020-03-05 11:00:00,full_signal,13,False,5.0,71.7058806572229,30.0,17.579164250809484,3.0,25.83799617660081
6,2020-03-05 18:15:00,full_signal,13,False,5.0,38.59429126238808,30.0,21.86623290281722,3.0,11.343480328793257
6,2020-03-05 23:30:00,full_signal,13,False,228.0,71.97301847808014,56.0,27.10086844002105,31.6,25.38693192055502
6,2020-03-06 13:00:00,full_signal,13,False,56.5,38.565275952351776,8.0,16.348339257840983,2.5,10.915479232303404
6,2020-03-07 08:20:00,full_signal,13,False,43.4,42.75089716550851,13.2,17.30468378860531,12.4,11.954021387089242
6,2020-03-08 19:50:00,full_signal,13,False,111.0,59.97585125298804,12.3,11.16956351131051,28.5,16.223588618510824
6,2020-02-29 23:30:00,full_signal,14,False,188.0,68.00243745445067,52.0,11.611469424590542,21.6,16.48071048017791
6,2020-03-01 14:00:00,full_signal,14,False,70.0,39.451878797962394,26.0,23.501983086834013,26.0,11.558980126612918
6,2020-03-02 05:15:00,full_signal,14,False,56.5,37.16105433733257,8.0,17.997827463824024,2.5,11.4055387027536
6,2020-03-02 09:50:00,full_signal,14,False,5.0,70.24474714045246,30.0,20.067675362601836,3.0,18.50823273851351
6,2020-03-02 15:00:00,full_signal,14,False,9.2,38.775792536998594,1.1,16.04962296457768,3.6,10.932536691143474
6,2020-03-02 22:00:00,full_signal,14,False,226.0,75.82145843092356,31.0,17.941157096095566,31.1,23.886465689748306
6,2020-03-04 08:25:00,full_signal,14,False,56.5,71.7482195756443,8.0,25.552471974255795,2.5,24.077203148819365
6,2020-03-04 13:20:00,full_signal,14,False,45.9,43.59452090279383,33.0,9.770874107742701,31.1,9.87856779984007
6,2020-03-04 20:25:00,full_signal,14,False,40.0,72.95645377488343,10.0,18.691090644427796,8.0,21.94717319335668
6,2020-03-05 00:05:00,full_signal,14,False,34.0,57.01739211177156,2.1,15.033550675343111,10.0,15.578877816207058
6,2020-03-05 11:00:00,full_signal,14,False,5.0,47.85389891354137,30.0,2.882509666576473,3.0,10.599613421186945
6,2020-03-05 18:15:00,full_signal,14,False,5.0,52.93998734610443,30.0,6.017211456455828,3.0,12.448692316279852
6,2020-03-05 23:30:00,full_signal,14,False,228.0,75.19477164333102,56.0,19.76292208284259,31.6,28.61005662628199
6,2020-03-06 13:00:00,full_signal,14,False,56.5,65.14859081423721,8.0,12.13478132096088,2.5,17.779119532914017
6,2020-03-07 08:20:00,full_signal,14,False,43.4,39.26826101498924,13.2,15.36230928349492,12.4,10.986172193308537
6,2020-03-08 19:50:00,full_signal,14,False,111.0,75.36698630041872,12.3,25.832055620570006,28.5,26.011365437984917
6,2020-02-29 23:30:00,full_signal,15,False,188.0,40.820322352830054,52.0,25.17399334791936,21.6,12.039879880184483
6,2020-03-01 14:00:00,full_signal,15,False,70.0,37.97310901727787,26.0,22.282368313379145,26.0,10.936127079483446
6,2020-03-02 05:15:00,full_signal,15,False,56.5,75.38993481807223,8.0,17.53284277115841,2.5,23.998146318086963
6,2020-03-02 09:50:00,full_signal,15,False,5.0,59.70573182965785,30.0,11.705324559656173,3.0,16.51031773537907
6,2020-03-02 15:00:00,full_signal,15,False,9.2,64.34672262710217,1.1,12.280085547168252,3.6,17.787769322974384
6,2020-03-02 22:00:00,full_signal,15,False,226.0,75.10021490426816,31.0,26.405704810744634,31.1,25.881930510620865
6,2020-03-04 08:25:00,full_signal,15,False,56.5,72.10246765038887,8.0,18.531718982101193,2.5,21.65435735367526
6,2020-03-04 13:20:00,full_signal,15,False,45.9,52.54138810600213,33.0,6.664692296159397,31.1,12.453988775142516
6,2020-03-04 20:25:00,full_signal,15,False,40.0,69.35253116354073,10.0,11.56323668111997,8.0,17.10103022232635
6,2020-03-05 00:05:00,full_signal,15,False,34.0,48.624719566838486,2.1,10.311174586766931,10.0,11.294429712384458
6,2020-03-05 11:00:00,full_signal,15,False,5.0,38.66629882716457,30.0,18.645085956198475,3.0,11.898159337417443
6,2020-03-05 18:15:00,full_signal,15,False,5.0,48.724635221699614,30.0,3.262545106403216,3.0,11.12196144900924
6,2020-03-05 23:30:00,full_signal,15,False,228.0,71.97301847808014,56.0,27.10086844002105,31.6,25.38693192055502
6,2020-03-06 13:00:00,full_signal,15,False,56.5,75.16342574451603,8.0,19.566290719805856,2.5,27.989097160129287
6,2020-03-07 08:20:00,full_signal,15,False,43.4,39.272468488923266,13.2,11.750765444940823,12.4,11.074155851711595
6,2020-03-08 19:50:00,full_signal,15,False,111.0,69.89997008413494,12.3,20.04588431374629,28.5,18.37771468671302
6,2020-02-29 23:30:00,full_signal,16,False,188.0,37.81568881021378,52.0,24.07787954746402,21.6,11.115392767157012
6,2020-03-01 14:00:00,full_signal,16,False,70.0,65.4011358403454,26.0,12.125228790025435,26.0,17.886584002617468
6,2020-03-02 05:15:00,full_signal,16,False,56.5,40.27104547275132,8.0,16.986029857778956,2.5,11.412180640673077
6,2020-03-02 09:50:00,full_signal,16,False,5.0,75.8000698637656,30.0,18.19589707612069,3.0,23.887966479150663
6,2020-03-02 15:00:00,full_signal,16,False,9.2,68.83753278971979,1.1,11.487430799063668,3.6,16.804197453594465
6,2020-03-02 22:00:00,full_signal,16,False,226.0,59.369713114768075,31.0,12.16711748982745,31.1,16.669115664914038
6,2020-03-04 08:25:00,full_signal,16,False,56.5,72.10246765038887,8.0,18.531718982101193,2.5,21.65435735367526
6,2020-03-04 13:20:00,full_signal,16,False,45.9,77.48395415254014,33.0,23.548240623120236,31.1,26.154573038599104
6,2020-03-04 20:25:00,full_signal,16,False,40.0,75.00132060049735,10.0,19.18785161164924,8.0,27.918615077388445
6,2020-03-05 00:05:00,full_signal,16,False,34.0,52.46334400720455,2.1,6.7652750640163095,10.0,13.290734075764732
6,2020-03-05 11:00:00,full_signal,16,False,5.0,40.10717919410071,30.0,12.163699726880697,3.0,11.390612220860241
6,2020-03-05 18:15:00,full_signal,16,False,5.0,48.724635221699614,30.0,3.262545106403216,3.0,11.12196144900924
6,2020-03-05 23:30:00,full_signal,16,False,228.0,44.24224543677921,56.0,11.468542133561415,31.6,10.773295913238517
6,2020-03-06 13:00:00,full_signal,16,False,56.5,71.99987193989662,8.0,26.46203706064907,2.5,24.55192528215318
6,2020-03-07 08:20:00,full_signal,16,False,43.4,40.86070412529635,13.2,20.044370636207823,12.4,12.555097799178025
6,2020-03-08 19:50:00,full_signal,16,False,111.0,69.89997008413494,12.3,20.04588431374629,28.5,18.37771468671302
6,2020-02-29 23:30:00,full_signal,17,False,188.0,38.74321637348383,52.0,25.21316788820242,21.6,12.712948580928645
6,2020-03-01 14:00:00,full_signal,17,False,70.0,65.4011358403454,26.0,12.125228790025435,26.0,17.886584002617468
6,2020-03-02 05:15:00,full_signal,17,False,56.5,74.07451548012246,8.0,25.03264214818365,2.5,25.580816521676454
6,2020-03-02 09:50:00,full_signal,17,False,5.0,71.83148666995578,30.0,26.17942676397963,3.0,24.608456940801872
6,2020-03-02 15:00:00,full_signal,17,False,9.2,43.418418349606206,1.1,9.620467004170044,3.6,9.821300558854707
6,2020-03-02 22:00:00,full_signal,17,False,226.0,72.6221875946292,31.0,18.957145670158106,31.1,22.071846019641754
6,2020-03-04 08:25:00,full_signal,17,False,56.5,52.08879385105803,8.0,6.056305314048808,2.5,12.194446277449181
6,2020-03-04 13:20:00,full_signal,17,False,45.9,76.96470327932555,33.0,13.131731596870235,31.1,22.839732162495878
6,2020-03-04 20:25:00,full_signal,17,False,40.0,69.15653177686903,10.0,18.75298689944022,8.0,17.7629348146292
6,2020-03-05 00:05:00,full_signal,17,False,34.0,49.408347543353464,2.1,16.961207161478963,10.0,13.551876871453853
6,2020-03-05 11:00:00,full_signal,17,False,5.0,47.85389891354137,30.0,2.882509666576473,3.0,10.599613421186945
6,2020-03-05 18:15:00,full_signal,17,False,5.0,39.340680299129716,30.0,15.601994856891034,3.0,11.266743761850666
6,2020-03-05 23:30:00,full_signal,17,False,228.0,75.19477164333102,56.0,19.76292208284259,31.6,28.61005662628199
6,2020-03-06 13:00:00,full_signal,17,False,56.5,60.151481969894135,8.0,11.593412439719877,2.5,16.71558809687731
6,2020-03-07 08:20:00,full_signal,17,False,43.4,39.26826101498924,13.2,15.36230928349492,12.4,10.986172193308537
6,2020-03-08 19:50:00,full_signal,17,False,111.0,68.40258621204441,12.3,11.549982386830528,28.5,16.6240429215159
6,2020-02-29 23:30:00,full_signal,18,False,188.0,48.69289417338745,52.0,4.213715239115456,21.6,11.41042662143296
6,2020-03-01 14:00:00,full_signal,18,False,70.0,37.15514111397493,26.0,24.31133346336834,26.0,12.237094101156485
6,2020-03-02 05:15:00,full_signal,18,False,56.5,44.014098619663514,8.0,8.49579389783835,2.5,10.045565967202538
6,2020-03-02 09:50:00,full_signal,18,False,5.0,59.70573182965785,30.0,11.705324559656173,3.0,16.51031773537907
6,2020-03-02 15:00:00,full_signal,18,False,9.2,52.35761727197285,1.1,6.4568625966766735,3.6,12.397851526729529
6,2020-03-02 22:00:00,full_signal,18,False,226.0,67.68433107217528,31.0,11.931702228774814,31.1,16.527917271890914
6,2020-03-04 08:25:00,full_signal,18,False,56.5,72.39301333778434,8.0,17.750413122888972,2.5,26.565700723529055
6,2020-03-04 13:20:00,full_signal,18,False,45.9,77.48395415254014,33.0,23.548240623120236,31.1,26.154573038599104
6,2020-03-04 20:25:00,full_signal,18,False,40.0,37.57149334417666,10.0,22.42749299526035,8.0,10.814884940635107
6,2020-03-05 00:05:00,full_signal,18,False,34.0,74.1499142181299,2.1,20.07153947997149,10.0,25.67747974017101
6,2020-03-05 11:00:00,full_signal,18,False,5.0,40.10717919410071,30.0,12.163699726880697,3.0,11.390612220860241
6,2020-03-05 18:15:00,full_signal,18,False,5.0,72.8238512018501,30.0,18.33090702032735,3.0,21.054476275126184
6,2020-03-05 23:30:00,full_signal,18,False,228.0,41.719586291050106,56.0,20.700732272359172,31.6,12.512422527373452
6,2020-03-06 13:00:00,full_signal,18,False,56.5,65.14859081423721,8.0,12.13478132096088,2.5,17.779119532914017
6,2020-03-07 08:20:00,full_signal,18,False,43.4,70.25253136693956,13.2,21.081100251664445,12.4,19.05058258064357
6,2020-03-08 19:50:00,full_signal,18,False,111.0,71.91578516362398,12.3,25.645953221894192,28.5,24.149141303595986
6,2020-02-29 23:30:00,full_signal,19,False,188.0,52.40937055158803,52.0,6.905460274845424,21.6,12.525435539077412
6,2020-03-01 14:00:00,full_signal,19,False,70.0,77.0495248644553,26.0,24.439618849444916,26.0,26.687866980731727
6,2020-03-02 05:15:00,full_signal,19,False,56.5,47.93970096966161,8.0,3.025721654148378,2.5,10.48138267191744
6,2020-03-02 09:50:00,full_signal,19,False,5.0,71.83148666995578,30.0,26.17942676397963,3.0,24.608456940801872
6,2020-03-02 15:00:00,full_signal,19,False,9.2,68.83753278971979,1.1,11.487430799063668,3.6,16.804197453594465
6,2020-03-02 22:00:00,full_signal,19,False,226.0,59.369713114768075,31.0,12.16711748982745,31.1,16.669115664914038
6,2020-03-04 08:25:00,full_signal,19,False,56.5,75.55642588401818,8.0,19.079985753400443,2.5,24.98956708979894
6,2020-03-04 13:20:00,full_signal,19,False,45.9,38.577031399922795,33.0,16.227680001934633,31.1,10.921836431958436
6,2020-03-04 20:25:00,full_signal,19,False,40.0,39.60714093860208,10.0,23.371823674452383,8.0,11.61743819338385
6,2020-03-05 00:05:00,full_signal,19,False,34.0,44.28174835286138,2.1,16.249566101085897,10.0,12.531081582079942
6,2020-03-05 11:00:00,full_signal,19,False,5.0,38.66629882716457,30.0,18.645085956198475,3.0,11.898159337417443
6,2020-03-05 18:15:00,full_signal,19,False,5.0,43.96692350455097,30.0,9.21265472541761,3.0,9.902386271629712
6,2020-03-05 23:30:00,full_signal,19,False,228.0,73.40698024352992,56.0,20.783830605725317,31.6,23.61364522086827
6,2020-03-06 13:00:00,full_signal,19,False,56.5,75.16342574451603,8.0,19.566290719805856,2.5,27.989097160129287
6,2020-03-07 08:20:00,full_signal,19,False,43.4,70.25253136693956,13.2,21.081100251664445,12.4,19.05058258064357
6,2020-03-08 19:50:00,full_signal,19,False,111.0,64.14492900818092,12.3,12.353357117681277,28.5,17.705678713443433
6,2020-02-29 23:30:00,full_signal,20,False,188.0,75.92215778090217,52.0,19.347843113121666,21.6,28.62415970378026
6,2020-03-01 14:00:00,full_signal,20,False,70.0,38.592601526945124,26.0,15.852985604864767,26.0,10.913512310152495
6,2020-03-02 05:15:00,full_signal,20,False,56.5,39.76536274686079,8.0,17.227171419816973,2.5,11.539837817323424
6,2020-03-02 09:50:00,full_signal,20,False,5.0,75.41315371604037,30.0,26.42233814393718,3.0,25.903271603314565
6,2020-03-02 15:00:00,full_signal,20,False,9.2,68.83753278971979,1.1,11.487430799063668,3.6,16.804197453594465
6,2020-03-02 22:00:00,full_signal,20,False,226.0,48.16975898735412,31.0,3.9341659214815885,31.1,11.116855844007091
6,2020-03-04 08:25:00,full_signal,20,False,56.5,71.7482195756443,8.0,25.552471974255795,2.5,24.077203148819365
6,2020-03-04 13:20:00,full_signal,20,False,45.9,37.36199141037717,33.0,24.591332697525818,31.1,12.4415015564762
6,2020-03-04 20:25:00,full_signal,20,False,40.0,52.49722203875746,10.0,6.516203089937471,8.0,12.42451692530423
6,2020-03-05 00:05:00,full_signal,20,False,34.0,70.910964089488,2.1,22.496700268443178,10.0,20.84525625362269
6,2020-03-05 11:00:00,full_signal,20,False,5.0,62.73916155725477,30.0,11.73363478060221,3.0,16.90919376505475
6,2020-03-05 18:15:00,full_signal,20,False,5.0,39.382183249853014,30.0,22.88667645323202,3.0,11.545548241370149
6,2020-03-05 23:30:00,full_signal,20,False,228.0,44.24224543677921,56.0,11.468542133561415,31.6,10.773295913238517
6,2020-03-06 13:00:00,full_signal,20,False,56.5,60.151481969894135,8.0,11.593412439719877,2.5,16.71558809687731
6,2020-03-07 08:20:00,full_signal,20,False,43.4,74.62656873808321,13.2,18.608270115564597,12.4,24.689329462765897
6,2020-03-08 19:50:00,full_signal,20,False,111.0,72.61677015787838,12.3,18.557021876418613,28.5,21.567253862393382
6,2020-02-29 23:30:00,full_signal,21,False,188.0,52.40937055158803,52.0,6.905460274845424,21.6,12.525435539077412
6,2020-03-01 14:00:00,full_signal,21,False,70.0,43.47933369313091,26.0,9.549833638665879,26.0,9.88124661819657
6,2020-03-02 05:15:00,full_signal,21,False,56.5,63.27391867695475,8.0,11.799241867497898,2.5,16.811930191349397
6,2020-03-02 09:50:00,full_signal,21,False,5.0,59.70573182965785,30.0,11.705324559656173,3.0,16.51031773537907
6,2020-03-02 15:00:00,full_signal,21,False,9.2,74.92081553432195,1.1,19.012686883709314,3.6,27.663469295440663
6,2020-03-02 22:00:00,full_signal,21,False,226.0,38.89736188872274,31.0,14.76675783979934,31.1,11.059950935719979
6,2020-03-04 08:25:00,full_signal,21,False,56.5,75.55642588401818,8.0,19.079985753400443,2.5,24.98956708979894
6,2020-03-04 13:20:00,full_signal,21,False,45.9,77.48395415254014,33.0,23.548240623120236,31.1,26.154573038599104
6,2020-03-04 20:25:00,full_signal,21,False,40.0,39.60714093860208,10.0,23.371823674452383,8.0,11.61743819338385
6,2020-03-05 00:05:00,full_signal,21,False,34.0,66.72247811142348,2.1,22.77919210765188,10.0,22.65105474304427
6,2020-03-05 11:00:00,full_signal,21,False,5.0,38.66629882716457,30.0,18.645085956198475,3.0,11.898159337417443
6,2020-03-05 18:15:00,full_signal,21,False,5.0,67.1313959664779,30.0,15.64080560932409,3.0,16.546148926149698
6,2020-03-05 23:30:00,full_signal,21,False,228.0,47.83730081571577,56.0,4.2233632719360905,31.6,11.427448476057917
6,2020-03-06 13:00:00,full_signal,21,False,56.5,73.15119167693695,8.0,18.743777555750924,2.5,21.990026343579977
6,2020-03-07 08:20:00,full_signal,21,False,43.4,67.04512102818218,13.2,11.828527164019786,12.4,16.627531246559936
6,2020-03-08 19:50:00,full_signal,21,False,111.0,38.947302890889176,12.3,18.181209580958225,28.5,11.160658780890333
6,2020-02-29 23:30:00,full_signal,22,False,188.0,64.59297126630969,52.0,12.827336426545543,21.6,18.1092364564629
6,2020-03-01 14:00:00,full_signal,22,False,70.0,43.47933369313091,26.0,9.549833638665879,26.0,9.88124661819657
6,2020-03-02 05:15:00,full_signal,22,False,56.5,69.57922160915136,8.0,20.251846850168864,2.5,18.47697259264862
6,2020-03-02 09:50:00,full_signal,22,False,5.0,37.99171527409689,30.0,18.842513778735114,3.0,10.917304214397552
6,2020-03-02 15:00:00,full_signal,22,False,9.2,72.82970201008217,1.1,18.84887099799747,3.6,22.015138282631977
6,2020-03-02 22:00:00,full_signal,22,False,226.0,73.50011228107599,31.0,18.255317572823923,31.1,26.90266558323221
6,2020-03-04 08:25:00,full_signal,22,False,56.5,75.55642588401818,8.0,19.079985753400443,2.5,24.98956708979894
6,2020-03-04 13:20:00,full_signal,22,False,45.9,52.54138810600213,33.0,6.664692296159397,31.1,12.453988775142516
6,2020-03-04 20:25:00,full_signal,22,False,40.0,39.60714093860208,10.0,23.371823674452383,8.0,11.61743819338385
6,2020-03-05 00:05:00,full_signal,22,False,34.0,44.53639497351557,2.1,14.847583672034917,10.0,12.57261721357796
6,2020-03-05 11:00:00,full_signal,22,False,5.0,72.80528072480806,30.0,25.797582500544,3.0,26.05172687595832
6,2020-03-05 18:15:00,full_signal,22,False,5.0,36.15231481188808,30.0,23.343754142160343,3.0,11.880291807388446
6,2020-03-05 23:30:00,full_signal,22,False,228.0,61.08090132116616,56.0,14.033824618271705,31.6,17.74142001486478
6,2020-03-06 13:00:00,full_signal,22,False,56.5,69.54303857361997,8.0,11.492792609597476,2.5,17.112172230351593
6,2020-03-07 08:20:00,full_signal,22,False,43.4,71.59037292619685,13.2,25.04870907140695,12.4,24.00014670610868
6,2020-03-08 19:50:00,full_signal,22,False,111.0,48.02226657968477,12.3,3.2059153936997804,28.5,10.841212247924787
6,2020-02-29 23:30:00,full_signal,23,False,188.0,39.19011125827206,52.0,18.657165520564295,21.6,11.259252811679236
6,2020-03-01 14:00:00,full_signal,23,False,70.0,73.04776227644034,26.0,18.93177717377615,26.0,21.90112143021388
6,2020-03-02 05:15:00,full_signal,23,False,56.5,63.27391867695475,8.0,11.799241867497898,2.5,16.811930191349397
6,2020-03-02 09:50:00,full_signal,23,False,5.0,37.99171527409689,30.0,18.842513778735114,3.0,10.917304214397552
6,2020-03-02 15:00:00,full_signal,23,False,9.2,71.96378217034446,1.1,26.0513998247487,3.6,24.566106148641904
6,2020-03-02 22:00:00,full_signal,23,False,226.0,59.369713114768075,31.0,12.16711748982745,31.1,16.669115664914038
6,2020-03-04 08:25:00,full_signal,23,False,56.5,73.32594147293226,8.0,26.500785183387944,2.5,26.22360939452637
6,2020-03-04 13:20:00,full_signal,23,False,45.9,43.59452090279383,33.0,9.770874107742701,31.1,9.87856779984007
6,2020-03-04 20:25:00,full_signal,23,False,40.0,69.15653177686903,10.0,18.75298689944022,8.0,17.7629348146292
6,2020-03-05 00:05:00,full_signal,23,False,34.0,72.55512890599593,2.1,20.296435726138224,10.0,27.244089028337367
6,2020-03-05 11:00:00,full_signal,23,False,5.0,66.7019385234643,30.0,10.853672644074669,3.0,15.691566243437679
6,2020-03-05 18:15:00,full_signal,23,False,5.0,48.724635221699614,30.0,3.262545106403216,3.0,11.12196144900924
6,2020-03-05 23:30:00,full_signal,23,False,228.0,40.40312043456041,56.0,23.250591088347075,31.6,13.261535410175757
6,2020-03-06 13:00:00,full_signal,23,False,56.5,76.85513061379822,8.0,16.275517631728476,2.5,23.703516399322726
6,2020-03-07 08:20:00,full_signal,23,False,43.4,42.75089716550851,13.2,17.30468378860531,12.4,11.954021387089242
6,2020-03-08 19:50:00,full_signal,23,False,111.0,52.37610838312319,12.3,6.164409633456998,28.5,12.246190177396901
6,2020-02-29 23:30:00,full_signal,24,False,188.0,39.19011125827206,52.0,18.657165520564295,21.6,11.259252811679236
6,2020-03-01 14:00:00,full_signal,24,False,70.0,77.0495248644553,26.0,24.439618849444916,26.0,26.687866980731727
6,2020-03-02 05:15:00,full_signal,24,False,56.5,71.15060066501279,8.0,17.277266358061116,2.5,20.13522115965435
6,2020-03-02 09:50:00,full_signal,24,False,5.0,68.05262623934524,30.0,11.92708198097555,3.0,16.62547331489919
6,2020-03-02 15:00:00,full_signal,24,False,9.2,38.242482262048135,1.1,23.595319615292873,3.6,12.419842651343599
6,2020-03-02 22:00:00,full_signal,24,False,226.0,75.82145843092356,31.0,17.941157096095566,31.1,23.886465689748306
6,2020-03-04 08:25:00,full_signal,24,False,56.5,59.94000988050791,8.0,10.911844533161254,2.5,15.979542357379758
6,2020-03-04 13:20:00,full_signal,24,False,45.9,71.48358544348321,33.0,26.734040529779577,31.1,24.45091250971411
6,2020-03-04 20:25:00,full_signal,24,False,40.0,75.00132060049735,10.0,19.18785161164924,8.0,27.918615077388445
6,2020-03-05 00:05:00,full_signal,24,False,34.0,52.46334400720455,2.1,6.7652750640163095,10.0,13.290734075764732
6,2020-03-05 11:00:00,full_signal,24,False,5.0,69.12020866468445,30.0,20.967680317034503,3.0,18.71393358433994
6,2020-03-05 18:15:00,full_signal,24,False,5.0,39.382183249853014,30.0,22.88667645323202,3.0,11.545548241370149
6,2020-03-05 23:30:00,full_signal,24,False,228.0,47.83730081571577,56.0,4.2233632719360905,31.6,11.427448476057917
6,2020-03-06 13:00:00,full_signal,24,False,56.5,65.14859081423721,8.0,12.13478132096088,2.5,17.779119532914017
6,2020-03-07 08:20:00,full_signal,24,False,43.4,39.26826101498924,13.2,15.36230928349492,12.4,10.986172193308537
6,2020-03-08 19:50:00,full_signal,24,False,111.0,43.05409481664642,12.3,8.779524350059178,28.5,9.76971543377903
6,2020-02-29 23:30:00,full_signal,25,False,188.0,52.40937055158803,52.0,6.905460274845424,21.6,12.525435539077412
6,2020-03-01 14:00:00,full_signal,25,False,70.0,75.36929067876201,26.0,19.39539007380241,26.0,28.059517500819798
6,2020-03-02 05:15:00,full_signal,25,False,56.5,63.27391867695475,8.0,11.799241867497898,2.5,16.811930191349397
6,2020-03-02 09:50:00,full_signal,25,False,5.0,48.26722266665626,30.0,3.6065434843143356,3.0,11.05955257183271
6,2020-03-02 15:00:00,full_signal,25,False,9.2,68.83753278971979,1.1,11.487430799063668,3.6,16.804197453594465
6,2020-03-02 22:00:00,full_signal,25,False,226.0,38.98098356547886,31.0,22.441115011643454,31.1,12.353277622219544
6,2020-03-04 08:25:00,full_signal,25,False,56.5,71.7482195756443,8.0,25.552471974255795,2.5,24.077203148819365
6,2020-03-04 13:20:00,full_signal,25,False,45.9,72.92807514979458,33.0,18.564973568675736,31.1,21.717436240376305
6,2020-03-04 20:25:00,full_signal,25,False,40.0,69.15653177686903,10.0,18.75298689944022,8.0,17.7629348146292
6,2020-03-05 00:05:00,full_signal,25,False,34.0,44.53639497351557,2.1,14.847583672034917,10.0,12.57261721357796
6,2020-03-05 11:00:00,full_signal,25,False,5.0,41.1194810732824,30.0,17.09941707712422,3.0,11.467932483607031
6,2020-03-05 18:15:00,full_signal,25,False,5.0,43.96692350455097,30.0,9.21265472541761,3.0,9.902386271629712
6,2020-03-05 23:30:00,full_signal,25,False,228.0,75.10065332003059,56.0,26.217893070403832,31.6,26.91172321980477
6,2020-03-06 13:00:00,full_signal,25,False,56.5,37.557765667555174,8.0,22.7000485211617,2.5,10.84333378652597
6,2020-03-07 08:20:00,full_signal,25,False,43.4,74.62656873808321,13.2,18.608270115564597,12.4,24.689329462765897
6,2020-03-08 19:50:00,full_signal,25,False,111.0,59.97585125298804,12.3,11.16956351131051,28.5,16.223588618510824
6,2020-02-29 23:30:00,full_signal,26,False,188.0,39.19011125827206,52.0,18.657165520564295,21.6,11.259252811679236
6,2020-03-01 14:00:00,full_signal,26,False,70.0,39.451878797962394,26.0,23.501983086834013,26.0,11.558980126612918
6,2020-03-02 05:15:00,full_signal,26,False,56.5,72.39984687249783,8.0,17.369526199826186,2.5,25.498094044762713
6,2020-03-02 09:50:00,full_signal,26,False,5.0,52.202640634573605,30.0,6.457496308069285,3.0,12.27709693555779
6,2020-03-02 15:00:00,full_signal,26,False,9.2,76.9063716180931,1.1,18.162486083436058,3.6,23.974172564884853
6,2020-03-02 22:00:00,full_signal,26,False,226.0,71.41821599124854,31.0,26.17318150337599,31.1,24.591597760427504
6,2020-03-04 08:25:00,full_signal,26,False,56.5,63.53183383124222,8.0,12.070608812053703,2.5,17.651741494490484
6,2020-03-04 13:20:00,full_signal,26,False,45.9,77.48395415254014,33.0,23.548240623120236,31.1,26.154573038599104
6,2020-03-04 20:25:00,full_signal,26,False,40.0,37.57149334417666,10.0,22.42749299526035,8.0,10.814884940635107
6,2020-03-05 00:05:00,full_signal,26,False,34.0,70.910964089488,2.1,22.496700268443178,10.0,20.84525625362269
6,2020-03-05 11:00:00,full_signal,26,False,5.0,47.85389891354137,30.0,2.882509666576473,3.0,10.599613421186945
6,2020-03-05 18:15:00,full_signal,26,False,5.0,69.62822978740402,30.0,10.66279449813097,3.0,16.637268823790837
6,2020-03-05 23:30:00,full_signal,26,False,228.0,73.40698024352992,56.0,20.783830605725317,31.6,23.61364522086827
6,2020-03-06 13:00:00,full_signal,26,False,56.5,37.27893668847079,8.0,24.364530206379115,2.5,12.41578130057153
6,2020-03-07 08:20:00,full_signal,26,False,43.4,59.37798689165807,13.2,10.896516419414144,12.4,15.775735065358525
6,2020-03-08 19:50:00,full_signal,26,False,111.0,43.05409481664642,12.3,8.779524350059178,28.5,9.76971543377903
6,2020-02-29 23:30:00,full_signal,27,False,188.0,52.40937055158803,52.0,6.905460274845424,21.6,12.525435539077412
6,2020-03-01 14:00:00,full_signal,27,False,70.0,75.36929067876201,26.0,19.39539007380241,26.0,28.059517500819798
6,2020-03-02 05:15:00,full_signal,27,False,56.5,63.27391867695475,8.0,11.799241867497898,2.5,16.811930191349397
6,2020-03-02 09:50:00,full_signal,27,False,5.0,70.24474714045246,30.0,20.067675362601836,3.0,18.50823273851351
6,2020-03-02 15:00:00,full_signal,27,False,9.2,48.63447646920634,1.1,3.695466847468787,3.6,11.194612425963301
6,2020-03-02 22:00:00,full_signal,27,False,226.0,59.369713114768075,31.0,12.16711748982745,31.1,16.669115664914038
6,2020-03-04 08:25:00,full_signal,27,False,56.5,75.55642588401818,8.0,19.079985753400443,2.5,24.98956708979894
6,2020-03-04 13:20:00,full_signal,27,False,45.9,38.577031399922795,33.0,16.227680001934633,31.1,10.921836431958436
6,2020-03-04 20:25:00,full_signal,27,False,40.0,72.95645377488343,10.0,18.691090644427796,8.0,21.94717319335668
6,2020-03-05 00:05:00,full_signal,27,False,34.0,44.28174835286138,2.1,16.249566101085897,10.0,12.531081582079942
6,2020-03-05 11:00:00,full_signal,27,False,5.0,72.80528072480806,30.0,25.797582500544,3.0,26.05172687595832
6,2020-03-05 18:15:00,full_signal,27,False,5.0,69.62822978740402,30.0,10.66279449813097,3.0,16.637268823790837
6,2020-03-05 23:30:00,full_signal,27,False,228.0,40.40312043456041,56.0,23.250591088347075,31.6,13.261535410175757
6,2020-03-06 13:00:00,full_signal,27,False,56.5,43.579954650650606,8.0,9.721134054366058,2.5,9.894526105534961
6,2020-03-07 08:20:00,full_signal,27,False,43.4,71.59037292619685,13.2,25.04870907140695,12.4,24.00014670610868
6,2020-03-08 19:50:00,full_signal,27,False,111.0,40.65365012868725,12.3,19.65392961069439,28.5,11.758236782539411
6,2020-02-29 23:30:00,full_signal,28,False,188.0,73.06328689863892,52.0,19.60295139871194,21.6,22.82948015529916
6,2020-03-01 14:00:00,full_signal,28,False,70.0,52.61188240275482,26.0,6.42713262284371,26.0,12.423369968842453
6,2020-03-02 05:15:00,full_signal,28,False,56.5,63.27391867695475,8.0,11.799241867497898,2.5,16.811930191349397
6,2020-03-02 09:50:00,full_signal,28,False,5.0,70.24474714045246,30.0,20.067675362601836,3.0,18.50823273851351
6,2020-03-02 15:00:00,full_signal,28,False,9.2,38.775792536998594,1.1,16.04962296457768,3.6,10.932536691143474
6,2020-03-02 22:00:00,full_signal,28,False,226.0,71.41821599124854,31.0,26.17318150337599,31.1,24.591597760427504
6,2020-03-04 08:25:00,full_signal,28,False,56.5,73.32594147293226,8.0,26.500785183387944,2.5,26.22360939452637
6,2020-03-04 13:20:00,full_signal,28,False,45.9,69.68990796312863,33.0,10.828755133476763,31.1,16.94237563549565
6,2020-03-04 20:25:00,full_signal,28,False,40.0,77.03364320626586,10.0,16.814480051314064,8.0,23.80307578982419
6,2020-03-05 00:05:00,full_signal,28,False,34.0,44.28174835286138,2.1,16.249566101085897,10.0,12.531081582079942
6,2020-03-05 11:00:00,full_signal,28,False,5.0,47.85389891354137,30.0,2.882509666576473,3.0,10.599613421186945
6,2020-03-05 18:15:00,full_signal,28,False,5.0,74.72050778665918,30.0,18.988074590529507,3.0,27.44665198237786
6,2020-03-05 23:30:00,full_signal,28,False,228.0,61.08090132116616,56.0,14.033824618271705,31.6,17.74142001486478
6,2020-03-06 13:00:00,full_signal,28,False,56.5,43.579954650650606,8.0,9.721134054366058,2.5,9.894526105534961
6,2020-03-07 08:20:00,full_signal,28,False,43.4,40.86070412529635,13.2,20.044370636207823,12.4,12.555097799178025
6,2020-03-08 19:50:00,full_signal,28,False,111.0,40.65365012868725,12.3,19.65392961069439,28.5,11.758236782539411
6,2020-02-29 23:30:00,full_signal,29,False,188.0,60.04520379874731,52.0,12.42502278071679,21.6,17.14825761720921
6,2020-03-01 14:00:00,full_signal,29,False,70.0,39.451878797962394,26.0,23.501983086834013,26.0,11.558980126612918
6,2020-03-02 05:15:00,full_signal,29,False,56.5,67.26026695159344,8.0,11.100022236267955,2.5,16.043996629329314
6,2020-03-02 09:50:00,full_signal,29,False,5.0,75.41315371604037,30.0,26.42233814393718,3.0,25.903271603314565
6,2020-03-02 15:00:00,full_signal,29,False,9.2,76.9063716180931,1.1,18.162486083436058,3.6,23.974172564884853
6,2020-03-02 22:00:00,full_signal,29,False,226.0,51.99446596524091,31.0,6.296128895944903,31.1,12.20679372114296
6,2020-03-04 08:25:00,full_signal,29,False,56.5,72.39301333778434,8.0,17.750413122888972,2.5,26.565700723529055
6,2020-03-04 13:20:00,full_signal,29,False,45.9,71.48358544348321,33.0,26.734040529779577,31.1,24.45091250971411
6,2020-03-04 20:25:00,full_signal,29,False,40.0,64.857995466709,10.0,11.970209551879964,8.0,17.860033490990187
6,2020-03-05 00:05:00,full_signal,29,False,34.0,67.88270780141147,2.1,18.497252749800698,10.0,21.802824005484432
6,2020-03-05 11:00:00,full_signal,29,False,5.0,47.85389891354137,30.0,2.882509666576473,3.0,10.599613421186945
6,2020-03-05 18:15:00,full_signal,29,False,5.0,67.1313959664779,30.0,15.64080560932409,3.0,16.546148926149698
6,2020-03-05 23:30:00,full_signal,29,False,228.0,39.36287557875108,56.0,16.972527055425537,31.6,11.779265643487642
6,2020-03-06 13:00:00,full_signal,29,False,56.5,37.557765667555174,8.0,22.7000485211617,2.5,10.84333378652597
6,2020-03-07 08:20:00,full_signal,29,False,43.4,40.86070412529635,13.2,20.044370636207823,12.4,12.555097799178025
6,2020-03-08 19:50:00,full_signal,29,False,111.0,43.05409481664642,12.3,8.779524350059178,28.5,9.76971543377903
6,2020-02-29 23:30:00,full_signal,30,False,188.0,73.06328689863892,52.0,19.60295139871194,21.6,22.82948015529916
6,2020-03-01 14:00:00,full_signal,30,False,70.0,70.06491271765381,26.0,11.073858915544928,26.0,17.21227160968137
6,2020-03-02 05:15:00,full_signal,30,False,56.5,37.16105433733257,8.0,17.997827463824024,2.5,11.4055387027536
6,2020-03-02 09:50:00,full_signal,30,False,5.0,52.202640634573605,30.0,6.457496308069285,3.0,12.27709693555779
6,2020-03-02 15:00:00,full_signal,30,False,9.2,70.10117141547043,1.1,20.034003397510762,3.6,18.37807740116344
6,2020-03-02 22:00:00,full_signal,30,False,226.0,71.41821599124854,31.0,26.17318150337599,31.1,24.591597760427504
6,2020-03-04 08:25:00,full_signal,30,False,56.5,39.170132103769326,8.0,16.233874131118217,2.5,11.046457577308576
6,2020-03-04 13:20:00,full_signal,30,False,45.9,77.48395415254014,33.0,23.548240623120236,31.1,26.154573038599104
6,2020-03-04 20:25:00,full_signal,30,False,40.0,48.834731639352796,10.0,3.6792758333111513,8.0,11.233455410840172
6,2020-03-05 00:05:00,full_signal,30,False,34.0,57.01739211177156,2.1,15.033550675343111,10.0,15.578877816207058
6,2020-03-05 11:00:00,full_signal,30,False,5.0,40.10717919410071,30.0,12.163699726880697,3.0,11.390612220860241
6,2020-03-05 18:15:00,full_signal,30,False,5.0,39.382183249853014,30.0,22.88667645323202,3.0,11.545548241370149
6,2020-03-05 23:30:00,full_signal,30,False,228.0,64.55409958160554,56.0,13.91266308358354,31.6,18.494515037903547
6,2020-03-06 13:00:00,full_signal,30,False,56.5,76.85513061379822,8.0,16.275517631728476,2.5,23.703516399322726
6,2020-03-07 08:20:00,full_signal,30,False,43.4,43.143619784317295,13.2,8.467610165551836,12.4,9.81694842359807
6,2020-03-08 19:50:00,full_signal,30,False,111.0,73.4657321805574,12.3,18.112031393926344,28.5,26.727774161650654
6,2020-02-29 23:30:00,full_signal,31,False,188.0,75.92215778090217,52.0,19.347843113121666,21.6,28.62415970378026
6,2020-03-01 14:00:00,full_signal,31,False,70.0,60.50894199648991,26.0,11.612690293096152,26.0,16.61339057842371
6,2020-03-02 05:15:00,full_signal,31,False,56.5,40.27104547275132,8.0,16.986029857778956,2.5,11.412180640673077
6,2020-03-02 09:50:00,full_signal,31,False,5.0,68.05262623934524,30.0,11.92708198097555,3.0,16.62547331489919
6,2020-03-02 15:00:00,full_signal,31,False,9.2,70.10117141547043,1.1,20.034003397510762,3.6,18.37807740116344
6,2020-03-02 22:00:00,full_signal,31,False,226.0,51.99446596524091,31.0,6.296128895944903,31.1,12.20679372114296
6,2020-03-04 08:25:00,full_signal,31,False,56.5,42.98221419540055,8.0,8.822004791631048,2.5,9.841000416346873
6,2020-03-04 13:20:00,full_signal,31,False,45.9,77.48395415254014,33.0,23.548240623120236,31.1,26.154573038599104
6,2020-03-04 20:25:00,full_signal,31,False,40.0,37.06840255531224,10.0,24.189037571800846,8.0,12.280152168003333
6,2020-03-05 00:05:00,full_signal,31,False,34.0,44.28174835286138,2.1,16.249566101085897,10.0,12.531081582079942
6,2020-03-05 11:00:00,full_signal,31,False,5.0,47.85389891354137,30.0,2.882509666576473,3.0,10.599613421186945
6,2020-03-05 18:15:00,full_signal,31,False,5.0,39.340680299129716,30.0,15.601994856891034,3.0,11.266743761850666
6,2020-03-05 23:30:00,full_signal,31,False,228.0,73.40698024352992,56.0,20.783830605725317,31.6,23.61364522086827
6,2020-03-06 13:00:00,full_signal,31,False,56.5,71.99987193989662,8.0,26.46203706064907,2.5,24.55192528215318
6,2020-03-07 08:20:00,full_signal,31,False,43.4,63.067419589056854,13.2,11.97959369550054,12.4,17.627801372104972
6,2020-03-08 19:50:00,full_signal,31,False,111.0,75.83407890265521,12.3,18.108849289619222,28.5,23.959443023476506
6,2020-02-29 23:30:00,full_signal,32,False,188.0,77.17236403466157,52.0,17.819978010664244,21.6,24.22289636067106
6,2020-03-01 14:00:00,full_signal,32,False,70.0,67.99177927716153,26.0,17.051406031659333,26.0,17.076421457248294
6,2020-03-02 05:15:00,full_signal,32,False,56.5,47.93970096966161,8.0,3.025721654148378,2.5,10.48138267191744
6,2020-03-02 09:50:00,full_signal,32,False,5.0,43.313281577390775,30.0,9.318265859736618,3.0,9.907849228851022
6,2020-03-02 15:00:00,full_signal,32,False,9.2,39.974622880395174,1.1,23.290943390862296,3.6,11.70962073243789
6,2020-03-02 22:00:00,full_signal,32,False,226.0,38.89736188872274,31.0,14.76675783979934,31.1,11.059950935719979
6,2020-03-04 08:25:00,full_signal,32,False,56.5,39.73204278786738,8.0,20.457791046909474,2.5,12.291788583088252
6,2020-03-04 13:20:00,full_signal,32,False,45.9,52.54138810600213,33.0,6.664692296159397,31.1,12.453988775142516
6,2020-03-04 20:25:00,full_signal,32,False,40.0,72.95645377488343,10.0,18.691090644427796,8.0,21.94717319335668
6,2020-03-05 00:05:00,full_signal,32,False,34.0,61.5672171274262,2.1,11.853484895144184,10.0,16.243441125628326
6,2020-03-05 11:00:00,full_signal,32,False,5.0,71.7058806572229,30.0,17.579164250809484,3.0,25.83799617660081
6,2020-03-05 18:15:00,full_signal,32,False,5.0,76.72499213021462,30.0,23.495545933571844,3.0,26.398739190858155
6,2020-03-05 23:30:00,full_signal,32,False,228.0,61.08090132116616,56.0,14.033824618271705,31.6,17.74142001486478
6,2020-03-06 13:00:00,full_signal,32,False,56.5,65.14859081423721,8.0,12.13478132096088,2.5,17.779119532914017
6,2020-03-07 08:20:00,full_signal,32,False,43.4,39.26826101498924,13.2,15.36230928349492,12.4,10.986172193308537
6,2020-03-08 19:50:00,full_signal,32,False,111.0,71.91578516362398,12.3,25.645953221894192,28.5,24.149141303595986
6,2020-02-29 23:30:00,full_signal,33,False,188.0,39.19011125827206,52.0,18.657165520564295,21.6,11.259252811679236
6,2020-03-01 14:00:00,full_signal,33,False,70.0,73.04776227644034,26.0,18.93177717377615,26.0,21.90112143021388
6,2020-03-02 05:15:00,full_signal,33,False,56.5,72.39984687249783,8.0,17.369526199826186,2.5,25.498094044762713
6,2020-03-02 09:50:00,full_signal,33,False,5.0,38.329488512138106,30.0,22.202524307642797,3.0,12.222707814053702
6,2020-03-02 15:00:00,full_signal,33,False,9.2,37.76134126558007,1.1,22.222135519848365,3.6,10.863334321457357
6,2020-03-02 22:00:00,full_signal,33,False,226.0,71.41821599124854,31.0,26.17318150337599,31.1,24.591597760427504
6,2020-03-04 08:25:00,full_signal,33,False,56.5,63.53183383124222,8.0,12.070608812053703,2.5,17.651741494490484
6,2020-03-04 13:20:00,full_signal,33,False,45.9,69.68990796312863,33.0,10.828755133476763,31.1,16.94237563549565
6,2020-03-04 20:25:00,full_signal,33,False,40.0,52.49722203875746,10.0,6.516203089937471,8.0,12.42451692530423
6,2020-03-05 00:05:00,full_signal,33,False,34.0,43.998316957500485,2.1,2.203760293094002,10.0,9.89040207748936
6,2020-03-05 11:00:00,full_signal,33,False,5.0,59.647729618439584,30.0,10.297581732028352,3.0,15.64434293100919
6,2020-03-05 18:15:00,full_signal,33,False,5.0,67.1313959664779,30.0,15.64080560932409,3.0,16.546148926149698
6,2020-03-05 23:30:00,full_signal,33,False,228.0,44.24224543677921,56.0,11.468542133561415,31.6,10.773295913238517
6,2020-03-06 13:00:00,full_signal,33,False,56.5,39.61333030896502,8.0,23.47071431994487,2.5,11.670293209303772
6,2020-03-07 08:20:00,full_signal,33,False,43.4,74.62656873808321,13.2,18.608270115564597,12.4,24.689329462765897
6,2020-03-08 19:50:00,full_signal,33,False,111.0,75.36698630041872,12.3,25.832055620570006,28.5,26.011365437984917
6,2020-02-29 23:30:00,full_signal,34,False,188.0,39.19011125827206,52.0,18.657165520564295,21.6,11.259252811679236
6,2020-03-01 14:00:00,full_signal,34,True,70.0,71.74452709722776,26.0,26.569024140820318,26.0,24.414282262661956
6,2020-03-02 05:15:00,full_signal,34,False,56.5,63.27391867695475,8.0,11.799241867497898,2.5,16.811930191349397
6,2020-03-02 09:50:00,full_signal,34,False,5.0,48.26722266665626,30.0,3.6065434843143356,3.0,11.05955257183271
6,2020-03-02 15:00:00,full_signal,34,False,9.2,76.9063716180931,1.1,18.162486083436058,3.6,23.974172564884853
6,2020-03-02 22:00:00,full_signal,34,False,226.0,67.68433107217528,31.0,11.931702228774814,31.1,16.527917271890914
6,2020-03-04 08:25:00,full_signal,34,False,56.5,42.98221419540055,8.0,8.822004791631048,2.5,9.841000416346873
6,2020-03-04 13:20:00,full_signal,34,False,45.9,39.64900002000516,33.0,23.467884048949166,31.1,11.666128930287606
6,2020-03-04 20:25:00,full_signal,34,False,40.0,37.57149334417666,10.0,22.42749299526035,8.0,10.814884940635107
6,2020-03-05 00:05:00,full_signal,34,False,34.0,52.46334400720455,2.1,6.7652750640163095,10.0,13.290734075764732
6,2020-03-05 11:00:00,full_signal,34,False,5.0,38.66629882716457,30.0,18.645085956198475,3.0,11.898159337417443
6,2020-03-05 18:15:00,full_signal,34,False,5.0,76.72499213021462,30.0,23.495545933571844,3.0,26.398739190858155
6,2020-03-05 23:30:00,full_signal,34,False,228.0,61.08090132116616,56.0,14.033824618271705,31.6,17.74142001486478
6,2020-03-06 13:00:00,full_signal,34,False,56.5,73.15119167693695,8.0,18.743777555750924,2.5,21.990026343579977
6,2020-03-07 08:20:00,full_signal,34,False,43.4,71.86129130150091,13.2,17.357395740959728,12.4,26.191053417820186
6,2020-03-08 19:50:00,full_signal,34,False,111.0,69.89997008413494,12.3,20.04588431374629,28.5,18.37771468671302
6,2020-02-29 23:30:00,full_signal,35,False,188.0,60.04520379874731,52.0,12.42502278071679,21.6,17.14825761720921
6,2020-03-01 14:00:00,full_signal,35,False,70.0,67.99177927716153,26.0,17.051406031659333,26.0,17.076421457248294
6,2020-03-02 05:15:00,full_signal,35,False,56.5,63.27391867695475,8.0,11.799241867497898,2.5,16.811930191349397
6,2020-03-02 09:50:00,full_signal,35,False,5.0,72.59247270682313,30.0,18.863052040964103,3.0,21.971358102636174
6,2020-03-02 15:00:00,full_signal,35,False,9.2,76.13584592753881,1.1,25.661682045145906,3.6,26.029814932430902
6,2020-03-02 22:00:00,full_signal,35,False,226.0,43.1039796434609,31.0,9.959628403272571,31.1,10.1412578709286
6,2020-03-04 08:25:00,full_signal,35,False,56.5,47.697219820247646,8.0,3.0608489915227546,2.5,10.717848472863947
6,2020-03-04 13:20:00,full_signal,35,False,45.9,52.54138810600213,33.0,6.664692296159397,31.1,12.453988775142516
6,2020-03-04 20:25:00,full_signal,35,False,40.0,69.35253116354073,10.0,11.56323668111997,8.0,17.10103022232635
6,2020-03-05 00:05:00,full_signal,35,False,34.0,48.850914978326585,2.1,18.64010843857528,10.0,14.64170067583353
6,2020-03-05 11:00:00,full_signal,35,False,5.0,74.97828231692948,30.0,18.645137036965753,3.0,25.058681351589513
6,2020-03-05 18:15:00,full_signal,35,False,5.0,38.59429126238808,30.0,21.86623290281722,3.0,11.343480328793257
6,2020-03-05 23:30:00,full_signal,35,False,228.0,71.97301847808014,56.0,27.10086844002105,31.6,25.38693192055502
6,2020-03-06 13:00:00,full_signal,35,False,56.5,38.565275952351776,8.0,16.348339257840983,2.5,10.915479232303404
6,2020-03-07 08:20:00,full_signal,35,False,43.4,71.86129130150091,13.2,17.357395740959728,12.4,26.191053417820186
6,2020-03-08 19:50:00,full_signal,35,False,111.0,40.65365012868725,12.3,19.65392961069439,28.5,11.758236782539411
6,2020-02-29 23:30:00,full_signal,36,False,188.0,75.92215778090217,52.0,19.347843113121666,21.6,28.62415970378026
6,2020-03-01 14:00:00,full_signal,36,False,70.0,70.06491271765381,26.0,11.073858915544928,26.0,17.21227160968137
6,2020-03-02 05:15:00,full_signal,36,False,56.5,71.15060066501279,8.0,17.277266358061116,2.5,20.13522115965435
6,2020-03-02 09:50:00,full_signal,36,False,5.0,37.99171527409689,30.0,18.842513778735114,3.0,10.917304214397552
6,2020-03-02 15:00:00,full_signal,36,False,9.2,64.34672262710217,1.1,12.280085547168252,3.6,17.787769322974384
6,2020-03-02 22:00:00,full_signal,36,False,226.0,38.98098356547886,31.0,22.441115011643454,31.1,12.353277622219544
6,2020-03-04 08:25:00,full_signal,36,False,56.5,42.98221419540055,8.0,8.822004791631048,2.5,9.841000416346873
6,2020-03-04 13:20:00,full_signal,36,False,45.9,68.16564555823126,33.0,14.467994145870566,31.1,16.592987901886346
6,2020-03-04 20:25:00,full_signal,36,False,40.0,52.49722203875746,10.0,6.516203089937471,8.0,12.42451692530423
6,2020-03-05 00:05:00,full_signal,36,False,34.0,43.998316957500485,2.1,2.203760293094002,10.0,9.89040207748936
6,2020-03-05 11:00:00,full_signal,36,False,5.0,41.1194810732824,30.0,17.09941707712422,3.0,11.467932483607031
6,2020-03-05 18:15:00,full_signal,36,False,5.0,75.92938606306488,30.0,14.352906532501219,3.0,23.08035639407062
6,2020-03-05 23:30:00,full_signal,36,False,228.0,71.97301847808014,56.0,27.10086844002105,31.6,25.38693192055502
6,2020-03-06 13:00:00,full_signal,36,False,56.5,76.8353295624192,8.0,25.327695227886835,2.5,26.508378457479843
6,2020-03-07 08:20:00,full_signal,36,False,43.4,59.37798689165807,13.2,10.896516419414144,12.4,15.775735065358525
6,2020-03-08 19:50:00,full_signal,36,False,111.0,38.790970687195404,12.3,12.965795093112208,28.5,11.055950336628296
6,2020-02-29 23:30:00,full_signal,37,False,188.0,60.04520379874731,52.0,12.42502278071679,21.6,17.14825761720921
6,2020-03-01 14:00:00,full_signal,37,False,70.0,73.04776227644034,26.0,18.93177717377615,26.0,21.90112143021388
6,2020-03-02 05:15:00,full_signal,37,False,56.5,72.39984687249783,8.0,17.369526199826186,2.5,25.498094044762713
6,2020-03-02 09:50:00,full_signal,37,False,5.0,64.11954992919584,30.0,12.645484670740712,3.0,17.845295136558324
6,2020-03-02 15:00:00,full_signal,37,False,9.2,76.13584592753881,1.1,25.661682045145906,3.6,26.029814932430902
6,2020-03-02 22:00:00,full_signal,37,False,226.0,38.4906236474911,31.0,18.57979509820863,31.1,10.997455863089197
6,2020-03-04 08:25:00,full_signal,37,False,56.5,75.55642588401818,8.0,19.079985753400443,2.5,24.98956708979894
6,2020-03-04 13:20:00,full_signal,37,False,45.9,69.68990796312863,33.0,10.828755133476763,31.1,16.94237563549565
6,2020-03-04 20:25:00,full_signal,37,False,40.0,71.9948167481963,10.0,26.223367175018428,8.0,24.482865833630047
6,2020-03-05 00:05:00,full_signal,37,False,34.0,49.408347543353464,2.1,16.961207161478963,10.0,13.551876871453853
6,2020-03-05 11:00:00,full_signal,37,False,5.0,38.66629882716457,30.0,18.645085956198475,3.0,11.898159337417443
6,2020-03-05 18:15:00,full_signal,37,False,5.0,48.724635221699614,30.0,3.262545106403216,3.0,11.12196144900924
6,2020-03-05 23:30:00,full_signal,37,False,228.0,44.24224543677921,56.0,11.468542133561415,31.6,10.773295913238517
6,2020-03-06 13:00:00,full_signal,37,False,56.5,68.968233575453,8.0,18.28581648756771,2.5,17.606084013342688
6,2020-03-07 08:20:00,full_signal,37,False,43.4,39.272468488923266,13.2,11.750765444940823,12.4,11.074155851711595
6,2020-03-08 19:50:00,full_signal,37,False,111.0,52.37610838312319,12.3,6.164409633456998,28.5,12.246190177396901
6,2020-02-29 23:30:00,full_signal,38,False,188.0,77.17236403466157,52.0,17.819978010664244,21.6,24.22289636067106
6,2020-03-01 14:00:00,full_signal,38,True,70.0,71.74452709722776,26.0,26.569024140820318,26.0,24.414282262661956
6,2020-03-02 05:15:00,full_signal,38,False,56.5,72.39984687249783,8.0,17.369526199826186,2.5,25.498094044762713
6,2020-03-02 09:50:00,full_signal,38,False,5.0,59.70573182965785,30.0,11.705324559656173,3.0,16.51031773537907
6,2020-03-02 15:00:00,full_signal,38,False,9.2,43.418418349606206,1.1,9.620467004170044,3.6,9.821300558854707
6,2020-03-02 22:00:00,full_signal,38,False,226.0,51.99446596524091,31.0,6.296128895944903,31.1,12.20679372114296
6,2020-03-04 08:25:00,full_signal,38,False,56.5,39.003189488931916,8.0,12.1443924338156,2.5,10.951422351706222
6,2020-03-04 13:20:00,full_signal,38,False,45.9,77.48395415254014,33.0,23.548240623120236,31.1,26.154573038599104
6,2020-03-04 20:25:00,full_signal,38,False,40.0,64.857995466709,10.0,11.970209551879964,8.0,17.860033490990187
6,2020-03-05 00:05:00,full_signal,38,False,34.0,48.850914978326585,2.1,18.64010843857528,10.0,14.64170067583353
6,2020-03-05 11:00:00,full_signal,38,False,5.0,71.32236196396535,30.0,17.48619815303424,3.0,20.69258074612366
6,2020-03-05 18:15:00,full_signal,38,False,5.0,38.59429126238808,30.0,21.86623290281722,3.0,11.343480328793257
6,2020-03-05 23:30:00,full_signal,38,False,228.0,72.25640714137373,56.0,22.600870517081564,31.6,20.969238962596627
6,2020-03-06 13:00:00,full_signal,38,False,56.5,48.86252514452753,8.0,3.7490680966786063,2.5,11.282588577741695
6,2020-03-07 08:20:00,full_signal,38,False,43.4,42.75089716550851,13.2,17.30468378860531,12.4,11.954021387089242
6,2020-03-08 19:50:00,full_signal,38,False,111.0,68.40258621204441,12.3,11.549982386830528,28.5,16.6240429215159
6,2020-02-29 23:30:00,full_signal,39,False,188.0,75.92215778090217,52.0,19.347843113121666,21.6,28.62415970378026
6,2020-03-01 14:00:00,full_signal,39,False,70.0,43.47933369313091,26.0,9.549833638665879,26.0,9.88124661819657
6,2020-03-02 05:15:00,full_signal,39,False,56.5,39.76536274686079,8.0,17.227171419816973,2.5,11.539837817323424
6,2020-03-02 09:50:00,full_signal,39,False,5.0,75.41315371604037,30.0,26.42233814393718,3.0,25.903271603314565
6,2020-03-02 15:00:00,full_signal,39,False,9.2,39.974622880395174,1.1,23.290943390862296,3.6,11.70962073243789
6,2020-03-02 22:00:00,full_signal,39,False,226.0,75.82145843092356,31.0,17.941157096095566,31.1,23.886465689748306
6,2020-03-04 08:25:00,full_signal,39,False,56.5,39.73204278786738,8.0,20.457791046909474,2.5,12.291788583088252
6,2020-03-04 13:20:00,full_signal,39,False,45.9,72.92807514979458,33.0,18.564973568675736,31.1,21.717436240376305
6,2020-03-04 20:25:00,full_signal,39,False,40.0,69.35253116354073,10.0,11.56323668111997,8.0,17.10103022232635
6,2020-03-05 00:05:00,full_signal,39,False,34.0,70.910964089488,2.1,22.496700268443178,10.0,20.84525625362269
6,2020-03-05 11:00:00,full_signal,39,False,5.0,59.647729618439584,30.0,10.297581732028352,3.0,15.64434293100919
6,2020-03-05 18:15:00,full_signal,39,False,5.0,52.93998734610443,30.0,6.017211456455828,3.0,12.448692316279852
6,2020-03-05 23:30:00,full_signal,39,False,228.0,39.36287557875108,56.0,16.972527055425537,31.6,11.779265643487642
6,2020-03-06 13:00:00,full_signal,39,False,56.5,48.86252514452753,8.0,3.7490680966786063,2.5,11.282588577741695
6,2020-03-07 08:20:00,full_signal,39,False,43.4,71.59037292619685,13.2,25.04870907140695,12.4,24.00014670610868
6,2020-03-08 19:50:00,full_signal,39,False,111.0,64.14492900818092,12.3,12.353357117681277,28.5,17.705678713443433
6,2020-02-29 23:30:00,full_signal,40,False,188.0,75.92215778090217,52.0,19.347843113121666,21.6,28.62415970378026
6,2020-03-01 14:00:00,full_signal,40,False,70.0,38.592601526945124,26.0,15.852985604864767,26.0,10.913512310152495
6,2020-03-02 05:15:00,full_signal,40,False,56.5,71.15060066501279,8.0,17.277266358061116,2.5,20.13522115965435
6,2020-03-02 09:50:00,full_signal,40,False,5.0,38.329488512138106,30.0,22.202524307642797,3.0,12.222707814053702
6,2020-03-02 15:00:00,full_signal,40,False,9.2,76.9063716180931,1.1,18.162486083436058,3.6,23.974172564884853
6,2020-03-02 22:00:00,full_signal,40,False,226.0,41.3110325471646,31.0,19.821217918411616,31.1,11.92181835922923
6,2020-03-04 08:25:00,full_signal,40,False,56.5,63.53183383124222,8.0,12.070608812053703,2.5,17.651741494490484
6,2020-03-04 13:20:00,full_signal,40,False,45.9,60.52900708878707,33.0,11.672809127567161,31.1,16.841297180269464
6,2020-03-04 20:25:00,full_signal,40,False,40.0,52.49722203875746,10.0,6.516203089937471,8.0,12.42451692530423
6,2020-03-05 00:05:00,full_signal,40,False,34.0,66.72247811142348,2.1,22.77919210765188,10.0,22.65105474304427
6,2020-03-05 11:00:00,full_signal,40,False,5.0,72.80528072480806,30.0,25.797582500544,3.0,26.05172687595832
6,2020-03-05 18:15:00,full_signal,40,False,5.0,69.62822978740402,30.0,10.66279449813097,3.0,16.637268823790837
6,2020-03-05 23:30:00,full_signal,40,False,228.0,38.60611357076091,56.0,19.77787812818755,31.6,11.656353683517432
6,2020-03-06 13:00:00,full_signal,40,False,56.5,68.968233575453,8.0,18.28581648756771,2.5,17.606084013342688
6,2020-03-07 08:20:00,full_signal,40,False,43.4,43.143619784317295,13.2,8.467610165551836,12.4,9.81694842359807
6,2020-03-08 19:50:00,full_signal,40,False,111.0,48.02226657968477,12.3,3.2059153936997804,28.5,10.841212247924787
6,2020-02-29 23:30:00,full_signal,41,False,188.0,64.59297126630969,52.0,12.827336426545543,21.6,18.1092364564629
6,2020-03-01 14:00:00,full_signal,41,False,70.0,43.47933369313091,26.0,9.549833638665879,26.0,9.88124661819657
6,2020-03-02 05:15:00,full_signal,41,False,56.5,67.26026695159344,8.0,11.100022236267955,2.5,16.043996629329314
6,2020-03-02 09:50:00,full_signal,41,False,5.0,37.99171527409689,30.0,18.842513778735114,3.0,10.917304214397552
6,2020-03-02 15:00:00,full_signal,41,False,9.2,70.10117141547043,1.1,20.034003397510762,3.6,18.37807740116344
6,2020-03-02 22:00:00,full_signal,41,False,226.0,75.82145843092356,31.0,17.941157096095566,31.1,23.886465689748306
6,2020-03-04 08:25:00,full_signal,41,False,56.5,72.39301333778434,8.0,17.750413122888972,2.5,26.565700723529055
6,2020-03-04 13:20:00,full_signal,41,False,45.9,37.36199141037717,33.0,24.591332697525818,31.1,12.4415015564762
6,2020-03-04 20:25:00,full_signal,41,False,40.0,52.49722203875746,10.0,6.516203089937471,8.0,12.42451692530423
6,2020-03-05 00:05:00,full_signal,41,False,34.0,43.998316957500485,2.1,2.203760293094002,10.0,9.89040207748936
6,2020-03-05 11:00:00,full_signal,41,False,5.0,72.80528072480806,30.0,25.797582500544,3.0,26.05172687595832
6,2020-03-05 18:15:00,full_signal,41,False,5.0,70.65310999686885,30.0,25.741861818160157,3.0,23.52334598072901
6,2020-03-05 23:30:00,full_signal,41,False,228.0,73.40698024352992,56.0,20.783830605725317,31.6,23.61364522086827
6,2020-03-06 13:00:00,full_signal,41,False,56.5,38.565275952351776,8.0,16.348339257840983,2.5,10.915479232303404
6,2020-03-07 08:20:00,full_signal,41,False,43.4,42.75089716550851,13.2,17.30468378860531,12.4,11.954021387089242
6,2020-03-08 19:50:00,full_signal,41,False,111.0,59.97585125298804,12.3,11.16956351131051,28.5,16.223588618510824
6,2020-02-29 23:30:00,full_signal,42,False,188.0,73.06328689863892,52.0,19.60295139871194,21.6,22.82948015529916
6,2020-03-01 14:00:00,full_signal,42,False,70.0,65.4011358403454,26.0,12.125228790025435,26.0,17.886584002617468
6,2020-03-02 05:15:00,full_signal,42,False,56.5,47.93970096966161,8.0,3.025721654148378,2.5,10.48138267191744
6,2020-03-02 09:50:00,full_signal,42,False,5.0,70.24474714045246,30.0,20.067675362601836,3.0,18.50823273851351
6,2020-03-02 15:00:00,full_signal,42,False,9.2,74.92081553432195,1.1,19.012686883709314,3.6,27.663469295440663
6,2020-03-02 22:00:00,full_signal,42,False,226.0,43.1039796434609,31.0,9.959628403272571,31.1,10.1412578709286
6,2020-03-04 08:25:00,full_signal,42,False,56.5,39.73204278786738,8.0,20.457791046909474,2.5,12.291788583088252
6,2020-03-04 13:20:00,full_signal,42,False,45.9,60.52900708878707,33.0,11.672809127567161,31.1,16.841297180269464
6,2020-03-04 20:25:00,full_signal,42,False,40.0,39.60714093860208,10.0,23.371823674452383,8.0,11.61743819338385
6,2020-03-05 00:05:00,full_signal,42,False,34.0,72.06101661871531,2.1,27.13138766967276,10.0,26.442351583889224
6,2020-03-05 11:00:00,full_signal,42,False,5.0,39.87288737511441,30.0,15.992627160136056,3.0,11.373207897076382
6,2020-03-05 18:15:00,full_signal,42,False,5.0,52.93998734610443,30.0,6.017211456455828,3.0,12.448692316279852
6,2020-03-05 23:30:00,full_signal,42,False,228.0,68.0025338900257,56.0,12.59512492771118,31.6,17.138194612289727
6,2020-03-06 13:00:00,full_signal,42,False,56.5,38.565275952351776,8.0,16.348339257840983,2.5,10.915479232303404
6,2020-03-07 08:20:00,full_signal,42,False,43.4,71.59037292619685,13.2,25.04870907140695,12.4,24.00014670610868
6,2020-03-08 19:50:00,full_signal,42,False,111.0,75.83407890265521,12.3,18.108849289619222,28.5,23.959443023476506
6,2020-02-29 23:30:00,full_signal,43,False,188.0,39.19011125827206,52.0,18.657165520564295,21.6,11.259252811679236
6,2020-03-01 14:00:00,full_signal,43,False,70.0,65.4011358403454,26.0,12.125228790025435,26.0,17.886584002617468
6,2020-03-02 05:15:00,full_signal,43,False,56.5,47.93970096966161,8.0,3.025721654148378,2.5,10.48138267191744
6,2020-03-02 09:50:00,full_signal,43,False,5.0,40.551492839305084,30.0,20.018291040392302,3.0,11.750496636588215
6,2020-03-02 15:00:00,full_signal,43,False,9.2,38.242482262048135,1.1,23.595319615292873,3.6,12.419842651343599
6,2020-03-02 22:00:00,full_signal,43,False,226.0,70.47100634940884,31.0,20.324142269364952,31.1,18.81482583498937
6,2020-03-04 08:25:00,full_signal,43,False,56.5,72.10246765038887,8.0,18.531718982101193,2.5,21.65435735367526
6,2020-03-04 13:20:00,full_signal,43,False,45.9,60.52900708878707,33.0,11.672809127567161,31.1,16.841297180269464
6,2020-03-04 20:25:00,full_signal,43,False,40.0,75.00132060049735,10.0,19.18785161164924,8.0,27.918615077388445
6,2020-03-05 00:05:00,full_signal,43,False,34.0,44.28174835286138,2.1,16.249566101085897,10.0,12.531081582079942
6,2020-03-05 11:00:00,full_signal,43,False,5.0,66.7019385234643,30.0,10.853672644074669,3.0,15.691566243437679
6,2020-03-05 18:15:00,full_signal,43,False,5.0,70.65310999686885,30.0,25.741861818160157,3.0,23.52334598072901
6,2020-03-05 23:30:00,full_signal,43,False,228.0,44.24224543677921,56.0,11.468542133561415,31.6,10.773295913238517
6,2020-03-06 13:00:00,full_signal,43,False,56.5,52.51750739720056,8.0,6.57904997895851,2.5,12.469625680176657
6,2020-03-07 08:20:00,full_signal,43,False,43.4,74.62656873808321,13.2,18.608270115564597,12.4,24.689329462765897
6,2020-03-08 19:50:00,full_signal,43,False,111.0,75.36698630041872,12.3,25.832055620570006,28.5,26.011365437984917
6,2020-02-29 23:30:00,full_signal,44,False,188.0,60.04520379874731,52.0,12.42502278071679,21.6,17.14825761720921
6,2020-03-01 14:00:00,full_signal,44,False,70.0,65.4011358403454,26.0,12.125228790025435,26.0,17.886584002617468
6,2020-03-02 05:15:00,full_signal,44,False,56.5,47.93970096966161,8.0,3.025721654148378,2.5,10.48138267191744
6,2020-03-02 09:50:00,full_signal,44,False,5.0,73.61110748233551,30.0,18.640295459155602,3.0,27.000754636834746
6,2020-03-02 15:00:00,full_signal,44,False,9.2,43.418418349606206,1.1,9.620467004170044,3.6,9.821300558854707
6,2020-03-02 22:00:00,full_signal,44,False,226.0,38.4906236474911,31.0,18.57979509820863,31.1,10.997455863089197
6,2020-03-04 08:25:00,full_signal,44,False,56.5,72.10246765038887,8.0,18.531718982101193,2.5,21.65435735367526
6,2020-03-04 13:20:00,full_signal,44,False,45.9,52.54138810600213,33.0,6.664692296159397,31.1,12.453988775142516
6,2020-03-04 20:25:00,full_signal,44,False,40.0,71.9948167481963,10.0,26.223367175018428,8.0,24.482865833630047
6,2020-03-05 00:05:00,full_signal,44,False,34.0,44.53639497351557,2.1,14.847583672034917,10.0,12.57261721357796
6,2020-03-05 11:00:00,full_signal,44,False,5.0,38.66629882716457,30.0,18.645085956198475,3.0,11.898159337417443
6,2020-03-05 18:15:00,full_signal,44,False,5.0,67.1313959664779,30.0,15.64080560932409,3.0,16.546148926149698
6,2020-03-05 23:30:00,full_signal,44,False,228.0,75.10065332003059,56.0,26.217893070403832,31.6,26.91172321980477
6,2020-03-06 13:00:00,full_signal,44,False,56.5,76.85513061379822,8.0,16.275517631728476,2.5,23.703516399322726
6,2020-03-07 08:20:00,full_signal,44,False,43.4,42.75089716550851,13.2,17.30468378860531,12.4,11.954021387089242
6,2020-03-08 19:50:00,full_signal,44,False,111.0,68.40258621204441,12.3,11.549982386830528,28.5,16.6240429215159
6,2020-02-29 23:30:00,full_signal,45,False,188.0,37.81568881021378,52.0,24.07787954746402,21.6,11.115392767157012
6,2020-03-01 14:00:00,full_signal,45,False,70.0,75.36929067876201,26.0,19.39539007380241,26.0,28.059517500819798
6,2020-03-02 05:15:00,full_signal,45,False,56.5,40.27104547275132,8.0,16.986029857778956,2.5,11.412180640673077
6,2020-03-02 09:50:00,full_signal,45,False,5.0,68.05262623934524,30.0,11.92708198097555,3.0,16.62547331489919
6,2020-03-02 15:00:00,full_signal,45,False,9.2,72.82970201008217,1.1,18.84887099799747,3.6,22.015138282631977
6,2020-03-02 22:00:00,full_signal,45,False,226.0,59.369713114768075,31.0,12.16711748982745,31.1,16.669115664914038
6,2020-03-04 08:25:00,full_signal,45,False,56.5,39.73204278786738,8.0,20.457791046909474,2.5,12.291788583088252
6,2020-03-04 13:20:00,full_signal,45,False,45.9,76.96470327932555,33.0,13.131731596870235,31.1,22.839732162495878
6,2020-03-04 20:25:00,full_signal,45,False,40.0,71.9948167481963,10.0,26.223367175018428,8.0,24.482865833630047
6,2020-03-05 00:05:00,full_signal,45,False,34.0,72.06101661871531,2.1,27.13138766967276,10.0,26.442351583889224
6,2020-03-05 11:00:00,full_signal,45,False,5.0,47.85389891354137,30.0,2.882509666576473,3.0,10.599613421186945
6,2020-03-05 18:15:00,full_signal,45,False,5.0,39.340680299129716,30.0,15.601994856891034,3.0,11.266743761850666
6,2020-03-05 23:30:00,full_signal,45,False,228.0,64.55409958160554,56.0,13.91266308358354,31.6,18.494515037903547
6,2020-03-06 13:00:00,full_signal,45,False,56.5,52.51750739720056,8.0,6.57904997895851,2.5,12.469625680176657
6,2020-03-07 08:20:00,full_signal,45,False,43.4,70.25253136693956,13.2,21.081100251664445,12.4,19.05058258064357
6,2020-03-08 19:50:00,full_signal,45,False,111.0,43.05409481664642,12.3,8.779524350059178,28.5,9.76971543377903
6,2020-02-29 23:30:00,full_signal,46,False,188.0,71.21465494923528,52.0,26.424174041535046,21.6,24.829375371744856
6,2020-03-01 14:00:00,full_signal,46,False,70.0,52.61188240275482,26.0,6.42713262284371,26.0,12.423369968842453
6,2020-03-02 05:15:00,full_signal,46,False,56.5,59.86157075696421,8.0,10.183434976339003,2.5,15.874163893393785
6,2020-03-02 09:50:00,full_signal,46,False,5.0,72.59247270682313,30.0,18.863052040964103,3.0,21.971358102636174
6,2020-03-02 15:00:00,full_signal,46,False,9.2,39.974622880395174,1.1,23.290943390862296,3.6,11.70962073243789
6,2020-03-02 22:00:00,full_signal,46,False,226.0,38.89736188872274,31.0,14.76675783979934,31.1,11.059950935719979
6,2020-03-04 08:25:00,full_signal,46,False,56.5,70.1637362438507,8.0,21.029304330317366,2.5,19.075314648858175
6,2020-03-04 13:20:00,full_signal,46,False,45.9,48.61604506276074,33.0,3.841773718285658,31.1,11.26050484029375
6,2020-03-04 20:25:00,full_signal,46,False,40.0,37.57149334417666,10.0,22.42749299526035,8.0,10.814884940635107
6,2020-03-05 00:05:00,full_signal,46,False,34.0,72.55512890599593,2.1,20.296435726138224,10.0,27.244089028337367
6,2020-03-05 11:00:00,full_signal,46,False,5.0,74.97828231692948,30.0,18.645137036965753,3.0,25.058681351589513
6,2020-03-05 18:15:00,full_signal,46,False,5.0,76.72499213021462,30.0,23.495545933571844,3.0,26.398739190858155
6,2020-03-05 23:30:00,full_signal,46,False,228.0,40.40312043456041,56.0,23.250591088347075,31.6,13.261535410175757
6,2020-03-06 13:00:00,full_signal,46,False,56.5,69.54303857361997,8.0,11.492792609597476,2.5,17.112172230351593
6,2020-03-07 08:20:00,full_signal,46,False,43.4,43.143619784317295,13.2,8.467610165551836,12.4,9.81694842359807
6,2020-03-08 19:50:00,full_signal,46,False,111.0,64.14492900818092,12.3,12.353357117681277,28.5,17.705678713443433
6,2020-02-29 23:30:00,full_signal,47,False,188.0,76.53436755897879,52.0,25.57041613919713,21.6,26.41447439764524
6,2020-03-01 14:00:00,full_signal,47,False,70.0,52.61188240275482,26.0,6.42713262284371,26.0,12.423369968842453
6,2020-03-02 05:15:00,full_signal,47,False,56.5,70.57247731733924,8.0,24.17543488750266,2.5,22.985162409829886
6,2020-03-02 09:50:00,full_signal,47,False,5.0,70.24474714045246,30.0,20.067675362601836,3.0,18.50823273851351
6,2020-03-02 15:00:00,full_signal,47,False,9.2,64.34672262710217,1.1,12.280085547168252,3.6,17.787769322974384
6,2020-03-02 22:00:00,full_signal,47,False,226.0,75.82145843092356,31.0,17.941157096095566,31.1,23.886465689748306
6,2020-03-04 08:25:00,full_signal,47,False,56.5,72.39301333778434,8.0,17.750413122888972,2.5,26.565700723529055
6,2020-03-04 13:20:00,full_signal,47,False,45.9,69.68990796312863,33.0,10.828755133476763,31.1,16.94237563549565
6,2020-03-04 20:25:00,full_signal,47,False,40.0,39.60714093860208,10.0,23.371823674452383,8.0,11.61743819338385
6,2020-03-05 00:05:00,full_signal,47,False,34.0,44.28174835286138,2.1,16.249566101085897,10.0,12.531081582079942
6,2020-03-05 11:00:00,full_signal,47,False,5.0,59.647729618439584,30.0,10.297581732028352,3.0,15.64434293100919
6,2020-03-05 18:15:00,full_signal,47,False,5.0,39.340680299129716,30.0,15.601994856891034,3.0,11.266743761850666
6,2020-03-05 23:30:00,full_signal,47,False,228.0,47.83730081571577,56.0,4.2233632719360905,31.6,11.427448476057917
6,2020-03-06 13:00:00,full_signal,47,False,56.5,73.15119167693695,8.0,18.743777555750924,2.5,21.990026343579977
6,2020-03-07 08:20:00,full_signal,47,False,43.4,40.86070412529635,13.2,20.044370636207823,12.4,12.555097799178025
6,2020-03-08 19:50:00,full_signal,47,False,111.0,43.05409481664642,12.3,8.779524350059178,28.5,9.76971543377903
6,2020-02-29 23:30:00,full_signal,48,False,188.0,40.820322352830054,52.0,25.17399334791936,21.6,12.039879880184483
6,2020-03-01 14:00:00,full_signal,48,False,70.0,70.06491271765381,26.0,11.073858915544928,26.0,17.21227160968137
6,2020-03-02 05:15:00,full_signal,48,False,56.5,41.37884549459446,8.0,15.117612335548205,2.5,12.22783050644699
6,2020-03-02 09:50:00,full_signal,48,False,5.0,43.313281577390775,30.0,9.318265859736618,3.0,9.907849228851022
6,2020-03-02 15:00:00,full_signal,48,False,9.2,70.10117141547043,1.1,20.034003397510762,3.6,18.37807740116344
6,2020-03-02 22:00:00,full_signal,48,False,226.0,48.16975898735412,31.0,3.9341659214815885,31.1,11.116855844007091
6,2020-03-04 08:25:00,full_signal,48,False,56.5,39.73204278786738,8.0,20.457791046909474,2.5,12.291788583088252
6,2020-03-04 13:20:00,full_signal,48,False,45.9,60.52900708878707,33.0,11.672809127567161,31.1,16.841297180269464
6,2020-03-04 20:25:00,full_signal,48,False,40.0,64.857995466709,10.0,11.970209551879964,8.0,17.860033490990187
6,2020-03-05 00:05:00,full_signal,48,False,34.0,72.06101661871531,2.1,27.13138766967276,10.0,26.442351583889224
6,2020-03-05 11:00:00,full_signal,48,False,5.0,74.97828231692948,30.0,18.645137036965753,3.0,25.058681351589513
6,2020-03-05 18:15:00,full_signal,48,False,5.0,70.65310999686885,30.0,25.741861818160157,3.0,23.52334598072901
6,2020-03-05 23:30:00,full_signal,48,False,228.0,73.40698024352992,56.0,20.783830605725317,31.6,23.61364522086827
6,2020-03-06 13:00:00,full_signal,48,False,56.5,37.557765667555174,8.0,22.7000485211617,2.5,10.84333378652597
6,2020-03-07 08:20:00,full_signal,48,False,43.4,52.18647732614215,13.2,6.327758941414407,12.4,12.49924595541809
6,2020-03-08 19:50:00,full_signal,48,False,111.0,73.4657321805574,12.3,18.112031393926344,28.5,26.727774161650654
6,2020-02-29 23:30:00,full_signal,49,False,188.0,48.69289417338745,52.0,4.213715239115456,21.6,11.41042662143296
6,2020-03-01 14:00:00,full_signal,49,False,70.0,37.15514111397493,26.0,24.31133346336834,26.0,12.237094101156485
6,2020-03-02 05:15:00,full_signal,49,False,56.5,39.76536274686079,8.0,17.227171419816973,2.5,11.539837817323424
6,2020-03-02 09:50:00,full_signal,49,False,5.0,40.551492839305084,30.0,20.018291040392302,3.0,11.750496636588215
6,2020-03-02 15:00:00,full_signal,49,False,9.2,74.92081553432195,1.1,19.012686883709314,3.6,27.663469295440663
6,2020-03-02 22:00:00,full_signal,49,False,226.0,43.1039796434609,31.0,9.959628403272571,31.1,10.1412578709286
6,2020-03-04 08:25:00,full_signal,49,False,56.5,72.10246765038887,8.0,18.531718982101193,2.5,21.65435735367526
6,2020-03-04 13:20:00,full_signal,49,False,45.9,65.4367365408498,33.0,12.102802273949209,31.1,17.785952537917893
6,2020-03-04 20:25:00,full_signal,49,False,40.0,71.9948167481963,10.0,26.223367175018428,8.0,24.482865833630047
6,2020-03-05 00:05:00,full_signal,49,False,34.0,72.06101661871531,2.1,27.13138766967276,10.0,26.442351583889224
6,2020-03-05 11:00:00,full_signal,49,False,5.0,40.10717919410071,30.0,12.163699726880697,3.0,11.390612220860241
6,2020-03-05 18:15:00,full_signal,49,False,5.0,69.62822978740402,30.0,10.66279449813097,3.0,16.637268823790837
6,2020-03-05 23:30:00,full_signal,49,False,228.0,72.25640714137373,56.0,22.600870517081564,31.6,20.969238962596627
6,2020-03-06 13:00:00,full_signal,49,False,56.5,60.151481969894135,8.0,11.593412439719877,2.5,16.71558809687731
6,2020-03-07 08:20:00,full_signal,49,False,43.4,52.18647732614215,13.2,6.327758941414407,12.4,12.49924595541809
6,2020-03-08 19:50:00,full_signal,49,False,111.0,75.83407890265521,12.3,18.108849289619222,28.5,23.959443023476506
7,2020-03-17 16:15:00,full_signal,-1,False,45.0,75.72592382423734,37.5,21.467148700015667,22.7,15.608850145937428
7,2020-03-18 13:40:00,full_signal,-1,False,16.0,52.178223565412466,7.5,15.162383328285044,12.0,8.44095830822819
7,2020-03-19 10:30:00,full_signal,-1,False,56.5,87.24639161000567,8.0,13.4934564886752,2.5,16.21864776899146
7,2020-03-19 13:45:00,full_signal,-1,False,69.2,57.58010356348932,15.4,27.24926832542474,7.6,12.794127487211277
7,2020-03-19 19:05:00,full_signal,-1,False,33.1,71.3624484422489,22.200000000000003,21.795895911285104,12.2,15.892749206209869
7,2020-03-20 10:00:00,full_signal,-1,False,71.2,72.47632201892664,15.4,21.03692905859556,7.6,16.816793885062335
7,2020-03-21 06:00:00,full_signal,-1,False,56.5,91.18188558941229,8.0,21.54160132947686,2.5,19.609867051436282
7,2020-03-17 16:15:00,full_signal,0,False,45.0,58.807686023662164,37.5,29.307923054813763,22.7,13.19870766058585
7,2020-03-18 13:40:00,full_signal,0,False,16.0,77.52748247022969,7.5,22.825678675766458,12.0,17.30963835979229
7,2020-03-19 10:30:00,full_signal,0,False,56.5,71.39582074642601,8.0,22.23613782239579,2.5,16.227723433700003
7,2020-03-19 13:45:00,full_signal,0,False,69.2,52.80694779454064,15.4,15.389621269325147,7.6,8.653848208688043
7,2020-03-19 19:05:00,full_signal,0,False,33.1,91.70781624588862,22.200000000000003,20.355396146411522,12.2,19.956402563662394
7,2020-03-20 10:00:00,full_signal,0,False,71.2,72.47632201892664,15.4,21.03692905859556,7.6,16.816793885062335
7,2020-03-21 06:00:00,full_signal,0,False,56.5,86.65928019640882,8.0,13.474315709126662,2.5,16.12113322148225
7,2020-03-17 16:15:00,full_signal,1,False,45.0,85.72212093752276,37.5,13.369946737429345,22.7,15.522474037678778
7,2020-03-18 13:40:00,full_signal,1,False,16.0,72.12904989413674,7.5,21.100692706249617,12.0,16.75347975321468
7,2020-03-19 10:30:00,full_signal,1,False,56.5,51.24646222871388,8.0,15.697722548285984,2.5,8.082410254611363
7,2020-03-19 13:45:00,full_signal,1,False,69.2,77.62064774586727,15.4,22.971753323521238,7.6,17.262709891413145
7,2020-03-19 19:05:00,full_signal,1,False,33.1,58.77599831785753,22.200000000000003,28.99770964887532,12.2,13.141104776359764
7,2020-03-20 10:00:00,full_signal,1,False,71.2,91.41175479784798,15.4,20.89331641482172,7.6,19.79695702594036
7,2020-03-21 06:00:00,full_signal,1,False,56.5,71.23870470830545,8.0,22.368477999682387,2.5,16.228322198913776
7,2020-03-17 16:15:00,full_signal,2,False,45.0,58.807686023662164,37.5,29.307923054813763,22.7,13.19870766058585
7,2020-03-18 13:40:00,full_signal,2,False,16.0,91.17590170193563,7.5,21.616993229920652,12.0,19.594200935886768
7,2020-03-19 10:30:00,full_signal,2,False,56.5,87.24639161000567,8.0,13.4934564886752,2.5,16.21864776899146
7,2020-03-19 13:45:00,full_signal,2,False,69.2,72.62178651034522,15.4,21.028115840290834,7.6,16.876429548910252
7,2020-03-19 19:05:00,full_signal,2,False,33.1,51.4560527601445,22.200000000000003,16.45079364596187,12.2,8.14414631445872
7,2020-03-20 10:00:00,full_signal,2,False,71.2,77.72103192015334,15.4,22.787305923100472,7.6,17.32292663036322
7,2020-03-21 06:00:00,full_signal,2,False,56.5,71.23870470830545,8.0,22.368477999682387,2.5,16.228322198913776
7,2020-03-17 16:15:00,full_signal,3,False,45.0,70.53049668824902,37.5,20.676172987233283,22.7,16.356675272805727
7,2020-03-18 13:40:00,full_signal,3,False,16.0,57.59526726767186,7.5,28.14378896565176,12.0,12.800597759769142
7,2020-03-19 10:30:00,full_signal,3,False,56.5,71.39582074642601,8.0,22.23613782239579,2.5,16.227723433700003
7,2020-03-19 13:45:00,full_signal,3,False,69.2,77.62064774586727,15.4,22.971753323521238,7.6,17.262709891413145
7,2020-03-19 19:05:00,full_signal,3,False,33.1,51.4560527601445,22.200000000000003,16.45079364596187,12.2,8.14414631445872
7,2020-03-20 10:00:00,full_signal,3,False,71.2,87.23754148469583,15.4,13.73112380833902,7.6,16.272901612849225
7,2020-03-21 06:00:00,full_signal,3,False,56.5,91.18188558941229,8.0,21.54160132947686,2.5,19.609867051436282
7,2020-03-17 16:15:00,full_signal,4,False,45.0,91.50269618320155,37.5,20.403581484490115,22.7,20.241430665734693
7,2020-03-18 13:40:00,full_signal,4,False,16.0,87.06905412923359,7.5,13.763111539405884,12.0,16.26024125220726
7,2020-03-19 10:30:00,full_signal,4,False,56.5,77.45738447962098,8.0,21.921875827072355,2.5,16.95269039309447
7,2020-03-19 13:45:00,full_signal,4,False,69.2,72.00175555699361,15.4,23.6781514795764,7.6,16.88661402319877
7,2020-03-19 19:05:00,full_signal,4,False,33.1,71.48144512666839,22.200000000000003,20.47118503714891,12.2,16.66148875041615
7,2020-03-20 10:00:00,full_signal,4,False,71.2,57.78443467317075,15.4,28.104520585462687,7.6,12.81225353352554
7,2020-03-21 06:00:00,full_signal,4,False,56.5,50.67375995663596,8.0,15.86306963392111,2.5,7.883259144860457
7,2020-03-17 16:15:00,full_signal,5,False,45.0,70.64938210427349,37.5,22.02266081534094,22.7,15.781859835580521
7,2020-03-18 13:40:00,full_signal,5,False,16.0,77.52748247022969,7.5,22.825678675766458,12.0,17.30963835979229
7,2020-03-19 10:30:00,full_signal,5,False,56.5,51.24646222871388,8.0,15.697722548285984,2.5,8.082410254611363
7,2020-03-19 13:45:00,full_signal,5,False,69.2,72.62178651034522,15.4,21.028115840290834,7.6,16.876429548910252
7,2020-03-19 19:05:00,full_signal,5,False,33.1,58.77599831785753,22.200000000000003,28.99770964887532,12.2,13.141104776359764
7,2020-03-20 10:00:00,full_signal,5,False,71.2,91.41175479784798,15.4,20.89331641482172,7.6,19.79695702594036
7,2020-03-21 06:00:00,full_signal,5,False,56.5,86.65928019640882,8.0,13.474315709126662,2.5,16.12113322148225
7,2020-03-17 16:15:00,full_signal,6,False,45.0,58.807686023662164,37.5,29.307923054813763,22.7,13.19870766058585
7,2020-03-18 13:40:00,full_signal,6,False,16.0,72.12904989413674,7.5,21.100692706249617,12.0,16.75347975321468
7,2020-03-19 10:30:00,full_signal,6,False,56.5,87.24639161000567,8.0,13.4934564886752,2.5,16.21864776899146
7,2020-03-19 13:45:00,full_signal,6,False,69.2,72.00175555699361,15.4,23.6781514795764,7.6,16.88661402319877
7,2020-03-19 19:05:00,full_signal,6,False,33.1,77.24294659834982,22.200000000000003,21.669840189251342,12.2,16.491238401243145
7,2020-03-20 10:00:00,full_signal,6,False,71.2,52.37422727024195,15.4,15.119468745659274,7.6,8.450697834495971
7,2020-03-21 06:00:00,full_signal,6,False,56.5,91.18188558941229,8.0,21.54160132947686,2.5,19.609867051436282
7,2020-03-17 16:15:00,full_signal,7,False,45.0,75.72592382423734,37.5,21.467148700015667,22.7,15.608850145937428
7,2020-03-18 13:40:00,full_signal,7,False,16.0,57.59526726767186,7.5,28.14378896565176,12.0,12.800597759769142
7,2020-03-19 10:30:00,full_signal,7,False,56.5,87.24639161000567,8.0,13.4934564886752,2.5,16.21864776899146
7,2020-03-19 13:45:00,full_signal,7,False,69.2,72.00175555699361,15.4,23.6781514795764,7.6,16.88661402319877
7,2020-03-19 19:05:00,full_signal,7,False,33.1,71.48144512666839,22.200000000000003,20.47118503714891,12.2,16.66148875041615
7,2020-03-20 10:00:00,full_signal,7,False,71.2,91.41175479784798,15.4,20.89331641482172,7.6,19.79695702594036
7,2020-03-21 06:00:00,full_signal,7,False,56.5,50.67375995663596,8.0,15.86306963392111,2.5,7.883259144860457
7,2020-03-17 16:15:00,full_signal,8,False,45.0,52.03080424886003,37.5,18.055102969393815,22.7,8.318333588691669
7,2020-03-18 13:40:00,full_signal,8,False,16.0,72.12904989413674,7.5,21.100692706249617,12.0,16.75347975321468
7,2020-03-19 10:30:00,full_signal,8,False,56.5,58.1440858206609,8.0,29.07382439425503,2.5,12.977961600540572
7,2020-03-19 13:45:00,full_signal,8,False,69.2,87.10002128470364,15.4,13.95556580295075,7.6,16.29666116468312
7,2020-03-19 19:05:00,full_signal,8,False,33.1,91.70781624588862,22.200000000000003,20.355396146411522,12.2,19.956402563662394
7,2020-03-20 10:00:00,full_signal,8,False,71.2,71.87146940572397,15.4,23.26755926727854,7.6,16.703138277069094
7,2020-03-21 06:00:00,full_signal,8,False,56.5,76.56522858045511,8.0,21.442158258474514,2.5,16.554905221163242
7,2020-03-17 16:15:00,full_signal,9,False,45.0,75.72592382423734,37.5,21.467148700015667,22.7,15.608850145937428
7,2020-03-18 13:40:00,full_signal,9,False,16.0,72.12904989413674,7.5,21.100692706249617,12.0,16.75347975321468
7,2020-03-19 10:30:00,full_signal,9,False,56.5,58.1440858206609,8.0,29.07382439425503,2.5,12.977961600540572
7,2020-03-19 13:45:00,full_signal,9,False,69.2,87.10002128470364,15.4,13.95556580295075,7.6,16.29666116468312
7,2020-03-19 19:05:00,full_signal,9,False,33.1,51.4560527601445,22.200000000000003,16.45079364596187,12.2,8.14414631445872
7,2020-03-20 10:00:00,full_signal,9,False,71.2,71.87146940572397,15.4,23.26755926727854,7.6,16.703138277069094
7,2020-03-21 06:00:00,full_signal,9,False,56.5,91.18188558941229,8.0,21.54160132947686,2.5,19.609867051436282
7,2020-03-17 16:15:00,full_signal,10,False,45.0,70.53049668824902,37.5,20.676172987233283,22.7,16.356675272805727
7,2020-03-18 13:40:00,full_signal,10,False,16.0,77.52748247022969,7.5,22.825678675766458,12.0,17.30963835979229
7,2020-03-19 10:30:00,full_signal,10,False,56.5,91.55848760848878,8.0,20.608429059401114,2.5,19.778657711147037
7,2020-03-19 13:45:00,full_signal,10,False,69.2,72.00175555699361,15.4,23.6781514795764,7.6,16.88661402319877
7,2020-03-19 19:05:00,full_signal,10,False,33.1,86.87266359415545,22.200000000000003,13.519264478359531,12.2,16.052902286499673
7,2020-03-20 10:00:00,full_signal,10,False,71.2,57.78443467317075,15.4,28.104520585462687,7.6,12.81225353352554
7,2020-03-21 06:00:00,full_signal,10,False,56.5,50.67375995663596,8.0,15.86306963392111,2.5,7.883259144860457
7,2020-03-17 16:15:00,full_signal,11,False,45.0,85.72212093752276,37.5,13.369946737429345,22.7,15.522474037678778
7,2020-03-18 13:40:00,full_signal,11,False,16.0,91.17590170193563,7.5,21.616993229920652,12.0,19.594200935886768
7,2020-03-19 10:30:00,full_signal,11,False,56.5,77.45738447962098,8.0,21.921875827072355,2.5,16.95269039309447
7,2020-03-19 13:45:00,full_signal,11,False,69.2,72.62178651034522,15.4,21.028115840290834,7.6,16.876429548910252
7,2020-03-19 19:05:00,full_signal,11,False,33.1,58.77599831785753,22.200000000000003,28.99770964887532,12.2,13.141104776359764
7,2020-03-20 10:00:00,full_signal,11,False,71.2,52.37422727024195,15.4,15.119468745659274,7.6,8.450697834495971
7,2020-03-21 06:00:00,full_signal,11,False,56.5,71.23870470830545,8.0,22.368477999682387,2.5,16.228322198913776
7,2020-03-17 16:15:00,full_signal,12,False,45.0,70.64938210427349,37.5,22.02266081534094,22.7,15.781859835580521
7,2020-03-18 13:40:00,full_signal,12,False,16.0,52.178223565412466,7.5,15.162383328285044,12.0,8.44095830822819
7,2020-03-19 10:30:00,full_signal,12,False,56.5,58.1440858206609,8.0,29.07382439425503,2.5,12.977961600540572
7,2020-03-19 13:45:00,full_signal,12,False,69.2,77.62064774586727,15.4,22.971753323521238,7.6,17.262709891413145
7,2020-03-19 19:05:00,full_signal,12,False,33.1,86.87266359415545,22.200000000000003,13.519264478359531,12.2,16.052902286499673
7,2020-03-20 10:00:00,full_signal,12,False,71.2,91.41175479784798,15.4,20.89331641482172,7.6,19.79695702594036
7,2020-03-21 06:00:00,full_signal,12,False,56.5,71.378623030465,8.0,20.365491407839457,2.5,16.64819763542336
7,2020-03-17 16:15:00,full_signal,13,False,45.0,70.53049668824902,37.5,20.676172987233283,22.7,16.356675272805727
7,2020-03-18 13:40:00,full_signal,13,False,16.0,57.59526726767186,7.5,28.14378896565176,12.0,12.800597759769142
7,2020-03-19 10:30:00,full_signal,13,False,56.5,71.39582074642601,8.0,22.23613782239579,2.5,16.227723433700003
7,2020-03-19 13:45:00,full_signal,13,False,69.2,77.62064774586727,15.4,22.971753323521238,7.6,17.262709891413145
7,2020-03-19 19:05:00,full_signal,13,False,33.1,86.87266359415545,22.200000000000003,13.519264478359531,12.2,16.052902286499673
7,2020-03-20 10:00:00,full_signal,13,False,71.2,52.37422727024195,15.4,15.119468745659274,7.6,8.450697834495971
7,2020-03-21 06:00:00,full_signal,13,False,56.5,91.18188558941229,8.0,21.54160132947686,2.5,19.609867051436282
7,2020-03-17 16:15:00,full_signal,14,False,45.0,70.53049668824902,37.5,20.676172987233283,22.7,16.356675272805727
7,2020-03-18 13:40:00,full_signal,14,False,16.0,57.59526726767186,7.5,28.14378896565176,12.0,12.800597759769142
7,2020-03-19 10:30:00,full_signal,14,False,56.5,91.55848760848878,8.0,20.608429059401114,2.5,19.778657711147037
7,2020-03-19 13:45:00,full_signal,14,False,69.2,77.62064774586727,15.4,22.971753323521238,7.6,17.262709891413145
7,2020-03-19 19:05:00,full_signal,14,False,33.1,51.4560527601445,22.200000000000003,16.45079364596187,12.2,8.14414631445872
7,2020-03-20 10:00:00,full_signal,14,False,71.2,87.23754148469583,15.4,13.73112380833902,7.6,16.272901612849225
7,2020-03-21 06:00:00,full_signal,14,False,56.5,71.23870470830545,8.0,22.368477999682387,2.5,16.228322198913776
7,2020-03-17 16:15:00,full_signal,15,False,45.0,70.64938210427349,37.5,22.02266081534094,22.7,15.781859835580521
7,2020-03-18 13:40:00,full_signal,15,False,16.0,77.52748247022969,7.5,22.825678675766458,12.0,17.30963835979229
7,2020-03-19 10:30:00,full_signal,15,False,56.5,51.24646222871388,8.0,15.697722548285984,2.5,8.082410254611363
7,2020-03-19 13:45:00,full_signal,15,False,69.2,91.1997453551719,15.4,21.59164207795326,7.6,19.55818537351443
7,2020-03-19 19:05:00,full_signal,15,False,33.1,71.48144512666839,22.200000000000003,20.47118503714891,12.2,16.66148875041615
7,2020-03-20 10:00:00,full_signal,15,False,71.2,87.23754148469583,15.4,13.73112380833902,7.6,16.272901612849225
7,2020-03-21 06:00:00,full_signal,15,False,56.5,57.79381234965558,8.0,29.203068931427417,2.5,12.947729080731648
7,2020-03-17 16:15:00,full_signal,16,False,45.0,85.72212093752276,37.5,13.369946737429345,22.7,15.522474037678778
7,2020-03-18 13:40:00,full_signal,16,False,16.0,72.12904989413674,7.5,21.100692706249617,12.0,16.75347975321468
7,2020-03-19 10:30:00,full_signal,16,False,56.5,58.1440858206609,8.0,29.07382439425503,2.5,12.977961600540572
7,2020-03-19 13:45:00,full_signal,16,False,69.2,72.00175555699361,15.4,23.6781514795764,7.6,16.88661402319877
7,2020-03-19 19:05:00,full_signal,16,False,33.1,91.70781624588862,22.200000000000003,20.355396146411522,12.2,19.956402563662394
7,2020-03-20 10:00:00,full_signal,16,False,71.2,52.37422727024195,15.4,15.119468745659274,7.6,8.450697834495971
7,2020-03-21 06:00:00,full_signal,16,False,56.5,76.56522858045511,8.0,21.442158258474514,2.5,16.554905221163242
7,2020-03-17 16:15:00,full_signal,17,False,45.0,52.03080424886003,37.5,18.055102969393815,22.7,8.318333588691669
7,2020-03-18 13:40:00,full_signal,17,False,16.0,87.06905412923359,7.5,13.763111539405884,12.0,16.26024125220726
7,2020-03-19 10:30:00,full_signal,17,False,56.5,58.1440858206609,8.0,29.07382439425503,2.5,12.977961600540572
7,2020-03-19 13:45:00,full_signal,17,False,69.2,72.00175555699361,15.4,23.6781514795764,7.6,16.88661402319877
7,2020-03-19 19:05:00,full_signal,17,False,33.1,71.48144512666839,22.200000000000003,20.47118503714891,12.2,16.66148875041615
7,2020-03-20 10:00:00,full_signal,17,False,71.2,91.41175479784798,15.4,20.89331641482172,7.6,19.79695702594036
7,2020-03-21 06:00:00,full_signal,17,False,56.5,76.56522858045511,8.0,21.442158258474514,2.5,16.554905221163242
7,2020-03-17 16:15:00,full_signal,18,False,45.0,70.53049668824902,37.5,20.676172987233283,22.7,16.356675272805727
7,2020-03-18 13:40:00,full_signal,18,False,16.0,77.52748247022969,7.5,22.825678675766458,12.0,17.30963835979229
7,2020-03-19 10:30:00,full_signal,18,False,56.5,58.1440858206609,8.0,29.07382439425503,2.5,12.977961600540572
7,2020-03-19 13:45:00,full_signal,18,False,69.2,91.1997453551719,15.4,21.59164207795326,7.6,19.55818537351443
7,2020-03-19 19:05:00,full_signal,18,False,33.1,51.4560527601445,22.200000000000003,16.45079364596187,12.2,8.14414631445872
7,2020-03-20 10:00:00,full_signal,18,False,71.2,71.87146940572397,15.4,23.26755926727854,7.6,16.703138277069094
7,2020-03-21 06:00:00,full_signal,18,False,56.5,86.65928019640882,8.0,13.474315709126662,2.5,16.12113322148225
7,2020-03-17 16:15:00,full_signal,19,False,45.0,91.50269618320155,37.5,20.403581484490115,22.7,20.241430665734693
7,2020-03-18 13:40:00,full_signal,19,False,16.0,57.59526726767186,7.5,28.14378896565176,12.0,12.800597759769142
7,2020-03-19 10:30:00,full_signal,19,False,56.5,72.21259714869797,8.0,21.023640270236065,2.5,16.843004620412618
7,2020-03-19 13:45:00,full_signal,19,False,69.2,52.80694779454064,15.4,15.389621269325147,7.6,8.653848208688043
7,2020-03-19 19:05:00,full_signal,19,False,33.1,77.24294659834982,22.200000000000003,21.669840189251342,12.2,16.491238401243145
7,2020-03-20 10:00:00,full_signal,19,False,71.2,87.23754148469583,15.4,13.73112380833902,7.6,16.272901612849225
7,2020-03-21 06:00:00,full_signal,19,False,56.5,71.23870470830545,8.0,22.368477999682387,2.5,16.228322198913776
7,2020-03-17 16:15:00,full_signal,20,False,45.0,52.03080424886003,37.5,18.055102969393815,22.7,8.318333588691669
7,2020-03-18 13:40:00,full_signal,20,False,16.0,71.67149987250899,7.5,23.308571640357243,12.0,16.69052885203779
7,2020-03-19 10:30:00,full_signal,20,False,56.5,58.1440858206609,8.0,29.07382439425503,2.5,12.977961600540572
7,2020-03-19 13:45:00,full_signal,20,False,69.2,72.62178651034522,15.4,21.028115840290834,7.6,16.876429548910252
7,2020-03-19 19:05:00,full_signal,20,False,33.1,77.24294659834982,22.200000000000003,21.669840189251342,12.2,16.491238401243145
7,2020-03-20 10:00:00,full_signal,20,False,71.2,91.41175479784798,15.4,20.89331641482172,7.6,19.79695702594036
7,2020-03-21 06:00:00,full_signal,20,False,56.5,86.65928019640882,8.0,13.474315709126662,2.5,16.12113322148225
7,2020-03-17 16:15:00,full_signal,21,False,45.0,75.72592382423734,37.5,21.467148700015667,22.7,15.608850145937428
7,2020-03-18 13:40:00,full_signal,21,False,16.0,91.17590170193563,7.5,21.616993229920652,12.0,19.594200935886768
7,2020-03-19 10:30:00,full_signal,21,False,56.5,71.39582074642601,8.0,22.23613782239579,2.5,16.227723433700003
7,2020-03-19 13:45:00,full_signal,21,False,69.2,52.80694779454064,15.4,15.389621269325147,7.6,8.653848208688043
7,2020-03-19 19:05:00,full_signal,21,False,33.1,71.48144512666839,22.200000000000003,20.47118503714891,12.2,16.66148875041615
7,2020-03-20 10:00:00,full_signal,21,False,71.2,87.23754148469583,15.4,13.73112380833902,7.6,16.272901612849225
7,2020-03-21 06:00:00,full_signal,21,False,56.5,57.79381234965558,8.0,29.203068931427417,2.5,12.947729080731648
7,2020-03-17 16:15:00,full_signal,22,False,45.0,85.72212093752276,37.5,13.369946737429345,22.7,15.522474037678778
7,2020-03-18 13:40:00,full_signal,22,False,16.0,57.59526726767186,7.5,28.14378896565176,12.0,12.800597759769142
7,2020-03-19 10:30:00,full_signal,22,False,56.5,91.55848760848878,8.0,20.608429059401114,2.5,19.778657711147037
7,2020-03-19 13:45:00,full_signal,22,False,69.2,72.00175555699361,15.4,23.6781514795764,7.6,16.88661402319877
7,2020-03-19 19:05:00,full_signal,22,False,33.1,77.24294659834982,22.200000000000003,21.669840189251342,12.2,16.491238401243145
7,2020-03-20 10:00:00,full_signal,22,False,71.2,52.37422727024195,15.4,15.119468745659274,7.6,8.450697834495971
7,2020-03-21 06:00:00,full_signal,22,False,56.5,71.378623030465,8.0,20.365491407839457,2.5,16.64819763542336
7,2020-03-17 16:15:00,full_signal,23,False,45.0,85.72212093752276,37.5,13.369946737429345,22.7,15.522474037678778
7,2020-03-18 13:40:00,full_signal,23,False,16.0,71.67149987250899,7.5,23.308571640357243,12.0,16.69052885203779
7,2020-03-19 10:30:00,full_signal,23,False,56.5,51.24646222871388,8.0,15.697722548285984,2.5,8.082410254611363
7,2020-03-19 13:45:00,full_signal,23,False,69.2,72.62178651034522,15.4,21.028115840290834,7.6,16.876429548910252
7,2020-03-19 19:05:00,full_signal,23,False,33.1,91.70781624588862,22.200000000000003,20.355396146411522,12.2,19.956402563662394
7,2020-03-20 10:00:00,full_signal,23,False,71.2,57.78443467317075,15.4,28.104520585462687,7.6,12.81225353352554
7,2020-03-21 06:00:00,full_signal,23,False,56.5,76.56522858045511,8.0,21.442158258474514,2.5,16.554905221163242
7,2020-03-17 16:15:00,full_signal,24,False,45.0,52.03080424886003,37.5,18.055102969393815,22.7,8.318333588691669
7,2020-03-18 13:40:00,full_signal,24,False,16.0,91.17590170193563,7.5,21.616993229920652,12.0,19.594200935886768
7,2020-03-19 10:30:00,full_signal,24,False,56.5,87.24639161000567,8.0,13.4934564886752,2.5,16.21864776899146
7,2020-03-19 13:45:00,full_signal,24,False,69.2,57.58010356348932,15.4,27.24926832542474,7.6,12.794127487211277
7,2020-03-19 19:05:00,full_signal,24,False,33.1,77.24294659834982,22.200000000000003,21.669840189251342,12.2,16.491238401243145
7,2020-03-20 10:00:00,full_signal,24,False,71.2,72.47632201892664,15.4,21.03692905859556,7.6,16.816793885062335
7,2020-03-21 06:00:00,full_signal,24,False,56.5,71.23870470830545,8.0,22.368477999682387,2.5,16.228322198913776
7,2020-03-17 16:15:00,full_signal,25,False,45.0,91.50269618320155,37.5,20.403581484490115,22.7,20.241430665734693
7,2020-03-18 13:40:00,full_signal,25,False,16.0,52.178223565412466,7.5,15.162383328285044,12.0,8.44095830822819
7,2020-03-19 10:30:00,full_signal,25,False,56.5,77.45738447962098,8.0,21.921875827072355,2.5,16.95269039309447
7,2020-03-19 13:45:00,full_signal,25,False,69.2,72.00175555699361,15.4,23.6781514795764,7.6,16.88661402319877
7,2020-03-19 19:05:00,full_signal,25,False,33.1,58.77599831785753,22.200000000000003,28.99770964887532,12.2,13.141104776359764
7,2020-03-20 10:00:00,full_signal,25,False,71.2,87.23754148469583,15.4,13.73112380833902,7.6,16.272901612849225
7,2020-03-21 06:00:00,full_signal,25,False,56.5,71.378623030465,8.0,20.365491407839457,2.5,16.64819763542336
7,2020-03-17 16:15:00,full_signal,26,False,45.0,85.72212093752276,37.5,13.369946737429345,22.7,15.522474037678778
7,2020-03-18 13:40:00,full_signal,26,False,16.0,72.12904989413674,7.5,21.100692706249617,12.0,16.75347975321468
7,2020-03-19 10:30:00,full_signal,26,False,56.5,51.24646222871388,8.0,15.697722548285984,2.5,8.082410254611363
7,2020-03-19 13:45:00,full_signal,26,False,69.2,57.58010356348932,15.4,27.24926832542474,7.6,12.794127487211277
7,2020-03-19 19:05:00,full_signal,26,False,33.1,77.24294659834982,22.200000000000003,21.669840189251342,12.2,16.491238401243145
7,2020-03-20 10:00:00,full_signal,26,False,71.2,71.87146940572397,15.4,23.26755926727854,7.6,16.703138277069094
7,2020-03-21 06:00:00,full_signal,26,False,56.5,91.18188558941229,8.0,21.54160132947686,2.5,19.609867051436282
7,2020-03-17 16:15:00,full_signal,27,False,45.0,75.72592382423734,37.5,21.467148700015667,22.7,15.608850145937428
7,2020-03-18 13:40:00,full_signal,27,False,16.0,87.06905412923359,7.5,13.763111539405884,12.0,16.26024125220726
7,2020-03-19 10:30:00,full_signal,27,False,56.5,91.55848760848878,8.0,20.608429059401114,2.5,19.778657711147037
7,2020-03-19 13:45:00,full_signal,27,False,69.2,72.62178651034522,15.4,21.028115840290834,7.6,16.876429548910252
7,2020-03-19 19:05:00,full_signal,27,False,33.1,51.4560527601445,22.200000000000003,16.45079364596187,12.2,8.14414631445872
7,2020-03-20 10:00:00,full_signal,27,False,71.2,57.78443467317075,15.4,28.104520585462687,7.6,12.81225353352554
7,2020-03-21 06:00:00,full_signal,27,False,56.5,71.23870470830545,8.0,22.368477999682387,2.5,16.228322198913776
7,2020-03-17 16:15:00,full_signal,28,False,45.0,70.53049668824902,37.5,20.676172987233283,22.7,16.356675272805727
7,2020-03-18 13:40:00,full_signal,28,False,16.0,77.52748247022969,7.5,22.825678675766458,12.0,17.30963835979229
7,2020-03-19 10:30:00,full_signal,28,False,56.5,71.39582074642601,8.0,22.23613782239579,2.5,16.227723433700003
7,2020-03-19 13:45:00,full_signal,28,False,69.2,57.58010356348932,15.4,27.24926832542474,7.6,12.794127487211277
7,2020-03-19 19:05:00,full_signal,28,False,33.1,86.87266359415545,22.200000000000003,13.519264478359531,12.2,16.052902286499673
7,2020-03-20 10:00:00,full_signal,28,False,71.2,52.37422727024195,15.4,15.119468745659274,7.6,8.450697834495971
7,2020-03-21 06:00:00,full_signal,28,False,56.5,91.18188558941229,8.0,21.54160132947686,2.5,19.609867051436282
7,2020-03-17 16:15:00,full_signal,29,False,45.0,85.72212093752276,37.5,13.369946737429345,22.7,15.522474037678778
7,2020-03-18 13:40:00,full_signal,29,False,16.0,71.67149987250899,7.5,23.308571640357243,12.0,16.69052885203779
7,2020-03-19 10:30:00,full_signal,29,False,56.5,58.1440858206609,8.0,29.07382439425503,2.5,12.977961600540572
7,2020-03-19 13:45:00,full_signal,29,False,69.2,77.62064774586727,15.4,22.971753323521238,7.6,17.262709891413145
7,2020-03-19 19:05:00,full_signal,29,False,33.1,51.4560527601445,22.200000000000003,16.45079364596187,12.2,8.14414631445872
7,2020-03-20 10:00:00,full_signal,29,False,71.2,72.47632201892664,15.4,21.03692905859556,7.6,16.816793885062335
7,2020-03-21 06:00:00,full_signal,29,False,56.5,91.18188558941229,8.0,21.54160132947686,2.5,19.609867051436282
7,2020-03-17 16:15:00,full_signal,30,False,45.0,70.64938210427349,37.5,22.02266081534094,22.7,15.781859835580521
7,2020-03-18 13:40:00,full_signal,30,False,16.0,57.59526726767186,7.5,28.14378896565176,12.0,12.800597759769142
7,2020-03-19 10:30:00,full_signal,30,False,56.5,91.55848760848878,8.0,20.608429059401114,2.5,19.778657711147037
7,2020-03-19 13:45:00,full_signal,30,False,69.2,72.62178651034522,15.4,21.028115840290834,7.6,16.876429548910252
7,2020-03-19 19:05:00,full_signal,30,False,33.1,51.4560527601445,22.200000000000003,16.45079364596187,12.2,8.14414631445872
7,2020-03-20 10:00:00,full_signal,30,False,71.2,87.23754148469583,15.4,13.73112380833902,7.6,16.272901612849225
7,2020-03-21 06:00:00,full_signal,30,False,56.5,76.56522858045511,8.0,21.442158258474514,2.5,16.554905221163242
7,2020-03-17 16:15:00,full_signal,31,False,45.0,52.03080424886003,37.5,18.055102969393815,22.7,8.318333588691669
7,2020-03-18 13:40:00,full_signal,31,False,16.0,91.17590170193563,7.5,21.616993229920652,12.0,19.594200935886768
7,2020-03-19 10:30:00,full_signal,31,False,56.5,87.24639161000567,8.0,13.4934564886752,2.5,16.21864776899146
7,2020-03-19 13:45:00,full_signal,31,False,69.2,57.58010356348932,15.4,27.24926832542474,7.6,12.794127487211277
7,2020-03-19 19:05:00,full_signal,31,False,33.1,77.24294659834982,22.200000000000003,21.669840189251342,12.2,16.491238401243145
7,2020-03-20 10:00:00,full_signal,31,False,71.2,72.47632201892664,15.4,21.03692905859556,7.6,16.816793885062335
7,2020-03-21 06:00:00,full_signal,31,False,56.5,71.23870470830545,8.0,22.368477999682387,2.5,16.228322198913776
7,2020-03-17 16:15:00,full_signal,32,False,45.0,70.53049668824902,37.5,20.676172987233283,22.7,16.356675272805727
7,2020-03-18 13:40:00,full_signal,32,False,16.0,77.52748247022969,7.5,22.825678675766458,12.0,17.30963835979229
7,2020-03-19 10:30:00,full_signal,32,False,56.5,71.39582074642601,8.0,22.23613782239579,2.5,16.227723433700003
7,2020-03-19 13:45:00,full_signal,32,False,69.2,57.58010356348932,15.4,27.24926832542474,7.6,12.794127487211277
7,2020-03-19 19:05:00,full_signal,32,False,33.1,51.4560527601445,22.200000000000003,16.45079364596187,12.2,8.14414631445872
7,2020-03-20 10:00:00,full_signal,32,False,71.2,91.41175479784798,15.4,20.89331641482172,7.6,19.79695702594036
7,2020-03-21 06:00:00,full_signal,32,False,56.5,86.65928019640882,8.0,13.474315709126662,2.5,16.12113322148225
7,2020-03-17 16:15:00,full_signal,33,False,45.0,58.807686023662164,37.5,29.307923054813763,22.7,13.19870766058585
7,2020-03-18 13:40:00,full_signal,33,False,16.0,77.52748247022969,7.5,22.825678675766458,12.0,17.30963835979229
7,2020-03-19 10:30:00,full_signal,33,False,56.5,51.24646222871388,8.0,15.697722548285984,2.5,8.082410254611363
7,2020-03-19 13:45:00,full_signal,33,False,69.2,87.10002128470364,15.4,13.95556580295075,7.6,16.29666116468312
7,2020-03-19 19:05:00,full_signal,33,False,33.1,91.70781624588862,22.200000000000003,20.355396146411522,12.2,19.956402563662394
7,2020-03-20 10:00:00,full_signal,33,False,71.2,72.47632201892664,15.4,21.03692905859556,7.6,16.816793885062335
7,2020-03-21 06:00:00,full_signal,33,False,56.5,71.23870470830545,8.0,22.368477999682387,2.5,16.228322198913776
7,2020-03-17 16:15:00,full_signal,34,False,45.0,52.03080424886003,37.5,18.055102969393815,22.7,8.318333588691669
7,2020-03-18 13:40:00,full_signal,34,False,16.0,91.17590170193563,7.5,21.616993229920652,12.0,19.594200935886768
7,2020-03-19 10:30:00,full_signal,34,False,56.5,72.21259714869797,8.0,21.023640270236065,2.5,16.843004620412618
7,2020-03-19 13:45:00,full_signal,34,False,69.2,77.62064774586727,15.4,22.971753323521238,7.6,17.262709891413145
7,2020-03-19 19:05:00,full_signal,34,False,33.1,71.3624484422489,22.200000000000003,21.795895911285104,12.2,15.892749206209869
7,2020-03-20 10:00:00,full_signal,34,False,71.2,87.23754148469583,15.4,13.73112380833902,7.6,16.272901612849225
7,2020-03-21 06:00:00,full_signal,34,False,56.5,57.79381234965558,8.0,29.203068931427417,2.5,12.947729080731648
7,2020-03-17 16:15:00,full_signal,35,False,45.0,85.72212093752276,37.5,13.369946737429345,22.7,15.522474037678778
7,2020-03-18 13:40:00,full_signal,35,False,16.0,57.59526726767186,7.5,28.14378896565176,12.0,12.800597759769142
7,2020-03-19 10:30:00,full_signal,35,False,56.5,77.45738447962098,8.0,21.921875827072355,2.5,16.95269039309447
7,2020-03-19 13:45:00,full_signal,35,False,69.2,72.62178651034522,15.4,21.028115840290834,7.6,16.876429548910252
7,2020-03-19 19:05:00,full_signal,35,False,33.1,71.3624484422489,22.200000000000003,21.795895911285104,12.2,15.892749206209869
7,2020-03-20 10:00:00,full_signal,35,False,71.2,52.37422727024195,15.4,15.119468745659274,7.6,8.450697834495971
7,2020-03-21 06:00:00,full_signal,35,False,56.5,91.18188558941229,8.0,21.54160132947686,2.5,19.609867051436282
7,2020-03-17 16:15:00,full_signal,36,False,45.0,70.64938210427349,37.5,22.02266081534094,22.7,15.781859835580521
7,2020-03-18 13:40:00,full_signal,36,False,16.0,72.12904989413674,7.5,21.100692706249617,12.0,16.75347975321468
7,2020-03-19 10:30:00,full_signal,36,False,56.5,77.45738447962098,8.0,21.921875827072355,2.5,16.95269039309447
7,2020-03-19 13:45:00,full_signal,36,False,69.2,87.10002128470364,15.4,13.95556580295075,7.6,16.29666116468312
7,2020-03-19 19:05:00,full_signal,36,False,33.1,58.77599831785753,22.200000000000003,28.99770964887532,12.2,13.141104776359764
7,2020-03-20 10:00:00,full_signal,36,False,71.2,91.41175479784798,15.4,20.89331641482172,7.6,19.79695702594036
7,2020-03-21 06:00:00,full_signal,36,False,56.5,50.67375995663596,8.0,15.86306963392111,2.5,7.883259144860457
7,2020-03-17 16:15:00,full_signal,37,False,45.0,52.03080424886003,37.5,18.055102969393815,22.7,8.318333588691669
7,2020-03-18 13:40:00,full_signal,37,False,16.0,71.67149987250899,7.5,23.308571640357243,12.0,16.69052885203779
7,2020-03-19 10:30:00,full_signal,37,False,56.5,87.24639161000567,8.0,13.4934564886752,2.5,16.21864776899146
7,2020-03-19 13:45:00,full_signal,37,False,69.2,91.1997453551719,15.4,21.59164207795326,7.6,19.55818537351443
7,2020-03-19 19:05:00,full_signal,37,False,33.1,71.48144512666839,22.200000000000003,20.47118503714891,12.2,16.66148875041615
7,2020-03-20 10:00:00,full_signal,37,False,71.2,57.78443467317075,15.4,28.104520585462687,7.6,12.81225353352554
7,2020-03-21 06:00:00,full_signal,37,False,56.5,76.56522858045511,8.0,21.442158258474514,2.5,16.554905221163242
7,2020-03-17 16:15:00,full_signal,38,False,45.0,70.64938210427349,37.5,22.02266081534094,22.7,15.781859835580521
7,2020-03-18 13:40:00,full_signal,38,False,16.0,52.178223565412466,7.5,15.162383328285044,12.0,8.44095830822819
7,2020-03-19 10:30:00,full_signal,38,False,56.5,58.1440858206609,8.0,29.07382439425503,2.5,12.977961600540572
7,2020-03-19 13:45:00,full_signal,38,False,69.2,72.62178651034522,15.4,21.028115840290834,7.6,16.876429548910252
7,2020-03-19 19:05:00,full_signal,38,False,33.1,91.70781624588862,22.200000000000003,20.355396146411522,12.2,19.956402563662394
7,2020-03-20 10:00:00,full_signal,38,False,71.2,87.23754148469583,15.4,13.73112380833902,7.6,16.272901612849225
7,2020-03-21 06:00:00,full_signal,38,False,56.5,76.56522858045511,8.0,21.442158258474514,2.5,16.554905221163242
7,2020-03-17 16:15:00,full_signal,39,False,45.0,91.50269618320155,37.5,20.403581484490115,22.7,20.241430665734693
7,2020-03-18 13:40:00,full_signal,39,False,16.0,52.178223565412466,7.5,15.162383328285044,12.0,8.44095830822819
7,2020-03-19 10:30:00,full_signal,39,False,56.5,77.45738447962098,8.0,21.921875827072355,2.5,16.95269039309447
7,2020-03-19 13:45:00,full_signal,39,False,69.2,87.10002128470364,15.4,13.95556580295075,7.6,16.29666116468312
7,2020-03-19 19:05:00,full_signal,39,False,33.1,58.77599831785753,22.200000000000003,28.99770964887532,12.2,13.141104776359764
7,2020-03-20 10:00:00,full_signal,39,False,71.2,72.47632201892664,15.4,21.03692905859556,7.6,16.816793885062335
7,2020-03-21 06:00:00,full_signal,39,False,56.5,71.23870470830545,8.0,22.368477999682387,2.5,16.228322198913776
7,2020-03-17 16:15:00,full_signal,40,False,45.0,70.53049668824902,37.5,20.676172987233283,22.7,16.356675272805727
7,2020-03-18 13:40:00,full_signal,40,False,16.0,71.67149987250899,7.5,23.308571640357243,12.0,16.69052885203779
7,2020-03-19 10:30:00,full_signal,40,False,56.5,91.55848760848878,8.0,20.608429059401114,2.5,19.778657711147037
7,2020-03-19 13:45:00,full_signal,40,False,69.2,57.58010356348932,15.4,27.24926832542474,7.6,12.794127487211277
7,2020-03-19 19:05:00,full_signal,40,False,33.1,77.24294659834982,22.200000000000003,21.669840189251342,12.2,16.491238401243145
7,2020-03-20 10:00:00,full_signal,40,False,71.2,87.23754148469583,15.4,13.73112380833902,7.6,16.272901612849225
7,2020-03-21 06:00:00,full_signal,40,False,56.5,50.67375995663596,8.0,15.86306963392111,2.5,7.883259144860457
7,2020-03-17 16:15:00,full_signal,41,False,45.0,52.03080424886003,37.5,18.055102969393815,22.7,8.318333588691669
7,2020-03-18 13:40:00,full_signal,41,False,16.0,77.52748247022969,7.5,22.825678675766458,12.0,17.30963835979229
7,2020-03-19 10:30:00,full_signal,41,False,56.5,58.1440858206609,8.0,29.07382439425503,2.5,12.977961600540572
7,2020-03-19 13:45:00,full_signal,41,False,69.2,72.62178651034522,15.4,21.028115840290834,7.6,16.876429548910252
7,2020-03-19 19:05:00,full_signal,41,False,33.1,71.3624484422489,22.200000000000003,21.795895911285104,12.2,15.892749206209869
7,2020-03-20 10:00:00,full_signal,41,False,71.2,87.23754148469583,15.4,13.73112380833902,7.6,16.272901612849225
7,2020-03-21 06:00:00,full_signal,41,False,56.5,91.18188558941229,8.0,21.54160132947686,2.5,19.609867051436282
7,2020-03-17 16:15:00,full_signal,42,False,45.0,70.53049668824902,37.5,20.676172987233283,22.7,16.356675272805727
7,2020-03-18 13:40:00,full_signal,42,False,16.0,77.52748247022969,7.5,22.825678675766458,12.0,17.30963835979229
7,2020-03-19 10:30:00,full_signal,42,False,56.5,91.55848760848878,8.0,20.608429059401114,2.5,19.778657711147037
7,2020-03-19 13:45:00,full_signal,42,False,69.2,72.00175555699361,15.4,23.6781514795764,7.6,16.88661402319877
7,2020-03-19 19:05:00,full_signal,42,False,33.1,51.4560527601445,22.200000000000003,16.45079364596187,12.2,8.14414631445872
7,2020-03-20 10:00:00,full_signal,42,False,71.2,87.23754148469583,15.4,13.73112380833902,7.6,16.272901612849225
7,2020-03-21 06:00:00,full_signal,42,False,56.5,57.79381234965558,8.0,29.203068931427417,2.5,12.947729080731648
7,2020-03-17 16:15:00,full_signal,43,False,45.0,85.72212093752276,37.5,13.369946737429345,22.7,15.522474037678778
7,2020-03-18 13:40:00,full_signal,43,False,16.0,57.59526726767186,7.5,28.14378896565176,12.0,12.800597759769142
7,2020-03-19 10:30:00,full_signal,43,False,56.5,71.39582074642601,8.0,22.23613782239579,2.5,16.227723433700003
7,2020-03-19 13:45:00,full_signal,43,False,69.2,77.62064774586727,15.4,22.971753323521238,7.6,17.262709891413145
7,2020-03-19 19:05:00,full_signal,43,False,33.1,91.70781624588862,22.200000000000003,20.355396146411522,12.2,19.956402563662394
7,2020-03-20 10:00:00,full_signal,43,False,71.2,72.47632201892664,15.4,21.03692905859556,7.6,16.816793885062335
7,2020-03-21 06:00:00,full_signal,43,False,56.5,50.67375995663596,8.0,15.86306963392111,2.5,7.883259144860457
7,2020-03-17 16:15:00,full_signal,44,False,45.0,91.50269618320155,37.5,20.403581484490115,22.7,20.241430665734693
7,2020-03-18 13:40:00,full_signal,44,False,16.0,71.67149987250899,7.5,23.308571640357243,12.0,16.69052885203779
7,2020-03-19 10:30:00,full_signal,44,False,56.5,58.1440858206609,8.0,29.07382439425503,2.5,12.977961600540572
7,2020-03-19 13:45:00,full_signal,44,False,69.2,52.80694779454064,15.4,15.389621269325147,7.6,8.653848208688043
7,2020-03-19 19:05:00,full_signal,44,False,33.1,71.48144512666839,22.200000000000003,20.47118503714891,12.2,16.66148875041615
7,2020-03-20 10:00:00,full_signal,44,False,71.2,77.72103192015334,15.4,22.787305923100472,7.6,17.32292663036322
7,2020-03-21 06:00:00,full_signal,44,False,56.5,86.65928019640882,8.0,13.474315709126662,2.5,16.12113322148225
7,2020-03-17 16:15:00,full_signal,45,False,45.0,91.50269618320155,37.5,20.403581484490115,22.7,20.241430665734693
7,2020-03-18 13:40:00,full_signal,45,False,16.0,87.06905412923359,7.5,13.763111539405884,12.0,16.26024125220726
7,2020-03-19 10:30:00,full_signal,45,False,56.5,71.39582074642601,8.0,22.23613782239579,2.5,16.227723433700003
7,2020-03-19 13:45:00,full_signal,45,False,69.2,77.62064774586727,15.4,22.971753323521238,7.6,17.262709891413145
7,2020-03-19 19:05:00,full_signal,45,False,33.1,58.77599831785753,22.200000000000003,28.99770964887532,12.2,13.141104776359764
7,2020-03-20 10:00:00,full_signal,45,False,71.2,72.47632201892664,15.4,21.03692905859556,7.6,16.816793885062335
7,2020-03-21 06:00:00,full_signal,45,False,56.5,50.67375995663596,8.0,15.86306963392111,2.5,7.883259144860457
7,2020-03-17 16:15:00,full_signal,46,False,45.0,85.72212093752276,37.5,13.369946737429345,22.7,15.522474037678778
7,2020-03-18 13:40:00,full_signal,46,False,16.0,77.52748247022969,7.5,22.825678675766458,12.0,17.30963835979229
7,2020-03-19 10:30:00,full_signal,46,False,56.5,58.1440858206609,8.0,29.07382439425503,2.5,12.977961600540572
7,2020-03-19 13:45:00,full_signal,46,False,69.2,91.1997453551719,15.4,21.59164207795326,7.6,19.55818537351443
7,2020-03-19 19:05:00,full_signal,46,False,33.1,71.3624484422489,22.200000000000003,21.795895911285104,12.2,15.892749206209869
7,2020-03-20 10:00:00,full_signal,46,False,71.2,52.37422727024195,15.4,15.119468745659274,7.6,8.450697834495971
7,2020-03-21 06:00:00,full_signal,46,False,56.5,71.378623030465,8.0,20.365491407839457,2.5,16.64819763542336
7,2020-03-17 16:15:00,full_signal,47,False,45.0,91.50269618320155,37.5,20.403581484490115,22.7,20.241430665734693
7,2020-03-18 13:40:00,full_signal,47,False,16.0,52.178223565412466,7.5,15.162383328285044,12.0,8.44095830822819
7,2020-03-19 10:30:00,full_signal,47,False,56.5,87.24639161000567,8.0,13.4934564886752,2.5,16.21864776899146
7,2020-03-19 13:45:00,full_signal,47,False,69.2,72.00175555699361,15.4,23.6781514795764,7.6,16.88661402319877
7,2020-03-19 19:05:00,full_signal,47,False,33.1,58.77599831785753,22.200000000000003,28.99770964887532,12.2,13.141104776359764
7,2020-03-20 10:00:00,full_signal,47,False,71.2,72.47632201892664,15.4,21.03692905859556,7.6,16.816793885062335
7,2020-03-21 06:00:00,full_signal,47,False,56.5,76.56522858045511,8.0,21.442158258474514,2.5,16.554905221163242
7,2020-03-17 16:15:00,full_signal,48,False,45.0,70.53049668824902,37.5,20.676172987233283,22.7,16.356675272805727
7,2020-03-18 13:40:00,full_signal,48,False,16.0,77.52748247022969,7.5,22.825678675766458,12.0,17.30963835979229
7,2020-03-19 10:30:00,full_signal,48,False,56.5,51.24646222871388,8.0,15.697722548285984,2.5,8.082410254611363
7,2020-03-19 13:45:00,full_signal,48,False,69.2,87.10002128470364,15.4,13.95556580295075,7.6,16.29666116468312
7,2020-03-19 19:05:00,full_signal,48,False,33.1,91.70781624588862,22.200000000000003,20.355396146411522,12.2,19.956402563662394
7,2020-03-20 10:00:00,full_signal,48,False,71.2,57.78443467317075,15.4,28.104520585462687,7.6,12.81225353352554
7,2020-03-21 06:00:00,full_signal,48,False,56.5,71.23870470830545,8.0,22.368477999682387,2.5,16.228322198913776
7,2020-03-17 16:15:00,full_signal,49,False,45.0,70.53049668824902,37.5,20.676172987233283,22.7,16.356675272805727
7,2020-03-18 13:40:00,full_signal,49,False,16.0,77.52748247022969,7.5,22.825678675766458,12.0,17.30963835979229
7,2020-03-19 10:30:00,full_signal,49,False,56.5,87.24639161000567,8.0,13.4934564886752,2.5,16.21864776899146
7,2020-03-19 13:45:00,full_signal,49,False,69.2,57.58010356348932,15.4,27.24926832542474,7.6,12.794127487211277
7,2020-03-19 19:05:00,full_signal,49,False,33.1,91.70781624588862,22.200000000000003,20.355396146411522,12.2,19.956402563662394
7,2020-03-20 10:00:00,full_signal,49,False,71.2,71.87146940572397,15.4,23.26755926727854,7.6,16.703138277069094
7,2020-03-21 06:00:00,full_signal,49,False,56.5,50.67375995663596,8.0,15.86306963392111,2.5,7.883259144860457
8,2020-03-16 08:56:00,full_signal,-1,False,36.0,51.26588762151753,24.500000000000004,31.710395349527012,40.7,13.623511045793872
8,2020-03-16 14:30:00,full_signal,-1,False,88.0,59.37700718632543,17.3,22.965808885586895,28.4,12.22117834254395
8,2020-03-16 19:00:00,full_signal,-1,False,184.9,48.66811717304651,64.89999999999999,21.52358555344427,66.6,14.149351982876164
8,2020-03-17 09:03:00,full_signal,-1,False,56.5,59.56234675797347,8.0,17.907005510502845,2.5,14.06590713262079
8,2020-03-17 20:15:00,full_signal,-1,False,117.1,59.86498269451491,54.1,23.862449818199398,31.8,16.822193347450153
8,2020-03-18 09:55:00,full_signal,-1,False,27.299999999999997,61.74857734026238,10.3,28.985921238233054,8.8,20.88220699164248
8,2020-03-19 18:25:00,full_signal,-1,False,21.4,56.77178491765513,44.9,22.64524611813884,21.8,14.390685555288544
8,2020-03-20 06:35:00,full_signal,-1,False,27.4,39.73897355181844,22.4,29.490723827519684,25.7,9.865198161808502
8,2020-03-20 11:58:00,full_signal,-1,False,111.0,67.5660772825559,32.0,20.38238580511677,25.499999999999996,15.623247483148294
8,2020-03-21 09:00:00,full_signal,-1,False,56.5,59.59821917863525,8.0,20.826653438839507,2.5,14.508579431361719
8,2020-03-21 13:25:00,full_signal,-1,False,161.0,59.62777522748028,36.099999999999994,21.321255637077016,35.699999999999996,15.044088196406033
8,2020-03-21 17:00:00,full_signal,-1,False,126.3,45.30450475803394,8.5,25.25721946713114,18.9,12.038197593570422
8,2020-03-22 08:50:00,full_signal,-1,False,36.0,60.6104631560162,24.500000000000004,21.03696238976643,40.7,16.870888171874597
8,2020-03-22 14:10:00,full_signal,-1,False,134.0,58.89556196132035,9.0,16.59360251992493,28.0,14.337168280551282
8,2020-03-22 19:00:00,full_signal,-1,False,41.9,58.469736584041016,38.2,29.345191913721365,39.5,12.07890804850316
8,2020-03-16 08:56:00,full_signal,0,False,36.0,59.370829187575886,24.500000000000004,19.495074505880577,40.7,15.029971911281873
8,2020-03-16 14:30:00,full_signal,0,False,88.0,39.84892771825331,17.3,29.999444040451095,28.4,9.724538686415562
8,2020-03-16 19:00:00,full_signal,0,False,184.9,63.2481293850409,64.89999999999999,29.123938134190674,66.6,21.165588643704993
8,2020-03-17 09:03:00,full_signal,0,False,56.5,59.949951005608966,8.0,23.36911677798408,2.5,12.299461801779454
8,2020-03-17 20:15:00,full_signal,0,False,117.1,54.881346077272006,54.1,22.466734747019625,31.8,14.271423466343489
8,2020-03-18 09:55:00,full_signal,0,False,27.299999999999997,60.107879596587416,10.3,24.0742255739888,8.8,16.90942127847229
8,2020-03-19 18:25:00,full_signal,0,False,21.4,49.14392238862086,44.9,22.17811074476425,21.8,14.27784662758844
8,2020-03-20 06:35:00,full_signal,0,False,27.4,59.476036448378615,22.4,21.925790771488035,25.7,15.104480550908992
8,2020-03-20 11:58:00,full_signal,0,False,111.0,52.822993428801375,32.0,31.35813115922103,25.499999999999996,14.556343667910962
8,2020-03-21 09:00:00,full_signal,0,False,56.5,42.28985483631694,8.0,32.90797448209464,2.5,10.733248757771765
8,2020-03-21 13:25:00,full_signal,0,False,161.0,59.0634658660514,36.099999999999994,18.43927744013011,35.699999999999996,13.975677093086981
8,2020-03-21 17:00:00,full_signal,0,False,126.3,59.156276271278074,8.5,18.439923956116434,18.9,12.885675272162084
8,2020-03-22 08:50:00,full_signal,0,False,36.0,60.6104631560162,24.500000000000004,21.03696238976643,40.7,16.870888171874597
8,2020-03-22 14:10:00,full_signal,0,False,134.0,59.712584680694604,9.0,29.90870237124356,28.0,13.110645118116217
8,2020-03-22 19:00:00,full_signal,0,False,41.9,68.65404116647504,38.2,20.85224528207241,39.5,15.173326399297457
8,2020-03-16 08:56:00,full_signal,1,False,36.0,56.62707813844054,24.500000000000004,27.78540090285019,40.7,11.943873978602209
8,2020-03-16 14:30:00,full_signal,1,False,88.0,68.37176313439038,17.3,20.480238812502463,28.4,15.373522037523214
8,2020-03-16 19:00:00,full_signal,1,False,184.9,61.39570299357154,64.89999999999999,20.30415836767496,66.6,15.324992441901045
8,2020-03-17 09:03:00,full_signal,1,False,56.5,53.02356732177547,8.0,32.3875785397771,2.5,14.28429879160987
8,2020-03-17 20:15:00,full_signal,1,False,117.1,40.73582790733525,54.1,34.514370330854554,31.8,11.028404679173534
8,2020-03-18 09:55:00,full_signal,1,False,27.299999999999997,55.08542255752752,10.3,22.535437066351538,8.8,14.283956216898805
8,2020-03-19 18:25:00,full_signal,1,False,21.4,41.65314703343798,44.9,28.68318993915173,21.8,9.688959167952259
8,2020-03-20 06:35:00,full_signal,1,False,27.4,59.97366244283298,22.4,18.069312841062427,25.7,14.378003103694226
8,2020-03-20 11:58:00,full_signal,1,False,111.0,58.75286614275936,32.0,22.70737210201329,25.499999999999996,12.41528268933265
8,2020-03-21 09:00:00,full_signal,1,False,56.5,49.19589686609133,8.0,22.245100568592026,2.5,14.361811779246283
8,2020-03-21 13:25:00,full_signal,1,False,161.0,58.98367710033784,36.099999999999994,23.935063756130198,35.699999999999996,16.169044689405567
8,2020-03-21 17:00:00,full_signal,1,False,126.3,57.31466811732183,8.5,19.73580586791497,18.9,13.795370368564365
8,2020-03-22 08:50:00,full_signal,1,False,36.0,60.6104631560162,24.500000000000004,21.03696238976643,40.7,16.870888171874597
8,2020-03-22 14:10:00,full_signal,1,False,134.0,62.00201886019708,9.0,29.82629646600936,28.0,20.8845300853448
8,2020-03-22 19:00:00,full_signal,1,False,41.9,58.627260975366944,38.2,18.280303068536423,39.5,13.932542183776647
8,2020-03-16 08:56:00,full_signal,2,False,36.0,59.29514669517187,24.500000000000004,18.19741883344993,40.7,13.999595364637395
8,2020-03-16 14:30:00,full_signal,2,False,88.0,53.05349437612344,17.3,31.920797162838966,28.4,14.163662339651772
8,2020-03-16 19:00:00,full_signal,2,False,184.9,48.66811717304651,64.89999999999999,21.52358555344427,66.6,14.149351982876164
8,2020-03-17 09:03:00,full_signal,2,False,56.5,58.15234927072282,8.0,29.08626720118312,2.5,12.14830079440574
8,2020-03-17 20:15:00,full_signal,2,False,117.1,38.565640382846055,54.1,31.343794789639084,31.8,9.521801587767015
8,2020-03-18 09:55:00,full_signal,2,False,27.299999999999997,61.74857734026238,10.3,28.985921238233054,8.8,20.88220699164248
8,2020-03-19 18:25:00,full_signal,2,False,21.4,42.64378318020698,44.9,32.00237262473344,21.8,10.78588854319271
8,2020-03-20 06:35:00,full_signal,2,False,27.4,57.92874876469635,22.4,20.577747821657937,25.7,14.50732884355523
8,2020-03-20 11:58:00,full_signal,2,False,111.0,58.75286614275936,32.0,22.70737210201329,25.499999999999996,12.41528268933265
8,2020-03-21 09:00:00,full_signal,2,False,56.5,59.59821917863525,8.0,20.826653438839507,2.5,14.508579431361719
8,2020-03-21 13:25:00,full_signal,2,False,161.0,58.98367710033784,36.099999999999994,23.935063756130198,35.699999999999996,16.169044689405567
8,2020-03-21 17:00:00,full_signal,2,False,126.3,57.36530074659105,8.5,22.038537338424458,18.9,15.358769651572723
8,2020-03-22 08:50:00,full_signal,2,False,36.0,68.98292501214162,24.500000000000004,20.591540152691532,40.7,15.791823703486436
8,2020-03-22 14:10:00,full_signal,2,False,134.0,58.89556196132035,9.0,16.59360251992493,28.0,14.337168280551282
8,2020-03-22 19:00:00,full_signal,2,False,41.9,61.566119330065455,38.2,22.831213890525184,39.5,17.161938003295212
8,2020-03-16 08:56:00,full_signal,3,False,36.0,47.5197880787801,24.500000000000004,21.108969771427073,40.7,14.437403328742745
8,2020-03-16 14:30:00,full_signal,3,False,88.0,56.15974308862553,17.3,22.875502841504417,28.4,14.269645238125667
8,2020-03-16 19:00:00,full_signal,3,False,184.9,62.21445303659351,64.89999999999999,22.150201523516486,66.6,17.34033069252193
8,2020-03-17 09:03:00,full_signal,3,False,56.5,68.70490343476742,8.0,20.551522030663996,2.5,15.551522561345319
8,2020-03-17 20:15:00,full_signal,3,False,117.1,40.73582790733525,54.1,34.514370330854554,31.8,11.028404679173534
8,2020-03-18 09:55:00,full_signal,3,False,27.299999999999997,59.16547306710392,10.3,19.82596774022985,8.8,14.801645677029445
8,2020-03-19 18:25:00,full_signal,3,False,21.4,59.80023098790649,44.9,20.853825000555567,21.8,14.698082103236063
8,2020-03-20 06:35:00,full_signal,3,False,27.4,61.92454942854379,22.4,29.598404147169504,25.7,20.70248615862733
8,2020-03-20 11:58:00,full_signal,3,False,111.0,59.60833949155769,32.0,17.823252088316185,25.499999999999996,14.53854561089897
8,2020-03-21 09:00:00,full_signal,3,False,56.5,52.539140798808056,8.0,31.280994050514124,2.5,13.813508557814995
8,2020-03-21 13:25:00,full_signal,3,False,161.0,41.00354490405146,36.099999999999994,32.330685525971596,35.699999999999996,9.654689525504596
8,2020-03-21 17:00:00,full_signal,3,False,126.3,57.94014757027876,8.5,17.12650759068717,18.9,13.14184252387518
8,2020-03-22 08:50:00,full_signal,3,False,36.0,57.34484038229303,24.500000000000004,28.332177196221966,40.7,12.009319284984574
8,2020-03-22 14:10:00,full_signal,3,False,134.0,60.245809527112414,9.0,23.430416765392618,28.0,12.585789976174084
8,2020-03-22 19:00:00,full_signal,3,False,41.9,59.16235366968036,38.2,23.89526594850353,39.5,16.11698395566505
8,2020-03-16 08:56:00,full_signal,4,False,36.0,40.52653158859504,24.500000000000004,34.21001785229209,40.7,10.783408681075132
8,2020-03-16 14:30:00,full_signal,4,False,88.0,48.96358851044067,17.3,22.275642232699767,28.4,14.399109568333008
8,2020-03-16 19:00:00,full_signal,4,False,184.9,59.24874873237459,64.89999999999999,20.156856376361432,66.6,13.60238255887454
8,2020-03-17 09:03:00,full_signal,4,False,56.5,56.324241206960686,8.0,22.992711138181573,2.5,14.753645897008374
8,2020-03-17 20:15:00,full_signal,4,False,117.1,60.563649542764914,54.1,21.129717463567513,31.8,16.95056801308359
8,2020-03-18 09:55:00,full_signal,4,False,27.299999999999997,38.68637857740223,10.3,31.45028801548653,8.8,9.51121247142165
8,2020-03-19 18:25:00,full_signal,4,False,21.4,59.75052106278304,44.9,17.638356697355874,21.8,14.033504484523224
8,2020-03-20 06:35:00,full_signal,4,False,27.4,67.73688494061797,22.4,20.23358500189675,25.7,15.309219886380141
8,2020-03-20 11:58:00,full_signal,4,False,111.0,58.4757120547917,32.0,17.322068495353605,25.499999999999996,14.665551937751017
8,2020-03-21 09:00:00,full_signal,4,False,56.5,59.66946775571199,8.0,24.548030693225424,2.5,16.747968393222102
8,2020-03-21 13:25:00,full_signal,4,False,161.0,59.62777522748028,36.099999999999994,21.321255637077016,35.699999999999996,15.044088196406033
8,2020-03-21 17:00:00,full_signal,4,False,126.3,60.982540032340474,8.5,28.095778419944562,18.9,20.702181975850934
8,2020-03-22 08:50:00,full_signal,4,False,36.0,59.14800321061774,24.500000000000004,22.790074285053606,40.7,12.21348523849466
8,2020-03-22 14:10:00,full_signal,4,False,134.0,51.83648243379144,9.0,28.120451909583483,28.0,13.868405056850328
8,2020-03-22 19:00:00,full_signal,4,False,41.9,58.469736584041016,38.2,29.345191913721365,39.5,12.07890804850316
8,2020-03-16 08:56:00,full_signal,5,False,36.0,58.83653158151461,24.500000000000004,22.503072290573446,40.7,16.376887722881754
8,2020-03-16 14:30:00,full_signal,5,False,88.0,68.37176313439038,17.3,20.480238812502463,28.4,15.373522037523214
8,2020-03-16 19:00:00,full_signal,5,False,184.9,56.551593631401204,64.89999999999999,23.189530068243776,66.6,14.332029455138938
8,2020-03-17 09:03:00,full_signal,5,False,56.5,61.33584664656465,8.0,22.45739563768032,2.5,17.255611197507474
8,2020-03-17 20:15:00,full_signal,5,False,117.1,47.912142506758414,54.1,21.661636257389688,31.8,14.356305545691987
8,2020-03-18 09:55:00,full_signal,5,False,27.299999999999997,58.79029775355363,10.3,22.29138524757326,8.8,12.219781180607768
8,2020-03-19 18:25:00,full_signal,5,False,21.4,41.65314703343798,44.9,28.68318993915173,21.8,9.688959167952259
8,2020-03-20 06:35:00,full_signal,5,False,27.4,57.59550101453918,22.4,28.796757312370836,25.7,12.223005424584366
8,2020-03-20 11:58:00,full_signal,5,False,111.0,59.60833949155769,32.0,17.823252088316185,25.499999999999996,14.53854561089897
8,2020-03-21 09:00:00,full_signal,5,False,56.5,62.589124807974834,8.0,29.45047187494488,2.5,21.091880234532056
8,2020-03-21 13:25:00,full_signal,5,False,161.0,59.42200158262709,36.099999999999994,20.67649342278963,35.699999999999996,13.993468303813039
8,2020-03-21 17:00:00,full_signal,5,False,126.3,57.94014757027876,8.5,17.12650759068717,18.9,13.14184252387518
8,2020-03-22 08:50:00,full_signal,5,False,36.0,40.79908454849594,24.500000000000004,34.432248512182795,40.7,10.72397501667445
8,2020-03-22 14:10:00,full_signal,5,False,134.0,51.83648243379144,9.0,28.120451909583483,28.0,13.868405056850328
8,2020-03-22 19:00:00,full_signal,5,False,41.9,59.70027924255317,38.2,21.441518063921954,39.5,14.91638665182669
8,2020-03-16 08:56:00,full_signal,6,False,36.0,56.62707813844054,24.500000000000004,27.78540090285019,40.7,11.943873978602209
8,2020-03-16 14:30:00,full_signal,6,False,88.0,53.05349437612344,17.3,31.920797162838966,28.4,14.163662339651772
8,2020-03-16 19:00:00,full_signal,6,False,184.9,63.2481293850409,64.89999999999999,29.123938134190674,66.6,21.165588643704993
8,2020-03-17 09:03:00,full_signal,6,False,56.5,59.949951005608966,8.0,23.36911677798408,2.5,12.299461801779454
8,2020-03-17 20:15:00,full_signal,6,False,117.1,54.881346077272006,54.1,22.466734747019625,31.8,14.271423466343489
8,2020-03-18 09:55:00,full_signal,6,False,27.299999999999997,48.00759310203463,10.3,21.716710608098943,8.8,14.341612622061868
8,2020-03-19 18:25:00,full_signal,6,False,21.4,61.88741242659426,44.9,21.65810491168005,21.8,17.461439793245646
8,2020-03-20 06:35:00,full_signal,6,False,27.4,67.73688494061797,22.4,20.23358500189675,25.7,15.309219886380141
8,2020-03-20 11:58:00,full_signal,6,False,111.0,59.68880638748249,32.0,25.64127793372795,25.499999999999996,17.014766084125743
8,2020-03-21 09:00:00,full_signal,6,False,56.5,42.28985483631694,8.0,32.90797448209464,2.5,10.733248757771765
8,2020-03-21 13:25:00,full_signal,6,False,161.0,41.00354490405146,36.099999999999994,32.330685525971596,35.699999999999996,9.654689525504596
8,2020-03-21 17:00:00,full_signal,6,False,126.3,59.156276271278074,8.5,18.439923956116434,18.9,12.885675272162084
8,2020-03-22 08:50:00,full_signal,6,False,36.0,59.33074489805061,24.500000000000004,20.56825382708271,40.7,14.389285167596894
8,2020-03-22 14:10:00,full_signal,6,False,134.0,57.890545413741506,9.0,20.218183673188978,28.0,14.23894356333013
8,2020-03-22 19:00:00,full_signal,6,False,41.9,58.627260975366944,38.2,18.280303068536423,39.5,13.932542183776647
8,2020-03-16 08:56:00,full_signal,7,False,36.0,54.8721798767559,24.500000000000004,22.600648445139512,40.7,14.479100382810616
8,2020-03-16 14:30:00,full_signal,7,False,88.0,58.44687565251153,17.3,20.8081320384301,28.4,14.65314853155519
8,2020-03-16 19:00:00,full_signal,7,False,184.9,58.436675729030625,64.89999999999999,18.37035834009668,66.6,13.82546144923413
8,2020-03-17 09:03:00,full_signal,7,False,56.5,41.463622817237486,8.0,34.68593495086608,2.5,10.956434653069763
8,2020-03-17 20:15:00,full_signal,7,False,117.1,38.565640382846055,54.1,31.343794789639084,31.8,9.521801587767015
8,2020-03-18 09:55:00,full_signal,7,False,27.299999999999997,51.64894947546854,10.3,32.18099173098682,8.8,13.498312078907535
8,2020-03-19 18:25:00,full_signal,7,False,21.4,59.80023098790649,44.9,20.853825000555567,21.8,14.698082103236063
8,2020-03-20 06:35:00,full_signal,7,False,27.4,59.00674796767749,22.4,22.55233239059222,25.7,12.06609606261062
8,2020-03-20 11:58:00,full_signal,7,False,111.0,59.68880638748249,32.0,25.64127793372795,25.499999999999996,17.014766084125743
8,2020-03-21 09:00:00,full_signal,7,False,56.5,62.589124807974834,8.0,29.45047187494488,2.5,21.091880234532056
8,2020-03-21 13:25:00,full_signal,7,False,161.0,61.3960656149749,36.099999999999994,22.722874540032898,35.699999999999996,17.150816133776026
8,2020-03-21 17:00:00,full_signal,7,False,126.3,50.202491085931285,8.5,21.779950669425926,18.9,14.636754403382067
8,2020-03-22 08:50:00,full_signal,7,False,36.0,57.34484038229303,24.500000000000004,28.332177196221966,40.7,12.009319284984574
8,2020-03-22 14:10:00,full_signal,7,False,134.0,59.88491298472747,9.0,17.737521852430277,28.0,14.212072145197117
8,2020-03-22 19:00:00,full_signal,7,False,41.9,68.65404116647504,38.2,20.85224528207241,39.5,15.173326399297457
8,2020-03-16 08:56:00,full_signal,8,False,36.0,51.26588762151753,24.500000000000004,31.710395349527012,40.7,13.623511045793872
8,2020-03-16 14:30:00,full_signal,8,False,88.0,60.26084399179465,17.3,25.633519836084837,28.4,17.019865096756376
8,2020-03-16 19:00:00,full_signal,8,False,184.9,41.403742585914344,64.89999999999999,35.937955732405186,66.6,10.304784566167042
8,2020-03-17 09:03:00,full_signal,8,False,56.5,56.324241206960686,8.0,22.992711138181573,2.5,14.753645897008374
8,2020-03-17 20:15:00,full_signal,8,False,117.1,68.87105542911011,54.1,20.57401339764327,31.8,15.91017893390105
8,2020-03-18 09:55:00,full_signal,8,False,27.299999999999997,58.79029775355363,10.3,22.29138524757326,8.8,12.219781180607768
8,2020-03-19 18:25:00,full_signal,8,False,21.4,62.59936469110285,44.9,29.633101734212506,21.8,21.095400904857573
8,2020-03-20 06:35:00,full_signal,8,False,27.4,59.97366244283298,22.4,18.069312841062427,25.7,14.378003103694226
8,2020-03-20 11:58:00,full_signal,8,False,111.0,57.478107821553564,32.0,20.63077824308463,25.499999999999996,14.622802542996185
8,2020-03-21 09:00:00,full_signal,8,False,56.5,59.59821917863525,8.0,20.826653438839507,2.5,14.508579431361719
8,2020-03-21 13:25:00,full_signal,8,False,161.0,58.368054005716694,36.099999999999994,29.36003884400835,35.699999999999996,12.116181644718932
8,2020-03-21 17:00:00,full_signal,8,False,126.3,57.94014757027876,8.5,17.12650759068717,18.9,13.14184252387518
8,2020-03-22 08:50:00,full_signal,8,False,36.0,38.96770739406268,24.500000000000004,31.351399800583167,40.7,9.436809315382817
8,2020-03-22 14:10:00,full_signal,8,False,134.0,49.735544876647594,9.0,22.874257802255954,28.0,14.547030891980034
8,2020-03-22 19:00:00,full_signal,8,False,41.9,61.566119330065455,38.2,22.831213890525184,39.5,17.161938003295212
8,2020-03-16 08:56:00,full_signal,9,False,36.0,59.29514669517187,24.500000000000004,18.19741883344993,40.7,13.999595364637395
8,2020-03-16 14:30:00,full_signal,9,False,88.0,58.44687565251153,17.3,20.8081320384301,28.4,14.65314853155519
8,2020-03-16 19:00:00,full_signal,9,False,184.9,41.403742585914344,64.89999999999999,35.937955732405186,66.6,10.304784566167042
8,2020-03-17 09:03:00,full_signal,9,False,56.5,68.70490343476742,8.0,20.551522030663996,2.5,15.551522561345319
8,2020-03-17 20:15:00,full_signal,9,False,117.1,61.58880682023346,54.1,28.58903435881385,31.8,20.796106548585904
8,2020-03-18 09:55:00,full_signal,9,False,27.299999999999997,48.00759310203463,10.3,21.716710608098943,8.8,14.341612622061868
8,2020-03-19 18:25:00,full_signal,9,False,21.4,58.94214686229978,44.9,16.930459361458855,21.8,14.090062102152881
8,2020-03-20 06:35:00,full_signal,9,False,27.4,53.01350890278294,22.4,31.291946780820844,25.7,14.184676738752666
8,2020-03-20 11:58:00,full_signal,9,False,111.0,60.72474896621327,32.0,22.279269043295297,25.499999999999996,17.411365767356177
8,2020-03-21 09:00:00,full_signal,9,False,56.5,59.9001624359064,8.0,23.091168682015194,2.5,11.988457218002898
8,2020-03-21 13:25:00,full_signal,9,False,161.0,56.618896084957676,36.099999999999994,23.47028573867566,35.699999999999996,14.48811567403658
8,2020-03-21 17:00:00,full_signal,9,False,126.3,44.33147999058826,8.5,24.96483398113893,18.9,10.793731809607763
8,2020-03-22 08:50:00,full_signal,9,False,36.0,59.33074489805061,24.500000000000004,20.56825382708271,40.7,14.389285167596894
8,2020-03-22 14:10:00,full_signal,9,False,134.0,60.77676158335662,9.0,25.695470920055232,28.0,17.116556395765752
8,2020-03-22 19:00:00,full_signal,9,False,41.9,58.469736584041016,38.2,29.345191913721365,39.5,12.07890804850316
8,2020-03-16 08:56:00,full_signal,10,False,36.0,58.49109089509971,24.500000000000004,22.501951576500698,40.7,12.121477618275733
8,2020-03-16 14:30:00,full_signal,10,False,88.0,62.70245345223474,17.3,29.864738991283424,28.4,21.1568822749249
8,2020-03-16 19:00:00,full_signal,10,False,184.9,69.39014349553267,64.89999999999999,21.25127438380982,66.6,15.560656366503775
8,2020-03-17 09:03:00,full_signal,10,False,56.5,48.4427135899392,8.0,21.776514613684007,2.5,14.232986120783222
8,2020-03-17 20:15:00,full_signal,10,False,117.1,60.563649542764914,54.1,21.129717463567513,31.8,16.95056801308359
8,2020-03-18 09:55:00,full_signal,10,False,27.299999999999997,55.08542255752752,10.3,22.535437066351538,8.8,14.283956216898805
8,2020-03-19 18:25:00,full_signal,10,False,21.4,59.80023098790649,44.9,20.853825000555567,21.8,14.698082103236063
8,2020-03-20 06:35:00,full_signal,10,False,27.4,39.73897355181844,22.4,29.490723827519684,25.7,9.865198161808502
8,2020-03-20 11:58:00,full_signal,10,False,111.0,57.478107821553564,32.0,20.63077824308463,25.499999999999996,14.622802542996185
8,2020-03-21 09:00:00,full_signal,10,False,56.5,59.66946775571199,8.0,24.548030693225424,2.5,16.747968393222102
8,2020-03-21 13:25:00,full_signal,10,False,161.0,59.0634658660514,36.099999999999994,18.43927744013011,35.699999999999996,13.975677093086981
8,2020-03-21 17:00:00,full_signal,10,False,126.3,45.30450475803394,8.5,25.25721946713114,18.9,12.038197593570422
8,2020-03-22 08:50:00,full_signal,10,False,36.0,52.08016972247075,24.500000000000004,32.2353850338847,40.7,13.740645134643433
8,2020-03-22 14:10:00,full_signal,10,False,134.0,59.88491298472747,9.0,17.737521852430277,28.0,14.212072145197117
8,2020-03-22 19:00:00,full_signal,10,False,41.9,58.469736584041016,38.2,29.345191913721365,39.5,12.07890804850316
8,2020-03-16 08:56:00,full_signal,11,False,36.0,47.5197880787801,24.500000000000004,21.108969771427073,40.7,14.437403328742745
8,2020-03-16 14:30:00,full_signal,11,False,88.0,59.37700718632543,17.3,22.965808885586895,28.4,12.22117834254395
8,2020-03-16 19:00:00,full_signal,11,False,184.9,58.304239936755096,64.89999999999999,28.391885967968545,66.6,12.147203880891242
8,2020-03-17 09:03:00,full_signal,11,False,56.5,62.47617790858703,8.0,29.64293833043465,2.5,21.2248907748535
8,2020-03-17 20:15:00,full_signal,11,False,117.1,68.87105542911011,54.1,20.57401339764327,31.8,15.91017893390105
8,2020-03-18 09:55:00,full_signal,11,False,27.299999999999997,59.16547306710392,10.3,19.82596774022985,8.8,14.801645677029445
8,2020-03-19 18:25:00,full_signal,11,False,21.4,42.64378318020698,44.9,32.00237262473344,21.8,10.78588854319271
8,2020-03-20 06:35:00,full_signal,11,False,27.4,55.94889117695182,22.4,22.633837053583623,25.7,14.295209408024789
8,2020-03-20 11:58:00,full_signal,11,False,111.0,60.72474896621327,32.0,22.279269043295297,25.499999999999996,17.411365767356177
8,2020-03-21 09:00:00,full_signal,11,False,56.5,59.66946775571199,8.0,24.548030693225424,2.5,16.747968393222102
8,2020-03-21 13:25:00,full_signal,11,False,161.0,59.0634658660514,36.099999999999994,18.43927744013011,35.699999999999996,13.975677093086981
8,2020-03-21 17:00:00,full_signal,11,False,126.3,51.21824129227512,8.5,24.244880556793717,18.9,13.638278216480229
8,2020-03-22 08:50:00,full_signal,11,False,36.0,59.85094869652667,24.500000000000004,18.195058578907002,40.7,13.994143896135053
8,2020-03-22 14:10:00,full_signal,11,False,134.0,43.5876642577791,9.0,26.568618095133232,28.0,10.096452587894488
8,2020-03-22 19:00:00,full_signal,11,False,41.9,59.324324815105214,38.2,20.692904020152525,39.5,13.83082311201736
8,2020-03-16 08:56:00,full_signal,12,False,36.0,59.95383324068484,24.500000000000004,20.82595387971441,40.7,16.73050163663215
8,2020-03-16 14:30:00,full_signal,12,False,88.0,59.911023977921616,17.3,18.008342945744417,28.4,14.227852166406047
8,2020-03-16 19:00:00,full_signal,12,False,184.9,40.901452386049094,64.89999999999999,33.08992993406699,66.6,9.63652743855384
8,2020-03-17 09:03:00,full_signal,12,False,56.5,58.97711063118551,8.0,20.99697745135566,2.5,14.800151967468844
8,2020-03-17 20:15:00,full_signal,12,False,117.1,61.58880682023346,54.1,28.58903435881385,31.8,20.796106548585904
8,2020-03-18 09:55:00,full_signal,12,False,27.299999999999997,69.13565210261925,10.3,20.66745827239656,8.8,15.953055829636973
8,2020-03-19 18:25:00,full_signal,12,False,21.4,56.77178491765513,44.9,22.64524611813884,21.8,14.390685555288544
8,2020-03-20 06:35:00,full_signal,12,False,27.4,41.233421791639906,22.4,33.65827730906595,25.7,11.12729899509392
8,2020-03-20 11:58:00,full_signal,12,False,111.0,59.68880638748249,32.0,25.64127793372795,25.499999999999996,17.014766084125743
8,2020-03-21 09:00:00,full_signal,12,False,56.5,59.03164517551627,8.0,17.08139421492358,2.5,14.011584461805986
8,2020-03-21 13:25:00,full_signal,12,False,161.0,53.79747551556428,36.099999999999994,33.06242582814883,35.699999999999996,14.052351243863848
8,2020-03-21 17:00:00,full_signal,12,False,126.3,60.43701561175444,8.5,23.243755662198748,18.9,13.433100455416048
8,2020-03-22 08:50:00,full_signal,12,False,36.0,57.34484038229303,24.500000000000004,28.332177196221966,40.7,12.009319284984574
8,2020-03-22 14:10:00,full_signal,12,False,134.0,49.735544876647594,9.0,22.874257802255954,28.0,14.547030891980034
8,2020-03-22 19:00:00,full_signal,12,False,41.9,59.324324815105214,38.2,20.692904020152525,39.5,13.83082311201736
8,2020-03-16 08:56:00,full_signal,13,False,36.0,54.8721798767559,24.500000000000004,22.600648445139512,40.7,14.479100382810616
8,2020-03-16 14:30:00,full_signal,13,False,88.0,68.37176313439038,17.3,20.480238812502463,28.4,15.373522037523214
8,2020-03-16 19:00:00,full_signal,13,False,184.9,48.66811717304651,64.89999999999999,21.52358555344427,66.6,14.149351982876164
8,2020-03-17 09:03:00,full_signal,13,False,56.5,61.33584664656465,8.0,22.45739563768032,2.5,17.255611197507474
8,2020-03-17 20:15:00,full_signal,13,False,117.1,40.73582790733525,54.1,34.514370330854554,31.8,11.028404679173534
8,2020-03-18 09:55:00,full_signal,13,False,27.299999999999997,38.68637857740223,10.3,31.45028801548653,8.8,9.51121247142165
8,2020-03-19 18:25:00,full_signal,13,False,21.4,52.57811271353404,44.9,31.06682873626483,21.8,13.93165920313931
8,2020-03-20 06:35:00,full_signal,13,False,27.4,59.118238327165216,22.4,17.688093982680982,25.7,14.662035143094203
8,2020-03-20 11:58:00,full_signal,13,False,111.0,58.75286614275936,32.0,22.70737210201329,25.499999999999996,12.41528268933265
8,2020-03-21 09:00:00,full_signal,13,False,56.5,59.59821917863525,8.0,20.826653438839507,2.5,14.508579431361719
8,2020-03-21 13:25:00,full_signal,13,False,161.0,58.98367710033784,36.099999999999994,23.935063756130198,35.699999999999996,16.169044689405567
8,2020-03-21 17:00:00,full_signal,13,False,126.3,60.982540032340474,8.5,28.095778419944562,18.9,20.702181975850934
8,2020-03-22 08:50:00,full_signal,13,False,36.0,59.71092991618852,24.500000000000004,19.894765852382548,40.7,14.769679458383509
8,2020-03-22 14:10:00,full_signal,13,False,134.0,59.712584680694604,9.0,29.90870237124356,28.0,13.110645118116217
8,2020-03-22 19:00:00,full_signal,13,False,41.9,59.170479692081294,38.2,17.857045733752777,39.5,13.516448297687818
8,2020-03-16 08:56:00,full_signal,14,False,36.0,56.62707813844054,24.500000000000004,27.78540090285019,40.7,11.943873978602209
8,2020-03-16 14:30:00,full_signal,14,False,88.0,41.623718310452446,17.3,34.2032182448991,28.4,11.17194521843868
8,2020-03-16 19:00:00,full_signal,14,False,184.9,53.40623776283741,64.89999999999999,32.55457267986413,66.6,13.85907577336649
8,2020-03-17 09:03:00,full_signal,14,False,56.5,39.773796494140406,8.0,30.60829141712302,2.5,9.619904282273437
8,2020-03-17 20:15:00,full_signal,14,False,117.1,59.15236371722962,54.1,20.464308120962095,31.8,14.350094930689988
8,2020-03-18 09:55:00,full_signal,14,False,27.299999999999997,60.842280939277295,10.3,21.39207704489364,8.8,17.01359033166101
8,2020-03-19 18:25:00,full_signal,14,False,21.4,58.94214686229978,44.9,16.930459361458855,21.8,14.090062102152881
8,2020-03-20 06:35:00,full_signal,14,False,27.4,55.94889117695182,22.4,22.633837053583623,25.7,14.295209408024789
8,2020-03-20 11:58:00,full_signal,14,False,111.0,58.75286614275936,32.0,22.70737210201329,25.499999999999996,12.41528268933265
8,2020-03-21 09:00:00,full_signal,14,False,56.5,49.19589686609133,8.0,22.245100568592026,2.5,14.361811779246283
8,2020-03-21 13:25:00,full_signal,14,False,161.0,62.747310279593115,36.099999999999994,29.845200506603096,35.699999999999996,21.160443739304412
8,2020-03-21 17:00:00,full_signal,14,False,126.3,56.59994752628205,8.5,19.515372508652774,18.9,14.38126274711318
8,2020-03-22 08:50:00,full_signal,14,False,36.0,59.265278742737394,24.500000000000004,22.990398615370538,40.7,16.31831217254573
8,2020-03-22 14:10:00,full_signal,14,False,134.0,68.21013648096805,9.0,20.417738697161216,28.0,15.40486508075087
8,2020-03-22 19:00:00,full_signal,14,False,41.9,59.170479692081294,38.2,17.857045733752777,39.5,13.516448297687818
8,2020-03-16 08:56:00,full_signal,15,False,36.0,59.29514669517187,24.500000000000004,18.19741883344993,40.7,13.999595364637395
8,2020-03-16 14:30:00,full_signal,15,False,88.0,60.26084399179465,17.3,25.633519836084837,28.4,17.019865096756376
8,2020-03-16 19:00:00,full_signal,15,False,184.9,53.40623776283741,64.89999999999999,32.55457267986413,66.6,13.85907577336649
8,2020-03-17 09:03:00,full_signal,15,False,56.5,41.463622817237486,8.0,34.68593495086608,2.5,10.956434653069763
8,2020-03-17 20:15:00,full_signal,15,False,117.1,68.87105542911011,54.1,20.57401339764327,31.8,15.91017893390105
8,2020-03-18 09:55:00,full_signal,15,False,27.299999999999997,58.79029775355363,10.3,22.29138524757326,8.8,12.219781180607768
8,2020-03-19 18:25:00,full_signal,15,False,21.4,49.14392238862086,44.9,22.17811074476425,21.8,14.27784662758844
8,2020-03-20 06:35:00,full_signal,15,False,27.4,55.94889117695182,22.4,22.633837053583623,25.7,14.295209408024789
8,2020-03-20 11:58:00,full_signal,15,False,111.0,58.4757120547917,32.0,17.322068495353605,25.499999999999996,14.665551937751017
8,2020-03-21 09:00:00,full_signal,15,False,56.5,62.589124807974834,8.0,29.45047187494488,2.5,21.091880234532056
8,2020-03-21 13:25:00,full_signal,15,False,161.0,61.3960656149749,36.099999999999994,22.722874540032898,35.699999999999996,17.150816133776026
8,2020-03-21 17:00:00,full_signal,15,False,126.3,44.33147999058826,8.5,24.96483398113893,18.9,10.793731809607763
8,2020-03-22 08:50:00,full_signal,15,False,36.0,59.71092991618852,24.500000000000004,19.894765852382548,40.7,14.769679458383509
8,2020-03-22 14:10:00,full_signal,15,False,134.0,59.712584680694604,9.0,29.90870237124356,28.0,13.110645118116217
8,2020-03-22 19:00:00,full_signal,15,False,41.9,59.324324815105214,38.2,20.692904020152525,39.5,13.83082311201736
8,2020-03-16 08:56:00,full_signal,16,False,36.0,68.40014181945602,24.500000000000004,20.623264836981146,40.7,15.8524756783979
8,2020-03-16 14:30:00,full_signal,16,False,88.0,41.623718310452446,17.3,34.2032182448991,28.4,11.17194521843868
8,2020-03-16 19:00:00,full_signal,16,False,184.9,61.19944544839009,64.89999999999999,23.42956755106413,66.6,12.376857619283735
8,2020-03-17 09:03:00,full_signal,16,False,56.5,58.97711063118551,8.0,20.99697745135566,2.5,14.800151967468844
8,2020-03-17 20:15:00,full_signal,16,False,117.1,59.86498269451491,54.1,23.862449818199398,31.8,16.822193347450153
8,2020-03-18 09:55:00,full_signal,16,False,27.299999999999997,38.68637857740223,10.3,31.45028801548653,8.8,9.51121247142165
8,2020-03-19 18:25:00,full_signal,16,False,21.4,49.14392238862086,44.9,22.17811074476425,21.8,14.27784662758844
8,2020-03-20 06:35:00,full_signal,16,False,27.4,59.476036448378615,22.4,21.925790771488035,25.7,15.104480550908992
8,2020-03-20 11:58:00,full_signal,16,False,111.0,59.60833949155769,32.0,17.823252088316185,25.499999999999996,14.53854561089897
8,2020-03-21 09:00:00,full_signal,16,False,56.5,59.03164517551627,8.0,17.08139421492358,2.5,14.011584461805986
8,2020-03-21 13:25:00,full_signal,16,False,161.0,58.368054005716694,36.099999999999994,29.36003884400835,35.699999999999996,12.116181644718932
8,2020-03-21 17:00:00,full_signal,16,False,126.3,60.982540032340474,8.5,28.095778419944562,18.9,20.702181975850934
8,2020-03-22 08:50:00,full_signal,16,False,36.0,55.55206672177453,24.500000000000004,22.824951128188804,40.7,14.594674665944263
8,2020-03-22 14:10:00,full_signal,16,False,134.0,51.83648243379144,9.0,28.120451909583483,28.0,13.868405056850328
8,2020-03-22 19:00:00,full_signal,16,False,41.9,61.566119330065455,38.2,22.831213890525184,39.5,17.161938003295212
8,2020-03-16 08:56:00,full_signal,17,False,36.0,51.26588762151753,24.500000000000004,31.710395349527012,40.7,13.623511045793872
8,2020-03-16 14:30:00,full_signal,17,False,88.0,59.77943779695867,17.3,21.49877002507007,28.4,14.812356636531442
8,2020-03-16 19:00:00,full_signal,17,False,184.9,63.2481293850409,64.89999999999999,29.123938134190674,66.6,21.165588643704993
8,2020-03-17 09:03:00,full_signal,17,False,56.5,39.773796494140406,8.0,30.60829141712302,2.5,9.619904282273437
8,2020-03-17 20:15:00,full_signal,17,False,117.1,47.912142506758414,54.1,21.661636257389688,31.8,14.356305545691987
8,2020-03-18 09:55:00,full_signal,17,False,27.299999999999997,57.22408592436171,10.3,28.56443595566836,8.8,12.150447856712146
8,2020-03-19 18:25:00,full_signal,17,False,21.4,58.195145455402056,44.9,20.458870647225325,21.8,14.311890872024435
8,2020-03-20 06:35:00,full_signal,17,False,27.4,59.00674796767749,22.4,22.55233239059222,25.7,12.06609606261062
8,2020-03-20 11:58:00,full_signal,17,False,111.0,56.20537252268875,32.0,23.111585381272487,25.499999999999996,14.88203015146264
8,2020-03-21 09:00:00,full_signal,17,False,56.5,61.42527733310839,8.0,21.85471355600073,2.5,17.320341006147753
8,2020-03-21 13:25:00,full_signal,17,False,161.0,59.0634658660514,36.099999999999994,18.43927744013011,35.699999999999996,13.975677093086981
8,2020-03-21 17:00:00,full_signal,17,False,126.3,45.30450475803394,8.5,25.25721946713114,18.9,12.038197593570422
8,2020-03-22 08:50:00,full_signal,17,False,36.0,59.265278742737394,24.500000000000004,22.990398615370538,40.7,16.31831217254573
8,2020-03-22 14:10:00,full_signal,17,False,134.0,68.21013648096805,9.0,20.417738697161216,28.0,15.40486508075087
8,2020-03-22 19:00:00,full_signal,17,False,41.9,59.170479692081294,38.2,17.857045733752777,39.5,13.516448297687818
8,2020-03-16 08:56:00,full_signal,18,False,36.0,60.99226088948067,24.500000000000004,27.882808629697667,40.7,20.745500353238334
8,2020-03-16 14:30:00,full_signal,18,False,88.0,60.26084399179465,17.3,25.633519836084837,28.4,17.019865096756376
8,2020-03-16 19:00:00,full_signal,18,False,184.9,58.436675729030625,64.89999999999999,18.37035834009668,66.6,13.82546144923413
8,2020-03-17 09:03:00,full_signal,18,False,56.5,61.33584664656465,8.0,22.45739563768032,2.5,17.255611197507474
8,2020-03-17 20:15:00,full_signal,18,False,117.1,47.912142506758414,54.1,21.661636257389688,31.8,14.356305545691987
8,2020-03-18 09:55:00,full_signal,18,False,27.299999999999997,58.79029775355363,10.3,22.29138524757326,8.8,12.219781180607768
8,2020-03-19 18:25:00,full_signal,18,False,21.4,58.9669226517395,44.9,28.837480209828534,21.8,12.342589570867046
8,2020-03-20 06:35:00,full_signal,18,False,27.4,67.73688494061797,22.4,20.23358500189675,25.7,15.309219886380141
8,2020-03-20 11:58:00,full_signal,18,False,111.0,52.822993428801375,32.0,31.35813115922103,25.499999999999996,14.556343667910962
8,2020-03-21 09:00:00,full_signal,18,False,56.5,59.78080871118355,8.0,17.740989606661998,2.5,14.050766132388807
8,2020-03-21 13:25:00,full_signal,18,False,161.0,56.618896084957676,36.099999999999994,23.47028573867566,35.699999999999996,14.48811567403658
8,2020-03-21 17:00:00,full_signal,18,False,126.3,45.30450475803394,8.5,25.25721946713114,18.9,12.038197593570422
8,2020-03-22 08:50:00,full_signal,18,False,36.0,38.96770739406268,24.500000000000004,31.351399800583167,40.7,9.436809315382817
8,2020-03-22 14:10:00,full_signal,18,False,134.0,59.99271934704082,9.0,20.64725962518388,28.0,14.878233583007795
8,2020-03-22 19:00:00,full_signal,18,False,41.9,59.70027924255317,38.2,21.441518063921954,39.5,14.91638665182669
8,2020-03-16 08:56:00,full_signal,19,False,36.0,58.83653158151461,24.500000000000004,22.503072290573446,40.7,16.376887722881754
8,2020-03-16 14:30:00,full_signal,19,False,88.0,61.49369268769357,17.3,22.47841925386685,28.4,17.34495511884259
8,2020-03-16 19:00:00,full_signal,19,False,184.9,48.66811717304651,64.89999999999999,21.52358555344427,66.6,14.149351982876164
8,2020-03-17 09:03:00,full_signal,19,False,56.5,58.97711063118551,8.0,20.99697745135566,2.5,14.800151967468844
8,2020-03-17 20:15:00,full_signal,19,False,117.1,61.58880682023346,54.1,28.58903435881385,31.8,20.796106548585904
8,2020-03-18 09:55:00,full_signal,19,False,27.299999999999997,69.13565210261925,10.3,20.66745827239656,8.8,15.953055829636973
8,2020-03-19 18:25:00,full_signal,19,False,21.4,52.57811271353404,44.9,31.06682873626483,21.8,13.93165920313931
8,2020-03-20 06:35:00,full_signal,19,False,27.4,59.118238327165216,22.4,17.688093982680982,25.7,14.662035143094203
8,2020-03-20 11:58:00,full_signal,19,False,111.0,57.58971686460835,32.0,28.78954497653968,25.499999999999996,12.450771441956903
8,2020-03-21 09:00:00,full_signal,19,False,56.5,59.9001624359064,8.0,23.091168682015194,2.5,11.988457218002898
8,2020-03-21 13:25:00,full_signal,19,False,161.0,59.42200158262709,36.099999999999994,20.67649342278963,35.699999999999996,13.993468303813039
8,2020-03-21 17:00:00,full_signal,19,False,126.3,45.30450475803394,8.5,25.25721946713114,18.9,12.038197593570422
8,2020-03-22 08:50:00,full_signal,19,False,36.0,59.85094869652667,24.500000000000004,18.195058578907002,40.7,13.994143896135053
8,2020-03-22 14:10:00,full_signal,19,False,134.0,56.45663024364325,9.0,22.182776837303965,28.0,14.029098967597864
8,2020-03-22 19:00:00,full_signal,19,False,41.9,41.45770883669477,38.2,32.514002657885996,39.5,9.68374397878102
8,2020-03-16 08:56:00,full_signal,20,False,36.0,56.62707813844054,24.500000000000004,27.78540090285019,40.7,11.943873978602209
8,2020-03-16 14:30:00,full_signal,20,False,88.0,58.811545074737424,17.3,17.246432624486737,28.4,14.305274455720264
8,2020-03-16 19:00:00,full_signal,20,False,184.9,40.901452386049094,64.89999999999999,33.08992993406699,66.6,9.63652743855384
8,2020-03-17 09:03:00,full_signal,20,False,56.5,59.56234675797347,8.0,17.907005510502845,2.5,14.06590713262079
8,2020-03-17 20:15:00,full_signal,20,False,117.1,61.58880682023346,54.1,28.58903435881385,31.8,20.796106548585904
8,2020-03-18 09:55:00,full_signal,20,False,27.299999999999997,69.13565210261925,10.3,20.66745827239656,8.8,15.953055829636973
8,2020-03-19 18:25:00,full_signal,20,False,21.4,52.57811271353404,44.9,31.06682873626483,21.8,13.93165920313931
8,2020-03-20 06:35:00,full_signal,20,False,27.4,59.838171768791945,22.4,25.308953070987503,25.7,16.95544351058343
8,2020-03-20 11:58:00,full_signal,20,False,111.0,48.336688789742055,32.0,21.92916842228354,25.499999999999996,14.393070759552282
8,2020-03-21 09:00:00,full_signal,20,False,56.5,59.59821917863525,8.0,20.826653438839507,2.5,14.508579431361719
8,2020-03-21 13:25:00,full_signal,20,False,161.0,60.647872176338424,36.099999999999994,24.108808895479413,35.699999999999996,12.467795798227518
8,2020-03-21 17:00:00,full_signal,20,False,126.3,60.9384476264123,8.5,19.75310239828071,18.9,17.658535396196356
8,2020-03-22 08:50:00,full_signal,20,False,36.0,59.71092991618852,24.500000000000004,19.894765852382548,40.7,14.769679458383509
8,2020-03-22 14:10:00,full_signal,20,False,134.0,43.88457132479633,9.0,30.426375794030694,28.0,11.240641206192075
8,2020-03-22 19:00:00,full_signal,20,False,41.9,57.054212848509096,38.2,23.573217114188708,39.5,14.58061478044953
8,2020-03-16 08:56:00,full_signal,21,False,36.0,59.95383324068484,24.500000000000004,20.82595387971441,40.7,16.73050163663215
8,2020-03-16 14:30:00,full_signal,21,False,88.0,39.84892771825331,17.3,29.999444040451095,28.4,9.724538686415562
8,2020-03-16 19:00:00,full_signal,21,False,184.9,59.38267205807907,64.89999999999999,22.28082689478005,66.6,15.890000573337673
8,2020-03-17 09:03:00,full_signal,21,False,56.5,68.70490343476742,8.0,20.551522030663996,2.5,15.551522561345319
8,2020-03-17 20:15:00,full_signal,21,False,117.1,47.912142506758414,54.1,21.661636257389688,31.8,14.356305545691987
8,2020-03-18 09:55:00,full_signal,21,False,27.299999999999997,55.08542255752752,10.3,22.535437066351538,8.8,14.283956216898805
8,2020-03-19 18:25:00,full_signal,21,False,21.4,42.64378318020698,44.9,32.00237262473344,21.8,10.78588854319271
8,2020-03-20 06:35:00,full_signal,21,False,27.4,59.97366244283298,22.4,18.069312841062427,25.7,14.378003103694226
8,2020-03-20 11:58:00,full_signal,21,False,111.0,58.4757120547917,32.0,17.322068495353605,25.499999999999996,14.665551937751017
8,2020-03-21 09:00:00,full_signal,21,False,56.5,52.539140798808056,8.0,31.280994050514124,2.5,13.813508557814995
8,2020-03-21 13:25:00,full_signal,21,False,161.0,59.62777522748028,36.099999999999994,21.321255637077016,35.699999999999996,15.044088196406033
8,2020-03-21 17:00:00,full_signal,21,False,126.3,57.31466811732183,8.5,19.73580586791497,18.9,13.795370368564365
8,2020-03-22 08:50:00,full_signal,21,False,36.0,61.69000225953821,24.500000000000004,28.5320791540374,40.7,20.84636584687724
8,2020-03-22 14:10:00,full_signal,21,False,134.0,59.712584680694604,9.0,29.90870237124356,28.0,13.110645118116217
8,2020-03-22 19:00:00,full_signal,21,False,41.9,61.01095928148647,38.2,24.27939080222333,39.5,12.486941530868016
8,2020-03-16 08:56:00,full_signal,22,False,36.0,59.95383324068484,24.500000000000004,20.82595387971441,40.7,16.73050163663215
8,2020-03-16 14:30:00,full_signal,22,False,88.0,68.37176313439038,17.3,20.480238812502463,28.4,15.373522037523214
8,2020-03-16 19:00:00,full_signal,22,False,184.9,59.38267205807907,64.89999999999999,22.28082689478005,66.6,15.890000573337673
8,2020-03-17 09:03:00,full_signal,22,False,56.5,39.773796494140406,8.0,30.60829141712302,2.5,9.619904282273437
8,2020-03-17 20:15:00,full_signal,22,False,117.1,59.07791063687039,54.1,19.460844600124705,31.8,14.687382512794697
8,2020-03-18 09:55:00,full_signal,22,False,27.299999999999997,57.22408592436171,10.3,28.56443595566836,8.8,12.150447856712146
8,2020-03-19 18:25:00,full_signal,22,False,21.4,42.64378318020698,44.9,32.00237262473344,21.8,10.78588854319271
8,2020-03-20 06:35:00,full_signal,22,False,27.4,53.01350890278294,22.4,31.291946780820844,25.7,14.184676738752666
8,2020-03-20 11:58:00,full_signal,22,False,111.0,58.75286614275936,32.0,22.70737210201329,25.499999999999996,12.41528268933265
8,2020-03-21 09:00:00,full_signal,22,False,56.5,59.78080871118355,8.0,17.740989606661998,2.5,14.050766132388807
8,2020-03-21 13:25:00,full_signal,22,False,161.0,62.747310279593115,36.099999999999994,29.845200506603096,35.699999999999996,21.160443739304412
8,2020-03-21 17:00:00,full_signal,22,False,126.3,57.36530074659105,8.5,22.038537338424458,18.9,15.358769651572723
8,2020-03-22 08:50:00,full_signal,22,False,36.0,59.33074489805061,24.500000000000004,20.56825382708271,40.7,14.389285167596894
8,2020-03-22 14:10:00,full_signal,22,False,134.0,49.735544876647594,9.0,22.874257802255954,28.0,14.547030891980034
8,2020-03-22 19:00:00,full_signal,22,False,41.9,58.627260975366944,38.2,18.280303068536423,39.5,13.932542183776647
8,2020-03-16 08:56:00,full_signal,23,False,36.0,58.57945945796127,24.500000000000004,20.25320921686113,40.7,14.280452418366707
8,2020-03-16 14:30:00,full_signal,23,False,88.0,59.37700718632543,17.3,22.965808885586895,28.4,12.22117834254395
8,2020-03-16 19:00:00,full_signal,23,False,184.9,59.851196439774,64.89999999999999,18.48136609056252,66.6,13.399708080698085
8,2020-03-17 09:03:00,full_signal,23,False,56.5,58.38764668331651,8.0,17.35191156577168,2.5,13.97707552131653
8,2020-03-17 20:15:00,full_signal,23,False,117.1,51.43330860828001,54.1,32.11190837060297,31.8,13.488222618063823
8,2020-03-18 09:55:00,full_signal,23,False,27.299999999999997,55.08542255752752,10.3,22.535437066351538,8.8,14.283956216898805
8,2020-03-19 18:25:00,full_signal,23,False,21.4,41.65314703343798,44.9,28.68318993915173,21.8,9.688959167952259
8,2020-03-20 06:35:00,full_signal,23,False,27.4,59.838171768791945,22.4,25.308953070987503,25.7,16.95544351058343
8,2020-03-20 11:58:00,full_signal,23,False,111.0,48.336688789742055,32.0,21.92916842228354,25.499999999999996,14.393070759552282
8,2020-03-21 09:00:00,full_signal,23,False,56.5,58.27456037725011,8.0,20.60261558896457,2.5,14.299282871821429
8,2020-03-21 13:25:00,full_signal,23,False,161.0,61.3960656149749,36.099999999999994,22.722874540032898,35.699999999999996,17.150816133776026
8,2020-03-21 17:00:00,full_signal,23,False,126.3,45.30450475803394,8.5,25.25721946713114,18.9,12.038197593570422
8,2020-03-22 08:50:00,full_signal,23,False,36.0,61.69000225953821,24.500000000000004,28.5320791540374,40.7,20.84636584687724
8,2020-03-22 14:10:00,full_signal,23,False,134.0,59.712584680694604,9.0,29.90870237124356,28.0,13.110645118116217
8,2020-03-22 19:00:00,full_signal,23,False,41.9,68.65404116647504,38.2,20.85224528207241,39.5,15.173326399297457
8,2020-03-16 08:56:00,full_signal,24,False,36.0,38.50693216135111,24.500000000000004,31.120351730413166,40.7,9.443532518431612
8,2020-03-16 14:30:00,full_signal,24,False,88.0,56.15974308862553,17.3,22.875502841504417,28.4,14.269645238125667
8,2020-03-16 19:00:00,full_signal,24,False,184.9,59.38267205807907,64.89999999999999,22.28082689478005,66.6,15.890000573337673
8,2020-03-17 09:03:00,full_signal,24,False,56.5,41.463622817237486,8.0,34.68593495086608,2.5,10.956434653069763
8,2020-03-17 20:15:00,full_signal,24,False,117.1,68.87105542911011,54.1,20.57401339764327,31.8,15.91017893390105
8,2020-03-18 09:55:00,full_signal,24,False,27.299999999999997,59.60564204805659,10.3,17.98241691797815,8.8,14.108450113651216
8,2020-03-19 18:25:00,full_signal,24,False,21.4,62.59936469110285,44.9,29.633101734212506,21.8,21.095400904857573
8,2020-03-20 06:35:00,full_signal,24,False,27.4,57.59550101453918,22.4,28.796757312370836,25.7,12.223005424584366
8,2020-03-20 11:58:00,full_signal,24,False,111.0,57.478107821553564,32.0,20.63077824308463,25.499999999999996,14.622802542996185
8,2020-03-21 09:00:00,full_signal,24,False,56.5,61.42527733310839,8.0,21.85471355600073,2.5,17.320341006147753
8,2020-03-21 13:25:00,full_signal,24,False,161.0,53.79747551556428,36.099999999999994,33.06242582814883,35.699999999999996,14.052351243863848
8,2020-03-21 17:00:00,full_signal,24,False,126.3,57.31466811732183,8.5,19.73580586791497,18.9,13.795370368564365
8,2020-03-22 08:50:00,full_signal,24,False,36.0,58.28459125494583,24.500000000000004,17.84765231450036,40.7,13.92897232276479
8,2020-03-22 14:10:00,full_signal,24,False,134.0,60.245809527112414,9.0,23.430416765392618,28.0,12.585789976174084
8,2020-03-22 19:00:00,full_signal,24,False,41.9,47.918058567020104,38.2,21.31861748753106,39.5,13.683016121371205
8,2020-03-16 08:56:00,full_signal,25,False,36.0,59.29514669517187,24.500000000000004,18.19741883344993,40.7,13.999595364637395
8,2020-03-16 14:30:00,full_signal,25,False,88.0,59.77943779695867,17.3,21.49877002507007,28.4,14.812356636531442
8,2020-03-16 19:00:00,full_signal,25,False,184.9,53.40623776283741,64.89999999999999,32.55457267986413,66.6,13.85907577336649
8,2020-03-17 09:03:00,full_signal,25,False,56.5,58.15234927072282,8.0,29.08626720118312,2.5,12.14830079440574
8,2020-03-17 20:15:00,full_signal,25,False,117.1,38.565640382846055,54.1,31.343794789639084,31.8,9.521801587767015
8,2020-03-18 09:55:00,full_signal,25,False,27.299999999999997,58.13803463586171,10.3,17.738660168343674,8.8,14.144839627887544
8,2020-03-19 18:25:00,full_signal,25,False,21.4,61.88741242659426,44.9,21.65810491168005,21.8,17.461439793245646
8,2020-03-20 06:35:00,full_signal,25,False,27.4,57.92874876469635,22.4,20.577747821657937,25.7,14.50732884355523
8,2020-03-20 11:58:00,full_signal,25,False,111.0,40.807192611963586,32.0,32.905237544834854,25.499999999999996,11.276455679217584
8,2020-03-21 09:00:00,full_signal,25,False,56.5,56.783232165640904,8.0,22.68657820874695,2.5,14.3570618482655
8,2020-03-21 13:25:00,full_signal,25,False,161.0,47.818711875939194,36.099999999999994,21.427562005884315,35.699999999999996,13.7845975636415
8,2020-03-21 17:00:00,full_signal,25,False,126.3,60.43701561175444,8.5,23.243755662198748,18.9,13.433100455416048
8,2020-03-22 08:50:00,full_signal,25,False,36.0,59.265278742737394,24.500000000000004,22.990398615370538,40.7,16.31831217254573
8,2020-03-22 14:10:00,full_signal,25,False,134.0,62.00201886019708,9.0,29.82629646600936,28.0,20.8845300853448
8,2020-03-22 19:00:00,full_signal,25,False,41.9,68.65404116647504,38.2,20.85224528207241,39.5,15.173326399297457
8,2020-03-16 08:56:00,full_signal,26,False,36.0,58.49109089509971,24.500000000000004,22.501951576500698,40.7,12.121477618275733
8,2020-03-16 14:30:00,full_signal,26,False,88.0,58.811545074737424,17.3,17.246432624486737,28.4,14.305274455720264
8,2020-03-16 19:00:00,full_signal,26,False,184.9,53.40623776283741,64.89999999999999,32.55457267986413,66.6,13.85907577336649
8,2020-03-17 09:03:00,full_signal,26,False,56.5,41.463622817237486,8.0,34.68593495086608,2.5,10.956434653069763
8,2020-03-17 20:15:00,full_signal,26,False,117.1,61.58880682023346,54.1,28.58903435881385,31.8,20.796106548585904
8,2020-03-18 09:55:00,full_signal,26,False,27.299999999999997,59.60564204805659,10.3,17.98241691797815,8.8,14.108450113651216
8,2020-03-19 18:25:00,full_signal,26,False,21.4,68.7629908145217,44.9,20.431444617035574,21.8,15.438512296858475
8,2020-03-20 06:35:00,full_signal,26,False,27.4,57.92874876469635,22.4,20.577747821657937,25.7,14.50732884355523
8,2020-03-20 11:58:00,full_signal,26,False,111.0,57.58971686460835,32.0,28.78954497653968,25.499999999999996,12.450771441956903
8,2020-03-21 09:00:00,full_signal,26,False,56.5,59.59821917863525,8.0,20.826653438839507,2.5,14.508579431361719
8,2020-03-21 13:25:00,full_signal,26,False,161.0,47.818711875939194,36.099999999999994,21.427562005884315,35.699999999999996,13.7845975636415
8,2020-03-21 17:00:00,full_signal,26,False,126.3,60.9384476264123,8.5,19.75310239828071,18.9,17.658535396196356
8,2020-03-22 08:50:00,full_signal,26,False,36.0,59.265278742737394,24.500000000000004,22.990398615370538,40.7,16.31831217254573
8,2020-03-22 14:10:00,full_signal,26,False,134.0,43.5876642577791,9.0,26.568618095133232,28.0,10.096452587894488
8,2020-03-22 19:00:00,full_signal,26,False,41.9,57.054212848509096,38.2,23.573217114188708,39.5,14.58061478044953
8,2020-03-16 08:56:00,full_signal,27,False,36.0,54.8721798767559,24.500000000000004,22.600648445139512,40.7,14.479100382810616
8,2020-03-16 14:30:00,full_signal,27,False,88.0,58.44687565251153,17.3,20.8081320384301,28.4,14.65314853155519
8,2020-03-16 19:00:00,full_signal,27,False,184.9,48.66811717304651,64.89999999999999,21.52358555344427,66.6,14.149351982876164
8,2020-03-17 09:03:00,full_signal,27,False,56.5,58.38764668331651,8.0,17.35191156577168,2.5,13.97707552131653
8,2020-03-17 20:15:00,full_signal,27,False,117.1,59.74372158735478,54.1,17.947794401569965,31.8,14.133510460529042
8,2020-03-18 09:55:00,full_signal,27,False,27.299999999999997,40.81975767486526,10.3,34.61086341370379,8.8,11.017683704236463
8,2020-03-19 18:25:00,full_signal,27,False,21.4,59.96294731742586,44.9,23.021897564259998,21.8,11.96003695395389
8,2020-03-20 06:35:00,full_signal,27,False,27.4,59.838171768791945,22.4,25.308953070987503,25.7,16.95544351058343
8,2020-03-20 11:58:00,full_signal,27,False,111.0,61.419820703759825,32.0,29.264091515598757,25.499999999999996,20.643138892461135
8,2020-03-21 09:00:00,full_signal,27,False,56.5,52.539140798808056,8.0,31.280994050514124,2.5,13.813508557814995
8,2020-03-21 13:25:00,full_signal,27,False,161.0,41.00354490405146,36.099999999999994,32.330685525971596,35.699999999999996,9.654689525504596
8,2020-03-21 17:00:00,full_signal,27,False,126.3,66.26043210340129,8.5,18.912869572569445,18.9,16.379481724018945
8,2020-03-22 08:50:00,full_signal,27,False,36.0,57.34484038229303,24.500000000000004,28.332177196221966,40.7,12.009319284984574
8,2020-03-22 14:10:00,full_signal,27,False,134.0,62.22352123456377,9.0,21.64699411798167,28.0,17.649328226503922
8,2020-03-22 19:00:00,full_signal,27,False,41.9,59.324324815105214,38.2,20.692904020152525,39.5,13.83082311201736
8,2020-03-16 08:56:00,full_signal,28,False,36.0,68.40014181945602,24.500000000000004,20.623264836981146,40.7,15.8524756783979
8,2020-03-16 14:30:00,full_signal,28,False,88.0,58.811545074737424,17.3,17.246432624486737,28.4,14.305274455720264
8,2020-03-16 19:00:00,full_signal,28,False,184.9,58.304239936755096,64.89999999999999,28.391885967968545,66.6,12.147203880891242
8,2020-03-17 09:03:00,full_signal,28,False,56.5,61.33584664656465,8.0,22.45739563768032,2.5,17.255611197507474
8,2020-03-17 20:15:00,full_signal,28,False,117.1,38.565640382846055,54.1,31.343794789639084,31.8,9.521801587767015
8,2020-03-18 09:55:00,full_signal,28,False,27.299999999999997,58.79029775355363,10.3,22.29138524757326,8.8,12.219781180607768
8,2020-03-19 18:25:00,full_signal,28,False,21.4,49.14392238862086,44.9,22.17811074476425,21.8,14.27784662758844
8,2020-03-20 06:35:00,full_signal,28,False,27.4,59.838171768791945,22.4,25.308953070987503,25.7,16.95544351058343
8,2020-03-20 11:58:00,full_signal,28,False,111.0,40.807192611963586,32.0,32.905237544834854,25.499999999999996,11.276455679217584
8,2020-03-21 09:00:00,full_signal,28,False,56.5,62.589124807974834,8.0,29.45047187494488,2.5,21.091880234532056
8,2020-03-21 13:25:00,full_signal,28,False,161.0,53.79747551556428,36.099999999999994,33.06242582814883,35.699999999999996,14.052351243863848
8,2020-03-21 17:00:00,full_signal,28,False,126.3,59.156276271278074,8.5,18.439923956116434,18.9,12.885675272162084
8,2020-03-22 08:50:00,full_signal,28,False,36.0,59.71092991618852,24.500000000000004,19.894765852382548,40.7,14.769679458383509
8,2020-03-22 14:10:00,full_signal,28,False,134.0,56.45663024364325,9.0,22.182776837303965,28.0,14.029098967597864
8,2020-03-22 19:00:00,full_signal,28,False,41.9,59.324324815105214,38.2,20.692904020152525,39.5,13.83082311201736
8,2020-03-16 08:56:00,full_signal,29,False,36.0,68.40014181945602,24.500000000000004,20.623264836981146,40.7,15.8524756783979
8,2020-03-16 14:30:00,full_signal,29,False,88.0,48.96358851044067,17.3,22.275642232699767,28.4,14.399109568333008
8,2020-03-16 19:00:00,full_signal,29,False,184.9,41.403742585914344,64.89999999999999,35.937955732405186,66.6,10.304784566167042
8,2020-03-17 09:03:00,full_signal,29,False,56.5,58.97711063118551,8.0,20.99697745135566,2.5,14.800151967468844
8,2020-03-17 20:15:00,full_signal,29,False,117.1,59.74372158735478,54.1,17.947794401569965,31.8,14.133510460529042
8,2020-03-18 09:55:00,full_signal,29,False,27.299999999999997,38.68637857740223,10.3,31.45028801548653,8.8,9.51121247142165
8,2020-03-19 18:25:00,full_signal,29,False,21.4,58.9669226517395,44.9,28.837480209828534,21.8,12.342589570867046
8,2020-03-20 06:35:00,full_signal,29,False,27.4,55.94889117695182,22.4,22.633837053583623,25.7,14.295209408024789
8,2020-03-20 11:58:00,full_signal,29,False,111.0,59.21285825408971,32.0,21.985192423585037,25.499999999999996,15.35931410467074
8,2020-03-21 09:00:00,full_signal,29,False,56.5,59.03164517551627,8.0,17.08139421492358,2.5,14.011584461805986
8,2020-03-21 13:25:00,full_signal,29,False,161.0,60.647872176338424,36.099999999999994,24.108808895479413,35.699999999999996,12.467795798227518
8,2020-03-21 17:00:00,full_signal,29,False,126.3,59.826438967766954,8.5,23.82246170826789,18.9,17.02395830231059
8,2020-03-22 08:50:00,full_signal,29,False,36.0,61.69000225953821,24.500000000000004,28.5320791540374,40.7,20.84636584687724
8,2020-03-22 14:10:00,full_signal,29,False,134.0,51.83648243379144,9.0,28.120451909583483,28.0,13.868405056850328
8,2020-03-22 19:00:00,full_signal,29,False,41.9,61.566119330065455,38.2,22.831213890525184,39.5,17.161938003295212
8,2020-03-16 08:56:00,full_signal,30,False,36.0,60.99226088948067,24.500000000000004,27.882808629697667,40.7,20.745500353238334
8,2020-03-16 14:30:00,full_signal,30,False,88.0,58.44687565251153,17.3,20.8081320384301,28.4,14.65314853155519
8,2020-03-16 19:00:00,full_signal,30,False,184.9,62.21445303659351,64.89999999999999,22.150201523516486,66.6,17.34033069252193
8,2020-03-17 09:03:00,full_signal,30,False,56.5,59.949951005608966,8.0,23.36911677798408,2.5,12.299461801779454
8,2020-03-17 20:15:00,full_signal,30,False,117.1,38.565640382846055,54.1,31.343794789639084,31.8,9.521801587767015
8,2020-03-18 09:55:00,full_signal,30,False,27.299999999999997,69.13565210261925,10.3,20.66745827239656,8.8,15.953055829636973
8,2020-03-19 18:25:00,full_signal,30,False,21.4,49.14392238862086,44.9,22.17811074476425,21.8,14.27784662758844
8,2020-03-20 06:35:00,full_signal,30,False,27.4,57.59550101453918,22.4,28.796757312370836,25.7,12.223005424584366
8,2020-03-20 11:58:00,full_signal,30,False,111.0,52.822993428801375,32.0,31.35813115922103,25.499999999999996,14.556343667910962
8,2020-03-21 09:00:00,full_signal,30,False,56.5,59.03164517551627,8.0,17.08139421492358,2.5,14.011584461805986
8,2020-03-21 13:25:00,full_signal,30,False,161.0,56.618896084957676,36.099999999999994,23.47028573867566,35.699999999999996,14.48811567403658
8,2020-03-21 17:00:00,full_signal,30,False,126.3,59.156276271278074,8.5,18.439923956116434,18.9,12.885675272162084
8,2020-03-22 08:50:00,full_signal,30,False,36.0,40.79908454849594,24.500000000000004,34.432248512182795,40.7,10.72397501667445
8,2020-03-22 14:10:00,full_signal,30,False,134.0,60.77676158335662,9.0,25.695470920055232,28.0,17.116556395765752
8,2020-03-22 19:00:00,full_signal,30,False,41.9,59.324324815105214,38.2,20.692904020152525,39.5,13.83082311201736
8,2020-03-16 08:56:00,full_signal,31,False,36.0,58.83653158151461,24.500000000000004,22.503072290573446,40.7,16.376887722881754
8,2020-03-16 14:30:00,full_signal,31,False,88.0,48.96358851044067,17.3,22.275642232699767,28.4,14.399109568333008
8,2020-03-16 19:00:00,full_signal,31,False,184.9,59.24874873237459,64.89999999999999,20.156856376361432,66.6,13.60238255887454
8,2020-03-17 09:03:00,full_signal,31,False,56.5,59.949951005608966,8.0,23.36911677798408,2.5,12.299461801779454
8,2020-03-17 20:15:00,full_signal,31,False,117.1,54.881346077272006,54.1,22.466734747019625,31.8,14.271423466343489
8,2020-03-18 09:55:00,full_signal,31,False,27.299999999999997,60.842280939277295,10.3,21.39207704489364,8.8,17.01359033166101
8,2020-03-19 18:25:00,full_signal,31,False,21.4,52.57811271353404,44.9,31.06682873626483,21.8,13.93165920313931
8,2020-03-20 06:35:00,full_signal,31,False,27.4,39.73897355181844,22.4,29.490723827519684,25.7,9.865198161808502
8,2020-03-20 11:58:00,full_signal,31,False,111.0,57.58971686460835,32.0,28.78954497653968,25.499999999999996,12.450771441956903
8,2020-03-21 09:00:00,full_signal,31,False,56.5,59.03164517551627,8.0,17.08139421492358,2.5,14.011584461805986
8,2020-03-21 13:25:00,full_signal,31,False,161.0,59.5436675091753,36.099999999999994,18.25628370424425,35.699999999999996,13.841636146897246
8,2020-03-21 17:00:00,full_signal,31,False,126.3,56.59994752628205,8.5,19.515372508652774,18.9,14.38126274711318
8,2020-03-22 08:50:00,full_signal,31,False,36.0,68.98292501214162,24.500000000000004,20.591540152691532,40.7,15.791823703486436
8,2020-03-22 14:10:00,full_signal,31,False,134.0,62.00201886019708,9.0,29.82629646600936,28.0,20.8845300853448
8,2020-03-22 19:00:00,full_signal,31,False,41.9,42.01749266490107,38.2,35.474077965356415,39.5,10.470682025564843
8,2020-03-16 08:56:00,full_signal,32,False,36.0,58.49109089509971,24.500000000000004,22.501951576500698,40.7,12.121477618275733
8,2020-03-16 14:30:00,full_signal,32,False,88.0,41.623718310452446,17.3,34.2032182448991,28.4,11.17194521843868
8,2020-03-16 19:00:00,full_signal,32,False,184.9,69.39014349553267,64.89999999999999,21.25127438380982,66.6,15.560656366503775
8,2020-03-17 09:03:00,full_signal,32,False,56.5,59.76142470389519,8.0,21.062929537399402,2.5,14.57215531506749
8,2020-03-17 20:15:00,full_signal,32,False,117.1,61.58880682023346,54.1,28.58903435881385,31.8,20.796106548585904
8,2020-03-18 09:55:00,full_signal,32,False,27.299999999999997,59.60564204805659,10.3,17.98241691797815,8.8,14.108450113651216
8,2020-03-19 18:25:00,full_signal,32,False,21.4,58.94214686229978,44.9,16.930459361458855,21.8,14.090062102152881
8,2020-03-20 06:35:00,full_signal,32,False,27.4,49.024979183098466,22.4,22.567179043654964,25.7,14.434361571669372
8,2020-03-20 11:58:00,full_signal,32,False,111.0,59.68880638748249,32.0,25.64127793372795,25.499999999999996,17.014766084125743
8,2020-03-21 09:00:00,full_signal,32,False,56.5,56.783232165640904,8.0,22.68657820874695,2.5,14.3570618482655
8,2020-03-21 13:25:00,full_signal,32,False,161.0,59.62777522748028,36.099999999999994,21.321255637077016,35.699999999999996,15.044088196406033
8,2020-03-21 17:00:00,full_signal,32,False,126.3,58.402356046232185,8.5,27.405015826398387,18.9,13.336313969003402
8,2020-03-22 08:50:00,full_signal,32,False,36.0,52.08016972247075,24.500000000000004,32.2353850338847,40.7,13.740645134643433
8,2020-03-22 14:10:00,full_signal,32,False,134.0,62.22352123456377,9.0,21.64699411798167,28.0,17.649328226503922
8,2020-03-22 19:00:00,full_signal,32,False,41.9,41.45770883669477,38.2,32.514002657885996,39.5,9.68374397878102
8,2020-03-16 08:56:00,full_signal,33,False,36.0,54.8721798767559,24.500000000000004,22.600648445139512,40.7,14.479100382810616
8,2020-03-16 14:30:00,full_signal,33,False,88.0,59.77943779695867,17.3,21.49877002507007,28.4,14.812356636531442
8,2020-03-16 19:00:00,full_signal,33,False,184.9,62.21445303659351,64.89999999999999,22.150201523516486,66.6,17.34033069252193
8,2020-03-17 09:03:00,full_signal,33,False,56.5,62.47617790858703,8.0,29.64293833043465,2.5,21.2248907748535
8,2020-03-17 20:15:00,full_signal,33,False,117.1,59.74372158735478,54.1,17.947794401569965,31.8,14.133510460529042
8,2020-03-18 09:55:00,full_signal,33,False,27.299999999999997,40.81975767486526,10.3,34.61086341370379,8.8,11.017683704236463
8,2020-03-19 18:25:00,full_signal,33,False,21.4,41.65314703343798,44.9,28.68318993915173,21.8,9.688959167952259
8,2020-03-20 06:35:00,full_signal,33,False,27.4,59.00674796767749,22.4,22.55233239059222,25.7,12.06609606261062
8,2020-03-20 11:58:00,full_signal,33,False,111.0,59.68880638748249,32.0,25.64127793372795,25.499999999999996,17.014766084125743
8,2020-03-21 09:00:00,full_signal,33,False,56.5,68.61336709883595,8.0,20.39615963492073,2.5,15.297774727270967
8,2020-03-21 13:25:00,full_signal,33,False,161.0,59.62777522748028,36.099999999999994,21.321255637077016,35.699999999999996,15.044088196406033
8,2020-03-21 17:00:00,full_signal,33,False,126.3,50.202491085931285,8.5,21.779950669425926,18.9,14.636754403382067
8,2020-03-22 08:50:00,full_signal,33,False,36.0,52.08016972247075,24.500000000000004,32.2353850338847,40.7,13.740645134643433
8,2020-03-22 14:10:00,full_signal,33,False,134.0,59.712584680694604,9.0,29.90870237124356,28.0,13.110645118116217
8,2020-03-22 19:00:00,full_signal,33,False,41.9,58.627260975366944,38.2,18.280303068536423,39.5,13.932542183776647
8,2020-03-16 08:56:00,full_signal,34,False,36.0,57.565275297544424,24.500000000000004,17.33367102211095,40.7,13.866149510165892
8,2020-03-16 14:30:00,full_signal,34,False,88.0,59.911023977921616,17.3,18.008342945744417,28.4,14.227852166406047
8,2020-03-16 19:00:00,full_signal,34,False,184.9,69.39014349553267,64.89999999999999,21.25127438380982,66.6,15.560656366503775
8,2020-03-17 09:03:00,full_signal,34,False,56.5,53.02356732177547,8.0,32.3875785397771,2.5,14.28429879160987
8,2020-03-17 20:15:00,full_signal,34,False,117.1,61.58880682023346,54.1,28.58903435881385,31.8,20.796106548585904
8,2020-03-18 09:55:00,full_signal,34,False,27.299999999999997,40.81975767486526,10.3,34.61086341370379,8.8,11.017683704236463
8,2020-03-19 18:25:00,full_signal,34,False,21.4,58.9669226517395,44.9,28.837480209828534,21.8,12.342589570867046
8,2020-03-20 06:35:00,full_signal,34,False,27.4,60.98384816632351,22.4,22.29983339504859,25.7,17.180512116254448
8,2020-03-20 11:58:00,full_signal,34,False,111.0,48.336688789742055,32.0,21.92916842228354,25.499999999999996,14.393070759552282
8,2020-03-21 09:00:00,full_signal,34,False,56.5,59.9001624359064,8.0,23.091168682015194,2.5,11.988457218002898
8,2020-03-21 13:25:00,full_signal,34,False,161.0,41.00354490405146,36.099999999999994,32.330685525971596,35.699999999999996,9.654689525504596
8,2020-03-21 17:00:00,full_signal,34,False,126.3,57.36530074659105,8.5,22.038537338424458,18.9,15.358769651572723
8,2020-03-22 08:50:00,full_signal,34,False,36.0,59.265278742737394,24.500000000000004,22.990398615370538,40.7,16.31831217254573
8,2020-03-22 14:10:00,full_signal,34,False,134.0,57.890545413741506,9.0,20.218183673188978,28.0,14.23894356333013
8,2020-03-22 19:00:00,full_signal,34,False,41.9,59.324324815105214,38.2,20.692904020152525,39.5,13.83082311201736
8,2020-03-16 08:56:00,full_signal,35,False,36.0,59.370829187575886,24.500000000000004,19.495074505880577,40.7,15.029971911281873
8,2020-03-16 14:30:00,full_signal,35,False,88.0,68.37176313439038,17.3,20.480238812502463,28.4,15.373522037523214
8,2020-03-16 19:00:00,full_signal,35,False,184.9,53.40623776283741,64.89999999999999,32.55457267986413,66.6,13.85907577336649
8,2020-03-17 09:03:00,full_signal,35,False,56.5,62.47617790858703,8.0,29.64293833043465,2.5,21.2248907748535
8,2020-03-17 20:15:00,full_signal,35,False,117.1,59.74372158735478,54.1,17.947794401569965,31.8,14.133510460529042
8,2020-03-18 09:55:00,full_signal,35,False,27.299999999999997,58.79029775355363,10.3,22.29138524757326,8.8,12.219781180607768
8,2020-03-19 18:25:00,full_signal,35,False,21.4,61.88741242659426,44.9,21.65810491168005,21.8,17.461439793245646
8,2020-03-20 06:35:00,full_signal,35,False,27.4,49.024979183098466,22.4,22.567179043654964,25.7,14.434361571669372
8,2020-03-20 11:58:00,full_signal,35,False,111.0,57.58971686460835,32.0,28.78954497653968,25.499999999999996,12.450771441956903
8,2020-03-21 09:00:00,full_signal,35,False,56.5,59.66946775571199,8.0,24.548030693225424,2.5,16.747968393222102
8,2020-03-21 13:25:00,full_signal,35,False,161.0,59.42200158262709,36.099999999999994,20.67649342278963,35.699999999999996,13.993468303813039
8,2020-03-21 17:00:00,full_signal,35,False,126.3,44.33147999058826,8.5,24.96483398113893,18.9,10.793731809607763
8,2020-03-22 08:50:00,full_signal,35,False,36.0,58.28459125494583,24.500000000000004,17.84765231450036,40.7,13.92897232276479
8,2020-03-22 14:10:00,full_signal,35,False,134.0,43.88457132479633,9.0,30.426375794030694,28.0,11.240641206192075
8,2020-03-22 19:00:00,full_signal,35,False,41.9,57.054212848509096,38.2,23.573217114188708,39.5,14.58061478044953
8,2020-03-16 08:56:00,full_signal,36,False,36.0,56.62707813844054,24.500000000000004,27.78540090285019,40.7,11.943873978602209
8,2020-03-16 14:30:00,full_signal,36,False,88.0,41.623718310452446,17.3,34.2032182448991,28.4,11.17194521843868
8,2020-03-16 19:00:00,full_signal,36,False,184.9,69.39014349553267,64.89999999999999,21.25127438380982,66.6,15.560656366503775
8,2020-03-17 09:03:00,full_signal,36,False,56.5,61.33584664656465,8.0,22.45739563768032,2.5,17.255611197507474
8,2020-03-17 20:15:00,full_signal,36,False,117.1,47.912142506758414,54.1,21.661636257389688,31.8,14.356305545691987
8,2020-03-18 09:55:00,full_signal,36,False,27.299999999999997,60.107879596587416,10.3,24.0742255739888,8.8,16.90942127847229
8,2020-03-19 18:25:00,full_signal,36,False,21.4,58.94214686229978,44.9,16.930459361458855,21.8,14.090062102152881
8,2020-03-20 06:35:00,full_signal,36,False,27.4,55.94889117695182,22.4,22.633837053583623,25.7,14.295209408024789
8,2020-03-20 11:58:00,full_signal,36,False,111.0,39.079073978617565,32.0,29.684024579571133,25.499999999999996,10.088135573311886
8,2020-03-21 09:00:00,full_signal,36,False,56.5,59.9001624359064,8.0,23.091168682015194,2.5,11.988457218002898
8,2020-03-21 13:25:00,full_signal,36,False,161.0,59.5436675091753,36.099999999999994,18.25628370424425,35.699999999999996,13.841636146897246
8,2020-03-21 17:00:00,full_signal,36,False,126.3,51.21824129227512,8.5,24.244880556793717,18.9,13.638278216480229
8,2020-03-22 08:50:00,full_signal,36,False,36.0,61.69000225953821,24.500000000000004,28.5320791540374,40.7,20.84636584687724
8,2020-03-22 14:10:00,full_signal,36,False,134.0,57.890545413741506,9.0,20.218183673188978,28.0,14.23894356333013
8,2020-03-22 19:00:00,full_signal,36,False,41.9,59.324324815105214,38.2,20.692904020152525,39.5,13.83082311201736
8,2020-03-16 08:56:00,full_signal,37,False,36.0,60.99226088948067,24.500000000000004,27.882808629697667,40.7,20.745500353238334
8,2020-03-16 14:30:00,full_signal,37,False,88.0,53.05349437612344,17.3,31.920797162838966,28.4,14.163662339651772
8,2020-03-16 19:00:00,full_signal,37,False,184.9,48.66811717304651,64.89999999999999,21.52358555344427,66.6,14.149351982876164
8,2020-03-17 09:03:00,full_signal,37,False,56.5,56.324241206960686,8.0,22.992711138181573,2.5,14.753645897008374
8,2020-03-17 20:15:00,full_signal,37,False,117.1,38.565640382846055,54.1,31.343794789639084,31.8,9.521801587767015
8,2020-03-18 09:55:00,full_signal,37,False,27.299999999999997,58.79029775355363,10.3,22.29138524757326,8.8,12.219781180607768
8,2020-03-19 18:25:00,full_signal,37,False,21.4,68.7629908145217,44.9,20.431444617035574,21.8,15.438512296858475
8,2020-03-20 06:35:00,full_signal,37,False,27.4,59.476036448378615,22.4,21.925790771488035,25.7,15.104480550908992
8,2020-03-20 11:58:00,full_signal,37,False,111.0,59.60833949155769,32.0,17.823252088316185,25.499999999999996,14.53854561089897
8,2020-03-21 09:00:00,full_signal,37,False,56.5,58.27456037725011,8.0,20.60261558896457,2.5,14.299282871821429
8,2020-03-21 13:25:00,full_signal,37,False,161.0,42.00923400747101,36.099999999999994,35.0321640225622,35.699999999999996,10.528034060181048
8,2020-03-21 17:00:00,full_signal,37,False,126.3,59.826438967766954,8.5,23.82246170826789,18.9,17.02395830231059
8,2020-03-22 08:50:00,full_signal,37,False,36.0,58.28459125494583,24.500000000000004,17.84765231450036,40.7,13.92897232276479
8,2020-03-22 14:10:00,full_signal,37,False,134.0,62.22352123456377,9.0,21.64699411798167,28.0,17.649328226503922
8,2020-03-22 19:00:00,full_signal,37,False,41.9,58.469736584041016,38.2,29.345191913721365,39.5,12.07890804850316
8,2020-03-16 08:56:00,full_signal,38,False,36.0,68.40014181945602,24.500000000000004,20.623264836981146,40.7,15.8524756783979
8,2020-03-16 14:30:00,full_signal,38,False,88.0,53.05349437612344,17.3,31.920797162838966,28.4,14.163662339651772
8,2020-03-16 19:00:00,full_signal,38,False,184.9,40.901452386049094,64.89999999999999,33.08992993406699,66.6,9.63652743855384
8,2020-03-17 09:03:00,full_signal,38,False,56.5,59.56234675797347,8.0,17.907005510502845,2.5,14.06590713262079
8,2020-03-17 20:15:00,full_signal,38,False,117.1,57.973197706797066,54.1,17.680899762241125,31.8,14.132779064904607
8,2020-03-18 09:55:00,full_signal,38,False,27.299999999999997,55.08542255752752,10.3,22.535437066351538,8.8,14.283956216898805
8,2020-03-19 18:25:00,full_signal,38,False,21.4,59.80023098790649,44.9,20.853825000555567,21.8,14.698082103236063
8,2020-03-20 06:35:00,full_signal,38,False,27.4,60.98384816632351,22.4,22.29983339504859,25.7,17.180512116254448
8,2020-03-20 11:58:00,full_signal,38,False,111.0,57.58971686460835,32.0,28.78954497653968,25.499999999999996,12.450771441956903
8,2020-03-21 09:00:00,full_signal,38,False,56.5,49.19589686609133,8.0,22.245100568592026,2.5,14.361811779246283
8,2020-03-21 13:25:00,full_signal,38,False,161.0,58.98367710033784,36.099999999999994,23.935063756130198,35.699999999999996,16.169044689405567
8,2020-03-21 17:00:00,full_signal,38,False,126.3,56.59994752628205,8.5,19.515372508652774,18.9,14.38126274711318
8,2020-03-22 08:50:00,full_signal,38,False,36.0,61.69000225953821,24.500000000000004,28.5320791540374,40.7,20.84636584687724
8,2020-03-22 14:10:00,full_signal,38,False,134.0,43.88457132479633,9.0,30.426375794030694,28.0,11.240641206192075
8,2020-03-22 19:00:00,full_signal,38,False,41.9,61.01095928148647,38.2,24.27939080222333,39.5,12.486941530868016
8,2020-03-16 08:56:00,full_signal,39,False,36.0,38.50693216135111,24.500000000000004,31.120351730413166,40.7,9.443532518431612
8,2020-03-16 14:30:00,full_signal,39,False,88.0,68.37176313439038,17.3,20.480238812502463,28.4,15.373522037523214
8,2020-03-16 19:00:00,full_signal,39,False,184.9,56.551593631401204,64.89999999999999,23.189530068243776,66.6,14.332029455138938
8,2020-03-17 09:03:00,full_signal,39,False,56.5,61.33584664656465,8.0,22.45739563768032,2.5,17.255611197507474
8,2020-03-17 20:15:00,full_signal,39,False,117.1,40.73582790733525,54.1,34.514370330854554,31.8,11.028404679173534
8,2020-03-18 09:55:00,full_signal,39,False,27.299999999999997,59.60564204805659,10.3,17.98241691797815,8.8,14.108450113651216
8,2020-03-19 18:25:00,full_signal,39,False,21.4,60.06318481041277,44.9,24.798430164548314,21.8,17.01798134515449
8,2020-03-20 06:35:00,full_signal,39,False,27.4,61.92454942854379,22.4,29.598404147169504,25.7,20.70248615862733
8,2020-03-20 11:58:00,full_signal,39,False,111.0,58.75286614275936,32.0,22.70737210201329,25.499999999999996,12.41528268933265
8,2020-03-21 09:00:00,full_signal,39,False,56.5,49.19589686609133,8.0,22.245100568592026,2.5,14.361811779246283
8,2020-03-21 13:25:00,full_signal,39,False,161.0,53.79747551556428,36.099999999999994,33.06242582814883,35.699999999999996,14.052351243863848
8,2020-03-21 17:00:00,full_signal,39,False,126.3,57.94014757027876,8.5,17.12650759068717,18.9,13.14184252387518
8,2020-03-22 08:50:00,full_signal,39,False,36.0,57.34484038229303,24.500000000000004,28.332177196221966,40.7,12.009319284984574
8,2020-03-22 14:10:00,full_signal,39,False,134.0,57.890545413741506,9.0,20.218183673188978,28.0,14.23894356333013
8,2020-03-22 19:00:00,full_signal,39,False,41.9,59.324324815105214,38.2,20.692904020152525,39.5,13.83082311201736
8,2020-03-16 08:56:00,full_signal,40,False,36.0,59.95383324068484,24.500000000000004,20.82595387971441,40.7,16.73050163663215
8,2020-03-16 14:30:00,full_signal,40,False,88.0,56.15974308862553,17.3,22.875502841504417,28.4,14.269645238125667
8,2020-03-16 19:00:00,full_signal,40,False,184.9,53.40623776283741,64.89999999999999,32.55457267986413,66.6,13.85907577336649
8,2020-03-17 09:03:00,full_signal,40,False,56.5,59.949951005608966,8.0,23.36911677798408,2.5,12.299461801779454
8,2020-03-17 20:15:00,full_signal,40,False,117.1,68.87105542911011,54.1,20.57401339764327,31.8,15.91017893390105
8,2020-03-18 09:55:00,full_signal,40,False,27.299999999999997,58.13803463586171,10.3,17.738660168343674,8.8,14.144839627887544
8,2020-03-19 18:25:00,full_signal,40,False,21.4,58.195145455402056,44.9,20.458870647225325,21.8,14.311890872024435
8,2020-03-20 06:35:00,full_signal,40,False,27.4,39.73897355181844,22.4,29.490723827519684,25.7,9.865198161808502
8,2020-03-20 11:58:00,full_signal,40,False,111.0,57.58971686460835,32.0,28.78954497653968,25.499999999999996,12.450771441956903
8,2020-03-21 09:00:00,full_signal,40,False,56.5,59.78080871118355,8.0,17.740989606661998,2.5,14.050766132388807
8,2020-03-21 13:25:00,full_signal,40,False,161.0,47.818711875939194,36.099999999999994,21.427562005884315,35.699999999999996,13.7845975636415
8,2020-03-21 17:00:00,full_signal,40,False,126.3,60.982540032340474,8.5,28.095778419944562,18.9,20.702181975850934
8,2020-03-22 08:50:00,full_signal,40,False,36.0,59.33074489805061,24.500000000000004,20.56825382708271,40.7,14.389285167596894
8,2020-03-22 14:10:00,full_signal,40,False,134.0,60.77676158335662,9.0,25.695470920055232,28.0,17.116556395765752
8,2020-03-22 19:00:00,full_signal,40,False,41.9,42.01749266490107,38.2,35.474077965356415,39.5,10.470682025564843
8,2020-03-16 08:56:00,full_signal,41,False,36.0,56.62707813844054,24.500000000000004,27.78540090285019,40.7,11.943873978602209
8,2020-03-16 14:30:00,full_signal,41,False,88.0,61.49369268769357,17.3,22.47841925386685,28.4,17.34495511884259
8,2020-03-16 19:00:00,full_signal,41,False,184.9,61.39570299357154,64.89999999999999,20.30415836767496,66.6,15.324992441901045
8,2020-03-17 09:03:00,full_signal,41,False,56.5,48.4427135899392,8.0,21.776514613684007,2.5,14.232986120783222
8,2020-03-17 20:15:00,full_signal,41,False,117.1,40.73582790733525,54.1,34.514370330854554,31.8,11.028404679173534
8,2020-03-18 09:55:00,full_signal,41,False,27.299999999999997,58.13803463586171,10.3,17.738660168343674,8.8,14.144839627887544
8,2020-03-19 18:25:00,full_signal,41,False,21.4,52.57811271353404,44.9,31.06682873626483,21.8,13.93165920313931
8,2020-03-20 06:35:00,full_signal,41,False,27.4,61.92454942854379,22.4,29.598404147169504,25.7,20.70248615862733
8,2020-03-20 11:58:00,full_signal,41,False,111.0,58.75286614275936,32.0,22.70737210201329,25.499999999999996,12.41528268933265
8,2020-03-21 09:00:00,full_signal,41,False,56.5,59.78080871118355,8.0,17.740989606661998,2.5,14.050766132388807
8,2020-03-21 13:25:00,full_signal,41,False,161.0,41.00354490405146,36.099999999999994,32.330685525971596,35.699999999999996,9.654689525504596
8,2020-03-21 17:00:00,full_signal,41,False,126.3,57.31466811732183,8.5,19.73580586791497,18.9,13.795370368564365
8,2020-03-22 08:50:00,full_signal,41,False,36.0,68.98292501214162,24.500000000000004,20.591540152691532,40.7,15.791823703486436
8,2020-03-22 14:10:00,full_signal,41,False,134.0,60.77676158335662,9.0,25.695470920055232,28.0,17.116556395765752
8,2020-03-22 19:00:00,full_signal,41,False,41.9,57.054212848509096,38.2,23.573217114188708,39.5,14.58061478044953
8,2020-03-16 08:56:00,full_signal,42,False,36.0,60.99226088948067,24.500000000000004,27.882808629697667,40.7,20.745500353238334
8,2020-03-16 14:30:00,full_signal,42,False,88.0,58.22057047993339,17.3,29.138021961890693,28.4,12.271820529904906
8,2020-03-16 19:00:00,full_signal,42,False,184.9,59.38267205807907,64.89999999999999,22.28082689478005,66.6,15.890000573337673
8,2020-03-17 09:03:00,full_signal,42,False,56.5,59.949951005608966,8.0,23.36911677798408,2.5,12.299461801779454
8,2020-03-17 20:15:00,full_signal,42,False,117.1,59.15236371722962,54.1,20.464308120962095,31.8,14.350094930689988
8,2020-03-18 09:55:00,full_signal,42,False,27.299999999999997,38.68637857740223,10.3,31.45028801548653,8.8,9.51121247142165
8,2020-03-19 18:25:00,full_signal,42,False,21.4,58.94214686229978,44.9,16.930459361458855,21.8,14.090062102152881
8,2020-03-20 06:35:00,full_signal,42,False,27.4,60.98384816632351,22.4,22.29983339504859,25.7,17.180512116254448
8,2020-03-20 11:58:00,full_signal,42,False,111.0,67.5660772825559,32.0,20.38238580511677,25.499999999999996,15.623247483148294
8,2020-03-21 09:00:00,full_signal,42,False,56.5,52.539140798808056,8.0,31.280994050514124,2.5,13.813508557814995
8,2020-03-21 13:25:00,full_signal,42,False,161.0,59.5436675091753,36.099999999999994,18.25628370424425,35.699999999999996,13.841636146897246
8,2020-03-21 17:00:00,full_signal,42,False,126.3,50.202491085931285,8.5,21.779950669425926,18.9,14.636754403382067
8,2020-03-22 08:50:00,full_signal,42,False,36.0,40.79908454849594,24.500000000000004,34.432248512182795,40.7,10.72397501667445
8,2020-03-22 14:10:00,full_signal,42,False,134.0,57.890545413741506,9.0,20.218183673188978,28.0,14.23894356333013
8,2020-03-22 19:00:00,full_signal,42,False,41.9,57.054212848509096,38.2,23.573217114188708,39.5,14.58061478044953
8,2020-03-16 08:56:00,full_signal,43,False,36.0,60.99226088948067,24.500000000000004,27.882808629697667,40.7,20.745500353238334
8,2020-03-16 14:30:00,full_signal,43,False,88.0,41.623718310452446,17.3,34.2032182448991,28.4,11.17194521843868
8,2020-03-16 19:00:00,full_signal,43,False,184.9,59.38267205807907,64.89999999999999,22.28082689478005,66.6,15.890000573337673
8,2020-03-17 09:03:00,full_signal,43,False,56.5,59.56234675797347,8.0,17.907005510502845,2.5,14.06590713262079
8,2020-03-17 20:15:00,full_signal,43,False,117.1,60.563649542764914,54.1,21.129717463567513,31.8,16.95056801308359
8,2020-03-18 09:55:00,full_signal,43,False,27.299999999999997,59.16547306710392,10.3,19.82596774022985,8.8,14.801645677029445
8,2020-03-19 18:25:00,full_signal,43,False,21.4,41.65314703343798,44.9,28.68318993915173,21.8,9.688959167952259
8,2020-03-20 06:35:00,full_signal,43,False,27.4,55.94889117695182,22.4,22.633837053583623,25.7,14.295209408024789
8,2020-03-20 11:58:00,full_signal,43,False,111.0,52.822993428801375,32.0,31.35813115922103,25.499999999999996,14.556343667910962
8,2020-03-21 09:00:00,full_signal,43,False,56.5,58.69763725658284,8.0,28.765098350419954,2.5,12.166831717568014
8,2020-03-21 13:25:00,full_signal,43,False,161.0,60.647872176338424,36.099999999999994,24.108808895479413,35.699999999999996,12.467795798227518
8,2020-03-21 17:00:00,full_signal,43,False,126.3,50.202491085931285,8.5,21.779950669425926,18.9,14.636754403382067
8,2020-03-22 08:50:00,full_signal,43,False,36.0,59.33074489805061,24.500000000000004,20.56825382708271,40.7,14.389285167596894
8,2020-03-22 14:10:00,full_signal,43,False,134.0,68.21013648096805,9.0,20.417738697161216,28.0,15.40486508075087
8,2020-03-22 19:00:00,full_signal,43,False,41.9,58.627260975366944,38.2,18.280303068536423,39.5,13.932542183776647
8,2020-03-16 08:56:00,full_signal,44,False,36.0,58.83653158151461,24.500000000000004,22.503072290573446,40.7,16.376887722881754
8,2020-03-16 14:30:00,full_signal,44,False,88.0,58.811545074737424,17.3,17.246432624486737,28.4,14.305274455720264
8,2020-03-16 19:00:00,full_signal,44,False,184.9,59.24874873237459,64.89999999999999,20.156856376361432,66.6,13.60238255887454
8,2020-03-17 09:03:00,full_signal,44,False,56.5,41.463622817237486,8.0,34.68593495086608,2.5,10.956434653069763
8,2020-03-17 20:15:00,full_signal,44,False,117.1,51.43330860828001,54.1,32.11190837060297,31.8,13.488222618063823
8,2020-03-18 09:55:00,full_signal,44,False,27.299999999999997,59.60564204805659,10.3,17.98241691797815,8.8,14.108450113651216
8,2020-03-19 18:25:00,full_signal,44,False,21.4,56.77178491765513,44.9,22.64524611813884,21.8,14.390685555288544
8,2020-03-20 06:35:00,full_signal,44,False,27.4,67.73688494061797,22.4,20.23358500189675,25.7,15.309219886380141
8,2020-03-20 11:58:00,full_signal,44,False,111.0,57.58971686460835,32.0,28.78954497653968,25.499999999999996,12.450771441956903
8,2020-03-21 09:00:00,full_signal,44,False,56.5,58.27456037725011,8.0,20.60261558896457,2.5,14.299282871821429
8,2020-03-21 13:25:00,full_signal,44,False,161.0,62.747310279593115,36.099999999999994,29.845200506603096,35.699999999999996,21.160443739304412
8,2020-03-21 17:00:00,full_signal,44,False,126.3,60.43701561175444,8.5,23.243755662198748,18.9,13.433100455416048
8,2020-03-22 08:50:00,full_signal,44,False,36.0,38.96770739406268,24.500000000000004,31.351399800583167,40.7,9.436809315382817
8,2020-03-22 14:10:00,full_signal,44,False,134.0,62.22352123456377,9.0,21.64699411798167,28.0,17.649328226503922
8,2020-03-22 19:00:00,full_signal,44,False,41.9,47.918058567020104,38.2,21.31861748753106,39.5,13.683016121371205
8,2020-03-16 08:56:00,full_signal,45,False,36.0,59.370829187575886,24.500000000000004,19.495074505880577,40.7,15.029971911281873
8,2020-03-16 14:30:00,full_signal,45,False,88.0,61.49369268769357,17.3,22.47841925386685,28.4,17.34495511884259
8,2020-03-16 19:00:00,full_signal,45,False,184.9,69.39014349553267,64.89999999999999,21.25127438380982,66.6,15.560656366503775
8,2020-03-17 09:03:00,full_signal,45,False,56.5,41.463622817237486,8.0,34.68593495086608,2.5,10.956434653069763
8,2020-03-17 20:15:00,full_signal,45,False,117.1,59.15236371722962,54.1,20.464308120962095,31.8,14.350094930689988
8,2020-03-18 09:55:00,full_signal,45,False,27.299999999999997,57.22408592436171,10.3,28.56443595566836,8.8,12.150447856712146
8,2020-03-19 18:25:00,full_signal,45,False,21.4,59.75052106278304,44.9,17.638356697355874,21.8,14.033504484523224
8,2020-03-20 06:35:00,full_signal,45,False,27.4,53.01350890278294,22.4,31.291946780820844,25.7,14.184676738752666
8,2020-03-20 11:58:00,full_signal,45,False,111.0,58.75286614275936,32.0,22.70737210201329,25.499999999999996,12.41528268933265
8,2020-03-21 09:00:00,full_signal,45,False,56.5,49.19589686609133,8.0,22.245100568592026,2.5,14.361811779246283
8,2020-03-21 13:25:00,full_signal,45,False,161.0,62.747310279593115,36.099999999999994,29.845200506603096,35.699999999999996,21.160443739304412
8,2020-03-21 17:00:00,full_signal,45,False,126.3,57.36530074659105,8.5,22.038537338424458,18.9,15.358769651572723
8,2020-03-22 08:50:00,full_signal,45,False,36.0,59.265278742737394,24.500000000000004,22.990398615370538,40.7,16.31831217254573
8,2020-03-22 14:10:00,full_signal,45,False,134.0,58.89556196132035,9.0,16.59360251992493,28.0,14.337168280551282
8,2020-03-22 19:00:00,full_signal,45,False,41.9,41.45770883669477,38.2,32.514002657885996,39.5,9.68374397878102
8,2020-03-16 08:56:00,full_signal,46,False,36.0,59.29514669517187,24.500000000000004,18.19741883344993,40.7,13.999595364637395
8,2020-03-16 14:30:00,full_signal,46,False,88.0,53.05349437612344,17.3,31.920797162838966,28.4,14.163662339651772
8,2020-03-16 19:00:00,full_signal,46,False,184.9,41.403742585914344,64.89999999999999,35.937955732405186,66.6,10.304784566167042
8,2020-03-17 09:03:00,full_signal,46,False,56.5,56.324241206960686,8.0,22.992711138181573,2.5,14.753645897008374
8,2020-03-17 20:15:00,full_signal,46,False,117.1,57.973197706797066,54.1,17.680899762241125,31.8,14.132779064904607
8,2020-03-18 09:55:00,full_signal,46,False,27.299999999999997,60.107879596587416,10.3,24.0742255739888,8.8,16.90942127847229
8,2020-03-19 18:25:00,full_signal,46,False,21.4,49.14392238862086,44.9,22.17811074476425,21.8,14.27784662758844
8,2020-03-20 06:35:00,full_signal,46,False,27.4,61.92454942854379,22.4,29.598404147169504,25.7,20.70248615862733
8,2020-03-20 11:58:00,full_signal,46,False,111.0,60.72474896621327,32.0,22.279269043295297,25.499999999999996,17.411365767356177
8,2020-03-21 09:00:00,full_signal,46,False,56.5,58.27456037725011,8.0,20.60261558896457,2.5,14.299282871821429
8,2020-03-21 13:25:00,full_signal,46,False,161.0,41.00354490405146,36.099999999999994,32.330685525971596,35.699999999999996,9.654689525504596
8,2020-03-21 17:00:00,full_signal,46,False,126.3,66.26043210340129,8.5,18.912869572569445,18.9,16.379481724018945
8,2020-03-22 08:50:00,full_signal,46,False,36.0,59.33074489805061,24.500000000000004,20.56825382708271,40.7,14.389285167596894
8,2020-03-22 14:10:00,full_signal,46,False,134.0,60.245809527112414,9.0,23.430416765392618,28.0,12.585789976174084
8,2020-03-22 19:00:00,full_signal,46,False,41.9,58.469736584041016,38.2,29.345191913721365,39.5,12.07890804850316
8,2020-03-16 08:56:00,full_signal,47,False,36.0,68.40014181945602,24.500000000000004,20.623264836981146,40.7,15.8524756783979
8,2020-03-16 14:30:00,full_signal,47,False,88.0,56.15974308862553,17.3,22.875502841504417,28.4,14.269645238125667
8,2020-03-16 19:00:00,full_signal,47,False,184.9,59.24874873237459,64.89999999999999,20.156856376361432,66.6,13.60238255887454
8,2020-03-17 09:03:00,full_signal,47,False,56.5,58.15234927072282,8.0,29.08626720118312,2.5,12.14830079440574
8,2020-03-17 20:15:00,full_signal,47,False,117.1,47.912142506758414,54.1,21.661636257389688,31.8,14.356305545691987
8,2020-03-18 09:55:00,full_signal,47,False,27.299999999999997,40.81975767486526,10.3,34.61086341370379,8.8,11.017683704236463
8,2020-03-19 18:25:00,full_signal,47,False,21.4,58.195145455402056,44.9,20.458870647225325,21.8,14.311890872024435
8,2020-03-20 06:35:00,full_signal,47,False,27.4,61.92454942854379,22.4,29.598404147169504,25.7,20.70248615862733
8,2020-03-20 11:58:00,full_signal,47,False,111.0,58.75286614275936,32.0,22.70737210201329,25.499999999999996,12.41528268933265
8,2020-03-21 09:00:00,full_signal,47,False,56.5,52.539140798808056,8.0,31.280994050514124,2.5,13.813508557814995
8,2020-03-21 13:25:00,full_signal,47,False,161.0,61.3960656149749,36.099999999999994,22.722874540032898,35.699999999999996,17.150816133776026
8,2020-03-21 17:00:00,full_signal,47,False,126.3,44.33147999058826,8.5,24.96483398113893,18.9,10.793731809607763
8,2020-03-22 08:50:00,full_signal,47,False,36.0,59.265278742737394,24.500000000000004,22.990398615370538,40.7,16.31831217254573
8,2020-03-22 14:10:00,full_signal,47,False,134.0,59.88491298472747,9.0,17.737521852430277,28.0,14.212072145197117
8,2020-03-22 19:00:00,full_signal,47,False,41.9,58.627260975366944,38.2,18.280303068536423,39.5,13.932542183776647
8,2020-03-16 08:56:00,full_signal,48,False,36.0,59.370829187575886,24.500000000000004,19.495074505880577,40.7,15.029971911281873
8,2020-03-16 14:30:00,full_signal,48,False,88.0,39.84892771825331,17.3,29.999444040451095,28.4,9.724538686415562
8,2020-03-16 19:00:00,full_signal,48,False,184.9,53.40623776283741,64.89999999999999,32.55457267986413,66.6,13.85907577336649
8,2020-03-17 09:03:00,full_signal,48,False,56.5,58.38764668331651,8.0,17.35191156577168,2.5,13.97707552131653
8,2020-03-17 20:15:00,full_signal,48,False,117.1,59.86498269451491,54.1,23.862449818199398,31.8,16.822193347450153
8,2020-03-18 09:55:00,full_signal,48,False,27.299999999999997,57.22408592436171,10.3,28.56443595566836,8.8,12.150447856712146
8,2020-03-19 18:25:00,full_signal,48,False,21.4,61.88741242659426,44.9,21.65810491168005,21.8,17.461439793245646
8,2020-03-20 06:35:00,full_signal,48,False,27.4,49.024979183098466,22.4,22.567179043654964,25.7,14.434361571669372
8,2020-03-20 11:58:00,full_signal,48,False,111.0,56.20537252268875,32.0,23.111585381272487,25.499999999999996,14.88203015146264
8,2020-03-21 09:00:00,full_signal,48,False,56.5,68.61336709883595,8.0,20.39615963492073,2.5,15.297774727270967
8,2020-03-21 13:25:00,full_signal,48,False,161.0,59.5436675091753,36.099999999999994,18.25628370424425,35.699999999999996,13.841636146897246
8,2020-03-21 17:00:00,full_signal,48,False,126.3,60.982540032340474,8.5,28.095778419944562,18.9,20.702181975850934
8,2020-03-22 08:50:00,full_signal,48,False,36.0,40.79908454849594,24.500000000000004,34.432248512182795,40.7,10.72397501667445
8,2020-03-22 14:10:00,full_signal,48,False,134.0,59.99271934704082,9.0,20.64725962518388,28.0,14.878233583007795
8,2020-03-22 19:00:00,full_signal,48,False,41.9,61.01095928148647,38.2,24.27939080222333,39.5,12.486941530868016
8,2020-03-16 08:56:00,full_signal,49,False,36.0,57.565275297544424,24.500000000000004,17.33367102211095,40.7,13.866149510165892
8,2020-03-16 14:30:00,full_signal,49,False,88.0,62.70245345223474,17.3,29.864738991283424,28.4,21.1568822749249
8,2020-03-16 19:00:00,full_signal,49,False,184.9,53.40623776283741,64.89999999999999,32.55457267986413,66.6,13.85907577336649
8,2020-03-17 09:03:00,full_signal,49,False,56.5,68.70490343476742,8.0,20.551522030663996,2.5,15.551522561345319
8,2020-03-17 20:15:00,full_signal,49,False,117.1,57.01158165433489,54.1,28.496523618325355,31.8,12.140803811952468
8,2020-03-18 09:55:00,full_signal,49,False,27.299999999999997,59.16547306710392,10.3,19.82596774022985,8.8,14.801645677029445
8,2020-03-19 18:25:00,full_signal,49,False,21.4,59.80023098790649,44.9,20.853825000555567,21.8,14.698082103236063
8,2020-03-20 06:35:00,full_signal,49,False,27.4,59.00674796767749,22.4,22.55233239059222,25.7,12.06609606261062
8,2020-03-20 11:58:00,full_signal,49,False,111.0,59.60833949155769,32.0,17.823252088316185,25.499999999999996,14.53854561089897
8,2020-03-21 09:00:00,full_signal,49,False,56.5,61.42527733310839,8.0,21.85471355600073,2.5,17.320341006147753
8,2020-03-21 13:25:00,full_signal,49,False,161.0,41.00354490405146,36.099999999999994,32.330685525971596,35.699999999999996,9.654689525504596
8,2020-03-21 17:00:00,full_signal,49,False,126.3,59.826438967766954,8.5,23.82246170826789,18.9,17.02395830231059
8,2020-03-22 08:50:00,full_signal,49,False,36.0,40.79908454849594,24.500000000000004,34.432248512182795,40.7,10.72397501667445
8,2020-03-22 14:10:00,full_signal,49,False,134.0,56.45663024364325,9.0,22.182776837303965,28.0,14.029098967597864
8,2020-03-22 19:00:00,full_signal,49,False,41.9,47.918058567020104,38.2,21.31861748753106,39.5,13.683016121371205
4,2020-02-29 14:00:00,premeal_only,-1,False,26.4,81.46942883259858,48.4,42.827117364320316,11.7,15.65080513382582
4,2020-02-29 20:00:00,premeal_only,-1,False,48.7,57.906019279883935,6.5,14.968195292906831,30.0,6.605137542574374
4,2020-03-01 08:45:00,premeal_only,-1,False,56.5,63.05762396199766,8.0,37.4059075269729,2.5,13.663099923471151
4,2020-03-01 13:15:00,premeal_only,-1,False,7.3,66.64309765008835,107.3,44.64143363157838,46.5,14.887990962945207
4,2020-03-02 08:15:00,premeal_only,-1,False,114.0,70.14371625605058,15.9,48.087117117826224,0.9,16.10675153593687
4,2020-03-02 12:30:00,premeal_only,-1,False,6.8,80.8368754608698,21.9,46.009435155450475,11.7,17.463662082661752
4,2020-03-02 16:30:00,premeal_only,-1,False,117.0,72.59972140463914,49.0,45.801409396025534,38.0,14.981043912905417
4,2020-03-03 09:30:00,premeal_only,-1,False,56.5,61.60351041890814,8.0,22.18874036084449,2.5,6.956299695872884
4,2020-03-03 15:30:00,premeal_only,-1,False,10.6,83.30776084519195,22.4,50.98207618103276,11.3,20.07685896796425
4,2020-03-03 20:30:00,premeal_only,-1,False,6.8,73.69758244142696,55.3,28.10463306992176,28.5,12.305943792027136
4,2020-03-04 11:30:00,premeal_only,-1,False,77.5,67.2352211863724,34.9,32.089077051374794,37.7,12.302535841935995
4,2020-03-05 09:00:00,premeal_only,-1,False,83.5,57.75119252347611,9.3,29.050514045444608,2.9,8.81455049836158
4,2020-03-05 13:15:00,premeal_only,-1,False,58.8,78.59260996975694,48.3,45.231636409975636,17.6,17.14763974487181
4,2020-03-05 20:00:00,premeal_only,-1,False,6.8,68.91301034118082,42.3,35.90562641410175,4.8,13.82340256196497
5,2020-03-01 18:00:00,premeal_only,-1,False,56.6,23.900394942033614,29.199999999999996,5.781658823216757,13.0,4.2914424428193065
5,2020-03-01 22:00:00,premeal_only,-1,False,0.3,32.75267712466953,5.0,0.0,5.5,6.026723109102873
5,2020-03-02 11:00:00,premeal_only,-1,False,9.6,25.45537362097818,17.299999999999997,3.6204835144391314,9.0,3.146621753209094
5,2020-03-02 22:30:00,premeal_only,-1,False,0.9,24.723014158550754,6.4,2.6871625598299644,9.3,2.7658195205894796
5,2020-03-03 09:40:00,premeal_only,-1,False,56.5,31.348221876980077,8.0,5.288230078514746,2.5,7.538594886740655
5,2020-03-04 14:00:00,premeal_only,-1,False,43.4,28.573647021604835,4.300000000000001,0.7877671333783809,8.0,5.931730442074535
5,2020-03-04 18:30:00,premeal_only,-1,False,154.0,24.87708737497006,77.0,7.374607208155202,95.0,6.8290244948502155
5,2020-03-04 22:15:00,premeal_only,-1,False,3.0,23.853504192254196,1.0,2.209611775633317,5.5,5.229900545650189
5,2020-03-05 08:30:00,premeal_only,-1,False,56.5,31.87538567668377,8.0,4.151951836906973,2.5,7.515067728653525
5,2020-03-05 13:30:00,premeal_only,-1,False,17.0,31.267340648523543,13.0,0.0,28.0,5.7642816634451215
5,2020-03-05 22:00:00,premeal_only,-1,False,119.0,24.124647883960268,9.6,5.136936565724497,28.0,6.897971019392839
5,2020-03-06 13:30:00,premeal_only,-1,False,9.1,30.134649578431826,9.4,0.0,21.1,4.624569534093755
5,2020-03-06 21:00:00,premeal_only,-1,False,42.1,28.71773557289163,9.4,0.0,18.1,4.963725063487308
6,2020-02-29 23:30:00,premeal_only,-1,False,188.0,60.13333643422068,52.0,23.967816590081156,21.6,18.94540534016373
6,2020-03-01 14:00:00,premeal_only,-1,False,70.0,62.473138483915044,26.0,19.110760664065012,26.0,20.562513443685845
6,2020-03-02 05:15:00,premeal_only,-1,False,56.5,56.567252149452116,8.0,15.375752437888622,2.5,16.04082370441741
6,2020-03-02 09:50:00,premeal_only,-1,False,5.0,50.04138829175144,30.0,11.790712082981443,3.0,14.220833140416595
6,2020-03-02 15:00:00,premeal_only,-1,False,9.2,57.43743140268461,1.1,18.187431106205846,3.6,15.397995787463849
6,2020-03-02 22:00:00,premeal_only,-1,False,226.0,51.50782949462526,31.0,15.327593265443461,31.1,16.814062098341527
6,2020-03-04 08:25:00,premeal_only,-1,False,56.5,54.60563831870503,8.0,9.495981819132169,2.5,11.423831596482175
6,2020-03-04 13:20:00,premeal_only,-1,False,45.9,64.24010920260184,33.0,11.56179203914461,31.1,17.65967997595632
6,2020-03-04 20:25:00,premeal_only,-1,False,40.0,64.20869247306021,10.0,17.994721695856818,8.0,17.97524549692681
6,2020-03-05 00:05:00,premeal_only,-1,False,34.0,58.93590087342665,2.1,13.835977375559647,10.0,18.635151903077077
6,2020-03-05 11:00:00,premeal_only,-1,False,5.0,48.99222759039833,30.0,7.277990389191411,3.0,13.125222140073753
6,2020-03-05 18:15:00,premeal_only,-1,False,5.0,58.72598553128479,30.0,13.305488951804701,3.0,14.962717060648822
6,2020-03-05 23:30:00,premeal_only,-1,False,228.0,58.889517218612596,56.0,19.331241949125484,31.6,22.44301483457815
6,2020-03-06 13:00:00,premeal_only,-1,False,56.5,61.40757773174095,8.0,19.14076153077633,2.5,20.119015231179684
6,2020-03-07 08:20:00,premeal_only,-1,False,43.4,56.27504010046746,13.2,10.575933499788672,12.4,14.83262904796183
6,2020-03-08 19:50:00,premeal_only,-1,False,111.0,55.95453392928846,12.3,15.639245297733815,28.5,14.707514832965968
7,2020-03-17 16:15:00,premeal_only,-1,False,45.0,72.48273687938716,37.5,13.76508528342382,22.7,15.374828459003474
7,2020-03-18 13:40:00,premeal_only,-1,False,16.0,71.31030192204771,7.5,17.763019499188953,12.0,16.215621327754196
7,2020-03-19 10:30:00,premeal_only,-1,False,56.5,75.43603965782302,8.0,12.374429236358143,2.5,15.472240028136676
7,2020-03-19 13:45:00,premeal_only,-1,False,69.2,72.13568533397239,15.4,17.72655899772163,7.6,16.7412503619588
7,2020-03-19 19:05:00,premeal_only,-1,False,33.1,80.75088318459352,22.200000000000003,8.445913885104847,12.2,17.90436506868376
7,2020-03-20 10:00:00,premeal_only,-1,False,71.2,73.70887326315557,15.4,15.218933708812463,7.6,16.16823690968168
7,2020-03-21 06:00:00,premeal_only,-1,False,56.5,68.30787832114278,8.0,15.583704652967734,2.5,13.305244721554576
8,2020-03-16 08:56:00,premeal_only,-1,False,36.0,62.37331629922544,24.500000000000004,21.897645889419486,40.7,14.803560601296075
8,2020-03-16 14:30:00,premeal_only,-1,False,88.0,70.65611244978602,17.3,33.96471345100891,28.4,13.470740591301302
8,2020-03-16 19:00:00,premeal_only,-1,False,184.9,65.1014845650666,64.89999999999999,25.487162847666077,66.6,17.342542497384397
8,2020-03-17 09:03:00,premeal_only,-1,False,56.5,65.82043307975269,8.0,27.653734314408325,2.5,14.504138227811884
8,2020-03-17 20:15:00,premeal_only,-1,False,117.1,62.10269849368106,54.1,27.223350177071257,31.8,12.381210220000703
8,2020-03-18 09:55:00,premeal_only,-1,False,27.299999999999997,61.01600758117116,10.3,26.797107188590353,8.8,14.524524288380771
8,2020-03-19 18:25:00,premeal_only,-1,False,21.4,62.988560220173085,44.9,25.859022864975003,21.8,9.976327745601584
8,2020-03-20 06:35:00,premeal_only,-1,False,27.4,65.13254549433523,22.4,29.21255874835119,25.7,12.612218078102904
8,2020-03-20 11:58:00,premeal_only,-1,False,111.0,63.248937829737045,32.0,29.23050609042636,25.499999999999996,13.096304608071494
8,2020-03-21 09:00:00,premeal_only,-1,False,56.5,60.938070695464276,8.0,23.533962404050925,2.5,10.824159577923513
8,2020-03-21 13:25:00,premeal_only,-1,False,161.0,71.62785591957625,36.099999999999994,30.49392654913028,35.699999999999996,16.64094674057571
8,2020-03-21 17:00:00,premeal_only,-1,False,126.3,60.25235997469439,8.5,14.615778911053042,18.9,18.37912197609239
8,2020-03-22 08:50:00,premeal_only,-1,False,36.0,66.19673514765721,24.500000000000004,24.35231718997399,40.7,15.236565325157628
8,2020-03-22 14:10:00,premeal_only,-1,False,134.0,67.33315539571313,9.0,27.432065991396044,28.0,16.405592132881573
8,2020-03-22 19:00:00,premeal_only,-1,False,41.9,66.56452551218487,38.2,32.356385971927345,39.5,14.724169070747077
