pid,time,candidate,features,degree,alpha,actual,predicted,error_g,within10
1,2020-05-10T09:27:00,0,peak,1,1.0,24.0,46.291547028677144,22.291547028677144,False
1,2020-05-07T10:07:00,0,peak,1,1.0,66.0,46.07238940234532,19.927610597654677,False
1,2020-05-10T09:27:00,1,peak,1,10.0,24.0,46.09781497437557,22.097814974375567,False
1,2020-05-07T10:07:00,1,peak,1,10.0,66.0,45.91153099199352,20.088469008006477,False
1,2020-05-10T09:27:00,2,peak,1,100.0,24.0,45.439125989750224,21.439125989750224,False
1,2020-05-07T10:07:00,2,peak,1,100.0,66.0,45.36461239679741,20.635387603202588,False
1,2020-05-10T09:27:00,3,peak,2,1.0,24.0,43.99793979432849,19.997939794328488,False
1,2020-05-07T10:07:00,3,peak,2,1.0,66.0,43.73167805313831,22.26832194686169,False
1,2020-05-10T09:27:00,4,peak,2,10.0,24.0,44.31314991055864,20.313149910558643,False
1,2020-05-07T10:07:00,4,peak,2,10.0,66.0,44.09882358331571,21.901176416684287,False
1,2020-05-10T09:27:00,5,peak,2,100.0,24.0,44.91174733235217,20.91174733235217,False
1,2020-05-07T10:07:00,5,peak,2,100.0,66.0,44.83670863099449,21.163291369005513,False
1,2020-05-10T09:27:00,6,area_60_120,1,1.0,24.0,43.580324616747305,19.580324616747305,False
1,2020-05-07T10:07:00,6,area_60_120,1,1.0,66.0,42.784981448939234,23.215018551060766,False
1,2020-05-10T09:27:00,7,area_60_120,1,10.0,24.0,43.79327592423521,19.79327592423521,False
1,2020-05-07T10:07:00,7,area_60_120,1,10.0,66.0,43.11723423159835,22.882765768401647,False
1,2020-05-10T09:27:00,8,area_60_120,1,100.0,24.0,44.51731036969409,20.517310369694087,False
1,2020-05-07T10:07:00,8,area_60_120,1,100.0,66.0,44.24689369263934,21.75310630736066,False
1,2020-05-10T09:27:00,9,area_60_120,2,1.0,24.0,45.613721055674304,21.613721055674304,False
1,2020-05-07T10:07:00,9,area_60_120,2,1.0,66.0,44.17995814929517,21.820041850704833,False
1,2020-05-10T09:27:00,10,area_60_120,2,10.0,24.0,44.73559466485484,20.735594664854837,False
1,2020-05-07T10:07:00,10,area_60_120,2,10.0,66.0,43.820025921554794,22.179974078445206,False
1,2020-05-10T09:27:00,11,area_60_120,2,100.0,24.0,44.39181384107488,20.391813841074878,False
1,2020-05-07T10:07:00,11,area_60_120,2,100.0,66.0,44.134017010528005,21.865982989471995,False
1,2020-05-10T09:27:00,12,area_centroid,1,1.0,24.0,45.37587653028972,21.375876530289723,False
1,2020-05-07T10:07:00,12,area_centroid,1,1.0,66.0,45.29742246380995,20.70257753619005,False
1,2020-05-10T09:27:00,13,area_centroid,1,10.0,24.0,45.31949505074626,21.319495050746262,False
1,2020-05-07T10:07:00,13,area_centroid,1,10.0,66.0,45.25280909423846,20.747190905761542,False
1,2020-05-10T09:27:00,14,area_centroid,1,100.0,24.0,45.127798020298506,21.127798020298506,False
1,2020-05-07T10:07:00,14,area_centroid,1,100.0,66.0,45.10112363769538,20.89887636230462,False
1,2020-05-10T09:27:00,15,area_centroid,2,1.0,24.0,46.2762221816904,22.2762221816904,False
1,2020-05-07T10:07:00,15,area_centroid,2,1.0,66.0,46.17458966370065,19.82541033629935,False
1,2020-05-10T09:27:00,16,area_centroid,2,10.0,24.0,45.693508628578805,21.693508628578805,False
1,2020-05-07T10:07:00,16,area_centroid,2,10.0,66.0,45.61857808305342,20.38142191694658,False
1,2020-05-10T09:27:00,17,area_centroid,2,100.0,24.0,45.01313606474566,21.01313606474566,False
1,2020-05-07T10:07:00,17,area_centroid,2,100.0,66.0,44.98740879650422,21.01259120349578,False
1,2020-05-10T09:27:00,18,peak+area_60_120,1,1.0,24.0,44.538245961249004,20.538245961249004,False
1,2020-05-07T10:07:00,18,peak+area_60_120,1,1.0,66.0,43.702455216781104,22.297544783218896,False
1,2020-05-10T09:27:00,19,peak+area_60_120,1,10.0,24.0,44.6573266095348,20.6573266095348,False
1,2020-05-07T10:07:00,19,peak+area_60_120,1,10.0,66.0,43.93079899682132,22.069201003178677,False
1,2020-05-10T09:27:00,20,peak+area_60_120,1,100.0,24.0,44.92161937601626,20.92161937601626,False
1,2020-05-07T10:07:00,20,peak+area_60_120,1,100.0,66.0,44.60240108183413,21.39759891816587,False
1,2020-05-10T09:27:00,21,peak+area_60_120,2,1.0,24.0,46.805345386013634,22.805345386013634,False
1,2020-05-07T10:07:00,21,peak+area_60_120,2,1.0,66.0,45.491787111442015,20.508212888557985,False
1,2020-05-10T09:27:00,22,peak+area_60_120,2,10.0,24.0,46.1502686195813,22.150268619581297,False
1,2020-05-07T10:07:00,22,peak+area_60_120,2,10.0,66.0,45.27593895750548,20.72406104249452,False
1,2020-05-10T09:27:00,23,peak+area_60_120,2,100.0,24.0,44.82939645288776,20.829396452887757,False
1,2020-05-07T10:07:00,23,peak+area_60_120,2,100.0,66.0,44.52342720748532,21.47657279251468,False
1,2020-05-10T09:27:00,24,peak+area_centroid,1,1.0,24.0,46.51654322405467,22.516543224054672,False
1,2020-05-07T10:07:00,24,peak+area_centroid,1,1.0,66.0,46.24570024813979,19.75429975186021,False
1,2020-05-10T09:27:00,25,peak+area_centroid,1,10.0,24.0,46.30694714033005,22.306947140330053,False
1,2020-05-07T10:07:00,25,peak+area_centroid,1,10.0,66.0,46.07355917493738,19.92644082506262,False
1,2020-05-10T09:27:00,26,peak+area_centroid,1,100.0,24.0,45.548483243803375,21.548483243803375,False
1,2020-05-07T10:07:00,26,peak+area_centroid,1,100.0,66.0,45.4505681866787,20.5494318133213,False
1,2020-05-10T09:27:00,27,peak+area_centroid,2,1.0,24.0,44.93697804561681,20.93697804561681,False
1,2020-05-07T10:07:00,27,peak+area_centroid,2,1.0,66.0,44.63280390211112,21.36719609788888,False
1,2020-05-10T09:27:00,28,peak+area_centroid,2,10.0,24.0,45.00674648535079,21.00674648535079,False
1,2020-05-07T10:07:00,28,peak+area_centroid,2,10.0,66.0,44.75653408252773,21.24346591747227,False
1,2020-05-10T09:27:00,29,peak+area_centroid,2,100.0,24.0,45.068639183366045,21.068639183366045,False
1,2020-05-07T10:07:00,29,peak+area_centroid,2,100.0,66.0,44.97399648606465,21.02600351393535,False
1,2020-05-10T09:27:00,30,area_60_120+area_centroid,1,1.0,24.0,44.00901046967656,20.00901046967656,False
1,2020-05-07T10:07:00,30,area_60_120+area_centroid,1,1.0,66.0,43.22515300692126,22.77484699307874,False
1,2020-05-10T09:27:00,31,area_60_120+area_centroid,1,10.0,24.0,44.15373822452714,20.15373822452714,False
1,2020-05-07T10:07:00,31,area_60_120+area_centroid,1,10.0,66.0,43.47809500221355,22.52190499778645,False
1,2020-05-10T09:27:00,32,area_60_120+area_centroid,1,100.0,24.0,44.65321617748525,20.65321617748525,False
1,2020-05-07T10:07:00,32,area_60_120+area_centroid,1,100.0,66.0,44.36807280791153,21.63192719208847,False
1,2020-05-10T09:27:00,33,area_60_120+area_centroid,2,1.0,24.0,44.975539407250665,20.975539407250665,False
1,2020-05-07T10:07:00,33,area_60_120+area_centroid,2,1.0,66.0,42.98836214664778,23.01163785335222,False
1,2020-05-10T09:27:00,34,area_60_120+area_centroid,2,10.0,24.0,44.60516138316627,20.60516138316627,False
1,2020-05-07T10:07:00,34,area_60_120+area_centroid,2,10.0,66.0,43.61506771219247,22.38493228780753,False
1,2020-05-10T09:27:00,35,area_60_120+area_centroid,2,100.0,24.0,44.39015998236523,20.390159982365233,False
1,2020-05-07T10:07:00,35,area_60_120+area_centroid,2,100.0,66.0,44.114238684908386,21.885761315091614,False
1,2020-05-10T09:27:00,36,peak+area_60_120+area_centroid,1,1.0,24.0,44.88719351148495,20.887193511484952,False
1,2020-05-07T10:07:00,36,peak+area_60_120+area_centroid,1,1.0,66.0,44.065304177065876,21.934695822934124,False
1,2020-05-10T09:27:00,37,peak+area_60_120+area_centroid,1,10.0,24.0,44.95182522157795,20.95182522157795,False
1,2020-05-07T10:07:00,37,peak+area_60_120+area_centroid,1,10.0,66.0,44.22884030274322,21.771159697256778,False
1,2020-05-10T09:27:00,38,peak+area_60_120+area_centroid,1,100.0,24.0,45.042174583664966,21.042174583664966,False
1,2020-05-07T10:07:00,38,peak+area_60_120+area_centroid,1,100.0,66.0,44.71004503237282,21.28995496762718,False
1,2020-05-10T09:27:00,39,peak+area_60_120+area_centroid,2,1.0,24.0,46.230094331061295,22.230094331061295,False
1,2020-05-07T10:07:00,39,peak+area_60_120+area_centroid,2,1.0,66.0,44.32321858027068,21.676781419729323,False
1,2020-05-10T09:27:00,40,peak+area_60_120+area_centroid,2,10.0,24.0,45.77840188352646,21.778401883526463,False
1,2020-05-07T10:07:00,40,peak+area_60_120+area_centroid,2,10.0,66.0,44.799536080320664,21.200463919679336,False
1,2020-05-10T09:27:00,41,peak+area_60_120+area_centroid,2,100.0,24.0,44.85235853974467,20.85235853974467,False
1,2020-05-07T10:07:00,41,peak+area_60_120+area_centroid,2,100.0,66.0,44.53822149842415,21.46177850157585,False
1,2020-05-10T09:27:00,42,peak+early_peak+area_0_60+area_60_120+area_120_180+area_0_180+steepest_15min_rise+rise_0_30+peak_time+positive_duration+area_centroid+late_area_fraction,1,1.0,24.0,42.462567865279034,18.462567865279034,False
1,2020-05-07T10:07:00,42,peak+early_peak+area_0_60+area_60_120+area_120_180+area_0_180+steepest_15min_rise+rise_0_30+peak_time+positive_duration+area_centroid+late_area_fraction,1,1.0,66.0,43.53167845146088,22.468321548539123,False
1,2020-05-10T09:27:00,43,peak+early_peak+area_0_60+area_60_120+area_120_180+area_0_180+steepest_15min_rise+rise_0_30+peak_time+positive_duration+area_centroid+late_area_fraction,1,10.0,24.0,44.18933702286859,20.189337022868592,False
1,2020-05-07T10:07:00,43,peak+early_peak+area_0_60+area_60_120+area_120_180+area_0_180+steepest_15min_rise+rise_0_30+peak_time+positive_duration+area_centroid+late_area_fraction,1,10.0,66.0,44.58407685480634,21.41592314519366,False
1,2020-05-10T09:27:00,44,peak+early_peak+area_0_60+area_60_120+area_120_180+area_0_180+steepest_15min_rise+rise_0_30+peak_time+positive_duration+area_centroid+late_area_fraction,1,100.0,24.0,44.994907475403416,20.994907475403416,False
1,2020-05-07T10:07:00,44,peak+early_peak+area_0_60+area_60_120+area_120_180+area_0_180+steepest_15min_rise+rise_0_30+peak_time+positive_duration+area_centroid+late_area_fraction,1,100.0,66.0,44.68015982684977,21.319840173150233,False
1,2020-05-10T09:27:00,45,peak+early_peak+area_0_60+area_60_120+area_120_180+area_0_180+steepest_15min_rise+rise_0_30+peak_time+positive_duration+area_centroid+late_area_fraction,2,1.0,24.0,41.61615447612344,17.61615447612344,False
1,2020-05-07T10:07:00,45,peak+early_peak+area_0_60+area_60_120+area_120_180+area_0_180+steepest_15min_rise+rise_0_30+peak_time+positive_duration+area_centroid+late_area_fraction,2,1.0,66.0,41.30077455597337,24.69922544402663,False
1,2020-05-10T09:27:00,46,peak+early_peak+area_0_60+area_60_120+area_120_180+area_0_180+steepest_15min_rise+rise_0_30+peak_time+positive_duration+area_centroid+late_area_fraction,2,10.0,24.0,43.14245229219017,19.14245229219017,False
1,2020-05-07T10:07:00,46,peak+early_peak+area_0_60+area_60_120+area_120_180+area_0_180+steepest_15min_rise+rise_0_30+peak_time+positive_duration+area_centroid+late_area_fraction,2,10.0,66.0,43.05135939547455,22.94864060452545,False
1,2020-05-10T09:27:00,47,peak+early_peak+area_0_60+area_60_120+area_120_180+area_0_180+steepest_15min_rise+rise_0_30+peak_time+positive_duration+area_centroid+late_area_fraction,2,100.0,24.0,44.446436924677585,20.446436924677585,False
1,2020-05-07T10:07:00,47,peak+early_peak+area_0_60+area_60_120+area_120_180+area_0_180+steepest_15min_rise+rise_0_30+peak_time+positive_duration+area_centroid+late_area_fraction,2,100.0,66.0,44.12927719006371,21.87072280993629,False
2,2019-11-24T08:09:00,0,peak,1,1.0,24.0,38.40677415697816,14.406774156978159,False
2,2019-11-21T09:55:00,0,peak,1,1.0,66.0,13.079154914777586,52.92084508522241,False
2,2019-11-24T08:09:00,1,peak,1,10.0,24.0,39.39575803343146,15.395758033431463,False
2,2019-11-21T09:55:00,1,peak,1,10.0,66.0,17.86728167756107,48.13271832243893,False
2,2019-11-24T08:09:00,2,peak,1,100.0,24.0,42.758303213372585,18.758303213372585,False
2,2019-11-21T09:55:00,2,peak,1,100.0,66.0,34.146912671024424,31.853087328975576,False
2,2019-11-24T08:09:00,3,peak,2,1.0,24.0,38.37869958640783,14.378699586407834,False
2,2019-11-21T09:55:00,3,peak,2,1.0,66.0,8.98999957717367,57.01000042282633,False
2,2019-11-24T08:09:00,4,peak,2,10.0,24.0,39.37668116134978,15.37668116134978,False
2,2019-11-21T09:55:00,4,peak,2,10.0,66.0,14.872582648115124,51.12741735188487,False
2,2019-11-24T08:09:00,5,peak,2,100.0,24.0,42.75572470926616,18.75572470926616,False
2,2019-11-21T09:55:00,5,peak,2,100.0,66.0,33.59445122356196,32.40554877643804,False
2,2019-11-24T08:09:00,6,area_60_120,1,1.0,24.0,47.34765037778621,23.34765037778621,False
2,2019-11-21T09:55:00,6,area_60_120,1,1.0,66.0,92.2448080805776,26.2448080805776,False
2,2019-11-24T08:09:00,7,area_60_120,1,10.0,24.0,46.995502821118265,22.995502821118265,False
2,2019-11-21T09:55:00,7,area_60_120,1,10.0,66.0,85.15808686849073,19.158086868490727,False
2,2019-11-24T08:09:00,8,area_60_120,1,100.0,24.0,45.7982011284473,21.798201128447303,False
2,2019-11-21T09:55:00,8,area_60_120,1,100.0,66.0,61.063234747396294,4.936765252603706,True
2,2019-11-24T08:09:00,9,area_60_120,2,1.0,24.0,51.44743193316983,27.44743193316983,False
2,2019-11-21T09:55:00,9,area_60_120,2,1.0,66.0,40.60879346567978,25.39120653432022,False
2,2019-11-24T08:09:00,10,area_60_120,2,10.0,24.0,49.21316293251718,25.21316293251718,False
2,2019-11-21T09:55:00,10,area_60_120,2,10.0,66.0,54.00314397314103,11.996856026858971,False
2,2019-11-24T08:09:00,11,area_60_120,2,100.0,24.0,45.8566251432549,21.856625143254902,False
2,2019-11-21T09:55:00,11,area_60_120,2,100.0,66.0,59.88718672059322,6.1128132794067795,True
2,2019-11-24T08:09:00,12,area_centroid,1,1.0,24.0,44.20554348415998,20.205543484159982,False
2,2019-11-21T09:55:00,12,area_centroid,1,1.0,66.0,50.35043870819785,15.64956129180215,False
2,2019-11-24T08:09:00,13,area_centroid,1,10.0,24.0,44.32471196153599,20.32471196153599,False
2,2019-11-21T09:55:00,13,area_centroid,1,10.0,66.0,49.54787290196818,16.452127098031823,False
2,2019-11-24T08:09:00,14,area_centroid,1,100.0,24.0,44.72988478461439,20.72988478461439,False
2,2019-11-21T09:55:00,14,area_centroid,1,100.0,66.0,46.81914916078727,19.18085083921273,False
2,2019-11-24T08:09:00,15,area_centroid,2,1.0,24.0,44.66928782409687,20.66928782409687,False
2,2019-11-21T09:55:00,15,area_centroid,2,1.0,66.0,52.17707072193076,13.822929278069239,False
2,2019-11-24T08:09:00,16,area_centroid,2,10.0,24.0,44.53174122901121,20.53174122901121,False
2,2019-11-21T09:55:00,16,area_centroid,2,10.0,66.0,50.198515126157886,15.801484873842114,False
2,2019-11-24T08:09:00,17,area_centroid,2,100.0,24.0,44.636181823164016,20.636181823164016,False
2,2019-11-21T09:55:00,17,area_centroid,2,100.0,66.0,46.7118993314155,19.288100668584498,False
2,2019-11-24T08:09:00,18,peak+area_60_120,1,1.0,24.0,44.97324585858906,20.97324585858906,False
2,2019-11-21T09:55:00,18,peak+area_60_120,1,1.0,66.0,73.48058489133317,7.480584891333166,False
2,2019-11-24T08:09:00,19,peak+area_60_120,1,10.0,24.0,43.99576891354377,19.99576891354377,False
2,2019-11-21T09:55:00,19,peak+area_60_120,1,10.0,66.0,62.587719530034875,3.4122804699651255,True
2,2019-11-24T08:09:00,20,peak+area_60_120,1,100.0,24.0,43.97146060887222,19.97146060887222,False
2,2019-11-21T09:55:00,20,peak+area_60_120,1,100.0,66.0,50.02817706555046,15.971822934449541,False
2,2019-11-24T08:09:00,21,peak+area_60_120,2,1.0,24.0,50.05122338754338,26.05122338754338,False
2,2019-11-21T09:55:00,21,peak+area_60_120,2,1.0,66.0,161.27734003385405,95.27734003385405,False
2,2019-11-24T08:09:00,22,peak+area_60_120,2,10.0,24.0,46.91751255166932,22.91751255166932,False
2,2019-11-21T09:55:00,22,peak+area_60_120,2,10.0,66.0,94.69437904633479,28.694379046334788,False
2,2019-11-24T08:09:00,23,peak+area_60_120,2,100.0,24.0,44.31129703172643,20.311297031726433,False
2,2019-11-21T09:55:00,23,peak+area_60_120,2,100.0,66.0,52.52617775686788,13.473822243132119,False
2,2019-11-24T08:09:00,24,peak+area_centroid,1,1.0,24.0,38.45492669590983,14.454926695909833,False
2,2019-11-21T09:55:00,24,peak+area_centroid,1,1.0,66.0,20.623682818227238,45.37631718177276,False
2,2019-11-24T08:09:00,25,peak+area_centroid,1,10.0,24.0,39.34838928579503,15.34838928579503,False
2,2019-11-21T09:55:00,25,peak+area_centroid,1,10.0,66.0,24.07428147990754,41.92571852009246,False
2,2019-11-24T08:09:00,26,peak+area_centroid,1,100.0,24.0,42.59979614013994,18.599796140139937,False
2,2019-11-21T09:55:00,26,peak+area_centroid,1,100.0,66.0,36.2733225629834,29.726677437016598,False
2,2019-11-24T08:09:00,27,peak+area_centroid,2,1.0,24.0,38.17562504154476,14.175625041544762,False
2,2019-11-21T09:55:00,27,peak+area_centroid,2,1.0,66.0,16.675716484588815,49.32428351541118,False
2,2019-11-24T08:09:00,28,peak+area_centroid,2,10.0,24.0,39.22973045131279,15.22973045131279,False
2,2019-11-21T09:55:00,28,peak+area_centroid,2,10.0,66.0,26.323913425143843,39.67608657485616,False
2,2019-11-24T08:09:00,29,peak+area_centroid,2,100.0,24.0,42.56485368976557,18.56485368976557,False
2,2019-11-21T09:55:00,29,peak+area_centroid,2,100.0,66.0,40.092034898391354,25.907965101608646,False
2,2019-11-24T08:09:00,30,area_60_120+area_centroid,1,1.0,24.0,46.52950265779963,22.529502657799632,False
2,2019-11-21T09:55:00,30,area_60_120+area_centroid,1,1.0,66.0,93.60629001417794,27.606290014177944,False
2,2019-11-24T08:09:00,31,area_60_120+area_centroid,1,10.0,24.0,46.30080520057079,22.300805200570792,False
2,2019-11-21T09:55:00,31,area_60_120+area_centroid,1,10.0,66.0,86.75525704269471,20.75525704269471,False
2,2019-11-24T08:09:00,32,area_60_120+area_centroid,1,100.0,24.0,45.52373396033439,21.52373396033439,False
2,2019-11-21T09:55:00,32,area_60_120+area_centroid,1,100.0,66.0,62.37115946317584,3.628840536824157,True
2,2019-11-24T08:09:00,33,area_60_120+area_centroid,2,1.0,24.0,51.13944741883035,27.13944741883035,False
2,2019-11-21T09:55:00,33,area_60_120+area_centroid,2,1.0,66.0,37.372753037271906,28.627246962728094,False
2,2019-11-24T08:09:00,34,area_60_120+area_centroid,2,10.0,24.0,48.22177647435049,24.22177647435049,False
2,2019-11-21T09:55:00,34,area_60_120+area_centroid,2,10.0,66.0,58.14256842525947,7.857431574740531,False
2,2019-11-24T08:09:00,35,area_60_120+area_centroid,2,100.0,24.0,45.50306155517321,21.50306155517321,False
2,2019-11-21T09:55:00,35,area_60_120+area_centroid,2,100.0,66.0,60.194568723613905,5.805431276386095,True
2,2019-11-24T08:09:00,36,peak+area_60_120+area_centroid,1,1.0,24.0,45.248932942237495,21.248932942237495,False
2,2019-11-21T09:55:00,36,peak+area_60_120+area_centroid,1,1.0,66.0,83.32995063892245,17.329950638922455,False
2,2019-11-24T08:09:00,37,peak+area_60_120+area_centroid,1,10.0,24.0,43.93881458473392,19.93881458473392,False
2,2019-11-21T09:55:00,37,peak+area_60_120+area_centroid,1,10.0,66.0,68.6875183475198,2.6875183475197986,True
2,2019-11-24T08:09:00,38,peak+area_60_120+area_centroid,1,100.0,24.0,43.79478313086165,19.794783130861653,False
2,2019-11-21T09:55:00,38,peak+area_60_120+area_centroid,1,100.0,66.0,51.783612389458476,14.216387610541524,False
2,2019-11-24T08:09:00,39,peak+area_60_120+area_centroid,2,1.0,24.0,49.4293479098148,25.4293479098148,False
2,2019-11-21T09:55:00,39,peak+area_60_120+area_centroid,2,1.0,66.0,252.8770721926249,186.8770721926249,False
2,2019-11-24T08:09:00,40,peak+area_60_120+area_centroid,2,10.0,24.0,46.15799331524108,22.15799331524108,False
2,2019-11-21T09:55:00,40,peak+area_60_120+area_centroid,2,10.0,66.0,114.56358861391688,48.56358861391688,False
2,2019-11-24T08:09:00,41,peak+area_60_120+area_centroid,2,100.0,24.0,44.01508600025071,20.01508600025071,False
2,2019-11-21T09:55:00,41,peak+area_60_120+area_centroid,2,100.0,66.0,56.65069440987331,9.34930559012669,False
2,2019-11-24T08:09:00,42,peak+early_peak+area_0_60+area_60_120+area_120_180+area_0_180+steepest_15min_rise+rise_0_30+peak_time+positive_duration+area_centroid+late_area_fraction,1,1.0,24.0,31.71486555824739,7.714865558247389,False
2,2019-11-21T09:55:00,42,peak+early_peak+area_0_60+area_60_120+area_120_180+area_0_180+steepest_15min_rise+rise_0_30+peak_time+positive_duration+area_centroid+late_area_fraction,1,1.0,66.0,39.52559292179721,26.474407078202788,False
2,2019-11-24T08:09:00,43,peak+early_peak+area_0_60+area_60_120+area_120_180+area_0_180+steepest_15min_rise+rise_0_30+peak_time+positive_duration+area_centroid+late_area_fraction,1,10.0,24.0,42.31695617856345,18.31695617856345,False
2,2019-11-21T09:55:00,43,peak+early_peak+area_0_60+area_60_120+area_120_180+area_0_180+steepest_15min_rise+rise_0_30+peak_time+positive_duration+area_centroid+late_area_fraction,1,10.0,66.0,88.75738048619627,22.75738048619627,False
2,2019-11-24T08:09:00,44,peak+early_peak+area_0_60+area_60_120+area_120_180+area_0_180+steepest_15min_rise+rise_0_30+peak_time+positive_duration+area_centroid+late_area_fraction,1,100.0,24.0,43.764470757430566,19.764470757430566,False
2,2019-11-21T09:55:00,44,peak+early_peak+area_0_60+area_60_120+area_120_180+area_0_180+steepest_15min_rise+rise_0_30+peak_time+positive_duration+area_centroid+late_area_fraction,1,100.0,66.0,70.64180967743172,4.6418096774317235,True
2,2019-11-24T08:09:00,45,peak+early_peak+area_0_60+area_60_120+area_120_180+area_0_180+steepest_15min_rise+rise_0_30+peak_time+positive_duration+area_centroid+late_area_fraction,2,1.0,24.0,66.34580421683536,42.34580421683536,False
2,2019-11-21T09:55:00,45,peak+early_peak+area_0_60+area_60_120+area_120_180+area_0_180+steepest_15min_rise+rise_0_30+peak_time+positive_duration+area_centroid+late_area_fraction,2,1.0,66.0,0.0,66.0,False
2,2019-11-24T08:09:00,46,peak+early_peak+area_0_60+area_60_120+area_120_180+area_0_180+steepest_15min_rise+rise_0_30+peak_time+positive_duration+area_centroid+late_area_fraction,2,10.0,24.0,54.11326679244316,30.113266792443163,False
2,2019-11-21T09:55:00,46,peak+early_peak+area_0_60+area_60_120+area_120_180+area_0_180+steepest_15min_rise+rise_0_30+peak_time+positive_duration+area_centroid+late_area_fraction,2,10.0,66.0,274.94707793082716,208.94707793082716,False
2,2019-11-24T08:09:00,47,peak+early_peak+area_0_60+area_60_120+area_120_180+area_0_180+steepest_15min_rise+rise_0_30+peak_time+positive_duration+area_centroid+late_area_fraction,2,100.0,24.0,47.41903855745794,23.419038557457938,False
2,2019-11-21T09:55:00,47,peak+early_peak+area_0_60+area_60_120+area_120_180+area_0_180+steepest_15min_rise+rise_0_30+peak_time+positive_duration+area_centroid+late_area_fraction,2,100.0,66.0,173.47223798450486,107.47223798450486,False
3,2020-03-20T08:13:00,0,peak,1,1.0,24.0,35.43276120045668,11.432761200456682,False
3,2020-03-17T09:07:00,0,peak,1,1.0,66.0,46.48555247970771,19.514447520292293,False
3,2020-03-20T08:13:00,1,peak,1,10.0,24.0,36.86784702038817,12.867847020388169,False
3,2020-03-17T09:07:00,1,peak,1,10.0,66.0,46.26271960775155,19.73728039224845,False
3,2020-03-20T08:13:00,2,peak,1,100.0,24.0,41.74713880815527,17.74713880815527,False
3,2020-03-17T09:07:00,2,peak,1,100.0,66.0,45.50508784310062,20.49491215689938,False
3,2020-03-20T08:13:00,3,peak,2,1.0,24.0,40.17038545441108,16.170385454411083,False
3,2020-03-17T09:07:00,3,peak,2,1.0,66.0,44.25206440328504,21.74793559671496,False
3,2020-03-20T08:13:00,4,peak,2,10.0,24.0,40.93659797946199,16.936597979461993,False
3,2020-03-17T09:07:00,4,peak,2,10.0,66.0,44.46420050668202,21.53579949331798,False
3,2020-03-20T08:13:00,5,peak,2,100.0,24.0,43.36671001438396,19.366710014383962,False
3,2020-03-17T09:07:00,5,peak,2,100.0,66.0,44.90076002379595,21.099239976204053,False
3,2020-03-20T08:13:00,6,area_60_120,1,1.0,24.0,31.43536608771034,7.435366087710339,False
3,2020-03-17T09:07:00,6,area_60_120,1,1.0,66.0,48.6135478288031,17.3864521711969,False
3,2020-03-20T08:13:00,7,area_60_120,1,10.0,24.0,33.470061174553784,9.470061174553784,False
3,2020-03-17T09:07:00,7,area_60_120,1,10.0,66.0,48.07151565448264,17.92848434551736,False
3,2020-03-20T08:13:00,8,area_60_120,1,100.0,24.0,40.38802446982152,16.388024469821517,False
3,2020-03-17T09:07:00,8,area_60_120,1,100.0,66.0,46.228606261793054,19.771393738206946,False
3,2020-03-20T08:13:00,9,area_60_120,2,1.0,24.0,16.543455404882522,7.456544595117478,False
3,2020-03-17T09:07:00,9,area_60_120,2,1.0,66.0,53.812852496430644,12.187147503569356,False
3,2020-03-20T08:13:00,10,area_60_120,2,10.0,24.0,28.451987162940732,4.451987162940732,False
3,2020-03-17T09:07:00,10,area_60_120,2,10.0,66.0,49.87497111926824,16.12502888073176,False
3,2020-03-20T08:13:00,11,area_60_120,2,100.0,24.0,40.85685860675735,16.85685860675735,False
3,2020-03-17T09:07:00,11,area_60_120,2,100.0,66.0,46.02835266259188,19.971647337408122,False
3,2020-03-20T08:13:00,12,area_centroid,1,1.0,24.0,32.72236928609469,8.72236928609469,False
3,2020-03-17T09:07:00,12,area_centroid,1,1.0,66.0,47.20511733313701,18.79488266686299,False
3,2020-03-20T08:13:00,13,area_centroid,1,10.0,24.0,34.56401389318045,10.564013893180451,False
3,2020-03-17T09:07:00,13,area_centroid,1,10.0,66.0,46.87434973316647,19.12565026683353,False
3,2020-03-20T08:13:00,14,area_centroid,1,100.0,24.0,40.82560555727218,16.825605557272183,False
3,2020-03-17T09:07:00,14,area_centroid,1,100.0,66.0,45.749739893266586,20.250260106733414,False
3,2020-03-20T08:13:00,15,area_centroid,2,1.0,24.0,26.68376681153577,2.6837668115357687,False
3,2020-03-17T09:07:00,15,area_centroid,2,1.0,66.0,48.45175205427189,17.548247945728107,False
3,2020-03-20T08:13:00,16,area_centroid,2,10.0,24.0,32.903333246625685,8.903333246625685,False
3,2020-03-17T09:07:00,16,area_centroid,2,10.0,66.0,47.22226543530776,18.77773456469224,False
3,2020-03-20T08:13:00,17,area_centroid,2,100.0,24.0,41.5475136764374,17.547513676437397,False
3,2020-03-17T09:07:00,17,area_centroid,2,100.0,66.0,45.58485373146431,20.415146268535693,False
3,2020-03-20T08:13:00,18,peak+area_60_120,1,1.0,24.0,26.635580357916236,2.6355803579162362,False
3,2020-03-17T09:07:00,18,peak+area_60_120,1,1.0,66.0,49.20572759533482,16.79427240466518,False
3,2020-03-20T08:13:00,19,peak+area_60_120,1,10.0,24.0,28.88312950750325,4.883129507503249,False
3,2020-03-17T09:07:00,19,peak+area_60_120,1,10.0,66.0,48.664516058815394,17.335483941184606,False
3,2020-03-20T08:13:00,20,peak+area_60_120,1,100.0,24.0,37.766101086463465,13.766101086463465,False
3,2020-03-17T09:07:00,20,peak+area_60_120,1,100.0,66.0,46.611818535447206,19.388181464552794,False
3,2020-03-20T08:13:00,21,peak+area_60_120,2,1.0,24.0,8.254974716535848,15.745025283464152,False
3,2020-03-17T09:07:00,21,peak+area_60_120,2,1.0,66.0,53.873835470666144,12.126164529333856,False
3,2020-03-20T08:13:00,22,peak+area_60_120,2,10.0,24.0,20.297368926105513,3.702631073894487,False
3,2020-03-17T09:07:00,22,peak+area_60_120,2,10.0,66.0,50.34629395918209,15.653706040817909,False
3,2020-03-20T08:13:00,23,peak+area_60_120,2,100.0,24.0,38.06418000277675,14.064180002776752,False
3,2020-03-17T09:07:00,23,peak+area_60_120,2,100.0,66.0,46.24993729490887,19.750062705091132,False
3,2020-03-20T08:13:00,24,peak+area_centroid,1,1.0,24.0,23.76122136378609,0.2387786362139117,True
3,2020-03-17T09:07:00,24,peak+area_centroid,1,1.0,66.0,48.588928488284715,17.411071511715285,False
3,2020-03-20T08:13:00,25,peak+area_centroid,1,10.0,24.0,26.87161919987914,2.8716191998791416,False
3,2020-03-17T09:07:00,25,peak+area_centroid,1,10.0,66.0,48.06324728055681,17.93675271944319,False
3,2020-03-20T08:13:00,26,peak+area_centroid,1,100.0,24.0,37.64413508093653,13.644135080936529,False
3,2020-03-17T09:07:00,26,peak+area_centroid,1,100.0,66.0,46.24284225419883,19.757157745801173,False
3,2020-03-20T08:13:00,27,peak+area_centroid,2,1.0,24.0,17.119862277964224,6.8801377220357764,False
3,2020-03-17T09:07:00,27,peak+area_centroid,2,1.0,66.0,46.81391036042379,19.18608963957621,False
3,2020-03-20T08:13:00,28,peak+area_centroid,2,10.0,24.0,22.911960796919836,1.0880392030801644,True
3,2020-03-17T09:07:00,28,peak+area_centroid,2,10.0,66.0,46.34973046750108,19.650269532498918,False
3,2020-03-20T08:13:00,29,peak+area_centroid,2,100.0,24.0,35.919791043555094,11.919791043555094,False
3,2020-03-17T09:07:00,29,peak+area_centroid,2,100.0,66.0,45.5096663342863,20.4903336657137,False
3,2020-03-20T08:13:00,30,area_60_120+area_centroid,1,1.0,24.0,21.859606156135328,2.140393843864672,True
3,2020-03-17T09:07:00,30,area_60_120+area_centroid,1,1.0,66.0,50.257642428136386,15.742357571863614,False
3,2020-03-20T08:13:00,31,area_60_120+area_centroid,1,10.0,24.0,25.013609900729477,1.0136099007294774,True
3,2020-03-17T09:07:00,31,area_60_120+area_centroid,1,10.0,66.0,49.53423433498599,16.46576566501401,False
3,2020-03-20T08:13:00,32,area_60_120+area_centroid,1,100.0,24.0,36.546405367042965,12.546405367042965,False
3,2020-03-17T09:07:00,32,area_60_120+area_centroid,1,100.0,66.0,46.908831510222186,19.091168489777814,False
3,2020-03-20T08:13:00,33,area_60_120+area_centroid,2,1.0,24.0,29.536932782271172,5.5369327822711725,False
3,2020-03-17T09:07:00,33,area_60_120+area_centroid,2,1.0,66.0,58.689474565755155,7.310525434244845,False
3,2020-03-20T08:13:00,34,area_60_120+area_centroid,2,10.0,24.0,25.940509509308445,1.9405095093084448,True
3,2020-03-17T09:07:00,34,area_60_120+area_centroid,2,10.0,66.0,51.65776028910477,14.342239710895228,False
3,2020-03-20T08:13:00,35,area_60_120+area_centroid,2,100.0,24.0,38.13977480876348,14.139774808763477,False
3,2020-03-17T09:07:00,35,area_60_120+area_centroid,2,100.0,66.0,46.55076504415169,19.44923495584831,False
3,2020-03-20T08:13:00,36,peak+area_60_120+area_centroid,1,1.0,24.0,17.07985106004433,6.92014893995567,False
3,2020-03-17T09:07:00,36,peak+area_60_120+area_centroid,1,1.0,66.0,50.84688849693255,15.15311150306745,False
3,2020-03-20T08:13:00,37,peak+area_60_120+area_centroid,1,10.0,24.0,20.486481013054725,3.513518986945275,False
3,2020-03-17T09:07:00,37,peak+area_60_120+area_centroid,1,10.0,66.0,50.11823259139758,15.881767408602421,False
3,2020-03-20T08:13:00,38,peak+area_60_120+area_centroid,1,100.0,24.0,33.966382217953786,9.966382217953786,False
3,2020-03-17T09:07:00,38,peak+area_60_120+area_centroid,1,100.0,66.0,47.28526102571206,18.71473897428794,False
3,2020-03-20T08:13:00,39,peak+area_60_120+area_centroid,2,1.0,24.0,19.682378896600145,4.317621103399855,False
3,2020-03-17T09:07:00,39,peak+area_60_120+area_centroid,2,1.0,66.0,58.54789003017876,7.452109969821237,False
3,2020-03-20T08:13:00,40,peak+area_60_120+area_centroid,2,10.0,24.0,19.49191281502952,4.508087184970481,False
3,2020-03-17T09:07:00,40,peak+area_60_120+area_centroid,2,10.0,66.0,52.071687003918456,13.928312996081544,False
3,2020-03-20T08:13:00,41,peak+area_60_120+area_centroid,2,100.0,24.0,32.91334057222903,8.913340572229032,False
3,2020-03-17T09:07:00,41,peak+area_60_120+area_centroid,2,100.0,66.0,46.777765893409516,19.222234106590484,False
3,2020-03-20T08:13:00,42,peak+early_peak+area_0_60+area_60_120+area_120_180+area_0_180+steepest_15min_rise+rise_0_30+peak_time+positive_duration+area_centroid+late_area_fraction,1,1.0,24.0,20.19266931366928,3.807330686330719,False
3,2020-03-17T09:07:00,42,peak+early_peak+area_0_60+area_60_120+area_120_180+area_0_180+steepest_15min_rise+rise_0_30+peak_time+positive_duration+area_centroid+late_area_fraction,1,1.0,66.0,49.975982884130886,16.024017115869114,False
3,2020-03-20T08:13:00,43,peak+early_peak+area_0_60+area_60_120+area_120_180+area_0_180+steepest_15min_rise+rise_0_30+peak_time+positive_duration+area_centroid+late_area_fraction,1,10.0,24.0,19.205588448907093,4.794411551092907,False
3,2020-03-17T09:07:00,43,peak+early_peak+area_0_60+area_60_120+area_120_180+area_0_180+steepest_15min_rise+rise_0_30+peak_time+positive_duration+area_centroid+late_area_fraction,1,10.0,66.0,49.26497899266362,16.73502100733638,False
3,2020-03-20T08:13:00,44,peak+early_peak+area_0_60+area_60_120+area_120_180+area_0_180+steepest_15min_rise+rise_0_30+peak_time+positive_duration+area_centroid+late_area_fraction,1,100.0,24.0,27.134439624170312,3.1344396241703123,False
3,2020-03-17T09:07:00,44,peak+early_peak+area_0_60+area_60_120+area_120_180+area_0_180+steepest_15min_rise+rise_0_30+peak_time+positive_duration+area_centroid+late_area_fraction,1,100.0,66.0,47.78356319871168,18.216436801288317,False
3,2020-03-20T08:13:00,45,peak+early_peak+area_0_60+area_60_120+area_120_180+area_0_180+steepest_15min_rise+rise_0_30+peak_time+positive_duration+area_centroid+late_area_fraction,2,1.0,24.0,0.0,24.0,False
3,2020-03-17T09:07:00,45,peak+early_peak+area_0_60+area_60_120+area_120_180+area_0_180+steepest_15min_rise+rise_0_30+peak_time+positive_duration+area_centroid+late_area_fraction,2,1.0,66.0,37.25222882159596,28.747771178404037,False
3,2020-03-20T08:13:00,46,peak+early_peak+area_0_60+area_60_120+area_120_180+area_0_180+steepest_15min_rise+rise_0_30+peak_time+positive_duration+area_centroid+late_area_fraction,2,10.0,24.0,0.0,24.0,False
3,2020-03-17T09:07:00,46,peak+early_peak+area_0_60+area_60_120+area_120_180+area_0_180+steepest_15min_rise+rise_0_30+peak_time+positive_duration+area_centroid+late_area_fraction,2,10.0,66.0,47.41255077775346,18.58744922224654,False
3,2020-03-20T08:13:00,47,peak+early_peak+area_0_60+area_60_120+area_120_180+area_0_180+steepest_15min_rise+rise_0_30+peak_time+positive_duration+area_centroid+late_area_fraction,2,100.0,24.0,4.341776181499355,19.658223818500645,False
3,2020-03-17T09:07:00,47,peak+early_peak+area_0_60+area_60_120+area_120_180+area_0_180+steepest_15min_rise+rise_0_30+peak_time+positive_duration+area_centroid+late_area_fraction,2,100.0,66.0,46.58505156447508,19.41494843552492,False
4,2023-09-20T09:30:00,0,peak,1,1.0,24.0,39.62502288370151,15.625022883701511,False
4,2023-09-17T08:49:00,0,peak,1,1.0,66.0,49.00085221193952,16.999147788060483,False
4,2023-09-20T09:30:00,1,peak,1,10.0,24.0,40.43126945114632,16.43126945114632,False
4,2023-09-17T08:49:00,1,peak,1,10.0,66.0,48.40072438014856,17.59927561985144,False
4,2023-09-20T09:30:00,2,peak,1,100.0,24.0,43.17250778045853,19.17250778045853,False
4,2023-09-17T08:49:00,2,peak,1,100.0,66.0,46.36028975205942,19.639710247940577,False
4,2023-09-20T09:30:00,3,peak,2,1.0,24.0,39.172835650197506,15.172835650197506,False
4,2023-09-17T08:49:00,3,peak,2,1.0,66.0,48.201286980589266,17.798713019410734,False
4,2023-09-20T09:30:00,4,peak,2,10.0,24.0,40.29650421440229,16.29650421440229,False
4,2023-09-17T08:49:00,4,peak,2,10.0,66.0,47.63085331717746,18.36914668282254,False
4,2023-09-20T09:30:00,5,peak,2,100.0,24.0,43.33893689140554,19.338936891405538,False
4,2023-09-17T08:49:00,5,peak,2,100.0,66.0,45.988661853838344,20.011338146161656,False
4,2023-09-20T09:30:00,6,area_60_120,1,1.0,24.0,39.477850762408124,15.477850762408124,False
4,2023-09-17T08:49:00,6,area_60_120,1,1.0,66.0,52.947059200939265,13.052940799060735,False
4,2023-09-20T09:30:00,7,area_60_120,1,10.0,24.0,40.306173148046895,16.306173148046895,False
4,2023-09-17T08:49:00,7,area_60_120,1,10.0,66.0,51.75500032079839,14.244999679201612,False
4,2023-09-20T09:30:00,8,area_60_120,1,100.0,24.0,43.12246925921876,19.12246925921876,False
4,2023-09-17T08:49:00,8,area_60_120,1,100.0,66.0,47.702000128319355,18.297999871680645,False
4,2023-09-20T09:30:00,9,area_60_120,2,1.0,24.0,37.30842497365883,13.30842497365883,False
4,2023-09-17T08:49:00,9,area_60_120,2,1.0,66.0,58.86338827184712,7.136611728152879,False
4,2023-09-20T09:30:00,10,area_60_120,2,10.0,24.0,39.64337440697443,15.64337440697443,False
4,2023-09-17T08:49:00,10,area_60_120,2,10.0,66.0,53.8828194742577,12.117180525742299,False
4,2023-09-20T09:30:00,11,area_60_120,2,100.0,24.0,43.1001340444787,19.1001340444787,False
4,2023-09-17T08:49:00,11,area_60_120,2,100.0,66.0,47.5905726839145,18.409427316085498,False
4,2023-09-20T09:30:00,12,area_centroid,1,1.0,24.0,43.02814729118248,19.028147291182478,False
4,2023-09-17T08:49:00,12,area_centroid,1,1.0,66.0,48.98374453858189,17.016255461418112,False
4,2023-09-20T09:30:00,13,area_centroid,1,10.0,24.0,43.32392519750511,19.323925197505112,False
4,2023-09-17T08:49:00,13,area_centroid,1,10.0,66.0,48.386182857794594,17.613817142205406,False
4,2023-09-20T09:30:00,14,area_centroid,1,100.0,24.0,44.329570079002046,20.329570079002046,False
4,2023-09-17T08:49:00,14,area_centroid,1,100.0,66.0,46.354473143117836,19.645526856882164,False
4,2023-09-20T09:30:00,15,area_centroid,2,1.0,24.0,43.08116428301496,19.081164283014957,False
4,2023-09-17T08:49:00,15,area_centroid,2,1.0,66.0,50.61732400094449,15.382675999055508,False
4,2023-09-20T09:30:00,16,area_centroid,2,10.0,24.0,43.3832850944717,19.383285094471702,False
4,2023-09-17T08:49:00,16,area_centroid,2,10.0,66.0,48.98051662359778,17.01948337640222,False
4,2023-09-20T09:30:00,17,area_centroid,2,100.0,24.0,44.259799755332594,20.259799755332594,False
4,2023-09-17T08:49:00,17,area_centroid,2,100.0,66.0,46.22924874007293,19.770751259927067,False
4,2023-09-20T09:30:00,18,peak+area_60_120,1,1.0,24.0,36.75045483312155,12.750454833121552,False
4,2023-09-17T08:49:00,18,peak+area_60_120,1,1.0,66.0,54.57257717171491,11.427422828285088,False
4,2023-09-20T09:30:00,19,peak+area_60_120,1,10.0,24.0,37.70083141123775,13.70083141123775,False
4,2023-09-17T08:49:00,19,peak+area_60_120,1,10.0,66.0,53.37594617259721,12.62405382740279,False
4,2023-09-20T09:30:00,20,peak+area_60_120,1,100.0,24.0,41.64263964978281,17.642639649782808,False
4,2023-09-17T08:49:00,20,peak+area_60_120,1,100.0,66.0,48.738085818630275,17.261914181369725,False
4,2023-09-20T09:30:00,21,peak+area_60_120,2,1.0,24.0,35.02448533674391,11.024485336743908,False
4,2023-09-17T08:49:00,21,peak+area_60_120,2,1.0,66.0,57.76905441668463,8.230945583315368,False
4,2023-09-20T09:30:00,22,peak+area_60_120,2,10.0,24.0,36.213194668300346,12.213194668300346,False
4,2023-09-17T08:49:00,22,peak+area_60_120,2,10.0,66.0,54.531609045197534,11.468390954802466,False
4,2023-09-20T09:30:00,23,peak+area_60_120,2,100.0,24.0,41.447480649016725,17.447480649016725,False
4,2023-09-17T08:49:00,23,peak+area_60_120,2,100.0,66.0,48.46867053162293,17.531329468377074,False
4,2023-09-20T09:30:00,24,peak+area_centroid,1,1.0,24.0,38.25377193427094,14.253771934270937,False
4,2023-09-17T08:49:00,24,peak+area_centroid,1,1.0,66.0,52.37478441391417,13.62521558608583,False
4,2023-09-20T09:30:00,25,peak+area_centroid,1,10.0,24.0,39.19366173631259,15.193661736312592,False
4,2023-09-17T08:49:00,25,peak+area_centroid,1,10.0,66.0,51.34133434391696,14.658665656083038,False
4,2023-09-20T09:30:00,26,peak+area_centroid,1,100.0,24.0,42.57484133780135,18.574841337801352,False
4,2023-09-17T08:49:00,26,peak+area_centroid,1,100.0,66.0,47.64061594811557,18.359384051884433,False
4,2023-09-20T09:30:00,27,peak+area_centroid,2,1.0,24.0,37.51741380184949,13.517413801849493,False
4,2023-09-17T08:49:00,27,peak+area_centroid,2,1.0,66.0,50.73840284338518,15.261597156614819,False
4,2023-09-20T09:30:00,28,peak+area_centroid,2,10.0,24.0,38.64047983869941,14.640479838699413,False
4,2023-09-17T08:49:00,28,peak+area_centroid,2,10.0,66.0,49.65478023631891,16.345219763681087,False
4,2023-09-20T09:30:00,29,peak+area_centroid,2,100.0,24.0,42.3465992124729,18.346599212472903,False
4,2023-09-17T08:49:00,29,peak+area_centroid,2,100.0,66.0,46.801122538989155,19.198877461010845,False
4,2023-09-20T09:30:00,30,area_60_120+area_centroid,1,1.0,24.0,38.379165812245446,14.379165812245446,False
4,2023-09-17T08:49:00,30,area_60_120+area_centroid,1,1.0,66.0,55.45513384444354,10.544866155556463,False
4,2023-09-20T09:30:00,31,area_60_120+area_centroid,1,10.0,24.0,39.276083491115436,15.276083491115436,False
4,2023-09-17T08:49:00,31,area_60_120+area_centroid,1,10.0,66.0,54.05134472154607,11.948655278453927,False
4,2023-09-20T09:30:00,32,area_60_120+area_centroid,1,100.0,24.0,42.56426681752346,18.56426681752346,False
4,2023-09-17T08:49:00,32,area_60_120+area_centroid,1,100.0,66.0,48.868117391766035,17.131882608233965,False
4,2023-09-20T09:30:00,33,area_60_120+area_centroid,2,1.0,24.0,33.30910021750131,9.30910021750131,False
4,2023-09-17T08:49:00,33,area_60_120+area_centroid,2,1.0,66.0,70.12486301162805,4.124863011628051,True
4,2023-09-20T09:30:00,34,area_60_120+area_centroid,2,10.0,24.0,38.158165284263966,14.158165284263966,False
4,2023-09-17T08:49:00,34,area_60_120+area_centroid,2,10.0,66.0,57.117978234947444,8.882021765052556,False
4,2023-09-20T09:30:00,35,area_60_120+area_centroid,2,100.0,24.0,42.42148025480404,18.421480254804038,False
4,2023-09-17T08:49:00,35,area_60_120+area_centroid,2,100.0,66.0,48.52350265601443,17.47649734398557,False
4,2023-09-20T09:30:00,36,peak+area_60_120+area_centroid,1,1.0,24.0,35.854553674712804,11.854553674712804,False
4,2023-09-17T08:49:00,36,peak+area_60_120+area_centroid,1,1.0,66.0,56.91252728470564,9.08747271529436,False
4,2023-09-20T09:30:00,37,peak+area_60_120+area_centroid,1,10.0,24.0,36.84980905626405,12.84980905626405,False
4,2023-09-17T08:49:00,37,peak+area_60_120+area_centroid,1,10.0,66.0,55.51723224083369,10.482767759166308,False
4,2023-09-20T09:30:00,38,peak+area_60_120+area_centroid,1,100.0,24.0,41.13642851293706,17.13642851293706,False
4,2023-09-17T08:49:00,38,peak+area_60_120+area_centroid,1,100.0,66.0,49.85385679713251,16.146143202867492,False
4,2023-09-20T09:30:00,39,peak+area_60_120+area_centroid,2,1.0,24.0,30.087110850668143,6.087110850668143,False
4,2023-09-17T08:49:00,39,peak+area_60_120+area_centroid,2,1.0,66.0,69.88479345212906,3.8847934521290597,True
4,2023-09-20T09:30:00,40,peak+area_60_120+area_centroid,2,10.0,24.0,34.51478797517231,10.514787975172311,False
4,2023-09-17T08:49:00,40,peak+area_60_120+area_centroid,2,10.0,66.0,58.1501279122578,7.849872087742199,False
4,2023-09-20T09:30:00,41,peak+area_60_120+area_centroid,2,100.0,24.0,40.720085504319385,16.720085504319385,False
4,2023-09-17T08:49:00,41,peak+area_60_120+area_centroid,2,100.0,66.0,49.11377757027641,16.88622242972359,False
4,2023-09-20T09:30:00,42,peak+early_peak+area_0_60+area_60_120+area_120_180+area_0_180+steepest_15min_rise+rise_0_30+peak_time+positive_duration+area_centroid+late_area_fraction,1,1.0,24.0,38.71853456010069,14.718534560100693,False
4,2023-09-17T08:49:00,42,peak+early_peak+area_0_60+area_60_120+area_120_180+area_0_180+steepest_15min_rise+rise_0_30+peak_time+positive_duration+area_centroid+late_area_fraction,1,1.0,66.0,68.58417306454834,2.584173064548338,True
4,2023-09-20T09:30:00,43,peak+early_peak+area_0_60+area_60_120+area_120_180+area_0_180+steepest_15min_rise+rise_0_30+peak_time+positive_duration+area_centroid+late_area_fraction,1,10.0,24.0,36.764627924300356,12.764627924300356,False
4,2023-09-17T08:49:00,43,peak+early_peak+area_0_60+area_60_120+area_120_180+area_0_180+steepest_15min_rise+rise_0_30+peak_time+positive_duration+area_centroid+late_area_fraction,1,10.0,66.0,60.785952307758286,5.214047692241714,True
4,2023-09-20T09:30:00,44,peak+early_peak+area_0_60+area_60_120+area_120_180+area_0_180+steepest_15min_rise+rise_0_30+peak_time+positive_duration+area_centroid+late_area_fraction,1,100.0,24.0,38.433820734365156,14.433820734365156,False
4,2023-09-17T08:49:00,44,peak+early_peak+area_0_60+area_60_120+area_120_180+area_0_180+steepest_15min_rise+rise_0_30+peak_time+positive_duration+area_centroid+late_area_fraction,1,100.0,66.0,52.471030263375866,13.528969736624134,False
4,2023-09-20T09:30:00,45,peak+early_peak+area_0_60+area_60_120+area_120_180+area_0_180+steepest_15min_rise+rise_0_30+peak_time+positive_duration+area_centroid+late_area_fraction,2,1.0,24.0,35.86100728749586,11.861007287495859,False
4,2023-09-17T08:49:00,45,peak+early_peak+area_0_60+area_60_120+area_120_180+area_0_180+steepest_15min_rise+rise_0_30+peak_time+positive_duration+area_centroid+late_area_fraction,2,1.0,66.0,67.9025545022605,1.9025545022605002,True
4,2023-09-20T09:30:00,46,peak+early_peak+area_0_60+area_60_120+area_120_180+area_0_180+steepest_15min_rise+rise_0_30+peak_time+positive_duration+area_centroid+late_area_fraction,2,10.0,24.0,37.09376367672932,13.093763676729317,False
4,2023-09-17T08:49:00,46,peak+early_peak+area_0_60+area_60_120+area_120_180+area_0_180+steepest_15min_rise+rise_0_30+peak_time+positive_duration+area_centroid+late_area_fraction,2,10.0,66.0,57.878239168435755,8.121760831564245,False
4,2023-09-20T09:30:00,47,peak+early_peak+area_0_60+area_60_120+area_120_180+area_0_180+steepest_15min_rise+rise_0_30+peak_time+positive_duration+area_centroid+late_area_fraction,2,100.0,24.0,38.660581863405234,14.660581863405234,False
4,2023-09-17T08:49:00,47,peak+early_peak+area_0_60+area_60_120+area_120_180+area_0_180+steepest_15min_rise+rise_0_30+peak_time+positive_duration+area_centroid+late_area_fraction,2,100.0,66.0,50.59626401110464,15.403735988895363,False
5,2020-08-26T08:19:00,0,peak,1,1.0,24.0,47.1365178821328,23.1365178821328,False
5,2020-08-23T10:48:00,0,peak,1,1.0,66.0,47.18862279169243,18.81137720830757,False
5,2020-08-26T08:19:00,1,peak,1,10.0,24.0,46.81604019981289,22.81604019981289,False
5,2020-08-23T10:48:00,1,peak,1,10.0,66.0,46.86032937293858,19.13967062706142,False
5,2020-08-26T08:19:00,2,peak,1,100.0,24.0,45.72641607992516,21.72641607992516,False
5,2020-08-23T10:48:00,2,peak,1,100.0,66.0,45.74413174917543,20.25586825082457,False
5,2020-08-26T08:19:00,3,peak,2,1.0,24.0,45.57092473236422,21.57092473236422,False
5,2020-08-23T10:48:00,3,peak,2,1.0,66.0,45.65227137260487,20.347728627395128,False
5,2020-08-26T08:19:00,4,peak,2,10.0,24.0,45.527294618909885,21.527294618909885,False
5,2020-08-23T10:48:00,4,peak,2,10.0,66.0,45.59068425397036,20.40931574602964,False
5,2020-08-26T08:19:00,5,peak,2,100.0,24.0,45.271710059678675,21.271710059678675,False
5,2020-08-23T10:48:00,5,peak,2,100.0,66.0,45.29200345904853,20.70799654095147,False
5,2020-08-26T08:19:00,6,area_60_120,1,1.0,24.0,49.87759858625397,25.877598586253967,False
5,2020-08-23T10:48:00,6,area_60_120,1,1.0,66.0,44.64773211322918,21.352267886770818,False
5,2020-08-26T08:19:00,7,area_60_120,1,10.0,24.0,49.14595879831588,25.14595879831588,False
5,2020-08-23T10:48:00,7,area_60_120,1,10.0,66.0,44.70057229624481,21.299427703755192,False
5,2020-08-26T08:19:00,8,area_60_120,1,100.0,24.0,46.65838351932635,22.65838351932635,False
5,2020-08-23T10:48:00,8,area_60_120,1,100.0,66.0,44.88022891849792,21.11977108150208,False
5,2020-08-26T08:19:00,9,area_60_120,2,1.0,24.0,55.765001649075096,31.765001649075096,False
5,2020-08-23T10:48:00,9,area_60_120,2,1.0,66.0,47.650716309805375,18.349283690194625,False
5,2020-08-26T08:19:00,10,area_60_120,2,10.0,24.0,51.445970104650875,27.445970104650875,False
5,2020-08-23T10:48:00,10,area_60_120,2,10.0,66.0,46.00920988233603,19.99079011766397,False
5,2020-08-26T08:19:00,11,area_60_120,2,100.0,24.0,46.509151254698544,22.509151254698544,False
5,2020-08-23T10:48:00,11,area_60_120,2,100.0,66.0,44.74516068032852,21.254839319671483,False
5,2020-08-26T08:19:00,12,area_centroid,1,1.0,24.0,43.81817057002299,19.818170570022993,False
5,2020-08-23T10:48:00,12,area_centroid,1,1.0,66.0,52.72647468799539,13.273525312004608,False
5,2020-08-26T08:19:00,13,area_centroid,1,10.0,24.0,43.995444984519544,19.995444984519544,False
5,2020-08-23T10:48:00,13,area_centroid,1,10.0,66.0,51.567503484796084,14.432496515203916,False
5,2020-08-26T08:19:00,14,area_centroid,1,100.0,24.0,44.598177993807816,20.598177993807816,False
5,2020-08-23T10:48:00,14,area_centroid,1,100.0,66.0,47.627001393918434,18.372998606081566,False
5,2020-08-26T08:19:00,15,area_centroid,2,1.0,24.0,44.13833860036937,20.138338600369373,False
5,2020-08-23T10:48:00,15,area_centroid,2,1.0,66.0,54.803204599349066,11.196795400650934,False
5,2020-08-26T08:19:00,16,area_centroid,2,10.0,24.0,44.15541622255973,20.15541622255973,False
5,2020-08-23T10:48:00,16,area_centroid,2,10.0,66.0,52.28372087386623,13.71627912613377,False
5,2020-08-26T08:19:00,17,area_centroid,2,100.0,24.0,44.519885145991495,20.519885145991495,False
5,2020-08-23T10:48:00,17,area_centroid,2,100.0,66.0,47.57317844522555,18.42682155477445,False
5,2020-08-26T08:19:00,18,peak+area_60_120,1,1.0,24.0,50.953294315173686,26.953294315173686,False
5,2020-08-23T10:48:00,18,peak+area_60_120,1,1.0,66.0,46.165068387619854,19.834931612380146,False
5,2020-08-26T08:19:00,19,peak+area_60_120,1,10.0,24.0,50.173305042020175,26.173305042020175,False
5,2020-08-23T10:48:00,19,peak+area_60_120,1,10.0,66.0,46.07327877265284,19.92672122734716,False
5,2020-08-26T08:19:00,20,peak+area_60_120,1,100.0,24.0,47.24524444338358,23.245244443383577,False
5,2020-08-23T10:48:00,20,peak+area_60_120,1,100.0,66.0,45.54392495125297,20.45607504874703,False
5,2020-08-26T08:19:00,21,peak+area_60_120,2,1.0,24.0,56.11320437912265,32.11320437912265,False
5,2020-08-23T10:48:00,21,peak+area_60_120,2,1.0,66.0,49.505087305668354,16.494912694331646,False
5,2020-08-26T08:19:00,22,peak+area_60_120,2,10.0,24.0,52.1817182435262,28.1817182435262,False
5,2020-08-23T10:48:00,22,peak+area_60_120,2,10.0,66.0,47.93237181189856,18.067628188101438,False
5,2020-08-26T08:19:00,23,peak+area_60_120,2,100.0,24.0,46.99811014420551,22.998110144205512,False
5,2020-08-23T10:48:00,23,peak+area_60_120,2,100.0,66.0,45.42276171983423,20.577238280165773,False
5,2020-08-26T08:19:00,24,peak+area_centroid,1,1.0,24.0,45.8677325981719,21.867732598171898,False
5,2020-08-23T10:48:00,24,peak+area_centroid,1,1.0,66.0,54.347501175307926,11.652498824692074,False
5,2020-08-26T08:19:00,25,peak+area_centroid,1,10.0,24.0,45.748290325759505,21.748290325759505,False
5,2020-08-23T10:48:00,25,peak+area_centroid,1,10.0,66.0,53.01362085597212,12.986379144027879,False
5,2020-08-26T08:19:00,26,peak+area_centroid,1,100.0,24.0,45.314268212660735,21.314268212660735,False
5,2020-08-23T10:48:00,26,peak+area_centroid,1,100.0,66.0,48.30252893913295,17.697471060867052,False
5,2020-08-26T08:19:00,27,peak+area_centroid,2,1.0,24.0,45.86319029450163,21.863190294501628,False
5,2020-08-23T10:48:00,27,peak+area_centroid,2,1.0,66.0,50.35956511612419,15.640434883875812,False
5,2020-08-26T08:19:00,28,peak+area_centroid,2,10.0,24.0,45.62098278104074,21.620982781040738,False
5,2020-08-23T10:48:00,28,peak+area_centroid,2,10.0,66.0,49.920345279415685,16.079654720584315,False
5,2020-08-26T08:19:00,29,peak+area_centroid,2,100.0,24.0,45.07123238785772,21.07123238785772,False
5,2020-08-23T10:48:00,29,peak+area_centroid,2,100.0,66.0,47.43932098643127,18.56067901356873,False
5,2020-08-26T08:19:00,30,area_60_120+area_centroid,1,1.0,24.0,48.56600417257625,24.56600417257625,False
5,2020-08-23T10:48:00,30,area_60_120+area_centroid,1,1.0,66.0,50.544457670836216,15.455542329163784,False
5,2020-08-26T08:19:00,31,area_60_120+area_centroid,1,10.0,24.0,48.036392397900464,24.036392397900464,False
5,2020-08-23T10:48:00,31,area_60_120+area_centroid,1,10.0,66.0,49.93308820053501,16.06691179946499,False
5,2020-08-26T08:19:00,32,area_60_120+area_centroid,1,100.0,24.0,46.23362924350688,22.233629243506883,False
5,2020-08-23T10:48:00,32,area_60_120+area_centroid,1,100.0,66.0,47.28462598055234,18.71537401944766,False
5,2020-08-26T08:19:00,33,area_60_120+area_centroid,2,1.0,24.0,55.17675805141381,31.176758051413813,False
5,2020-08-23T10:48:00,33,area_60_120+area_centroid,2,1.0,66.0,55.74061393537145,10.25938606462855,False
5,2020-08-26T08:19:00,34,area_60_120+area_centroid,2,10.0,24.0,50.169662210724084,26.169662210724084,False
5,2020-08-23T10:48:00,34,area_60_120+area_centroid,2,10.0,66.0,51.07494891173622,14.925051088263778,False
5,2020-08-26T08:19:00,35,area_60_120+area_centroid,2,100.0,24.0,46.07690063951274,22.076900639512743,False
5,2020-08-23T10:48:00,35,area_60_120+area_centroid,2,100.0,66.0,47.05149861705397,18.948501382946027,False
5,2020-08-26T08:19:00,36,peak+area_60_120+area_centroid,1,1.0,24.0,49.63041124873862,25.630411248738618,False
5,2020-08-23T10:48:00,36,peak+area_60_120+area_centroid,1,1.0,66.0,51.85641206583077,14.143587934169233,False
5,2020-08-26T08:19:00,37,peak+area_60_120+area_centroid,1,10.0,24.0,49.05133521582206,25.051335215822057,False
5,2020-08-23T10:48:00,37,peak+area_60_120+area_centroid,1,10.0,66.0,51.12444801220049,14.875551987799511,False
5,2020-08-26T08:19:00,38,peak+area_60_120+area_centroid,1,100.0,24.0,46.81457318585661,22.81457318585661,False
5,2020-08-23T10:48:00,38,peak+area_60_120+area_centroid,1,100.0,66.0,47.897342770783006,18.102657229216994,False
5,2020-08-26T08:19:00,39,peak+area_60_120+area_centroid,2,1.0,24.0,56.15461313347818,32.15461313347818,False
5,2020-08-23T10:48:00,39,peak+area_60_120+area_centroid,2,1.0,66.0,56.53133643194275,9.468663568057252,False
5,2020-08-26T08:19:00,40,peak+area_60_120+area_centroid,2,10.0,24.0,50.92229671987587,26.922296719875867,False
5,2020-08-23T10:48:00,40,peak+area_60_120+area_centroid,2,10.0,66.0,52.437733916418196,13.562266083581804,False
5,2020-08-26T08:19:00,41,peak+area_60_120+area_centroid,2,100.0,24.0,46.618857583223814,22.618857583223814,False
5,2020-08-23T10:48:00,41,peak+area_60_120+area_centroid,2,100.0,66.0,47.40339298268901,18.596607017310987,False
5,2020-08-26T08:19:00,42,peak+early_peak+area_0_60+area_60_120+area_120_180+area_0_180+steepest_15min_rise+rise_0_30+peak_time+positive_duration+area_centroid+late_area_fraction,1,1.0,24.0,54.72909473159493,30.729094731594927,False
5,2020-08-23T10:48:00,42,peak+early_peak+area_0_60+area_60_120+area_120_180+area_0_180+steepest_15min_rise+rise_0_30+peak_time+positive_duration+area_centroid+late_area_fraction,1,1.0,66.0,61.28605243834567,4.713947561654329,True
5,2020-08-26T08:19:00,43,peak+early_peak+area_0_60+area_60_120+area_120_180+area_0_180+steepest_15min_rise+rise_0_30+peak_time+positive_duration+area_centroid+late_area_fraction,1,10.0,24.0,53.504919345326115,29.504919345326115,False
5,2020-08-23T10:48:00,43,peak+early_peak+area_0_60+area_60_120+area_120_180+area_0_180+steepest_15min_rise+rise_0_30+peak_time+positive_duration+area_centroid+late_area_fraction,1,10.0,66.0,57.58844800176988,8.411551998230117,False
5,2020-08-26T08:19:00,44,peak+early_peak+area_0_60+area_60_120+area_120_180+area_0_180+steepest_15min_rise+rise_0_30+peak_time+positive_duration+area_centroid+late_area_fraction,1,100.0,24.0,49.63981841228132,25.639818412281322,False
5,2020-08-23T10:48:00,44,peak+early_peak+area_0_60+area_60_120+area_120_180+area_0_180+steepest_15min_rise+rise_0_30+peak_time+positive_duration+area_centroid+late_area_fraction,1,100.0,66.0,50.2371146585871,15.762885341412897,False
5,2020-08-26T08:19:00,45,peak+early_peak+area_0_60+area_60_120+area_120_180+area_0_180+steepest_15min_rise+rise_0_30+peak_time+positive_duration+area_centroid+late_area_fraction,2,1.0,24.0,53.2785901194326,29.2785901194326,False
5,2020-08-23T10:48:00,45,peak+early_peak+area_0_60+area_60_120+area_120_180+area_0_180+steepest_15min_rise+rise_0_30+peak_time+positive_duration+area_centroid+late_area_fraction,2,1.0,66.0,72.63718523640962,6.637185236409621,False
5,2020-08-26T08:19:00,46,peak+early_peak+area_0_60+area_60_120+area_120_180+area_0_180+steepest_15min_rise+rise_0_30+peak_time+positive_duration+area_centroid+late_area_fraction,2,10.0,24.0,53.775027285088754,29.775027285088754,False
5,2020-08-23T10:48:00,46,peak+early_peak+area_0_60+area_60_120+area_120_180+area_0_180+steepest_15min_rise+rise_0_30+peak_time+positive_duration+area_centroid+late_area_fraction,2,10.0,66.0,57.66275300620136,8.337246993798637,False
5,2020-08-26T08:19:00,47,peak+early_peak+area_0_60+area_60_120+area_120_180+area_0_180+steepest_15min_rise+rise_0_30+peak_time+positive_duration+area_centroid+late_area_fraction,2,100.0,24.0,48.56541857705542,24.565418577055418,False
5,2020-08-23T10:48:00,47,peak+early_peak+area_0_60+area_60_120+area_120_180+area_0_180+steepest_15min_rise+rise_0_30+peak_time+positive_duration+area_centroid+late_area_fraction,2,100.0,66.0,49.56718373204289,16.432816267957108,False
6,2023-04-16T07:16:00,0,peak,1,1.0,24.0,43.3493752653588,19.349375265358802,False
6,2023-04-13T10:05:00,0,peak,1,1.0,66.0,44.92609556440211,21.07390443559789,False
6,2023-04-16T07:16:00,1,peak,1,10.0,24.0,43.59696897555498,19.59696897555498,False
6,2023-04-13T10:05:00,1,peak,1,10.0,66.0,44.937181229741796,21.062818770258204,False
6,2023-04-16T07:16:00,2,peak,1,100.0,24.0,44.43878759022199,20.43878759022199,False
6,2023-04-13T10:05:00,2,peak,1,100.0,66.0,44.97487249189672,21.02512750810328,False
6,2023-04-16T07:16:00,3,peak,2,1.0,24.0,40.92042955563009,16.920429555630093,False
6,2023-04-13T10:05:00,3,peak,2,1.0,66.0,42.42071968331309,23.579280316686912,False
6,2023-04-16T07:16:00,4,peak,2,10.0,24.0,41.81605673662614,17.816056736626138,False
6,2023-04-13T10:05:00,4,peak,2,10.0,66.0,43.0405101887281,22.9594898112719,False
6,2023-04-16T07:16:00,5,peak,2,100.0,24.0,44.00928521752926,20.00928521752926,False
6,2023-04-13T10:05:00,5,peak,2,100.0,66.0,44.46020425984615,21.53979574015385,False
6,2023-04-16T07:16:00,6,area_60_120,1,1.0,24.0,39.6220496806281,15.622049680628102,False
6,2023-04-13T10:05:00,6,area_60_120,1,1.0,66.0,40.1676423953982,25.832357604601803,False
6,2023-04-16T07:16:00,7,area_60_120,1,10.0,24.0,40.42874222853389,16.428742228533892,False
6,2023-04-13T10:05:00,7,area_60_120,1,10.0,66.0,40.892496036088474,25.107503963911526,False
6,2023-04-16T07:16:00,8,area_60_120,1,100.0,24.0,43.171496891413554,19.171496891413554,False
6,2023-04-13T10:05:00,8,area_60_120,1,100.0,66.0,43.35699841443539,22.643001585564612,False
6,2023-04-16T07:16:00,9,area_60_120,2,1.0,24.0,38.04627736389091,14.046277363890908,False
6,2023-04-13T10:05:00,9,area_60_120,2,1.0,66.0,39.15183715736513,26.84816284263487,False
6,2023-04-16T07:16:00,10,area_60_120,2,10.0,24.0,39.99265756862631,15.992657568626313,False
6,2023-04-13T10:05:00,10,area_60_120,2,10.0,66.0,40.67306520810994,25.32693479189006,False
6,2023-04-16T07:16:00,11,area_60_120,2,100.0,24.0,43.12861694777975,19.128616947779747,False
6,2023-04-13T10:05:00,11,area_60_120,2,100.0,66.0,43.29950880205644,22.700491197943563,False
6,2023-04-16T07:16:00,12,area_centroid,1,1.0,24.0,55.24057565471418,31.240575654714178,False
6,2023-04-13T10:05:00,12,area_centroid,1,1.0,66.0,28.584386672344646,37.41561332765535,False
6,2023-04-16T07:16:00,13,area_centroid,1,10.0,24.0,53.70448930650703,29.70448930650703,False
6,2023-04-13T10:05:00,13,area_centroid,1,10.0,66.0,31.046728671492986,34.953271328507014,False
6,2023-04-16T07:16:00,14,area_centroid,1,100.0,24.0,48.48179572260281,24.48179572260281,False
6,2023-04-13T10:05:00,14,area_centroid,1,100.0,66.0,39.418691468597196,26.581308531402804,False
6,2023-04-16T07:16:00,15,area_centroid,2,1.0,24.0,60.90585434418748,36.90585434418748,False
6,2023-04-13T10:05:00,15,area_centroid,2,1.0,66.0,12.959414771942924,53.040585228057076,False
6,2023-04-16T07:16:00,16,area_centroid,2,10.0,24.0,55.93464285074799,31.93464285074799,False
6,2023-04-13T10:05:00,16,area_centroid,2,10.0,66.0,24.329013661214255,41.670986338785745,False
6,2023-04-16T07:16:00,17,area_centroid,2,100.0,24.0,48.456281242559754,24.456281242559754,False
6,2023-04-13T10:05:00,17,area_centroid,2,100.0,66.0,39.602424798759856,26.397575201240144,False
6,2023-04-16T07:16:00,18,peak+area_60_120,1,1.0,24.0,39.229916695168896,15.229916695168896,False
6,2023-04-13T10:05:00,18,peak+area_60_120,1,1.0,66.0,40.67057387462267,25.32942612537733,False
6,2023-04-16T07:16:00,19,peak+area_60_120,1,10.0,24.0,39.97984009318925,15.979840093189253,False
6,2023-04-13T10:05:00,19,peak+area_60_120,1,10.0,66.0,41.28308852394948,24.71691147605052,False
6,2023-04-16T07:16:00,20,peak+area_60_120,1,100.0,24.0,42.789845129832166,18.789845129832166,False
6,2023-04-13T10:05:00,20,peak+area_60_120,1,100.0,66.0,43.42492034761244,22.575079652387558,False
6,2023-04-16T07:16:00,21,peak+area_60_120,2,1.0,24.0,38.1809070531546,14.180907053154598,False
6,2023-04-13T10:05:00,21,peak+area_60_120,2,1.0,66.0,40.27830688112801,25.72169311887199,False
6,2023-04-16T07:16:00,22,peak+area_60_120,2,10.0,24.0,39.92118301988404,15.92118301988404,False
6,2023-04-13T10:05:00,22,peak+area_60_120,2,10.0,66.0,41.80270778490767,24.197292215092332,False
6,2023-04-16T07:16:00,23,peak+area_60_120,2,100.0,24.0,42.673049300893766,18.673049300893766,False
6,2023-04-13T10:05:00,23,peak+area_60_120,2,100.0,66.0,43.36215019343018,22.637849806569818,False
6,2023-04-16T07:16:00,24,peak+area_centroid,1,1.0,24.0,53.14488102558526,29.144881025585264,False
6,2023-04-13T10:05:00,24,peak+area_centroid,1,1.0,66.0,29.601490430652905,36.3985095693471,False
6,2023-04-16T07:16:00,25,peak+area_centroid,1,10.0,24.0,51.97025408410137,27.97025408410137,False
6,2023-04-13T10:05:00,25,peak+area_centroid,1,10.0,66.0,31.790127395022125,34.209872604977875,False
6,2023-04-16T07:16:00,26,peak+area_centroid,1,100.0,24.0,47.86219568785697,23.862195687856968,False
6,2023-04-13T10:05:00,26,peak+area_centroid,1,100.0,66.0,39.532726814140865,26.467273185859135,False
6,2023-04-16T07:16:00,27,peak+area_centroid,2,1.0,24.0,55.14893383138899,31.148933831388987,False
6,2023-04-13T10:05:00,27,peak+area_centroid,2,1.0,66.0,17.36021590164612,48.63978409835388,False
6,2023-04-16T07:16:00,28,peak+area_centroid,2,10.0,24.0,52.006463482590675,28.006463482590675,False
6,2023-04-13T10:05:00,28,peak+area_centroid,2,10.0,66.0,26.779798386901952,39.22020161309805,False
6,2023-04-16T07:16:00,29,peak+area_centroid,2,100.0,24.0,48.06117786444497,24.06117786444497,False
6,2023-04-13T10:05:00,29,peak+area_centroid,2,100.0,66.0,39.18029356515001,26.81970643484999,False
6,2023-04-16T07:16:00,30,area_60_120+area_centroid,1,1.0,24.0,48.882592295232,24.882592295232,False
6,2023-04-13T10:05:00,30,area_60_120+area_centroid,1,1.0,66.0,27.04689755740681,38.95310244259319,False
6,2023-04-16T07:16:00,31,area_60_120+area_centroid,1,10.0,24.0,48.41549893068859,24.415498930688592,False
6,2023-04-13T10:05:00,31,area_60_120+area_centroid,1,10.0,66.0,29.367758836789726,36.632241163210274,False
6,2023-04-16T07:16:00,32,area_60_120+area_centroid,1,100.0,24.0,46.5322245078381,22.5322245078381,False
6,2023-04-13T10:05:00,32,area_60_120+area_centroid,1,100.0,66.0,38.193455517590024,27.806544482409976,False
6,2023-04-16T07:16:00,33,area_60_120+area_centroid,2,1.0,24.0,44.57698257083999,20.576982570839988,False
6,2023-04-13T10:05:00,33,area_60_120+area_centroid,2,1.0,66.0,29.314425087055984,36.68557491294402,False
6,2023-04-16T07:16:00,34,area_60_120+area_centroid,2,10.0,24.0,48.27450629418124,24.274506294181244,False
6,2023-04-13T10:05:00,34,area_60_120+area_centroid,2,10.0,66.0,28.182053423148027,37.81794657685197,False
6,2023-04-16T07:16:00,35,area_60_120+area_centroid,2,100.0,24.0,46.571385850033955,22.571385850033955,False
6,2023-04-13T10:05:00,35,area_60_120+area_centroid,2,100.0,66.0,38.378161929742866,27.621838070257134,False
6,2023-04-16T07:16:00,36,peak+area_60_120+area_centroid,1,1.0,24.0,48.283572351984866,24.283572351984866,False
6,2023-04-13T10:05:00,36,peak+area_60_120+area_centroid,1,1.0,66.0,27.849172960810208,38.15082703918979,False
6,2023-04-16T07:16:00,37,peak+area_60_120+area_centroid,1,10.0,24.0,47.788763679041935,23.788763679041935,False
6,2023-04-13T10:05:00,37,peak+area_60_120+area_centroid,1,10.0,66.0,30.041579788339362,35.95842021166064,False
6,2023-04-16T07:16:00,38,peak+area_60_120+area_centroid,1,100.0,24.0,46.10381013973171,22.103810139731713,False
6,2023-04-13T10:05:00,38,peak+area_60_120+area_centroid,1,100.0,66.0,38.3572350898131,27.642764910186898,False
6,2023-04-16T07:16:00,39,peak+area_60_120+area_centroid,2,1.0,24.0,43.17765096079024,19.17765096079024,False
6,2023-04-13T10:05:00,39,peak+area_60_120+area_centroid,2,1.0,66.0,32.75639502811765,33.24360497188235,False
6,2023-04-16T07:16:00,40,peak+area_60_120+area_centroid,2,10.0,24.0,46.901479224271284,22.901479224271284,False
6,2023-04-13T10:05:00,40,peak+area_60_120+area_centroid,2,10.0,66.0,30.9584037893736,35.041596210626395,False
6,2023-04-16T07:16:00,41,peak+area_60_120+area_centroid,2,100.0,24.0,46.43200022680967,22.43200022680967,False
6,2023-04-13T10:05:00,41,peak+area_60_120+area_centroid,2,100.0,66.0,38.64683847498941,27.35316152501059,False
6,2023-04-16T07:16:00,42,peak+early_peak+area_0_60+area_60_120+area_120_180+area_0_180+steepest_15min_rise+rise_0_30+peak_time+positive_duration+area_centroid+late_area_fraction,1,1.0,24.0,8.072025318742675,15.927974681257325,False
6,2023-04-13T10:05:00,42,peak+early_peak+area_0_60+area_60_120+area_120_180+area_0_180+steepest_15min_rise+rise_0_30+peak_time+positive_duration+area_centroid+late_area_fraction,1,1.0,66.0,65.99974498296822,0.0002550170317761058,True
6,2023-04-16T07:16:00,43,peak+early_peak+area_0_60+area_60_120+area_120_180+area_0_180+steepest_15min_rise+rise_0_30+peak_time+positive_duration+area_centroid+late_area_fraction,1,10.0,24.0,25.80628336439651,1.80628336439651,True
6,2023-04-13T10:05:00,43,peak+early_peak+area_0_60+area_60_120+area_120_180+area_0_180+steepest_15min_rise+rise_0_30+peak_time+positive_duration+area_centroid+late_area_fraction,1,10.0,66.0,46.981298792675844,19.018701207324156,False
6,2023-04-16T07:16:00,44,peak+early_peak+area_0_60+area_60_120+area_120_180+area_0_180+steepest_15min_rise+rise_0_30+peak_time+positive_duration+area_centroid+late_area_fraction,1,100.0,24.0,40.209033368968754,16.209033368968754,False
6,2023-04-13T10:05:00,44,peak+early_peak+area_0_60+area_60_120+area_120_180+area_0_180+steepest_15min_rise+rise_0_30+peak_time+positive_duration+area_centroid+late_area_fraction,1,100.0,66.0,43.700460903024634,22.299539096975366,False
6,2023-04-16T07:16:00,45,peak+early_peak+area_0_60+area_60_120+area_120_180+area_0_180+steepest_15min_rise+rise_0_30+peak_time+positive_duration+area_centroid+late_area_fraction,2,1.0,24.0,25.51535962225166,1.5153596222516583,True
6,2023-04-13T10:05:00,45,peak+early_peak+area_0_60+area_60_120+area_120_180+area_0_180+steepest_15min_rise+rise_0_30+peak_time+positive_duration+area_centroid+late_area_fraction,2,1.0,66.0,97.30303027347128,31.30303027347128,False
6,2023-04-16T07:16:00,46,peak+early_peak+area_0_60+area_60_120+area_120_180+area_0_180+steepest_15min_rise+rise_0_30+peak_time+positive_duration+area_centroid+late_area_fraction,2,10.0,24.0,33.403352156420524,9.403352156420524,False
6,2023-04-13T10:05:00,46,peak+early_peak+area_0_60+area_60_120+area_120_180+area_0_180+steepest_15min_rise+rise_0_30+peak_time+positive_duration+area_centroid+late_area_fraction,2,10.0,66.0,49.22203581054834,16.77796418945166,False
6,2023-04-16T07:16:00,47,peak+early_peak+area_0_60+area_60_120+area_120_180+area_0_180+steepest_15min_rise+rise_0_30+peak_time+positive_duration+area_centroid+late_area_fraction,2,100.0,24.0,43.14695850979901,19.146958509799013,False
6,2023-04-13T10:05:00,47,peak+early_peak+area_0_60+area_60_120+area_120_180+area_0_180+steepest_15min_rise+rise_0_30+peak_time+positive_duration+area_centroid+late_area_fraction,2,100.0,66.0,43.12230828413452,22.87769171586548,False
8,2023-02-08T08:01:00,0,peak,1,1.0,24.0,44.28694240062456,20.28694240062456,False
8,2023-02-05T09:57:00,0,peak,1,1.0,66.0,47.43367456059189,18.56632543940811,False
8,2023-02-08T08:01:00,1,peak,1,10.0,24.0,44.393901040530885,20.393901040530885,False
8,2023-02-05T09:57:00,1,peak,1,10.0,66.0,47.06862337650309,18.93137662349691,False
8,2023-02-08T08:01:00,2,peak,1,100.0,24.0,44.75756041621235,20.75756041621235,False
8,2023-02-05T09:57:00,2,peak,1,100.0,66.0,45.827449350601235,20.172550649398765,False
8,2023-02-08T08:01:00,3,peak,2,1.0,24.0,41.81199625781519,17.81199625781519,False
8,2023-02-05T09:57:00,3,peak,2,1.0,66.0,46.15478300074035,19.845216999259648,False
8,2023-02-08T08:01:00,4,peak,2,10.0,24.0,42.57761593802503,18.577615938025033,False
8,2023-02-05T09:57:00,4,peak,2,10.0,66.0,45.9715428554444,20.028457144555603,False
8,2023-02-08T08:01:00,5,peak,2,100.0,24.0,44.29999647473847,20.29999647473847,False
8,2023-02-05T09:57:00,5,peak,2,100.0,66.0,45.40091573455034,20.59908426544966,False
8,2023-02-08T08:01:00,6,area_60_120,1,1.0,24.0,39.23420927631546,15.234209276315461,False
8,2023-02-05T09:57:00,6,area_60_120,1,1.0,66.0,47.61749693396786,18.382503066032143,False
8,2023-02-08T08:01:00,7,area_60_120,1,10.0,24.0,40.099077884868144,16.099077884868144,False
8,2023-02-05T09:57:00,7,area_60_120,1,10.0,66.0,47.22487239387267,18.775127606127327,False
8,2023-02-08T08:01:00,8,area_60_120,1,100.0,24.0,43.039631153947255,19.039631153947255,False
8,2023-02-05T09:57:00,8,area_60_120,1,100.0,66.0,45.88994895754907,20.110051042450927,False
8,2023-02-08T08:01:00,9,area_60_120,2,1.0,24.0,37.05567467760987,13.055674677609872,False
8,2023-02-05T09:57:00,9,area_60_120,2,1.0,66.0,51.901918081647196,14.098081918352804,False
8,2023-02-08T08:01:00,10,area_60_120,2,10.0,24.0,39.434110838536434,15.434110838536434,False
8,2023-02-05T09:57:00,10,area_60_120,2,10.0,66.0,48.908145159936275,17.091854840063725,False
8,2023-02-08T08:01:00,11,area_60_120,2,100.0,24.0,43.01567986294764,19.015679862947643,False
8,2023-02-05T09:57:00,11,area_60_120,2,100.0,66.0,45.716045156492974,20.283954843507026,False
8,2023-02-08T08:01:00,12,area_centroid,1,1.0,24.0,43.439015716493714,19.439015716493714,False
8,2023-02-05T09:57:00,12,area_centroid,1,1.0,66.0,48.964411128345915,17.035588871654085,False
8,2023-02-08T08:01:00,13,area_centroid,1,10.0,24.0,43.673163359019654,19.673163359019654,False
8,2023-02-05T09:57:00,13,area_centroid,1,10.0,66.0,48.36974945909403,17.63025054090597,False
8,2023-02-08T08:01:00,14,area_centroid,1,100.0,24.0,44.469265343607866,20.469265343607866,False
8,2023-02-05T09:57:00,14,area_centroid,1,100.0,66.0,46.34789978363761,19.652100216362392,False
8,2023-02-08T08:01:00,15,area_centroid,2,1.0,24.0,43.64845507716122,19.648455077161223,False
8,2023-02-05T09:57:00,15,area_centroid,2,1.0,66.0,50.61504805101337,15.384951948986632,False
8,2023-02-08T08:01:00,16,area_centroid,2,10.0,24.0,43.78981862558138,19.789818625581383,False
8,2023-02-05T09:57:00,16,area_centroid,2,10.0,66.0,48.97435355861868,17.02564644138132,False
8,2023-02-08T08:01:00,17,area_centroid,2,100.0,24.0,44.389604351928334,20.389604351928334,False
8,2023-02-05T09:57:00,17,area_centroid,2,100.0,66.0,46.22305761807872,19.77694238192128,False
8,2023-02-08T08:01:00,18,peak+area_60_120,1,1.0,24.0,39.20295961419602,15.202959614196018,False
8,2023-02-05T09:57:00,18,peak+area_60_120,1,1.0,66.0,49.08381473446564,16.91618526553436,False
8,2023-02-08T08:01:00,19,peak+area_60_120,1,10.0,24.0,40.00841374141358,16.008413741413577,False
8,2023-02-05T09:57:00,19,peak+area_60_120,1,10.0,66.0,48.58030992762876,17.41969007237124,False
8,2023-02-08T08:01:00,20,peak+area_60_120,1,100.0,24.0,42.892740986622314,18.892740986622314,False
8,2023-02-05T09:57:00,20,peak+area_60_120,1,100.0,66.0,46.594282336278596,19.405717663721404,False
8,2023-02-08T08:01:00,21,peak+area_60_120,2,1.0,24.0,38.08555453217726,14.085554532177262,False
8,2023-02-05T09:57:00,21,peak+area_60_120,2,1.0,66.0,52.91446262185296,13.085537378147038,False
8,2023-02-08T08:01:00,22,peak+area_60_120,2,10.0,24.0,39.992578582939935,15.992578582939935,False
8,2023-02-05T09:57:00,22,peak+area_60_120,2,10.0,66.0,50.27612476979031,15.723875230209693,False
8,2023-02-08T08:01:00,23,peak+area_60_120,2,100.0,24.0,42.79539012170663,18.79539012170663,False
8,2023-02-05T09:57:00,23,peak+area_60_120,2,100.0,66.0,46.36779505558844,19.632204944411562,False
8,2023-02-08T08:01:00,24,peak+area_centroid,1,1.0,24.0,42.85894145872244,18.85894145872244,False
8,2023-02-05T09:57:00,24,peak+area_centroid,1,1.0,66.0,51.012394621527655,14.987605378472345,False
8,2023-02-08T08:01:00,25,peak+area_centroid,1,10.0,24.0,43.164113365724496,19.164113365724496,False
8,2023-02-05T09:57:00,25,peak+area_centroid,1,10.0,66.0,50.15699632408912,15.843003675910879,False
8,2023-02-08T08:01:00,26,peak+area_centroid,1,100.0,24.0,44.242901381766686,20.242901381766686,False
8,2023-02-05T09:57:00,26,peak+area_centroid,1,100.0,66.0,47.1287912293483,18.871208770651698,False
8,2023-02-08T08:01:00,27,peak+area_centroid,2,1.0,24.0,41.33028333199565,17.330283331995652,False
8,2023-02-05T09:57:00,27,peak+area_centroid,2,1.0,66.0,49.12921892474704,16.870781075252957,False
8,2023-02-08T08:01:00,28,peak+area_centroid,2,10.0,24.0,41.990941898131744,17.990941898131744,False
8,2023-02-05T09:57:00,28,peak+area_centroid,2,10.0,66.0,48.502602439949925,17.497397560050075,False
8,2023-02-08T08:01:00,29,peak+area_centroid,2,100.0,24.0,43.78868687820796,19.78868687820796,False
8,2023-02-05T09:57:00,29,peak+area_centroid,2,100.0,66.0,46.448264632527696,19.551735367472304,False
8,2023-02-08T08:01:00,30,area_60_120+area_centroid,1,1.0,24.0,38.5161756972489,14.516175697248897,False
8,2023-02-05T09:57:00,30,area_60_120+area_centroid,1,1.0,66.0,50.53714847103642,15.462851528963583,False
8,2023-02-08T08:01:00,31,area_60_120+area_centroid,1,10.0,24.0,39.397574950151814,15.397574950151814,False
8,2023-02-05T09:57:00,31,area_60_120+area_centroid,1,10.0,66.0,49.82664195363317,16.17335804636683,False
8,2023-02-08T08:01:00,32,area_60_120+area_centroid,1,100.0,24.0,42.618481397537444,18.618481397537444,False
8,2023-02-05T09:57:00,32,area_60_120+area_centroid,1,100.0,66.0,47.10692359732993,18.89307640267007,False
8,2023-02-08T08:01:00,33,area_60_120+area_centroid,2,1.0,24.0,33.14878224005243,9.148782240052427,False
8,2023-02-05T09:57:00,33,area_60_120+area_centroid,2,1.0,66.0,58.66590225744281,7.334097742557191,False
8,2023-02-08T08:01:00,34,area_60_120+area_centroid,2,10.0,24.0,38.15983488722899,14.159834887228989,False
8,2023-02-05T09:57:00,34,area_60_120+area_centroid,2,10.0,66.0,51.70820100814832,14.291798991851678,False
8,2023-02-08T08:01:00,35,area_60_120+area_centroid,2,100.0,24.0,42.46328108999828,18.463281089998283,False
8,2023-02-05T09:57:00,35,area_60_120+area_centroid,2,100.0,66.0,46.75155338927974,19.248446610720258,False
8,2023-02-08T08:01:00,36,peak+area_60_120+area_centroid,1,1.0,24.0,38.50358751231801,14.503587512318013,False
8,2023-02-05T09:57:00,36,peak+area_60_120+area_centroid,1,1.0,66.0,51.86095463939965,14.139045360600349,False
8,2023-02-08T08:01:00,37,peak+area_60_120+area_centroid,1,10.0,24.0,39.32765863476913,15.32765863476913,False
8,2023-02-05T09:57:00,37,peak+area_60_120+area_centroid,1,10.0,66.0,51.0579680399551,14.9420319600449,False
8,2023-02-08T08:01:00,38,peak+area_60_120+area_centroid,1,100.0,24.0,42.48119264311073,18.48119264311073,False
8,2023-02-05T09:57:00,38,peak+area_60_120+area_centroid,1,100.0,66.0,47.776845168139396,18.223154831860604,False
8,2023-02-08T08:01:00,39,peak+area_60_120+area_centroid,2,1.0,24.0,34.46170654649837,10.46170654649837,False
8,2023-02-05T09:57:00,39,peak+area_60_120+area_centroid,2,1.0,66.0,59.752270379149515,6.247729620850485,True
8,2023-02-08T08:01:00,40,peak+area_60_120+area_centroid,2,10.0,24.0,38.72831549807508,14.728315498075077,False
8,2023-02-05T09:57:00,40,peak+area_60_120+area_centroid,2,10.0,66.0,52.92967876024351,13.070321239756488,False
8,2023-02-08T08:01:00,41,peak+area_60_120+area_centroid,2,100.0,24.0,42.334172554621475,18.334172554621475,False
8,2023-02-05T09:57:00,41,peak+area_60_120+area_centroid,2,100.0,66.0,47.24788702777191,18.75211297222809,False
8,2023-02-08T08:01:00,42,peak+early_peak+area_0_60+area_60_120+area_120_180+area_0_180+steepest_15min_rise+rise_0_30+peak_time+positive_duration+area_centroid+late_area_fraction,1,1.0,24.0,36.607487908728125,12.607487908728125,False
8,2023-02-05T09:57:00,42,peak+early_peak+area_0_60+area_60_120+area_120_180+area_0_180+steepest_15min_rise+rise_0_30+peak_time+positive_duration+area_centroid+late_area_fraction,1,1.0,66.0,51.465653145084524,14.534346854915476,False
8,2023-02-08T08:01:00,43,peak+early_peak+area_0_60+area_60_120+area_120_180+area_0_180+steepest_15min_rise+rise_0_30+peak_time+positive_duration+area_centroid+late_area_fraction,1,10.0,24.0,37.31203462583312,13.312034625833121,False
8,2023-02-05T09:57:00,43,peak+early_peak+area_0_60+area_60_120+area_120_180+area_0_180+steepest_15min_rise+rise_0_30+peak_time+positive_duration+area_centroid+late_area_fraction,1,10.0,66.0,52.7188416025351,13.2811583974649,False
8,2023-02-08T08:01:00,44,peak+early_peak+area_0_60+area_60_120+area_120_180+area_0_180+steepest_15min_rise+rise_0_30+peak_time+positive_duration+area_centroid+late_area_fraction,1,100.0,24.0,41.28017119062996,17.280171190629957,False
8,2023-02-05T09:57:00,44,peak+early_peak+area_0_60+area_60_120+area_120_180+area_0_180+steepest_15min_rise+rise_0_30+peak_time+positive_duration+area_centroid+late_area_fraction,1,100.0,66.0,49.79178583427837,16.20821416572163,False
8,2023-02-08T08:01:00,45,peak+early_peak+area_0_60+area_60_120+area_120_180+area_0_180+steepest_15min_rise+rise_0_30+peak_time+positive_duration+area_centroid+late_area_fraction,2,1.0,24.0,43.77905230434715,19.779052304347147,False
8,2023-02-05T09:57:00,45,peak+early_peak+area_0_60+area_60_120+area_120_180+area_0_180+steepest_15min_rise+rise_0_30+peak_time+positive_duration+area_centroid+late_area_fraction,2,1.0,66.0,53.43166362689996,12.568336373100038,False
8,2023-02-08T08:01:00,46,peak+early_peak+area_0_60+area_60_120+area_120_180+area_0_180+steepest_15min_rise+rise_0_30+peak_time+positive_duration+area_centroid+late_area_fraction,2,10.0,24.0,39.75772797080688,15.757727970806883,False
8,2023-02-05T09:57:00,46,peak+early_peak+area_0_60+area_60_120+area_120_180+area_0_180+steepest_15min_rise+rise_0_30+peak_time+positive_duration+area_centroid+late_area_fraction,2,10.0,66.0,49.82704501243836,16.17295498756164,False
8,2023-02-08T08:01:00,47,peak+early_peak+area_0_60+area_60_120+area_120_180+area_0_180+steepest_15min_rise+rise_0_30+peak_time+positive_duration+area_centroid+late_area_fraction,2,100.0,24.0,42.65691524714343,18.65691524714343,False
8,2023-02-05T09:57:00,47,peak+early_peak+area_0_60+area_60_120+area_120_180+area_0_180+steepest_15min_rise+rise_0_30+peak_time+positive_duration+area_centroid+late_area_fraction,2,100.0,66.0,47.23245528731216,18.767544712687837,False
9,2020-09-24T07:51:00,0,peak,1,1.0,24.0,43.33928202589298,19.339282025892977,False
9,2020-09-21T08:39:00,0,peak,1,1.0,66.0,47.26198920921806,18.738010790781942,False
9,2020-09-24T07:51:00,1,peak,1,10.0,24.0,43.588389722009026,19.588389722009026,False
9,2020-09-21T08:39:00,1,peak,1,10.0,66.0,46.92269082783536,19.07730917216464,False
9,2020-09-24T07:51:00,2,peak,1,100.0,24.0,44.435355888803606,20.435355888803606,False
9,2020-09-21T08:39:00,2,peak,1,100.0,66.0,45.769076331134144,20.230923668865856,False
9,2020-09-24T07:51:00,3,peak,2,1.0,24.0,40.840199160028966,16.840199160028966,False
9,2020-09-21T08:39:00,3,peak,2,1.0,66.0,45.90123198893747,20.098768011062532,False
9,2020-09-24T07:51:00,4,peak,2,10.0,24.0,41.808440389104554,17.808440389104554,False
9,2020-09-21T08:39:00,4,peak,2,10.0,66.0,45.77107826157232,20.22892173842768,False
9,2020-09-24T07:51:00,5,peak,2,100.0,24.0,44.0376841874596,20.037684187459597,False
9,2020-09-21T08:39:00,5,peak,2,100.0,66.0,45.33310532338456,20.666894676615442,False
9,2020-09-24T07:51:00,6,area_60_120,1,1.0,24.0,39.43443287586388,15.434432875863877,False
9,2020-09-21T08:39:00,6,area_60_120,1,1.0,66.0,45.912250666570074,20.087749333429926,False
9,2020-09-24T07:51:00,7,area_60_120,1,10.0,24.0,40.2692679444843,16.269267944484298,False
9,2020-09-21T08:39:00,7,area_60_120,1,10.0,66.0,45.77541306658456,20.224586933415438,False
9,2020-09-24T07:51:00,8,area_60_120,1,100.0,24.0,43.10770717779372,19.10770717779372,False
9,2020-09-21T08:39:00,8,area_60_120,1,100.0,66.0,45.31016522663383,20.689834773366172,False
9,2020-09-24T07:51:00,9,area_60_120,2,1.0,24.0,37.54094877205849,13.540948772058492,False
9,2020-09-21T08:39:00,9,area_60_120,2,1.0,66.0,49.312660772575946,16.687339227424054,False
9,2020-09-24T07:51:00,10,area_60_120,2,10.0,24.0,39.710553040818446,15.710553040818446,False
9,2020-09-21T08:39:00,10,area_60_120,2,10.0,66.0,47.16911190318806,18.83088809681194,False
9,2020-09-24T07:51:00,11,area_60_120,2,100.0,24.0,43.074179392363455,19.074179392363455,False
9,2020-09-21T08:39:00,11,area_60_120,2,100.0,66.0,45.14412420386433,20.85587579613567,False
9,2020-09-24T07:51:00,12,area_centroid,1,1.0,24.0,42.494583899261755,18.494583899261755,False
9,2020-09-21T08:39:00,12,area_centroid,1,1.0,66.0,44.705389686042125,21.294610313957875,False
9,2020-09-24T07:51:00,13,area_centroid,1,10.0,24.0,42.87039631437249,18.870396314372492,False
9,2020-09-21T08:39:00,13,area_centroid,1,10.0,66.0,44.74958123313581,21.250418766864193,False
9,2020-09-24T07:51:00,14,area_centroid,1,100.0,24.0,44.148158525749,20.148158525748997,False
9,2020-09-21T08:39:00,14,area_centroid,1,100.0,66.0,44.89983249325432,21.100167506745677,False
9,2020-09-24T07:51:00,15,area_centroid,2,1.0,24.0,42.387435444973846,18.387435444973846,False
9,2020-09-21T08:39:00,15,area_centroid,2,1.0,66.0,45.34817598818281,20.65182401181719,False
9,2020-09-24T07:51:00,16,area_centroid,2,10.0,24.0,42.87268750278616,18.872687502786157,False
9,2020-09-21T08:39:00,16,area_centroid,2,10.0,66.0,45.01972322085424,20.98027677914576,False
9,2020-09-24T07:51:00,17,area_centroid,2,100.0,24.0,44.08755542304781,20.08755542304781,False
9,2020-09-21T08:39:00,17,area_centroid,2,100.0,66.0,44.79054638639137,21.20945361360863,False
9,2020-09-24T07:51:00,18,peak+area_60_120,1,1.0,24.0,38.73175580541094,14.731755805410941,False
9,2020-09-21T08:39:00,18,peak+area_60_120,1,1.0,66.0,47.38298657390832,18.61701342609168,False
9,2020-09-24T07:51:00,19,peak+area_60_120,1,10.0,24.0,39.57359135411474,15.57359135411474,False
9,2020-09-21T08:39:00,19,peak+area_60_120,1,10.0,66.0,47.11897532739052,18.881024672609477,False
9,2020-09-24T07:51:00,20,peak+area_60_120,1,100.0,24.0,42.67159617283332,18.67159617283332,False
9,2020-09-21T08:39:00,20,peak+area_60_120,1,100.0,66.0,45.981446430380274,20.018553569619726,False
9,2020-09-24T07:51:00,21,peak+area_60_120,2,1.0,24.0,37.481895426793116,13.481895426793116,False
9,2020-09-21T08:39:00,21,peak+area_60_120,2,1.0,66.0,50.80650297531281,15.19349702468719,False
9,2020-09-24T07:51:00,22,peak+area_60_120,2,10.0,24.0,39.24246298743017,15.242462987430173,False
9,2020-09-21T08:39:00,22,peak+area_60_120,2,10.0,66.0,48.80850632887273,17.19149367112727,False
9,2020-09-24T07:51:00,23,peak+area_60_120,2,100.0,24.0,42.518716757707544,18.518716757707544,False
9,2020-09-21T08:39:00,23,peak+area_60_120,2,100.0,66.0,45.7949963323362,20.205003667663803,False
9,2020-09-24T07:51:00,24,peak+area_centroid,1,1.0,24.0,41.101158999521196,17.101158999521196,False
9,2020-09-21T08:39:00,24,peak+area_centroid,1,1.0,66.0,46.7922425515058,19.2077574484942,False
9,2020-09-24T07:51:00,25,peak+area_centroid,1,10.0,24.0,41.65387346874946,17.65387346874946,False
9,2020-09-21T08:39:00,25,peak+area_centroid,1,10.0,66.0,46.544855119429414,19.455144880570586,False
9,2020-09-24T07:51:00,26,peak+area_centroid,1,100.0,24.0,43.615846240249915,19.615846240249915,False
9,2020-09-21T08:39:00,26,peak+area_centroid,1,100.0,66.0,45.648011135724715,20.351988864275285,False
9,2020-09-24T07:51:00,27,peak+area_centroid,2,1.0,24.0,39.27121980672901,15.271219806729007,False
9,2020-09-21T08:39:00,27,peak+area_centroid,2,1.0,66.0,46.418824988296585,19.581175011703415,False
9,2020-09-24T07:51:00,28,peak+area_centroid,2,10.0,24.0,40.27153052807816,16.27153052807816,False
9,2020-09-21T08:39:00,28,peak+area_centroid,2,10.0,66.0,46.1429361180852,19.857063881914797,False
9,2020-09-24T07:51:00,29,peak+area_centroid,2,100.0,24.0,43.09265737580137,19.092657375801373,False
9,2020-09-21T08:39:00,29,peak+area_centroid,2,100.0,66.0,45.314181457576886,20.685818542423114,False
9,2020-09-24T07:51:00,30,area_60_120+area_centroid,1,1.0,24.0,37.94525996536298,13.945259965362979,False
9,2020-09-21T08:39:00,30,area_60_120+area_centroid,1,1.0,66.0,45.59274635056772,20.407253649432278,False
9,2020-09-24T07:51:00,31,area_60_120+area_centroid,1,10.0,24.0,38.89134442432557,14.891344424325567,False
9,2020-09-21T08:39:00,31,area_60_120+area_centroid,1,10.0,66.0,45.50539779939076,20.494602200609243,False
9,2020-09-24T07:51:00,32,area_60_120+area_centroid,1,100.0,24.0,42.386445686559874,18.386445686559874,False
9,2020-09-21T08:39:00,32,area_60_120+area_centroid,1,100.0,66.0,45.205978942135815,20.794021057864185,False
9,2020-09-24T07:51:00,33,area_60_120+area_centroid,2,1.0,24.0,33.803955791867416,9.803955791867416,False
9,2020-09-21T08:39:00,33,area_60_120+area_centroid,2,1.0,66.0,49.24750370764892,16.752496292351083,False
9,2020-09-24T07:51:00,34,area_60_120+area_centroid,2,10.0,24.0,37.96463951942475,13.96463951942475,False
9,2020-09-21T08:39:00,34,area_60_120+area_centroid,2,10.0,66.0,46.61358112227268,19.386418877727323,False
9,2020-09-24T07:51:00,35,area_60_120+area_centroid,2,100.0,24.0,42.24630733792457,18.24630733792457,False
9,2020-09-21T08:39:00,35,area_60_120+area_centroid,2,100.0,66.0,44.92792919811438,21.072070801885623,False
9,2020-09-24T07:51:00,36,peak+area_60_120+area_centroid,1,1.0,24.0,37.32092207960433,13.32092207960433,False
9,2020-09-21T08:39:00,36,peak+area_60_120+area_centroid,1,1.0,66.0,46.986236431931786,19.013763568068214,False
9,2020-09-24T07:51:00,37,peak+area_60_120+area_centroid,1,10.0,24.0,38.26675224644924,14.266752246449236,False
9,2020-09-21T08:39:00,37,peak+area_60_120+area_centroid,1,10.0,66.0,46.78428825808566,19.21571174191434,False
9,2020-09-24T07:51:00,38,peak+area_60_120+area_centroid,1,100.0,24.0,41.972641281191564,17.972641281191564,False
9,2020-09-21T08:39:00,38,peak+area_60_120+area_centroid,1,100.0,66.0,45.8610903428048,20.1389096571952,False
9,2020-09-24T07:51:00,39,peak+area_60_120+area_centroid,2,1.0,24.0,34.000115253142724,10.000115253142724,False
9,2020-09-21T08:39:00,39,peak+area_60_120+area_centroid,2,1.0,66.0,51.131418769048125,14.868581230951875,False
9,2020-09-24T07:51:00,40,peak+area_60_120+area_centroid,2,10.0,24.0,37.566884519244866,13.566884519244866,False
9,2020-09-21T08:39:00,40,peak+area_60_120+area_centroid,2,10.0,66.0,48.19759411416061,17.80240588583939,False
9,2020-09-24T07:51:00,41,peak+area_60_120+area_centroid,2,100.0,24.0,41.71231720120651,17.71231720120651,False
9,2020-09-21T08:39:00,41,peak+area_60_120+area_centroid,2,100.0,66.0,45.63423308475979,20.365766915240208,False
9,2020-09-24T07:51:00,42,peak+early_peak+area_0_60+area_60_120+area_120_180+area_0_180+steepest_15min_rise+rise_0_30+peak_time+positive_duration+area_centroid+late_area_fraction,1,1.0,24.0,46.907570240124656,22.907570240124656,False
9,2020-09-21T08:39:00,42,peak+early_peak+area_0_60+area_60_120+area_120_180+area_0_180+steepest_15min_rise+rise_0_30+peak_time+positive_duration+area_centroid+late_area_fraction,1,1.0,66.0,32.601510282139714,33.398489717860286,False
9,2020-09-24T07:51:00,43,peak+early_peak+area_0_60+area_60_120+area_120_180+area_0_180+steepest_15min_rise+rise_0_30+peak_time+positive_duration+area_centroid+late_area_fraction,1,10.0,24.0,46.75777297953186,22.757772979531858,False
9,2020-09-21T08:39:00,43,peak+early_peak+area_0_60+area_60_120+area_120_180+area_0_180+steepest_15min_rise+rise_0_30+peak_time+positive_duration+area_centroid+late_area_fraction,1,10.0,66.0,34.442224186203084,31.557775813796916,False
9,2020-09-24T07:51:00,44,peak+early_peak+area_0_60+area_60_120+area_120_180+area_0_180+steepest_15min_rise+rise_0_30+peak_time+positive_duration+area_centroid+late_area_fraction,1,100.0,24.0,43.448012721409,19.448012721409,False
9,2020-09-21T08:39:00,44,peak+early_peak+area_0_60+area_60_120+area_120_180+area_0_180+steepest_15min_rise+rise_0_30+peak_time+positive_duration+area_centroid+late_area_fraction,1,100.0,66.0,41.70033342406461,24.29966657593539,False
9,2020-09-24T07:51:00,45,peak+early_peak+area_0_60+area_60_120+area_120_180+area_0_180+steepest_15min_rise+rise_0_30+peak_time+positive_duration+area_centroid+late_area_fraction,2,1.0,24.0,31.79177546999866,7.791775469998662,False
9,2020-09-21T08:39:00,45,peak+early_peak+area_0_60+area_60_120+area_120_180+area_0_180+steepest_15min_rise+rise_0_30+peak_time+positive_duration+area_centroid+late_area_fraction,2,1.0,66.0,84.22741974842275,18.227419748422747,False
9,2020-09-24T07:51:00,46,peak+early_peak+area_0_60+area_60_120+area_120_180+area_0_180+steepest_15min_rise+rise_0_30+peak_time+positive_duration+area_centroid+late_area_fraction,2,10.0,24.0,38.19015084686337,14.190150846863368,False
9,2020-09-21T08:39:00,46,peak+early_peak+area_0_60+area_60_120+area_120_180+area_0_180+steepest_15min_rise+rise_0_30+peak_time+positive_duration+area_centroid+late_area_fraction,2,10.0,66.0,48.040414960445744,17.959585039554256,False
9,2020-09-24T07:51:00,47,peak+early_peak+area_0_60+area_60_120+area_120_180+area_0_180+steepest_15min_rise+rise_0_30+peak_time+positive_duration+area_centroid+late_area_fraction,2,100.0,24.0,42.377528927040736,18.377528927040736,False
9,2020-09-21T08:39:00,47,peak+early_peak+area_0_60+area_60_120+area_120_180+area_0_180+steepest_15min_rise+rise_0_30+peak_time+positive_duration+area_centroid+late_area_fraction,2,100.0,66.0,44.48495457782554,21.51504542217446,False
10,2020-06-30T07:27:00,0,peak,1,1.0,24.0,46.615182540514986,22.615182540514986,False
10,2020-06-27T05:25:00,0,peak,1,1.0,66.0,46.82973185683434,19.170268143165657,False
10,2020-06-30T07:27:00,1,peak,1,10.0,24.0,46.37290515943774,22.372905159437742,False
10,2020-06-27T05:25:00,1,peak,1,10.0,66.0,46.555272078309194,19.444727921690806,False
10,2020-06-30T07:27:00,2,peak,1,100.0,24.0,45.5491620637751,21.5491620637751,False
10,2020-06-27T05:25:00,2,peak,1,100.0,66.0,45.62210883132368,20.37789116867632,False
10,2020-06-30T07:27:00,3,peak,2,1.0,24.0,44.78434165229894,20.78434165229894,False
10,2020-06-27T05:25:00,3,peak,2,1.0,66.0,45.1052361257183,20.8947638742817,False
10,2020-06-30T07:27:00,4,peak,2,10.0,24.0,44.91333043126027,20.91333043126027,False
10,2020-06-27T05:25:00,4,peak,2,10.0,66.0,45.163731145433005,20.836268854566995,False
10,2020-06-30T07:27:00,5,peak,2,100.0,24.0,45.073799452703206,21.073799452703206,False
10,2020-06-27T05:25:00,5,peak,2,100.0,66.0,45.15443166818907,20.84556833181093,False
10,2020-06-30T07:27:00,6,area_60_120,1,1.0,24.0,41.037820281066615,17.037820281066615,False
10,2020-06-27T05:25:00,6,area_60_120,1,1.0,66.0,42.32940932734312,23.67059067265688,False
10,2020-06-30T07:27:00,7,area_60_120,1,10.0,24.0,41.632147238906605,17.632147238906605,False
10,2020-06-27T05:25:00,7,area_60_120,1,10.0,66.0,42.729997928241644,23.270002071758356,False
10,2020-06-30T07:27:00,8,area_60_120,1,100.0,24.0,43.65285889556264,19.652858895562638,False
10,2020-06-27T05:25:00,8,area_60_120,1,100.0,66.0,44.091999171296656,21.908000828703344,False
10,2020-06-30T07:27:00,9,area_60_120,2,1.0,24.0,40.85026039593113,16.85026039593113,False
10,2020-06-27T05:25:00,9,area_60_120,2,1.0,66.0,43.2948989308841,22.705101069115898,False
10,2020-06-30T07:27:00,10,area_60_120,2,10.0,24.0,41.72737467249386,17.72737467249386,False
10,2020-06-27T05:25:00,10,area_60_120,2,10.0,66.0,43.26336659971958,22.736633400280418,False
10,2020-06-30T07:27:00,11,area_60_120,2,100.0,24.0,43.5729797654544,19.5729797654544,False
10,2020-06-27T05:25:00,11,area_60_120,2,100.0,66.0,43.98407950429424,22.015920495705757,False
10,2020-06-30T07:27:00,12,area_centroid,1,1.0,24.0,43.25677058785537,19.25677058785537,False
10,2020-06-27T05:25:00,12,area_centroid,1,1.0,66.0,45.27436283930209,20.725637160697907,False
10,2020-06-30T07:27:00,13,area_centroid,1,10.0,24.0,43.51825499967706,19.518254999677062,False
10,2020-06-27T05:25:00,13,area_centroid,1,10.0,66.0,45.23320841340678,20.76679158659322,False
10,2020-06-30T07:27:00,14,area_centroid,1,100.0,24.0,44.407301999870825,20.407301999870825,False
10,2020-06-27T05:25:00,14,area_centroid,1,100.0,66.0,45.093283365362716,20.906716634637284,False
10,2020-06-30T07:27:00,15,area_centroid,2,1.0,24.0,43.4295635424774,19.429563542477403,False
10,2020-06-27T05:25:00,15,area_centroid,2,1.0,66.0,46.09174122337611,19.90825877662389,False
10,2020-06-30T07:27:00,16,area_centroid,2,10.0,24.0,43.62252054350422,19.622520543504223,False
10,2020-06-27T05:25:00,16,area_centroid,2,10.0,66.0,45.56626754355729,20.433732456442712,False
10,2020-06-30T07:27:00,17,area_centroid,2,100.0,24.0,44.32753476554925,20.327534765549252,False
10,2020-06-27T05:25:00,17,area_centroid,2,100.0,66.0,44.976585768673196,21.023414231326804,False
10,2020-06-30T07:27:00,18,peak+area_60_120,1,1.0,24.0,42.46286782736905,18.462867827369053,False
10,2020-06-27T05:25:00,18,peak+area_60_120,1,1.0,66.0,43.793285458868574,22.206714541131426,False
10,2020-06-30T07:27:00,19,peak+area_60_120,1,10.0,24.0,42.880538832575475,18.880538832575475,False
10,2020-06-27T05:25:00,19,peak+area_60_120,1,10.0,66.0,44.028170731177404,21.971829268822596,False
10,2020-06-30T07:27:00,20,peak+area_60_120,1,100.0,24.0,44.188541972938935,20.188541972938935,False
10,2020-06-27T05:25:00,20,peak+area_60_120,1,100.0,66.0,44.67616411447483,21.32383588552517,False
10,2020-06-30T07:27:00,21,peak+area_60_120,2,1.0,24.0,43.60688197273202,19.60688197273202,False
10,2020-06-27T05:25:00,21,peak+area_60_120,2,1.0,66.0,45.776763915511616,20.223236084488384,False
10,2020-06-30T07:27:00,22,peak+area_60_120,2,10.0,24.0,44.1182742482849,20.118274248284898,False
10,2020-06-27T05:25:00,22,peak+area_60_120,2,10.0,66.0,45.49741310731913,20.502586892680867,False
10,2020-06-30T07:27:00,23,peak+area_60_120,2,100.0,24.0,44.15618665589717,20.156186655897173,False
10,2020-06-27T05:25:00,23,peak+area_60_120,2,100.0,66.0,44.604782836129964,21.395217163870036,False
10,2020-06-30T07:27:00,24,peak+area_centroid,1,1.0,24.0,44.836761317988326,20.836761317988326,False
10,2020-06-27T05:25:00,24,peak+area_centroid,1,1.0,66.0,46.93722927126391,19.06277072873609,False
10,2020-06-30T07:27:00,25,peak+area_centroid,1,10.0,24.0,44.86584750233417,20.86584750233417,False
10,2020-06-27T05:25:00,25,peak+area_centroid,1,10.0,66.0,46.66686589709594,19.33313410290406,False
10,2020-06-30T07:27:00,26,peak+area_centroid,1,100.0,24.0,44.952468085088086,20.952468085088086,False
10,2020-06-27T05:25:00,26,peak+area_centroid,1,100.0,66.0,45.695327674597515,20.304672325402485,False
10,2020-06-30T07:27:00,27,peak+area_centroid,2,1.0,24.0,44.47718370607329,20.47718370607329,False
10,2020-06-27T05:25:00,27,peak+area_centroid,2,1.0,66.0,46.111923953146444,19.888076046853556,False
10,2020-06-30T07:27:00,28,peak+area_centroid,2,10.0,24.0,44.5259022514923,20.525902251492298,False
10,2020-06-27T05:25:00,28,peak+area_centroid,2,10.0,66.0,45.92761855400745,20.072381445992548,False
10,2020-06-30T07:27:00,29,peak+area_centroid,2,100.0,24.0,44.67097918883245,20.670979188832447,False
10,2020-06-27T05:25:00,29,peak+area_centroid,2,100.0,66.0,45.29664278131145,20.703357218688552,False
10,2020-06-30T07:27:00,30,area_60_120+area_centroid,1,1.0,24.0,40.01698859806646,16.01698859806646,False
10,2020-06-27T05:25:00,30,area_60_120+area_centroid,1,1.0,66.0,42.78743289747877,23.212567102521227,False
10,2020-06-30T07:27:00,31,area_60_120+area_centroid,1,10.0,24.0,40.68500603965954,16.68500603965954,False
10,2020-06-27T05:25:00,31,area_60_120+area_centroid,1,10.0,66.0,43.101865608537956,22.898134391462044,False
10,2020-06-30T07:27:00,32,area_60_120+area_centroid,1,100.0,24.0,43.15318842883536,19.153188428835357,False
10,2020-06-27T05:25:00,32,area_60_120+area_centroid,1,100.0,66.0,44.21083373388326,21.789166266116737,False
10,2020-06-30T07:27:00,33,area_60_120+area_centroid,2,1.0,24.0,37.89847166927854,13.898471669278543,False
10,2020-06-27T05:25:00,33,area_60_120+area_centroid,2,1.0,66.0,41.7197639365024,24.280236063497597,False
10,2020-06-30T07:27:00,34,area_60_120+area_centroid,2,10.0,24.0,40.327688923355204,16.327688923355204,False
10,2020-06-27T05:25:00,34,area_60_120+area_centroid,2,10.0,66.0,42.99202990795904,23.007970092040964,False
10,2020-06-30T07:27:00,35,area_60_120+area_centroid,2,100.0,24.0,42.96318351023054,18.963183510230543,False
10,2020-06-27T05:25:00,35,area_60_120+area_centroid,2,100.0,66.0,43.9540469838903,22.0459530161097,False
10,2020-06-30T07:27:00,36,peak+area_60_120+area_centroid,1,1.0,24.0,41.39007246142729,17.390072461427287,False
10,2020-06-27T05:25:00,36,peak+area_60_120+area_centroid,1,1.0,66.0,44.15587862239451,21.84412137760549,False
10,2020-06-30T07:27:00,37,peak+area_60_120+area_centroid,1,10.0,24.0,41.89462692922061,17.894626929220607,False
10,2020-06-27T05:25:00,37,peak+area_60_120+area_centroid,1,10.0,66.0,44.322532422674,21.677467577326,False
10,2020-06-30T07:27:00,38,peak+area_60_120+area_centroid,1,100.0,24.0,43.683211855047446,19.683211855047446,False
10,2020-06-27T05:25:00,38,peak+area_60_120+area_centroid,1,100.0,66.0,44.777841621973195,21.222158378026805,False
10,2020-06-30T07:27:00,39,peak+area_60_120+area_centroid,2,1.0,24.0,41.387956008861025,17.387956008861025,False
10,2020-06-27T05:25:00,39,peak+area_60_120+area_centroid,2,1.0,66.0,44.18448144746145,21.81551855253855,False
10,2020-06-30T07:27:00,40,peak+area_60_120+area_centroid,2,10.0,24.0,42.779125747826484,18.779125747826484,False
10,2020-06-27T05:25:00,40,peak+area_60_120+area_centroid,2,10.0,66.0,45.0187531804481,20.9812468195519,False
10,2020-06-30T07:27:00,41,peak+area_60_120+area_centroid,2,100.0,24.0,43.69744728928959,19.69744728928959,False
10,2020-06-27T05:25:00,41,peak+area_60_120+area_centroid,2,100.0,66.0,44.63166224167397,21.368337758326028,False
10,2020-06-30T07:27:00,42,peak+early_peak+area_0_60+area_60_120+area_120_180+area_0_180+steepest_15min_rise+rise_0_30+peak_time+positive_duration+area_centroid+late_area_fraction,1,1.0,24.0,39.75978245214862,15.75978245214862,False
10,2020-06-27T05:25:00,42,peak+early_peak+area_0_60+area_60_120+area_120_180+area_0_180+steepest_15min_rise+rise_0_30+peak_time+positive_duration+area_centroid+late_area_fraction,1,1.0,66.0,47.003519862479,18.996480137520997,False
10,2020-06-30T07:27:00,43,peak+early_peak+area_0_60+area_60_120+area_120_180+area_0_180+steepest_15min_rise+rise_0_30+peak_time+positive_duration+area_centroid+late_area_fraction,1,10.0,24.0,42.87874314684398,18.87874314684398,False
10,2020-06-27T05:25:00,43,peak+early_peak+area_0_60+area_60_120+area_120_180+area_0_180+steepest_15min_rise+rise_0_30+peak_time+positive_duration+area_centroid+late_area_fraction,1,10.0,66.0,47.49033136458791,18.50966863541209,False
10,2020-06-30T07:27:00,44,peak+early_peak+area_0_60+area_60_120+area_120_180+area_0_180+steepest_15min_rise+rise_0_30+peak_time+positive_duration+area_centroid+late_area_fraction,1,100.0,24.0,44.400246485999325,20.400246485999325,False
10,2020-06-27T05:25:00,44,peak+early_peak+area_0_60+area_60_120+area_120_180+area_0_180+steepest_15min_rise+rise_0_30+peak_time+positive_duration+area_centroid+late_area_fraction,1,100.0,66.0,46.55392197414658,19.446078025853417,False
10,2020-06-30T07:27:00,45,peak+early_peak+area_0_60+area_60_120+area_120_180+area_0_180+steepest_15min_rise+rise_0_30+peak_time+positive_duration+area_centroid+late_area_fraction,2,1.0,24.0,46.080020557329874,22.080020557329874,False
10,2020-06-27T05:25:00,45,peak+early_peak+area_0_60+area_60_120+area_120_180+area_0_180+steepest_15min_rise+rise_0_30+peak_time+positive_duration+area_centroid+late_area_fraction,2,1.0,66.0,49.943747073738365,16.056252926261635,False
10,2020-06-30T07:27:00,46,peak+early_peak+area_0_60+area_60_120+area_120_180+area_0_180+steepest_15min_rise+rise_0_30+peak_time+positive_duration+area_centroid+late_area_fraction,2,10.0,24.0,43.19501261456298,19.195012614562977,False
10,2020-06-27T05:25:00,46,peak+early_peak+area_0_60+area_60_120+area_120_180+area_0_180+steepest_15min_rise+rise_0_30+peak_time+positive_duration+area_centroid+late_area_fraction,2,10.0,66.0,47.0472124112555,18.9527875887445,False
10,2020-06-30T07:27:00,47,peak+early_peak+area_0_60+area_60_120+area_120_180+area_0_180+steepest_15min_rise+rise_0_30+peak_time+positive_duration+area_centroid+late_area_fraction,2,100.0,24.0,44.1601153098748,20.160115309874797,False
10,2020-06-27T05:25:00,47,peak+early_peak+area_0_60+area_60_120+area_120_180+area_0_180+steepest_15min_rise+rise_0_30+peak_time+positive_duration+area_centroid+late_area_fraction,2,100.0,66.0,45.874302121559104,20.125697878440896,False
14,2023-05-18T08:15:00,0,peak,1,1.0,24.0,45.90291706960439,21.902917069604392,False
14,2023-05-15T07:29:00,0,peak,1,1.0,66.0,48.40575296045788,17.594247039542118,False
14,2023-05-18T08:15:00,1,peak,1,10.0,24.0,45.76747950916374,21.767479509163742,False
14,2023-05-15T07:29:00,1,peak,1,10.0,66.0,47.89489001638922,18.10510998361078,False
14,2023-05-18T08:15:00,2,peak,1,100.0,24.0,45.3069918036655,21.306991803665497,False
14,2023-05-15T07:29:00,2,peak,1,100.0,66.0,46.157956006555686,19.842043993444314,False
14,2023-05-18T08:15:00,3,peak,2,1.0,24.0,43.830641220324516,19.830641220324516,False
14,2023-05-15T07:29:00,3,peak,2,1.0,66.0,47.79234740908149,18.207652590918507,False
14,2023-05-18T08:15:00,4,peak,2,10.0,24.0,44.163299673541665,20.163299673541665,False
14,2023-05-15T07:29:00,4,peak,2,10.0,66.0,47.24693034630905,18.75306965369095,False
14,2023-05-18T08:15:00,5,peak,2,100.0,24.0,44.82500822261362,20.82500822261362,False
14,2023-05-15T07:29:00,5,peak,2,100.0,66.0,45.8082808921384,20.1917191078616,False
14,2023-05-18T08:15:00,6,area_60_120,1,1.0,24.0,40.31766944926564,16.317669449265637,False
14,2023-05-15T07:29:00,6,area_60_120,1,1.0,66.0,45.98347677020815,20.01652322979185,False
14,2023-05-18T08:15:00,7,area_60_120,1,10.0,24.0,41.020019031875805,17.020019031875805,False
14,2023-05-15T07:29:00,7,area_60_120,1,10.0,66.0,45.83595525467692,20.164044745323082,False
14,2023-05-18T08:15:00,8,area_60_120,1,100.0,24.0,43.408007612750325,19.408007612750325,False
14,2023-05-15T07:29:00,8,area_60_120,1,100.0,66.0,45.334382101870766,20.665617898129234,False
14,2023-05-18T08:15:00,9,area_60_120,2,1.0,24.0,39.33354320234989,15.333543202349887,False
14,2023-05-15T07:29:00,9,area_60_120,2,1.0,66.0,49.45637930530835,16.543620694691647,False
14,2023-05-18T08:15:00,10,area_60_120,2,10.0,24.0,40.80630824976887,16.80630824976887,False
14,2023-05-15T07:29:00,10,area_60_120,2,10.0,66.0,47.26307335770415,18.73692664229585,False
14,2023-05-18T08:15:00,11,area_60_120,2,100.0,24.0,43.347137357877465,19.347137357877465,False
14,2023-05-15T07:29:00,11,area_60_120,2,100.0,66.0,45.170293343793794,20.829706656206206,False
14,2023-05-18T08:15:00,12,area_centroid,1,1.0,24.0,43.2758319097085,19.2758319097085,False
14,2023-05-15T07:29:00,12,area_centroid,1,1.0,66.0,46.29323858406052,19.706761415939482,False
14,2023-05-18T08:15:00,13,area_centroid,1,10.0,24.0,43.53445712325223,19.53445712325223,False
14,2023-05-15T07:29:00,13,area_centroid,1,10.0,66.0,46.09925279645144,19.900747203548562,False
14,2023-05-18T08:15:00,14,area_centroid,1,100.0,24.0,44.413782849300894,20.413782849300894,False
14,2023-05-15T07:29:00,14,area_centroid,1,100.0,66.0,45.43970111858057,20.560298881419428,False
14,2023-05-18T08:15:00,15,area_centroid,2,1.0,24.0,43.44372017168097,19.443720171680972,False
14,2023-05-15T07:29:00,15,area_centroid,2,1.0,66.0,47.36575314749129,18.63424685250871,False
14,2023-05-18T08:15:00,16,area_centroid,2,10.0,24.0,43.63527922162575,19.63527922162575,False
14,2023-05-15T07:29:00,16,area_centroid,2,10.0,66.0,46.51531538124427,19.48468461875573,False
14,2023-05-18T08:15:00,17,area_centroid,2,100.0,24.0,44.3338365054236,20.333836505423598,False
14,2023-05-15T07:29:00,17,area_centroid,2,100.0,66.0,45.311970166014476,20.688029833985524,False
14,2023-05-18T08:15:00,18,peak+area_60_120,1,1.0,24.0,41.310970996274094,17.310970996274094,False
14,2023-05-15T07:29:00,18,peak+area_60_120,1,1.0,66.0,48.22374545461552,17.776254545384482,False
14,2023-05-18T08:15:00,19,peak+area_60_120,1,10.0,24.0,41.869404091761744,17.869404091761744,False
14,2023-05-15T07:29:00,19,peak+area_60_120,1,10.0,66.0,47.878518957941424,18.121481042058576,False
14,2023-05-18T08:15:00,20,peak+area_60_120,1,100.0,24.0,43.73698832343545,19.736988323435448,False
14,2023-05-15T07:29:00,20,peak+area_60_120,1,100.0,66.0,46.3486885600709,19.651311439929103,False
14,2023-05-18T08:15:00,21,peak+area_60_120,2,1.0,24.0,41.72850095416372,17.72850095416372,False
14,2023-05-15T07:29:00,21,peak+area_60_120,2,1.0,66.0,51.999424201984624,14.000575798015376,False
14,2023-05-18T08:15:00,22,peak+area_60_120,2,10.0,24.0,42.73762066792847,18.737620667928468,False
14,2023-05-15T07:29:00,22,peak+area_60_120,2,10.0,66.0,49.89279612506442,16.10720387493558,False
14,2023-05-18T08:15:00,23,peak+area_60_120,2,100.0,24.0,43.69380980310414,19.693809803104138,False
14,2023-05-15T07:29:00,23,peak+area_60_120,2,100.0,66.0,46.23579350734004,19.76420649265996,False
14,2023-05-18T08:15:00,24,peak+area_centroid,1,1.0,24.0,44.19678034228474,20.19678034228474,False
14,2023-05-15T07:29:00,24,peak+area_centroid,1,1.0,66.0,49.352075228107715,16.647924771892285,False
14,2023-05-18T08:15:00,25,peak+area_centroid,1,10.0,24.0,44.315392593890564,20.315392593890564,False
14,2023-05-15T07:29:00,25,peak+area_centroid,1,10.0,66.0,48.74129026636542,17.258709733634582,False
14,2023-05-18T08:15:00,26,peak+area_centroid,1,100.0,24.0,44.72316319643305,20.72316319643305,False
14,2023-05-15T07:29:00,26,peak+area_centroid,1,100.0,66.0,46.55593812961836,19.44406187038164,False
14,2023-05-18T08:15:00,27,peak+area_centroid,2,1.0,24.0,43.46723753004437,19.467237530044372,False
14,2023-05-15T07:29:00,27,peak+area_centroid,2,1.0,66.0,49.112880348138674,16.887119651861326,False
14,2023-05-18T08:15:00,28,peak+area_centroid,2,10.0,24.0,43.707764523171626,19.707764523171626,False
14,2023-05-15T07:29:00,28,peak+area_centroid,2,10.0,66.0,48.32965246127433,17.67034753872567,False
14,2023-05-18T08:15:00,29,peak+area_centroid,2,100.0,24.0,44.37919605515099,20.37919605515099,False
14,2023-05-15T07:29:00,29,peak+area_centroid,2,100.0,66.0,46.13481513136296,19.865184868637037,False
14,2023-05-18T08:15:00,30,area_60_120+area_centroid,1,1.0,24.0,39.374222275067126,15.374222275067126,False
14,2023-05-15T07:29:00,30,area_60_120+area_centroid,1,1.0,66.0,46.92187392311297,19.07812607688703,False
14,2023-05-18T08:15:00,31,area_60_120+area_centroid,1,10.0,24.0,40.132736571646504,16.132736571646504,False
14,2023-05-15T07:29:00,31,area_60_120+area_centroid,1,10.0,66.0,46.674201907682615,19.325798092317385,False
14,2023-05-18T08:15:00,32,area_60_120+area_centroid,1,100.0,24.0,42.92266272877229,18.922662728772288,False
14,2023-05-15T07:29:00,32,area_60_120+area_centroid,1,100.0,66.0,45.72949460967324,20.27050539032676,False
14,2023-05-18T08:15:00,33,area_60_120+area_centroid,2,1.0,24.0,36.06690092921662,12.066900929216622,False
14,2023-05-15T07:29:00,33,area_60_120+area_centroid,2,1.0,66.0,51.127809274593304,14.872190725406696,False
14,2023-05-18T08:15:00,34,area_60_120+area_centroid,2,10.0,24.0,39.4379852900776,15.437985290077599,False
14,2023-05-15T07:29:00,34,area_60_120+area_centroid,2,10.0,66.0,47.84093004448395,18.159069955516053,False
14,2023-05-18T08:15:00,35,area_60_120+area_centroid,2,100.0,24.0,42.743333046751836,18.743333046751836,False
14,2023-05-15T07:29:00,35,area_60_120+area_centroid,2,100.0,66.0,45.41686674596903,20.58313325403097,False
14,2023-05-18T08:15:00,36,peak+area_60_120+area_centroid,1,1.0,24.0,40.33730495237163,16.337304952371632,False
14,2023-05-15T07:29:00,36,peak+area_60_120+area_centroid,1,1.0,66.0,49.01449616533273,16.98550383466727,False
14,2023-05-18T08:15:00,37,peak+area_60_120+area_centroid,1,10.0,24.0,40.96172575474862,16.96172575474862,False
14,2023-05-15T07:29:00,37,peak+area_60_120+area_centroid,1,10.0,66.0,48.59180537392431,17.40819462607569,False
14,2023-05-18T08:15:00,38,peak+area_60_120+area_centroid,1,100.0,24.0,43.250778421809734,19.250778421809734,False
14,2023-05-15T07:29:00,38,peak+area_60_120+area_centroid,1,100.0,66.0,46.71174675542313,19.28825324457687,False
14,2023-05-18T08:15:00,39,peak+area_60_120+area_centroid,2,1.0,24.0,39.11653451810926,15.116534518109262,False
14,2023-05-15T07:29:00,39,peak+area_60_120+area_centroid,2,1.0,66.0,53.51571058729881,12.484289412701187,False
14,2023-05-18T08:15:00,40,peak+area_60_120+area_centroid,2,10.0,24.0,41.43903190654636,17.43903190654636,False
14,2023-05-15T07:29:00,40,peak+area_60_120+area_centroid,2,10.0,66.0,50.25338873630191,15.746611263698092,False
14,2023-05-18T08:15:00,41,peak+area_60_120+area_centroid,2,100.0,24.0,43.226434171540994,19.226434171540994,False
14,2023-05-15T07:29:00,41,peak+area_60_120+area_centroid,2,100.0,66.0,46.42195195859241,19.57804804140759,False
14,2023-05-18T08:15:00,42,peak+early_peak+area_0_60+area_60_120+area_120_180+area_0_180+steepest_15min_rise+rise_0_30+peak_time+positive_duration+area_centroid+late_area_fraction,1,1.0,24.0,39.43283053594225,15.432830535942252,False
14,2023-05-15T07:29:00,42,peak+early_peak+area_0_60+area_60_120+area_120_180+area_0_180+steepest_15min_rise+rise_0_30+peak_time+positive_duration+area_centroid+late_area_fraction,1,1.0,66.0,54.61586006255536,11.384139937444637,False
14,2023-05-18T08:15:00,43,peak+early_peak+area_0_60+area_60_120+area_120_180+area_0_180+steepest_15min_rise+rise_0_30+peak_time+positive_duration+area_centroid+late_area_fraction,1,10.0,24.0,41.40974017586175,17.40974017586175,False
14,2023-05-15T07:29:00,43,peak+early_peak+area_0_60+area_60_120+area_120_180+area_0_180+steepest_15min_rise+rise_0_30+peak_time+positive_duration+area_centroid+late_area_fraction,1,10.0,66.0,55.28903843064022,10.710961569359782,False
14,2023-05-18T08:15:00,44,peak+early_peak+area_0_60+area_60_120+area_120_180+area_0_180+steepest_15min_rise+rise_0_30+peak_time+positive_duration+area_centroid+late_area_fraction,1,100.0,24.0,42.97757589398396,18.97757589398396,False
14,2023-05-15T07:29:00,44,peak+early_peak+area_0_60+area_60_120+area_120_180+area_0_180+steepest_15min_rise+rise_0_30+peak_time+positive_duration+area_centroid+late_area_fraction,1,100.0,66.0,51.21897759830695,14.78102240169305,False
14,2023-05-18T08:15:00,45,peak+early_peak+area_0_60+area_60_120+area_120_180+area_0_180+steepest_15min_rise+rise_0_30+peak_time+positive_duration+area_centroid+late_area_fraction,2,1.0,24.0,42.92675046901382,18.926750469013818,False
14,2023-05-15T07:29:00,45,peak+early_peak+area_0_60+area_60_120+area_120_180+area_0_180+steepest_15min_rise+rise_0_30+peak_time+positive_duration+area_centroid+late_area_fraction,2,1.0,66.0,60.52311674053453,5.476883259465467,True
14,2023-05-18T08:15:00,46,peak+early_peak+area_0_60+area_60_120+area_120_180+area_0_180+steepest_15min_rise+rise_0_30+peak_time+positive_duration+area_centroid+late_area_fraction,2,10.0,24.0,40.634357258894674,16.634357258894674,False
14,2023-05-15T07:29:00,46,peak+early_peak+area_0_60+area_60_120+area_120_180+area_0_180+steepest_15min_rise+rise_0_30+peak_time+positive_duration+area_centroid+late_area_fraction,2,10.0,66.0,56.4865807051021,9.5134192948979,False
14,2023-05-18T08:15:00,47,peak+early_peak+area_0_60+area_60_120+area_120_180+area_0_180+steepest_15min_rise+rise_0_30+peak_time+positive_duration+area_centroid+late_area_fraction,2,100.0,24.0,42.86174957653376,18.86174957653376,False
14,2023-05-15T07:29:00,47,peak+early_peak+area_0_60+area_60_120+area_120_180+area_0_180+steepest_15min_rise+rise_0_30+peak_time+positive_duration+area_centroid+late_area_fraction,2,100.0,66.0,49.481828103617325,16.518171896382675,False
17,2023-10-19T08:30:00,0,peak,1,1.0,24.0,43.444448552715976,19.444448552715976,False
17,2023-10-16T09:41:00,0,peak,1,1.0,66.0,45.067978670077856,20.932021329922144,False
17,2023-10-19T08:30:00,1,peak,1,10.0,24.0,43.677781269808584,19.677781269808584,False
17,2023-10-16T09:41:00,1,peak,1,10.0,66.0,45.05778186956618,20.942218130433822,False
17,2023-10-19T08:30:00,2,peak,1,100.0,24.0,44.471112507923436,20.471112507923436,False
17,2023-10-16T09:41:00,2,peak,1,100.0,66.0,45.023112747826474,20.976887252173526,False
17,2023-10-19T08:30:00,3,peak,2,1.0,24.0,41.00415837720381,17.004158377203808,False
17,2023-10-16T09:41:00,3,peak,2,1.0,66.0,42.57457278767174,23.42542721232826,False
17,2023-10-19T08:30:00,4,peak,2,10.0,24.0,41.88451340399013,17.884513403990127,False
17,2023-10-16T09:41:00,4,peak,2,10.0,66.0,43.16476377259464,22.83523622740536,False
17,2023-10-19T08:30:00,5,peak,2,100.0,24.0,44.03479750893157,20.034797508931568,False
17,2023-10-16T09:41:00,5,peak,2,100.0,66.0,44.5044255128988,21.4955744871012,False
17,2023-10-19T08:30:00,6,area_60_120,1,1.0,24.0,37.495832268943694,13.495832268943694,False
17,2023-10-16T09:41:00,6,area_60_120,1,1.0,66.0,40.90369933785646,25.09630066214354,False
17,2023-10-19T08:30:00,7,area_60_120,1,10.0,24.0,38.62145742860213,14.621457428602127,False
17,2023-10-16T09:41:00,7,area_60_120,1,10.0,66.0,41.51814443717799,24.481855562822012,False
17,2023-10-19T08:30:00,8,area_60_120,1,100.0,24.0,42.44858297144085,18.44858297144085,False
17,2023-10-16T09:41:00,8,area_60_120,1,100.0,66.0,43.607257774871194,22.392742225128806,False
17,2023-10-19T08:30:00,9,area_60_120,2,1.0,24.0,33.51338593105977,9.513385931059773,False
17,2023-10-16T09:41:00,9,area_60_120,2,1.0,66.0,40.556877164921325,25.443122835078675,False
17,2023-10-19T08:30:00,10,area_60_120,2,10.0,24.0,37.261909764481686,13.261909764481686,False
17,2023-10-16T09:41:00,10,area_60_120,2,10.0,66.0,41.551713827957435,24.448286172042565,False
17,2023-10-19T08:30:00,11,area_60_120,2,100.0,24.0,42.4770606690969,18.4770606690969,False
17,2023-10-16T09:41:00,11,area_60_120,2,100.0,66.0,43.528122743591084,22.471877256408916,False
17,2023-10-19T08:30:00,12,area_centroid,1,1.0,24.0,40.72121531166266,16.72121531166266,False
17,2023-10-16T09:41:00,12,area_centroid,1,1.0,66.0,48.282277423839126,17.717722576160874,False
17,2023-10-19T08:30:00,13,area_centroid,1,10.0,24.0,41.36303301491325,17.36303301491325,False
17,2023-10-16T09:41:00,13,area_centroid,1,10.0,66.0,47.789935810263266,18.210064189736734,False
17,2023-10-19T08:30:00,14,area_centroid,1,100.0,24.0,43.5452132059653,19.545213205965297,False
17,2023-10-16T09:41:00,14,area_centroid,1,100.0,66.0,46.11597432410531,19.88402567589469,False
17,2023-10-19T08:30:00,15,area_centroid,2,1.0,24.0,39.860940364694805,15.860940364694805,False
17,2023-10-16T09:41:00,15,area_centroid,2,1.0,66.0,49.647579498743234,16.352420501256766,False
17,2023-10-19T08:30:00,16,area_centroid,2,10.0,24.0,41.1013469127953,17.1013469127953,False
17,2023-10-16T09:41:00,16,area_centroid,2,10.0,66.0,48.263373542969724,17.736626457030276,False
17,2023-10-19T08:30:00,17,area_centroid,2,100.0,24.0,43.55495947355813,19.554959473558128,False
17,2023-10-16T09:41:00,17,area_centroid,2,100.0,66.0,45.97980694155308,20.02019305844692,False
17,2023-10-19T08:30:00,18,peak+area_60_120,1,1.0,24.0,37.41084455227761,13.41084455227761,False
17,2023-10-16T09:41:00,18,peak+area_60_120,1,1.0,66.0,41.418913483965426,24.581086516034574,False
17,2023-10-19T08:30:00,19,peak+area_60_120,1,10.0,24.0,38.42218683791234,14.422186837912342,False
17,2023-10-16T09:41:00,19,peak+area_60_120,1,10.0,66.0,41.92958587334478,24.070414126655223,False
17,2023-10-19T08:30:00,20,peak+area_60_120,1,100.0,24.0,42.13488296038504,18.134882960385042,False
17,2023-10-16T09:41:00,20,peak+area_60_120,1,100.0,66.0,43.7039294853242,22.296070514675797,False
17,2023-10-19T08:30:00,21,peak+area_60_120,2,1.0,24.0,34.31967089307363,10.319670893073628,False
17,2023-10-16T09:41:00,21,peak+area_60_120,2,1.0,66.0,41.635697961484546,24.364302038515454,False
17,2023-10-19T08:30:00,22,peak+area_60_120,2,10.0,24.0,37.80065048361409,13.800650483614092,False
17,2023-10-16T09:41:00,22,peak+area_60_120,2,10.0,66.0,42.63067933866563,23.36932066133437,False
17,2023-10-19T08:30:00,23,peak+area_60_120,2,100.0,24.0,42.08708014787131,18.087080147871312,False
17,2023-10-16T09:41:00,23,peak+area_60_120,2,100.0,66.0,43.61991597827333,22.380084021726667,False
17,2023-10-19T08:30:00,24,peak+area_centroid,1,1.0,24.0,39.65127683491224,15.651276834912238,False
17,2023-10-16T09:41:00,24,peak+area_centroid,1,1.0,66.0,48.074694167173234,17.925305832826766,False
17,2023-10-19T08:30:00,25,peak+area_centroid,1,10.0,24.0,40.3962126150165,16.396212615016502,False
17,2023-10-16T09:41:00,25,peak+area_centroid,1,10.0,66.0,47.646009874883546,18.353990125116454,False
17,2023-10-19T08:30:00,26,peak+area_centroid,1,100.0,24.0,43.075804066605535,19.075804066605535,False
17,2023-10-16T09:41:00,26,peak+area_centroid,1,100.0,66.0,46.10531048081319,19.894689519186812,False
17,2023-10-19T08:30:00,27,peak+area_centroid,2,1.0,24.0,37.919399387104015,13.919399387104015,False
17,2023-10-16T09:41:00,27,peak+area_centroid,2,1.0,66.0,45.59176618669118,20.40823381330882,False
17,2023-10-19T08:30:00,28,peak+area_centroid,2,10.0,24.0,39.079345890245335,15.079345890245335,False
17,2023-10-16T09:41:00,28,peak+area_centroid,2,10.0,66.0,45.72324540856191,20.276754591438092,False
17,2023-10-19T08:30:00,29,peak+area_centroid,2,100.0,24.0,42.52648636800421,18.526486368004207,False
17,2023-10-16T09:41:00,29,peak+area_centroid,2,100.0,66.0,45.62986778319024,20.370132216809758,False
17,2023-10-19T08:30:00,30,area_60_120+area_centroid,1,1.0,24.0,34.77819946636984,10.778199466369841,False
17,2023-10-16T09:41:00,30,area_60_120+area_centroid,1,1.0,66.0,43.81296000072847,22.187039999271533,False
17,2023-10-19T08:30:00,31,area_60_120+area_centroid,1,10.0,24.0,36.13743888124959,12.137438881249587,False
17,2023-10-16T09:41:00,31,area_60_120+area_centroid,1,10.0,66.0,44.042805848821025,21.957194151178975,False
17,2023-10-19T08:30:00,32,area_60_120+area_centroid,1,100.0,24.0,41.19315564440313,17.193155644403127,False
17,2023-10-16T09:41:00,32,area_60_120+area_centroid,1,100.0,66.0,44.68267242902289,21.317327570977113,False
17,2023-10-19T08:30:00,33,area_60_120+area_centroid,2,1.0,24.0,30.01420600849358,6.014206008493581,False
17,2023-10-16T09:41:00,33,area_60_120+area_centroid,2,1.0,66.0,38.687144841736966,27.312855158263034,False
17,2023-10-19T08:30:00,34,area_60_120+area_centroid,2,10.0,24.0,34.99288938958986,10.992889389589863,False
17,2023-10-16T09:41:00,34,area_60_120+area_centroid,2,10.0,66.0,42.78340528657767,23.21659471342233,False
17,2023-10-19T08:30:00,35,area_60_120+area_centroid,2,100.0,24.0,41.18296744937286,17.18296744937286,False
17,2023-10-16T09:41:00,35,area_60_120+area_centroid,2,100.0,66.0,44.411245296187595,21.588754703812405,False
17,2023-10-19T08:30:00,36,peak+area_60_120+area_centroid,1,1.0,24.0,34.79061592867225,10.790615928672253,False
17,2023-10-16T09:41:00,36,peak+area_60_120+area_centroid,1,1.0,66.0,44.197107529018616,21.802892470981384,False
17,2023-10-19T08:30:00,37,peak+area_60_120+area_centroid,1,10.0,24.0,36.03572226838062,12.035722268380617,False
17,2023-10-16T09:41:00,37,peak+area_60_120+area_centroid,1,10.0,66.0,44.34310864160125,21.656891358398752,False
17,2023-10-19T08:30:00,38,peak+area_60_120+area_centroid,1,100.0,24.0,40.917199378229206,16.917199378229206,False
17,2023-10-16T09:41:00,38,peak+area_60_120+area_centroid,1,100.0,66.0,44.75183603563463,21.248163964365368,False
17,2023-10-19T08:30:00,39,peak+area_60_120+area_centroid,2,1.0,24.0,32.188342553265855,8.188342553265855,False
17,2023-10-16T09:41:00,39,peak+area_60_120+area_centroid,2,1.0,66.0,38.98672365386028,27.01327634613972,False
17,2023-10-19T08:30:00,40,peak+area_60_120+area_centroid,2,10.0,24.0,36.02426493879571,12.02426493879571,False
17,2023-10-16T09:41:00,40,peak+area_60_120+area_centroid,2,10.0,66.0,43.19373213305608,22.80626786694392,False
17,2023-10-19T08:30:00,41,peak+area_60_120+area_centroid,2,100.0,24.0,40.85599916782053,16.855999167820528,False
17,2023-10-16T09:41:00,41,peak+area_60_120+area_centroid,2,100.0,66.0,44.536657361708365,21.463342638291635,False
17,2023-10-19T08:30:00,42,peak+early_peak+area_0_60+area_60_120+area_120_180+area_0_180+steepest_15min_rise+rise_0_30+peak_time+positive_duration+area_centroid+late_area_fraction,1,1.0,24.0,31.981578223246597,7.981578223246597,False
17,2023-10-16T09:41:00,42,peak+early_peak+area_0_60+area_60_120+area_120_180+area_0_180+steepest_15min_rise+rise_0_30+peak_time+positive_duration+area_centroid+late_area_fraction,1,1.0,66.0,54.79490168466339,11.205098315336613,False
17,2023-10-19T08:30:00,43,peak+early_peak+area_0_60+area_60_120+area_120_180+area_0_180+steepest_15min_rise+rise_0_30+peak_time+positive_duration+area_centroid+late_area_fraction,1,10.0,24.0,35.124184394890136,11.124184394890136,False
17,2023-10-16T09:41:00,43,peak+early_peak+area_0_60+area_60_120+area_120_180+area_0_180+steepest_15min_rise+rise_0_30+peak_time+positive_duration+area_centroid+late_area_fraction,1,10.0,66.0,50.88953618355433,15.110463816445673,False
17,2023-10-19T08:30:00,44,peak+early_peak+area_0_60+area_60_120+area_120_180+area_0_180+steepest_15min_rise+rise_0_30+peak_time+positive_duration+area_centroid+late_area_fraction,1,100.0,24.0,38.97351652083877,14.973516520838771,False
17,2023-10-16T09:41:00,44,peak+early_peak+area_0_60+area_60_120+area_120_180+area_0_180+steepest_15min_rise+rise_0_30+peak_time+positive_duration+area_centroid+late_area_fraction,1,100.0,66.0,46.68008620006521,19.31991379993479,False
17,2023-10-19T08:30:00,45,peak+early_peak+area_0_60+area_60_120+area_120_180+area_0_180+steepest_15min_rise+rise_0_30+peak_time+positive_duration+area_centroid+late_area_fraction,2,1.0,24.0,17.605848814267993,6.394151185732007,False
17,2023-10-16T09:41:00,45,peak+early_peak+area_0_60+area_60_120+area_120_180+area_0_180+steepest_15min_rise+rise_0_30+peak_time+positive_duration+area_centroid+late_area_fraction,2,1.0,66.0,40.31787859802238,25.682121401977618,False
17,2023-10-19T08:30:00,46,peak+early_peak+area_0_60+area_60_120+area_120_180+area_0_180+steepest_15min_rise+rise_0_30+peak_time+positive_duration+area_centroid+late_area_fraction,2,10.0,24.0,25.94064193370282,1.9406419337028211,True
17,2023-10-16T09:41:00,46,peak+early_peak+area_0_60+area_60_120+area_120_180+area_0_180+steepest_15min_rise+rise_0_30+peak_time+positive_duration+area_centroid+late_area_fraction,2,10.0,66.0,44.26913150814195,21.730868491858047,False
17,2023-10-19T08:30:00,47,peak+early_peak+area_0_60+area_60_120+area_120_180+area_0_180+steepest_15min_rise+rise_0_30+peak_time+positive_duration+area_centroid+late_area_fraction,2,100.0,24.0,38.045779111745254,14.045779111745254,False
17,2023-10-16T09:41:00,47,peak+early_peak+area_0_60+area_60_120+area_120_180+area_0_180+steepest_15min_rise+rise_0_30+peak_time+positive_duration+area_centroid+late_area_fraction,2,100.0,66.0,44.97699543978523,21.023004560214773,False
27,2024-06-19T10:11:00,0,peak,1,1.0,24.0,40.1659102946929,16.1659102946929,False
27,2024-06-16T10:15:00,0,peak,1,1.0,66.0,38.80372026745315,27.19627973254685,False
27,2024-06-19T10:11:00,1,peak,1,10.0,24.0,40.891023750488976,16.891023750488976,False
27,2024-06-16T10:15:00,1,peak,1,10.0,66.0,39.73316222733519,26.266837772664807,False
27,2024-06-19T10:11:00,2,peak,1,100.0,24.0,43.35640950019559,19.35640950019559,False
27,2024-06-16T10:15:00,2,peak,1,100.0,66.0,42.89326489093408,23.106735109065923,False
27,2024-06-19T10:11:00,3,peak,2,1.0,24.0,38.7679003904868,14.767900390486801,False
27,2024-06-16T10:15:00,3,peak,2,1.0,66.0,38.20327559011676,27.79672440988324,False
27,2024-06-19T10:11:00,4,peak,2,10.0,24.0,39.999697992610166,15.999697992610166,False
27,2024-06-16T10:15:00,4,peak,2,10.0,66.0,39.49081321556783,26.509186784432167,False
27,2024-06-19T10:11:00,5,peak,2,100.0,24.0,43.267913666396744,19.267913666396744,False
27,2024-06-16T10:15:00,5,peak,2,100.0,66.0,43.02054062273701,22.97945937726299,False
27,2024-06-19T10:11:00,6,area_60_120,1,1.0,24.0,37.961247534420146,13.961247534420146,False
27,2024-06-16T10:15:00,6,area_60_120,1,1.0,66.0,44.595487938884936,21.404512061115064,False
27,2024-06-19T10:11:00,7,area_60_120,1,10.0,24.0,39.0170604042571,15.017060404257101,False
27,2024-06-16T10:15:00,7,area_60_120,1,10.0,66.0,44.6561647480522,21.3438352519478,False
27,2024-06-19T10:11:00,8,area_60_120,1,100.0,24.0,42.60682416170284,18.60682416170284,False
27,2024-06-16T10:15:00,8,area_60_120,1,100.0,66.0,44.86246589922088,21.13753410077912,False
27,2024-06-19T10:11:00,9,area_60_120,2,1.0,24.0,34.47351868517066,10.47351868517066,False
27,2024-06-16T10:15:00,9,area_60_120,2,1.0,66.0,47.15032900032833,18.849670999671673,False
27,2024-06-19T10:11:00,10,area_60_120,2,10.0,24.0,37.85506475841916,13.85506475841916,False
27,2024-06-16T10:15:00,10,area_60_120,2,10.0,66.0,45.74472876266073,20.255271237339272,False
27,2024-06-19T10:11:00,11,area_60_120,2,100.0,24.0,42.62586099407396,18.62586099407396,False
27,2024-06-16T10:15:00,11,area_60_120,2,100.0,66.0,44.7068720789691,21.2931279210309,False
27,2024-06-19T10:11:00,12,area_centroid,1,1.0,24.0,42.05275833816352,18.05275833816352,False
27,2024-06-16T10:15:00,12,area_centroid,1,1.0,66.0,47.32341919658169,18.67658080341831,False
27,2024-06-19T10:11:00,13,area_centroid,1,10.0,24.0,42.494844587438976,18.494844587438976,False
27,2024-06-16T10:15:00,13,area_centroid,1,10.0,66.0,46.974906317094444,19.025093682905556,False
27,2024-06-19T10:11:00,14,area_centroid,1,100.0,24.0,43.99793783497559,19.997937834975588,False
27,2024-06-16T10:15:00,14,area_centroid,1,100.0,66.0,45.789962526837776,20.210037473162224,False
27,2024-06-19T10:11:00,15,area_centroid,2,1.0,24.0,41.74627506247004,17.74627506247004,False
27,2024-06-16T10:15:00,15,area_centroid,2,1.0,66.0,48.5713309423247,17.4286690576753,False
27,2024-06-19T10:11:00,16,area_centroid,2,10.0,24.0,42.424123741558745,18.424123741558745,False
27,2024-06-16T10:15:00,16,area_centroid,2,10.0,66.0,47.43250934017099,18.567490659829012,False
27,2024-06-19T10:11:00,17,area_centroid,2,100.0,24.0,43.953512402911095,19.953512402911095,False
27,2024-06-16T10:15:00,17,area_centroid,2,100.0,66.0,45.65488575128985,20.345114248710154,False
27,2024-06-19T10:11:00,18,peak+area_60_120,1,1.0,24.0,35.730853952980596,11.730853952980596,False
27,2024-06-16T10:15:00,18,peak+area_60_120,1,1.0,66.0,40.62622091658649,25.37377908341351,False
27,2024-06-19T10:11:00,19,peak+area_60_120,1,10.0,24.0,36.85417624144077,12.854176241440769,False
27,2024-06-16T10:15:00,19,peak+area_60_120,1,10.0,66.0,41.02116943592442,24.97883056407558,False
27,2024-06-19T10:11:00,20,peak+area_60_120,1,100.0,24.0,41.31586604151944,17.315866041519442,False
27,2024-06-16T10:15:00,20,peak+area_60_120,1,100.0,66.0,43.035451833835154,22.964548166164846,False
27,2024-06-19T10:11:00,21,peak+area_60_120,2,1.0,24.0,32.60887292103807,8.60887292103807,False
27,2024-06-16T10:15:00,21,peak+area_60_120,2,1.0,66.0,42.244873930479955,23.755126069520045,False
27,2024-06-19T10:11:00,22,peak+area_60_120,2,10.0,24.0,35.25080939268018,11.250809392680182,False
27,2024-06-16T10:15:00,22,peak+area_60_120,2,10.0,66.0,40.73457740560975,25.26542259439025,False
27,2024-06-19T10:11:00,23,peak+area_60_120,2,100.0,24.0,41.12667285373417,17.12667285373417,False
27,2024-06-16T10:15:00,23,peak+area_60_120,2,100.0,66.0,42.79156330546914,23.20843669453086,False
27,2024-06-19T10:11:00,24,peak+area_centroid,1,1.0,24.0,37.904192465348565,13.904192465348565,False
27,2024-06-16T10:15:00,24,peak+area_centroid,1,1.0,66.0,41.465303899413364,24.534696100586636,False
27,2024-06-19T10:11:00,25,peak+area_centroid,1,10.0,24.0,38.887808101212244,14.887808101212244,False
27,2024-06-16T10:15:00,25,peak+area_centroid,1,10.0,66.0,41.95570725260211,24.04429274739789,False
27,2024-06-19T10:11:00,26,peak+area_centroid,1,100.0,24.0,42.43849786494464,18.438497864944637,False
27,2024-06-16T10:15:00,26,peak+area_centroid,1,100.0,66.0,43.72476289291747,22.275237107082532,False
27,2024-06-19T10:11:00,27,peak+area_centroid,2,1.0,24.0,36.42966922249886,12.429669222498859,False
27,2024-06-16T10:15:00,27,peak+area_centroid,2,1.0,66.0,41.311392874893706,24.688607125106294,False
27,2024-06-19T10:11:00,28,peak+area_centroid,2,10.0,24.0,37.779028972521886,13.779028972521886,False
27,2024-06-16T10:15:00,28,peak+area_centroid,2,10.0,66.0,42.10776634695135,23.89223365304865,False
27,2024-06-19T10:11:00,29,peak+area_centroid,2,100.0,24.0,41.992211814988764,17.992211814988764,False
27,2024-06-16T10:15:00,29,peak+area_centroid,2,100.0,66.0,44.19996001261741,21.80003998738259,False
27,2024-06-19T10:11:00,30,area_60_120+area_centroid,1,1.0,24.0,36.239369086986855,12.239369086986855,False
27,2024-06-16T10:15:00,30,area_60_120+area_centroid,1,1.0,66.0,46.47510369067287,19.524896309327133,False
27,2024-06-19T10:11:00,31,area_60_120+area_centroid,1,10.0,24.0,37.41851830855128,13.418518308551278,False
27,2024-06-16T10:15:00,31,area_60_120+area_centroid,1,10.0,66.0,46.30739526344493,19.69260473655507,False
27,2024-06-19T10:11:00,32,area_60_120+area_centroid,1,100.0,24.0,41.76236796552611,17.76236796552611,False
27,2024-06-16T10:15:00,32,area_60_120+area_centroid,1,100.0,66.0,45.59859281938558,20.40140718061442,False
27,2024-06-19T10:11:00,33,area_60_120+area_centroid,2,1.0,24.0,30.17818319151939,6.178183191519391,False
27,2024-06-16T10:15:00,33,area_60_120+area_centroid,2,1.0,66.0,48.99533817542083,17.004661824579173,False
27,2024-06-19T10:11:00,34,area_60_120+area_centroid,2,10.0,24.0,35.93943983367809,11.939439833678087,False
27,2024-06-16T10:15:00,34,area_60_120+area_centroid,2,10.0,66.0,46.97180947721228,19.028190522787717,False
27,2024-06-19T10:11:00,35,area_60_120+area_centroid,2,100.0,24.0,41.67223767656214,17.67223767656214,False
27,2024-06-16T10:15:00,35,area_60_120+area_centroid,2,100.0,66.0,45.271642182598725,20.728357817401275,False
27,2024-06-19T10:11:00,36,peak+area_60_120+area_centroid,1,1.0,24.0,34.22672583274447,10.22672583274447,False
27,2024-06-16T10:15:00,36,peak+area_60_120+area_centroid,1,1.0,66.0,42.69110248625557,23.308897513744427,False
27,2024-06-19T10:11:00,37,peak+area_60_120+area_centroid,1,10.0,24.0,35.44976122040471,11.44976122040471,False
27,2024-06-16T10:15:00,37,peak+area_60_120+area_centroid,1,10.0,66.0,42.8220444319591,23.1779555680409,False
27,2024-06-19T10:11:00,38,peak+area_60_120+area_centroid,1,100.0,24.0,40.530201916250824,16.530201916250824,False
27,2024-06-16T10:15:00,38,peak+area_60_120+area_centroid,1,100.0,66.0,43.8055283142723,22.1944716857277,False
27,2024-06-19T10:11:00,39,peak+area_60_120+area_centroid,2,1.0,24.0,27.786913041736298,3.786913041736298,False
27,2024-06-16T10:15:00,39,peak+area_60_120+area_centroid,2,1.0,66.0,42.758297761556136,23.241702238443864,False
27,2024-06-19T10:11:00,40,peak+area_60_120+area_centroid,2,10.0,24.0,33.27279187530351,9.272791875303511,False
27,2024-06-16T10:15:00,40,peak+area_60_120+area_centroid,2,10.0,66.0,41.01468482251917,24.985315177480828,False
27,2024-06-19T10:11:00,41,peak+area_60_120+area_centroid,2,100.0,24.0,40.13918399149295,16.13918399149295,False
27,2024-06-16T10:15:00,41,peak+area_60_120+area_centroid,2,100.0,66.0,43.71432068252012,22.285679317479882,False
27,2024-06-19T10:11:00,42,peak+early_peak+area_0_60+area_60_120+area_120_180+area_0_180+steepest_15min_rise+rise_0_30+peak_time+positive_duration+area_centroid+late_area_fraction,1,1.0,24.0,25.70019847675639,1.7001984767563911,True
27,2024-06-16T10:15:00,42,peak+early_peak+area_0_60+area_60_120+area_120_180+area_0_180+steepest_15min_rise+rise_0_30+peak_time+positive_duration+area_centroid+late_area_fraction,1,1.0,66.0,6.912859866225048,59.08714013377495,False
27,2024-06-19T10:11:00,43,peak+early_peak+area_0_60+area_60_120+area_120_180+area_0_180+steepest_15min_rise+rise_0_30+peak_time+positive_duration+area_centroid+late_area_fraction,1,10.0,24.0,29.011341514454656,5.0113415144546565,False
27,2024-06-16T10:15:00,43,peak+early_peak+area_0_60+area_60_120+area_120_180+area_0_180+steepest_15min_rise+rise_0_30+peak_time+positive_duration+area_centroid+late_area_fraction,1,10.0,66.0,16.421329907678423,49.57867009232157,False
27,2024-06-19T10:11:00,44,peak+early_peak+area_0_60+area_60_120+area_120_180+area_0_180+steepest_15min_rise+rise_0_30+peak_time+positive_duration+area_centroid+late_area_fraction,1,100.0,24.0,34.93207935235562,10.932079352355622,False
27,2024-06-16T10:15:00,44,peak+early_peak+area_0_60+area_60_120+area_120_180+area_0_180+steepest_15min_rise+rise_0_30+peak_time+positive_duration+area_centroid+late_area_fraction,1,100.0,66.0,30.896427109223723,35.10357289077628,False
27,2024-06-19T10:11:00,45,peak+early_peak+area_0_60+area_60_120+area_120_180+area_0_180+steepest_15min_rise+rise_0_30+peak_time+positive_duration+area_centroid+late_area_fraction,2,1.0,24.0,23.330718954153642,0.6692810458463576,True
27,2024-06-16T10:15:00,45,peak+early_peak+area_0_60+area_60_120+area_120_180+area_0_180+steepest_15min_rise+rise_0_30+peak_time+positive_duration+area_centroid+late_area_fraction,2,1.0,66.0,0.0,66.0,False
27,2024-06-19T10:11:00,46,peak+early_peak+area_0_60+area_60_120+area_120_180+area_0_180+steepest_15min_rise+rise_0_30+peak_time+positive_duration+area_centroid+late_area_fraction,2,10.0,24.0,25.734284779284142,1.7342847792841418,True
27,2024-06-16T10:15:00,46,peak+early_peak+area_0_60+area_60_120+area_120_180+area_0_180+steepest_15min_rise+rise_0_30+peak_time+positive_duration+area_centroid+late_area_fraction,2,10.0,66.0,0.0,66.0,False
27,2024-06-19T10:11:00,47,peak+early_peak+area_0_60+area_60_120+area_120_180+area_0_180+steepest_15min_rise+rise_0_30+peak_time+positive_duration+area_centroid+late_area_fraction,2,100.0,24.0,32.53292999198284,8.53292999198284,False
27,2024-06-16T10:15:00,47,peak+early_peak+area_0_60+area_60_120+area_120_180+area_0_180+steepest_15min_rise+rise_0_30+peak_time+positive_duration+area_centroid+late_area_fraction,2,100.0,66.0,20.377930367100113,45.62206963289989,False
31,2022-07-08T07:18:00,0,peak,1,1.0,24.0,43.11008056415629,19.11008056415629,False
31,2022-07-05T07:45:00,0,peak,1,1.0,66.0,48.718872689218706,17.281127310781294,False
31,2022-07-08T07:18:00,1,peak,1,10.0,24.0,43.39356847953285,19.393568479532853,False
31,2022-07-05T07:45:00,1,peak,1,10.0,66.0,48.1610417858359,17.8389582141641,False
31,2022-07-08T07:18:00,2,peak,1,100.0,24.0,44.35742739181314,20.35742739181314,False
31,2022-07-05T07:45:00,2,peak,1,100.0,66.0,46.26441671433436,19.73558328566564,False
31,2022-07-08T07:18:00,3,peak,2,1.0,24.0,40.85123698571108,16.851236985711083,False
31,2022-07-05T07:45:00,3,peak,2,1.0,66.0,47.57780674196066,18.422193258039343,False
31,2022-07-08T07:18:00,4,peak,2,10.0,24.0,41.74505263058977,17.74505263058977,False
31,2022-07-05T07:45:00,4,peak,2,10.0,66.0,47.1551049805911,18.844895019408902,False
31,2022-07-08T07:18:00,5,peak,2,100.0,24.0,43.9673409444756,19.967340944475602,False
31,2022-07-05T07:45:00,5,peak,2,100.0,66.0,45.8566120902352,20.143387909764797,False
31,2022-07-08T07:18:00,6,area_60_120,1,1.0,24.0,36.213283668555,12.213283668555,False
31,2022-07-05T07:45:00,6,area_60_120,1,1.0,66.0,45.828286102208594,20.171713897791406,False
31,2022-07-08T07:18:00,7,area_60_120,1,10.0,24.0,37.53129111827174,13.531291118271739,False
31,2022-07-05T07:45:00,7,area_60_120,1,10.0,66.0,45.70404318687731,20.295956813122693,False
31,2022-07-08T07:18:00,8,area_60_120,1,100.0,24.0,42.01251644730869,18.01251644730869,False
31,2022-07-05T07:45:00,8,area_60_120,1,100.0,66.0,45.28161727475092,20.71838272524908,False
31,2022-07-08T07:18:00,9,area_60_120,2,1.0,24.0,30.464485265567305,6.464485265567305,False
31,2022-07-05T07:45:00,9,area_60_120,2,1.0,66.0,49.127775338936196,16.872224661063804,False
31,2022-07-08T07:18:00,10,area_60_120,2,10.0,24.0,35.53959407939497,11.539594079394973,False
31,2022-07-05T07:45:00,10,area_60_120,2,10.0,66.0,47.02612398248893,18.973876017511067,False
31,2022-07-08T07:18:00,11,area_60_120,2,100.0,24.0,42.117990649312944,18.117990649312944,False
31,2022-07-05T07:45:00,11,area_60_120,2,100.0,66.0,45.10624598276351,20.89375401723649,False
31,2022-07-08T07:18:00,12,area_centroid,1,1.0,24.0,43.8254867941513,19.825486794151303,False
31,2022-07-05T07:45:00,12,area_centroid,1,1.0,66.0,44.52484465337927,21.47515534662073,False
31,2022-07-08T07:18:00,13,area_centroid,1,10.0,24.0,44.00166377502861,20.00166377502861,False
31,2022-07-05T07:45:00,13,area_centroid,1,10.0,66.0,44.59611795537238,21.403882044627622,False
31,2022-07-08T07:18:00,14,area_centroid,1,100.0,24.0,44.600665510011446,20.600665510011446,False
31,2022-07-05T07:45:00,14,area_centroid,1,100.0,66.0,44.838447182148954,21.161552817851046,False
31,2022-07-08T07:18:00,15,area_centroid,2,1.0,24.0,44.21345952849698,20.213459528496983,False
31,2022-07-05T07:45:00,15,area_centroid,2,1.0,66.0,45.14273120798031,20.85726879201969,False
31,2022-07-08T07:18:00,16,area_centroid,2,10.0,24.0,44.18748662352847,20.18748662352847,False
31,2022-07-05T07:45:00,16,area_centroid,2,10.0,66.0,44.864900334010926,21.135099665989074,False
31,2022-07-08T07:18:00,17,area_centroid,2,100.0,24.0,44.50935306334387,20.509353063343873,False
31,2022-07-05T07:45:00,17,area_centroid,2,100.0,66.0,44.73442695188158,21.26557304811842,False
31,2022-07-08T07:18:00,18,peak+area_60_120,1,1.0,24.0,36.051609708248094,12.051609708248094,False
31,2022-07-05T07:45:00,18,peak+area_60_120,1,1.0,66.0,47.99758439507365,18.002415604926348,False
31,2022-07-08T07:18:00,19,peak+area_60_120,1,10.0,24.0,37.24376986349092,13.243769863490918,False
31,2022-07-05T07:45:00,19,peak+area_60_120,1,10.0,66.0,47.72973324776113,18.270266752238868,False
31,2022-07-08T07:18:00,20,peak+area_60_120,1,100.0,24.0,41.62225268087298,17.622252680872982,False
31,2022-07-05T07:45:00,20,peak+area_60_120,1,100.0,66.0,46.3513817134767,19.648618286523302,False
31,2022-07-08T07:18:00,21,peak+area_60_120,2,1.0,24.0,31.34360205784185,7.343602057841849,False
31,2022-07-05T07:45:00,21,peak+area_60_120,2,1.0,66.0,51.300844366267455,14.699155633732545,False
31,2022-07-08T07:18:00,22,peak+area_60_120,2,10.0,24.0,36.0470983908009,12.047098390800898,False
31,2022-07-05T07:45:00,22,peak+area_60_120,2,10.0,66.0,49.61140934509073,16.388590654909272,False
31,2022-07-08T07:18:00,23,peak+area_60_120,2,100.0,24.0,41.61965978305501,17.619659783055013,False
31,2022-07-05T07:45:00,23,peak+area_60_120,2,100.0,66.0,46.256988867488104,19.743011132511896,False
31,2022-07-08T07:18:00,24,peak+area_centroid,1,1.0,24.0,42.21348568587587,18.213485685875867,False
31,2022-07-05T07:45:00,24,peak+area_centroid,1,1.0,66.0,47.905148841425515,18.094851158574485,False
31,2022-07-08T07:18:00,25,peak+area_centroid,1,10.0,24.0,42.59854236627852,18.598542366278522,False
31,2022-07-05T07:45:00,25,peak+area_centroid,1,10.0,66.0,47.509963748420944,18.490036251579056,False
31,2022-07-08T07:18:00,26,peak+area_centroid,1,100.0,24.0,43.99207831229887,19.992078312298872,False
31,2022-07-05T07:45:00,26,peak+area_centroid,1,100.0,66.0,46.061799676383174,19.938200323616826,False
31,2022-07-08T07:18:00,27,peak+area_centroid,2,1.0,24.0,40.562063764511684,16.562063764511684,False
31,2022-07-05T07:45:00,27,peak+area_centroid,2,1.0,66.0,47.5766217554565,18.4233782445435,False
31,2022-07-08T07:18:00,28,peak+area_centroid,2,10.0,24.0,41.33070669168156,17.330706691681563,False
31,2022-07-05T07:45:00,28,peak+area_centroid,2,10.0,66.0,47.16135619888341,18.83864380111659,False
31,2022-07-08T07:18:00,29,peak+area_centroid,2,100.0,24.0,43.569837279045174,19.569837279045174,False
31,2022-07-05T07:45:00,29,peak+area_centroid,2,100.0,66.0,45.768770827913585,20.231229172086415,False
31,2022-07-08T07:18:00,30,area_60_120+area_centroid,1,1.0,24.0,36.11547568341415,12.115475683414147,False
31,2022-07-05T07:45:00,30,area_60_120+area_centroid,1,1.0,66.0,45.36741573040914,20.632584269590858,False
31,2022-07-08T07:18:00,31,area_60_120+area_centroid,1,10.0,24.0,37.333932184500334,13.333932184500334,False
31,2022-07-05T07:45:00,31,area_60_120+area_centroid,1,10.0,66.0,45.309383855725386,20.690616144274614,False
31,2022-07-08T07:18:00,32,area_60_120+area_centroid,1,100.0,24.0,41.75472359791036,17.754723597910363,False
31,2022-07-05T07:45:00,32,area_60_120+area_centroid,1,100.0,66.0,45.120969610328906,20.879030389671094,False
31,2022-07-08T07:18:00,33,area_60_120+area_centroid,2,1.0,24.0,23.424715226589424,0.5752847734105764,True
31,2022-07-05T07:45:00,33,area_60_120+area_centroid,2,1.0,66.0,48.87900521523849,17.120994784761507,False
31,2022-07-08T07:18:00,34,area_60_120+area_centroid,2,10.0,24.0,34.25904744232388,10.259047442323883,False
31,2022-07-05T07:45:00,34,area_60_120+area_centroid,2,10.0,66.0,46.3481023215585,19.6518976784415,False
31,2022-07-08T07:18:00,35,area_60_120+area_centroid,2,100.0,24.0,41.67956342754313,17.67956342754313,False
31,2022-07-05T07:45:00,35,area_60_120+area_centroid,2,100.0,66.0,44.84242241358613,21.157577586413872,False
31,2022-07-08T07:18:00,36,peak+area_60_120+area_centroid,1,1.0,24.0,35.96937238721069,11.96937238721069,False
31,2022-07-05T07:45:00,36,peak+area_60_120+area_centroid,1,1.0,66.0,47.38216949085289,18.61783050914711,False
31,2022-07-08T07:18:00,37,peak+area_60_120+area_centroid,1,10.0,24.0,37.07266924331763,13.072669243317627,False
31,2022-07-05T07:45:00,37,peak+area_60_120+area_centroid,1,10.0,66.0,47.20622412485038,18.79377587514962,False
31,2022-07-08T07:18:00,38,peak+area_60_120+area_centroid,1,100.0,24.0,41.382786213600085,17.382786213600085,False
31,2022-07-05T07:45:00,38,peak+area_60_120+area_centroid,1,100.0,66.0,46.15883816474613,19.84116183525387,False
31,2022-07-08T07:18:00,39,peak+area_60_120+area_centroid,2,1.0,24.0,24.051144457607766,0.05114445760776576,True
31,2022-07-05T07:45:00,39,peak+area_60_120+area_centroid,2,1.0,66.0,51.393460768632686,14.606539231367314,False
31,2022-07-08T07:18:00,40,peak+area_60_120+area_centroid,2,10.0,24.0,34.46109061389637,10.461090613896367,False
31,2022-07-05T07:45:00,40,peak+area_60_120+area_centroid,2,10.0,66.0,48.823105204474,17.176894795526003,False
31,2022-07-08T07:18:00,41,peak+area_60_120+area_centroid,2,100.0,24.0,41.308700239465345,17.308700239465345,False
31,2022-07-05T07:45:00,41,peak+area_60_120+area_centroid,2,100.0,66.0,46.02616177300807,19.97383822699193,False
31,2022-07-08T07:18:00,42,peak+early_peak+area_0_60+area_60_120+area_120_180+area_0_180+steepest_15min_rise+rise_0_30+peak_time+positive_duration+area_centroid+late_area_fraction,1,1.0,24.0,34.7791445954591,10.779144595459101,False
31,2022-07-05T07:45:00,42,peak+early_peak+area_0_60+area_60_120+area_120_180+area_0_180+steepest_15min_rise+rise_0_30+peak_time+positive_duration+area_centroid+late_area_fraction,1,1.0,66.0,54.336661710806275,11.663338289193725,False
31,2022-07-08T07:18:00,43,peak+early_peak+area_0_60+area_60_120+area_120_180+area_0_180+steepest_15min_rise+rise_0_30+peak_time+positive_duration+area_centroid+late_area_fraction,1,10.0,24.0,41.54100231456473,17.54100231456473,False
31,2022-07-05T07:45:00,43,peak+early_peak+area_0_60+area_60_120+area_120_180+area_0_180+steepest_15min_rise+rise_0_30+peak_time+positive_duration+area_centroid+late_area_fraction,1,10.0,66.0,54.17377811464681,11.826221885353192,False
31,2022-07-08T07:18:00,44,peak+early_peak+area_0_60+area_60_120+area_120_180+area_0_180+steepest_15min_rise+rise_0_30+peak_time+positive_duration+area_centroid+late_area_fraction,1,100.0,24.0,44.58289041186439,20.58289041186439,False
31,2022-07-05T07:45:00,44,peak+early_peak+area_0_60+area_60_120+area_120_180+area_0_180+steepest_15min_rise+rise_0_30+peak_time+positive_duration+area_centroid+late_area_fraction,1,100.0,66.0,50.1363994797847,15.8636005202153,False
31,2022-07-08T07:18:00,45,peak+early_peak+area_0_60+area_60_120+area_120_180+area_0_180+steepest_15min_rise+rise_0_30+peak_time+positive_duration+area_centroid+late_area_fraction,2,1.0,24.0,53.908196463839374,29.908196463839374,False
31,2022-07-05T07:45:00,45,peak+early_peak+area_0_60+area_60_120+area_120_180+area_0_180+steepest_15min_rise+rise_0_30+peak_time+positive_duration+area_centroid+late_area_fraction,2,1.0,66.0,61.599644847019896,4.400355152980104,True
31,2022-07-08T07:18:00,46,peak+early_peak+area_0_60+area_60_120+area_120_180+area_0_180+steepest_15min_rise+rise_0_30+peak_time+positive_duration+area_centroid+late_area_fraction,2,10.0,24.0,43.73717203251969,19.737172032519688,False
31,2022-07-05T07:45:00,46,peak+early_peak+area_0_60+area_60_120+area_120_180+area_0_180+steepest_15min_rise+rise_0_30+peak_time+positive_duration+area_centroid+late_area_fraction,2,10.0,66.0,61.65498035225647,4.345019647743527,True
31,2022-07-08T07:18:00,47,peak+early_peak+area_0_60+area_60_120+area_120_180+area_0_180+steepest_15min_rise+rise_0_30+peak_time+positive_duration+area_centroid+late_area_fraction,2,100.0,24.0,45.128393359607465,21.128393359607465,False
31,2022-07-05T07:45:00,47,peak+early_peak+area_0_60+area_60_120+area_120_180+area_0_180+steepest_15min_rise+rise_0_30+peak_time+positive_duration+area_centroid+late_area_fraction,2,100.0,66.0,50.7786096819824,15.221390318017598,False
32,2022-01-10T05:10:00,0,peak,1,1.0,24.0,52.42604203860574,28.426042038605743,False
32,2022-01-07T07:01:00,0,peak,1,1.0,66.0,34.65451967271132,31.345480327288683,False
32,2022-01-10T05:10:00,1,peak,1,10.0,24.0,51.31213573281487,27.312135732814873,False
32,2022-01-07T07:01:00,1,peak,1,10.0,66.0,36.20634172180463,29.793658278195373,False
32,2022-01-10T05:10:00,2,peak,1,100.0,24.0,47.52485429312595,23.524854293125948,False
32,2022-01-07T07:01:00,2,peak,1,100.0,66.0,41.48253668872185,24.51746331127815,False
32,2022-01-10T05:10:00,3,peak,2,1.0,24.0,52.917518609863585,28.917518609863585,False
32,2022-01-07T07:01:00,3,peak,2,1.0,66.0,36.47734392683911,29.52265607316089,False
32,2022-01-10T05:10:00,4,peak,2,10.0,24.0,51.48117675261826,27.48117675261826,False
32,2022-01-07T07:01:00,4,peak,2,10.0,66.0,37.852080129357624,28.147919870642376,False
32,2022-01-10T05:10:00,5,peak,2,100.0,24.0,47.395057534914436,23.395057534914436,False
32,2022-01-07T07:01:00,5,peak,2,100.0,66.0,42.14225209133561,23.857747908664393,False
32,2022-01-10T05:10:00,6,area_60_120,1,1.0,24.0,43.84266529137612,19.84266529137612,False
32,2022-01-07T07:01:00,6,area_60_120,1,1.0,66.0,44.39598463587084,21.60401536412916,False
32,2022-01-10T05:10:00,7,area_60_120,1,10.0,24.0,44.01626549766971,20.016265497669707,False
32,2022-01-07T07:01:00,7,area_60_120,1,10.0,66.0,44.48658694049021,21.513413059509787,False
32,2022-01-10T05:10:00,8,area_60_120,1,100.0,24.0,44.60650619906789,20.606506199067887,False
32,2022-01-07T07:01:00,8,area_60_120,1,100.0,66.0,44.794634776196084,21.205365223803916,False
32,2022-01-10T05:10:00,9,area_60_120,2,1.0,24.0,46.04799095872723,22.047990958727233,False
32,2022-01-07T07:01:00,9,area_60_120,2,1.0,66.0,47.008855903643656,18.991144096356344,False
32,2022-01-10T05:10:00,10,area_60_120,2,10.0,24.0,45.01600877086488,21.01600877086488,False
32,2022-01-07T07:01:00,10,area_60_120,2,10.0,66.0,45.63648001435464,20.36351998564536,False
32,2022-01-10T05:10:00,11,area_60_120,2,100.0,24.0,44.47504528813553,20.475045288135533,False
32,2022-01-07T07:01:00,11,area_60_120,2,100.0,66.0,44.65588215849716,21.344117841502843,False
32,2022-01-10T05:10:00,12,area_centroid,1,1.0,24.0,48.500727064851326,24.500727064851326,False
32,2022-01-07T07:01:00,12,area_centroid,1,1.0,66.0,41.38118378538722,24.618816214612778,False
32,2022-01-10T05:10:00,13,area_centroid,1,10.0,24.0,47.975618005123636,23.975618005123636,False
32,2022-01-07T07:01:00,13,area_centroid,1,10.0,66.0,41.92400621757913,24.075993782420873,False
32,2022-01-10T05:10:00,14,area_centroid,1,100.0,24.0,46.190247202049456,22.190247202049456,False
32,2022-01-07T07:01:00,14,area_centroid,1,100.0,66.0,43.76960248703165,22.230397512968352,False
32,2022-01-10T05:10:00,15,area_centroid,2,1.0,24.0,50.39919395703015,26.39919395703015,False
32,2022-01-07T07:01:00,15,area_centroid,2,1.0,66.0,40.81542853766185,25.18457146233815,False
32,2022-01-10T05:10:00,16,area_centroid,2,10.0,24.0,48.743134690388956,24.743134690388956,False
32,2022-01-07T07:01:00,16,area_centroid,2,10.0,66.0,41.75659690893063,24.243403091069368,False
32,2022-01-10T05:10:00,17,area_centroid,2,100.0,24.0,46.07457166741795,22.07457166741795,False
32,2022-01-07T07:01:00,17,area_centroid,2,100.0,66.0,43.739616672406285,22.260383327593715,False
32,2022-01-10T05:10:00,18,peak+area_60_120,1,1.0,24.0,49.12409775913919,25.12409775913919,False
32,2022-01-07T07:01:00,18,peak+area_60_120,1,1.0,66.0,37.3993266443546,28.600673355645398,False
32,2022-01-10T05:10:00,19,peak+area_60_120,1,10.0,24.0,48.75515256576056,24.75515256576056,False
32,2022-01-07T07:01:00,19,peak+area_60_120,1,10.0,66.0,38.161557356007314,27.838442643992686,False
32,2022-01-10T05:10:00,20,peak+area_60_120,1,100.0,24.0,46.86010743889323,22.86010743889323,False
32,2022-01-07T07:01:00,20,peak+area_60_120,1,100.0,66.0,41.70871454579719,24.291285454202807,False
32,2022-01-10T05:10:00,21,peak+area_60_120,2,1.0,24.0,55.985699915690134,31.985699915690134,False
32,2022-01-07T07:01:00,21,peak+area_60_120,2,1.0,66.0,36.27998784239272,29.72001215760728,False
32,2022-01-10T05:10:00,22,peak+area_60_120,2,10.0,24.0,52.18520041907465,28.185200419074647,False
32,2022-01-07T07:01:00,22,peak+area_60_120,2,10.0,66.0,36.07244454375228,29.927555456247717,False
32,2022-01-10T05:10:00,23,peak+area_60_120,2,100.0,24.0,47.07234110168423,23.07234110168423,False
32,2022-01-07T07:01:00,23,peak+area_60_120,2,100.0,66.0,41.3807904125775,24.619209587422503,False
32,2022-01-10T05:10:00,24,peak+area_centroid,1,1.0,24.0,55.18778139941318,31.187781399413183,False
32,2022-01-07T07:01:00,24,peak+area_centroid,1,1.0,66.0,31.975524519905246,34.02447548009475,False
32,2022-01-10T05:10:00,25,peak+area_centroid,1,10.0,24.0,53.748202112837156,29.748202112837156,False
32,2022-01-07T07:01:00,25,peak+area_centroid,1,10.0,66.0,33.816572594760686,32.183427405239314,False
32,2022-01-10T05:10:00,26,peak+area_centroid,1,100.0,24.0,48.62556609210377,24.625566092103767,False
32,2022-01-07T07:01:00,26,peak+area_centroid,1,100.0,66.0,40.36603556120427,25.63396443879573,False
32,2022-01-10T05:10:00,27,peak+area_centroid,2,1.0,24.0,54.82444701978363,30.824447019783634,False
32,2022-01-07T07:01:00,27,peak+area_centroid,2,1.0,66.0,32.10409568952949,33.89590431047051,False
32,2022-01-10T05:10:00,28,peak+area_centroid,2,10.0,24.0,52.96812820989735,28.96812820989735,False
32,2022-01-07T07:01:00,28,peak+area_centroid,2,10.0,66.0,33.7881601258681,32.2118398741319,False
32,2022-01-10T05:10:00,29,peak+area_centroid,2,100.0,24.0,47.935814500156916,23.935814500156916,False
32,2022-01-07T07:01:00,29,peak+area_centroid,2,100.0,66.0,40.03737959649255,25.96262040350745,False
32,2022-01-10T05:10:00,30,area_60_120+area_centroid,1,1.0,24.0,46.785767833288226,22.785767833288226,False
32,2022-01-07T07:01:00,30,area_60_120+area_centroid,1,1.0,66.0,41.53745179397613,24.462548206023868,False
32,2022-01-10T05:10:00,31,area_60_120+area_centroid,1,10.0,24.0,46.585054261715015,22.585054261715015,False
32,2022-01-07T07:01:00,31,area_60_120+area_centroid,1,10.0,66.0,41.968368634539424,24.031631365460576,False
32,2022-01-10T05:10:00,32,area_60_120+area_centroid,1,100.0,24.0,45.72896816312609,21.72896816312609,False
32,2022-01-07T07:01:00,32,area_60_120+area_centroid,1,100.0,66.0,43.65879807304128,22.341201926958718,False
32,2022-01-10T05:10:00,33,area_60_120+area_centroid,2,1.0,24.0,48.797680189920925,24.797680189920925,False
32,2022-01-07T07:01:00,33,area_60_120+area_centroid,2,1.0,66.0,43.87615262316989,22.123847376830113,False
32,2022-01-10T05:10:00,34,area_60_120+area_centroid,2,10.0,24.0,47.292547554021155,23.292547554021155,False
32,2022-01-07T07:01:00,34,area_60_120+area_centroid,2,10.0,66.0,42.90092034199532,23.099079658004683,False
32,2022-01-10T05:10:00,35,area_60_120+area_centroid,2,100.0,24.0,45.44501233896598,21.44501233896598,False
32,2022-01-07T07:01:00,35,area_60_120+area_centroid,2,100.0,66.0,43.523483339553636,22.476516660446364,False
32,2022-01-10T05:10:00,36,peak+area_60_120+area_centroid,1,1.0,24.0,51.847529006119935,27.847529006119935,False
32,2022-01-07T07:01:00,36,peak+area_60_120+area_centroid,1,1.0,66.0,34.80954713947317,31.190452860526833,False
32,2022-01-10T05:10:00,37,peak+area_60_120+area_centroid,1,10.0,24.0,51.114724931970656,27.114724931970656,False
32,2022-01-07T07:01:00,37,peak+area_60_120+area_centroid,1,10.0,66.0,35.90061265947972,30.09938734052028,False
32,2022-01-10T05:10:00,38,peak+area_60_120+area_centroid,1,100.0,24.0,47.917660102255226,23.917660102255226,False
32,2022-01-07T07:01:00,38,peak+area_60_120+area_centroid,1,100.0,66.0,40.654262393136,25.345737606864,False
32,2022-01-10T05:10:00,39,peak+area_60_120+area_centroid,2,1.0,24.0,56.712695518825484,32.712695518825484,False
32,2022-01-07T07:01:00,39,peak+area_60_120+area_centroid,2,1.0,66.0,27.731005643480927,38.26899435651907,False
32,2022-01-10T05:10:00,40,peak+area_60_120+area_centroid,2,10.0,24.0,53.84146772026868,29.84146772026868,False
32,2022-01-07T07:01:00,40,peak+area_60_120+area_centroid,2,10.0,66.0,32.15489544610122,33.84510455389878,False
32,2022-01-10T05:10:00,41,peak+area_60_120+area_centroid,2,100.0,24.0,47.56681326400739,23.566813264007394,False
32,2022-01-07T07:01:00,41,peak+area_60_120+area_centroid,2,100.0,66.0,39.63611307325556,26.363886926744442,False
32,2022-01-10T05:10:00,42,peak+early_peak+area_0_60+area_60_120+area_120_180+area_0_180+steepest_15min_rise+rise_0_30+peak_time+positive_duration+area_centroid+late_area_fraction,1,1.0,24.0,45.834863832722235,21.834863832722235,False
32,2022-01-07T07:01:00,42,peak+early_peak+area_0_60+area_60_120+area_120_180+area_0_180+steepest_15min_rise+rise_0_30+peak_time+positive_duration+area_centroid+late_area_fraction,1,1.0,66.0,32.294517870834355,33.705482129165645,False
32,2022-01-10T05:10:00,43,peak+early_peak+area_0_60+area_60_120+area_120_180+area_0_180+steepest_15min_rise+rise_0_30+peak_time+positive_duration+area_centroid+late_area_fraction,1,10.0,24.0,50.27565851206005,26.275658512060048,False
32,2022-01-07T07:01:00,43,peak+early_peak+area_0_60+area_60_120+area_120_180+area_0_180+steepest_15min_rise+rise_0_30+peak_time+positive_duration+area_centroid+late_area_fraction,1,10.0,66.0,36.453855289769805,29.546144710230195,False
32,2022-01-10T05:10:00,44,peak+early_peak+area_0_60+area_60_120+area_120_180+area_0_180+steepest_15min_rise+rise_0_30+peak_time+positive_duration+area_centroid+late_area_fraction,1,100.0,24.0,51.32462780954783,27.324627809547827,False
32,2022-01-07T07:01:00,44,peak+early_peak+area_0_60+area_60_120+area_120_180+area_0_180+steepest_15min_rise+rise_0_30+peak_time+positive_duration+area_centroid+late_area_fraction,1,100.0,66.0,43.23598400449263,22.76401599550737,False
32,2022-01-10T05:10:00,45,peak+early_peak+area_0_60+area_60_120+area_120_180+area_0_180+steepest_15min_rise+rise_0_30+peak_time+positive_duration+area_centroid+late_area_fraction,2,1.0,24.0,44.29968220739722,20.29968220739722,False
32,2022-01-07T07:01:00,45,peak+early_peak+area_0_60+area_60_120+area_120_180+area_0_180+steepest_15min_rise+rise_0_30+peak_time+positive_duration+area_centroid+late_area_fraction,2,1.0,66.0,0.0,66.0,False
32,2022-01-10T05:10:00,46,peak+early_peak+area_0_60+area_60_120+area_120_180+area_0_180+steepest_15min_rise+rise_0_30+peak_time+positive_duration+area_centroid+late_area_fraction,2,10.0,24.0,39.6150945080452,15.615094508045203,False
32,2022-01-07T07:01:00,46,peak+early_peak+area_0_60+area_60_120+area_120_180+area_0_180+steepest_15min_rise+rise_0_30+peak_time+positive_duration+area_centroid+late_area_fraction,2,10.0,66.0,27.11421607734045,38.88578392265955,False
32,2022-01-10T05:10:00,47,peak+early_peak+area_0_60+area_60_120+area_120_180+area_0_180+steepest_15min_rise+rise_0_30+peak_time+positive_duration+area_centroid+late_area_fraction,2,100.0,24.0,47.20914455858517,23.209144558585173,False
32,2022-01-07T07:01:00,47,peak+early_peak+area_0_60+area_60_120+area_120_180+area_0_180+steepest_15min_rise+rise_0_30+peak_time+positive_duration+area_centroid+late_area_fraction,2,100.0,66.0,42.78658524215706,23.21341475784294,False
33,2022-04-25T07:22:00,0,peak,1,1.0,24.0,41.695779612129236,17.695779612129236,False
33,2022-04-22T09:56:00,0,peak,1,1.0,66.0,49.03756619808442,16.96243380191558,False
33,2022-04-25T07:22:00,1,peak,1,10.0,24.0,42.19141267030983,18.19141267030983,False
33,2022-04-22T09:56:00,1,peak,1,10.0,66.0,48.43193126837178,17.568068731628223,False
33,2022-04-25T07:22:00,2,peak,1,100.0,24.0,43.87656506812393,19.87656506812393,False
33,2022-04-22T09:56:00,2,peak,1,100.0,66.0,46.372772507348714,19.627227492651286,False
33,2022-04-25T07:22:00,3,peak,2,1.0,24.0,39.66915111913199,15.669151119131989,False
33,2022-04-22T09:56:00,3,peak,2,1.0,66.0,49.36329572856256,16.636704271437438,False
33,2022-04-25T07:22:00,4,peak,2,10.0,24.0,40.86573186795033,16.86573186795033,False
33,2022-04-22T09:56:00,4,peak,2,10.0,66.0,48.43373033143506,17.566269668564942,False
33,2022-04-25T07:22:00,5,peak,2,100.0,24.0,43.69706068454009,19.69706068454009,False
33,2022-04-22T09:56:00,5,peak,2,100.0,66.0,46.144430895748314,19.855569104251686,False
33,2022-04-25T07:22:00,6,area_60_120,1,1.0,24.0,34.948821594028416,10.948821594028416,False
33,2022-04-22T09:56:00,6,area_60_120,1,1.0,66.0,51.41975476831208,14.580245231687918,False
33,2022-04-25T07:22:00,7,area_60_120,1,10.0,24.0,36.45649835492413,12.456498354924129,False
33,2022-04-22T09:56:00,7,area_60_120,1,10.0,66.0,50.45679155306529,15.543208446934713,False
33,2022-04-25T07:22:00,8,area_60_120,1,100.0,24.0,41.582599341969654,17.582599341969654,False
33,2022-04-22T09:56:00,8,area_60_120,1,100.0,66.0,47.18271662122611,18.817283378773887,False
33,2022-04-25T07:22:00,9,area_60_120,2,1.0,24.0,26.789041584935923,2.789041584935923,False
33,2022-04-22T09:56:00,9,area_60_120,2,1.0,66.0,57.12537250000636,8.874627499993643,False
33,2022-04-25T07:22:00,10,area_60_120,2,10.0,24.0,33.62141111666883,9.621411116668831,False
33,2022-04-22T09:56:00,10,area_60_120,2,10.0,66.0,52.46606373996802,13.533936260031979,False
33,2022-04-25T07:22:00,11,area_60_120,2,100.0,24.0,41.77685905031889,17.77685905031889,False
33,2022-04-22T09:56:00,11,area_60_120,2,100.0,66.0,47.02955280240819,18.97044719759181,False
33,2022-04-25T07:22:00,12,area_centroid,1,1.0,24.0,39.574140120452626,15.574140120452626,False
33,2022-04-22T09:56:00,12,area_centroid,1,1.0,66.0,49.23812511057428,16.76187488942572,False
33,2022-04-25T07:22:00,13,area_centroid,1,10.0,24.0,40.388019102384746,16.388019102384746,False
33,2022-04-22T09:56:00,13,area_centroid,1,10.0,66.0,48.602406343988136,17.397593656011864,False
33,2022-04-25T07:22:00,14,area_centroid,1,100.0,24.0,43.1552076409539,19.155207640953897,False
33,2022-04-22T09:56:00,14,area_centroid,1,100.0,66.0,46.440962537595254,19.559037462404746,False
33,2022-04-25T07:22:00,15,area_centroid,2,1.0,24.0,38.16208429191752,14.162084291917523,False
33,2022-04-22T09:56:00,15,area_centroid,2,1.0,66.0,50.76232411323118,15.23767588676882,False
33,2022-04-25T07:22:00,16,area_centroid,2,10.0,24.0,39.93837288400073,15.938372884000728,False
33,2022-04-22T09:56:00,16,area_centroid,2,10.0,66.0,49.114893414002346,16.885106585997654,False
33,2022-04-25T07:22:00,17,area_centroid,2,100.0,24.0,43.22215592441832,19.222155924418317,False
33,2022-04-22T09:56:00,17,area_centroid,2,100.0,66.0,46.31178861244349,19.688211387556507,False
33,2022-04-25T07:22:00,18,peak+area_60_120,1,1.0,24.0,33.33469284397588,9.33469284397588,False
33,2022-04-22T09:56:00,18,peak+area_60_120,1,1.0,66.0,53.81075980225735,12.189240197742649,False
33,2022-04-25T07:22:00,19,peak+area_60_120,1,10.0,24.0,34.90539174434722,10.90539174434722,False
33,2022-04-22T09:56:00,19,peak+area_60_120,1,10.0,66.0,52.67271651319232,13.32728348680768,False
33,2022-04-25T07:22:00,20,peak+area_60_120,1,100.0,24.0,40.68177341916727,16.68177341916727,False
33,2022-04-22T09:56:00,20,peak+area_60_120,1,100.0,66.0,48.3448855638312,17.6551144361688,False
33,2022-04-25T07:22:00,21,peak+area_60_120,2,1.0,24.0,25.692002625615086,1.6920026256150855,True
33,2022-04-22T09:56:00,21,peak+area_60_120,2,1.0,66.0,57.841218131964965,8.158781868035035,False
33,2022-04-25T07:22:00,22,peak+area_60_120,2,10.0,24.0,32.058446146022526,8.058446146022526,False
33,2022-04-22T09:56:00,22,peak+area_60_120,2,10.0,66.0,54.1218444326764,11.878155567323603,False
33,2022-04-25T07:22:00,23,peak+area_60_120,2,100.0,24.0,40.662210237314085,16.662210237314085,False
33,2022-04-22T09:56:00,23,peak+area_60_120,2,100.0,66.0,48.09148000950758,17.908519990492422,False
33,2022-04-25T07:22:00,24,peak+area_centroid,1,1.0,24.0,36.67546010802639,12.675460108026392,False
33,2022-04-22T09:56:00,24,peak+area_centroid,1,1.0,66.0,52.87024126089902,13.129758739100978,False
33,2022-04-25T07:22:00,25,peak+area_centroid,1,10.0,24.0,37.874633147921,13.874633147921003,False
33,2022-04-22T09:56:00,25,peak+area_centroid,1,10.0,66.0,51.73932663761208,14.26067336238792,False
33,2022-04-25T07:22:00,26,peak+area_centroid,1,100.0,24.0,42.080238556567615,18.080238556567615,False
33,2022-04-22T09:56:00,26,peak+area_centroid,1,100.0,66.0,47.76536761021059,18.23463238978941,False
33,2022-04-25T07:22:00,27,peak+area_centroid,2,1.0,24.0,34.02479896165843,10.024798961658433,False
33,2022-04-22T09:56:00,27,peak+area_centroid,2,1.0,66.0,51.526120581989076,14.473879418010924,False
33,2022-04-25T07:22:00,28,peak+area_centroid,2,10.0,24.0,35.79315129959525,11.793151299595252,False
33,2022-04-22T09:56:00,28,peak+area_centroid,2,10.0,66.0,50.29299344236857,15.70700655763143,False
33,2022-04-25T07:22:00,29,peak+area_centroid,2,100.0,24.0,41.16502155771172,17.165021557711718,False
33,2022-04-22T09:56:00,29,peak+area_centroid,2,100.0,66.0,46.90590285821469,19.094097141785312,False
33,2022-04-25T07:22:00,30,area_60_120+area_centroid,1,1.0,24.0,31.318774351181872,7.318774351181872,False
33,2022-04-22T09:56:00,30,area_60_120+area_centroid,1,1.0,66.0,54.3713012906732,11.628698709326798,False
33,2022-04-25T07:22:00,31,area_60_120+area_centroid,1,10.0,24.0,33.16800720072897,9.168007200728972,False
33,2022-04-22T09:56:00,31,area_60_120+area_centroid,1,10.0,66.0,53.11192793067273,12.888072069327272,False
33,2022-04-25T07:22:00,32,area_60_120+area_centroid,1,100.0,24.0,39.96486431375548,15.964864313755477,False
33,2022-04-22T09:56:00,32,area_60_120+area_centroid,1,100.0,66.0,48.46164870116915,17.538351298830847,False
33,2022-04-25T07:22:00,33,area_60_120+area_centroid,2,1.0,24.0,22.518767030023977,1.4812329699760234,True
33,2022-04-22T09:56:00,33,area_60_120+area_centroid,2,1.0,66.0,68.90455939799602,2.9045593979960245,True
33,2022-04-25T07:22:00,34,area_60_120+area_centroid,2,10.0,24.0,30.859209152397362,6.859209152397362,False
33,2022-04-22T09:56:00,34,area_60_120+area_centroid,2,10.0,66.0,56.135093388783815,9.864906611216185,False
33,2022-04-25T07:22:00,35,area_60_120+area_centroid,2,100.0,24.0,40.098621318920856,16.098621318920856,False
33,2022-04-22T09:56:00,35,area_60_120+area_centroid,2,100.0,66.0,48.109211612832524,17.890788387167476,False
33,2022-04-25T07:22:00,36,peak+area_60_120+area_centroid,1,1.0,24.0,29.82734896970807,5.827348969708069,False
33,2022-04-22T09:56:00,36,peak+area_60_120+area_centroid,1,1.0,66.0,56.62199694439558,9.378003055604417,False
33,2022-04-25T07:22:00,37,peak+area_60_120+area_centroid,1,10.0,24.0,31.72789706041422,7.727897060414222,False
33,2022-04-22T09:56:00,37,peak+area_60_120+area_centroid,1,10.0,66.0,55.20417721113809,10.795822788861912,False
33,2022-04-25T07:22:00,38,peak+area_60_120+area_centroid,1,100.0,24.0,39.09801843319108,15.09801843319108,False
33,2022-04-22T09:56:00,38,peak+area_60_120+area_centroid,1,100.0,66.0,49.58860925460604,16.41139074539396,False
33,2022-04-25T07:22:00,39,peak+area_60_120+area_centroid,2,1.0,24.0,22.137417956182997,1.862582043817003,True
33,2022-04-22T09:56:00,39,peak+area_60_120+area_centroid,2,1.0,66.0,70.02354671495259,4.023546714952587,True
33,2022-04-25T07:22:00,40,peak+area_60_120+area_centroid,2,10.0,24.0,29.9831138707879,5.9831138707879,False
33,2022-04-22T09:56:00,40,peak+area_60_120+area_centroid,2,10.0,66.0,57.957632165623664,8.042367834376336,False
33,2022-04-25T07:22:00,41,peak+area_60_120+area_centroid,2,100.0,24.0,38.70994015785956,14.709940157859563,False
33,2022-04-22T09:56:00,41,peak+area_60_120+area_centroid,2,100.0,66.0,48.80392186408851,17.196078135911492,False
33,2022-04-25T07:22:00,42,peak+early_peak+area_0_60+area_60_120+area_120_180+area_0_180+steepest_15min_rise+rise_0_30+peak_time+positive_duration+area_centroid+late_area_fraction,1,1.0,24.0,17.99061411864366,6.009385881356341,False
33,2022-04-22T09:56:00,42,peak+early_peak+area_0_60+area_60_120+area_120_180+area_0_180+steepest_15min_rise+rise_0_30+peak_time+positive_duration+area_centroid+late_area_fraction,1,1.0,66.0,68.56035428812798,2.560354288127982,True
33,2022-04-25T07:22:00,43,peak+early_peak+area_0_60+area_60_120+area_120_180+area_0_180+steepest_15min_rise+rise_0_30+peak_time+positive_duration+area_centroid+late_area_fraction,1,10.0,24.0,23.628917905812354,0.3710820941876456,True
33,2022-04-22T09:56:00,43,peak+early_peak+area_0_60+area_60_120+area_120_180+area_0_180+steepest_15min_rise+rise_0_30+peak_time+positive_duration+area_centroid+late_area_fraction,1,10.0,66.0,64.56113296246377,1.4388670375362267,True
33,2022-04-25T07:22:00,44,peak+early_peak+area_0_60+area_60_120+area_120_180+area_0_180+steepest_15min_rise+rise_0_30+peak_time+positive_duration+area_centroid+late_area_fraction,1,100.0,24.0,31.926605153825303,7.926605153825303,False
33,2022-04-22T09:56:00,44,peak+early_peak+area_0_60+area_60_120+area_120_180+area_0_180+steepest_15min_rise+rise_0_30+peak_time+positive_duration+area_centroid+late_area_fraction,1,100.0,66.0,55.24182928996404,10.758170710035962,False
33,2022-04-25T07:22:00,45,peak+early_peak+area_0_60+area_60_120+area_120_180+area_0_180+steepest_15min_rise+rise_0_30+peak_time+positive_duration+area_centroid+late_area_fraction,2,1.0,24.0,1.2397826284817839,22.760217371518216,False
33,2022-04-22T09:56:00,45,peak+early_peak+area_0_60+area_60_120+area_120_180+area_0_180+steepest_15min_rise+rise_0_30+peak_time+positive_duration+area_centroid+late_area_fraction,2,1.0,66.0,70.69940814116606,4.69940814116606,True
33,2022-04-25T07:22:00,46,peak+early_peak+area_0_60+area_60_120+area_120_180+area_0_180+steepest_15min_rise+rise_0_30+peak_time+positive_duration+area_centroid+late_area_fraction,2,10.0,24.0,21.71224021026031,2.2877597897396917,True
33,2022-04-22T09:56:00,46,peak+early_peak+area_0_60+area_60_120+area_120_180+area_0_180+steepest_15min_rise+rise_0_30+peak_time+positive_duration+area_centroid+late_area_fraction,2,10.0,66.0,61.8042255247906,4.195774475209397,True
33,2022-04-25T07:22:00,47,peak+early_peak+area_0_60+area_60_120+area_120_180+area_0_180+steepest_15min_rise+rise_0_30+peak_time+positive_duration+area_centroid+late_area_fraction,2,100.0,24.0,32.054328243253174,8.054328243253174,False
33,2022-04-22T09:56:00,47,peak+early_peak+area_0_60+area_60_120+area_120_180+area_0_180+steepest_15min_rise+rise_0_30+peak_time+positive_duration+area_centroid+late_area_fraction,2,100.0,66.0,52.1927393351505,13.807260664849501,False
34,2022-03-11T07:24:00,0,peak,1,1.0,24.0,35.312741327285025,11.312741327285025,False
34,2022-03-08T06:16:00,0,peak,1,1.0,66.0,38.357229181483895,27.642770818516105,False
34,2022-03-11T07:24:00,1,peak,1,10.0,24.0,36.76583012819228,12.765830128192277,False
34,2022-03-08T06:16:00,1,peak,1,10.0,66.0,39.353644804261315,26.646355195738685,False
34,2022-03-11T07:24:00,2,peak,1,100.0,24.0,41.70633205127691,17.70633205127691,False
34,2022-03-08T06:16:00,2,peak,1,100.0,66.0,42.74145792170452,23.258542078295477,False
34,2022-03-11T07:24:00,3,peak,2,1.0,24.0,38.13116918881078,14.13116918881078,False
34,2022-03-08T06:16:00,3,peak,2,1.0,66.0,38.22327210072558,27.77672789927442,False
34,2022-03-11T07:24:00,4,peak,2,10.0,24.0,39.262227485126104,15.262227485126104,False
34,2022-03-08T06:16:00,4,peak,2,10.0,66.0,39.47885488115044,26.52114511884956,False
34,2022-03-11T07:24:00,5,peak,2,100.0,24.0,42.73885296021092,18.73885296021092,False
34,2022-03-08T06:16:00,5,peak,2,100.0,66.0,42.997825112902575,23.002174887097425,False
34,2022-03-11T07:24:00,6,area_60_120,1,1.0,24.0,41.09040634865065,17.090406348650653,False
34,2022-03-08T06:16:00,6,area_60_120,1,1.0,66.0,44.713907579678924,21.286092420321076,False
34,2022-03-11T07:24:00,7,area_60_120,1,10.0,24.0,41.67684539635305,17.676845396353052,False
34,2022-03-08T06:16:00,7,area_60_120,1,10.0,66.0,44.75682144272709,21.243178557272913,False
34,2022-03-11T07:24:00,8,area_60_120,1,100.0,24.0,43.67073815854122,19.67073815854122,False
34,2022-03-08T06:16:00,8,area_60_120,1,100.0,66.0,44.90272857709083,21.097271422909166,False
34,2022-03-11T07:24:00,9,area_60_120,2,1.0,24.0,40.896339929238195,16.896339929238195,False
34,2022-03-08T06:16:00,9,area_60_120,2,1.0,66.0,47.43665027083868,18.563349729161317,False
34,2022-03-11T07:24:00,10,area_60_120,2,10.0,24.0,41.765037847400635,17.765037847400635,False
34,2022-03-08T06:16:00,10,area_60_120,2,10.0,66.0,45.92964889357041,20.07035110642959,False
34,2022-03-11T07:24:00,11,area_60_120,2,100.0,24.0,43.588735593254775,19.588735593254775,False
34,2022-03-08T06:16:00,11,area_60_120,2,100.0,66.0,44.753810560642265,21.246189439357735,False
34,2022-03-11T07:24:00,12,area_centroid,1,1.0,24.0,41.37121168210112,17.37121168210112,False
34,2022-03-08T06:16:00,12,area_centroid,1,1.0,66.0,46.65869391162602,19.341306088373983,False
34,2022-03-11T07:24:00,13,area_centroid,1,10.0,24.0,41.91552992978596,17.91552992978596,False
34,2022-03-08T06:16:00,13,area_centroid,1,10.0,66.0,46.40988982488211,19.590110175117893,False
34,2022-03-11T07:24:00,14,area_centroid,1,100.0,24.0,43.76621197191439,19.766211971914387,False
34,2022-03-08T06:16:00,14,area_centroid,1,100.0,66.0,45.56395592995284,20.43604407004716,False
34,2022-03-11T07:24:00,15,area_centroid,2,1.0,24.0,40.79409529728854,16.794095297288543,False
34,2022-03-08T06:16:00,15,area_centroid,2,1.0,66.0,47.787960418323,18.212039581676997,False
34,2022-03-11T07:24:00,16,area_centroid,2,10.0,24.0,41.74856501546842,17.748565015468422,False
34,2022-03-08T06:16:00,16,area_centroid,2,10.0,66.0,46.834320263077466,19.165679736922534,False
34,2022-03-11T07:24:00,17,area_centroid,2,100.0,24.0,43.7438805203098,19.7438805203098,False
34,2022-03-08T06:16:00,17,area_centroid,2,100.0,66.0,45.43176985109692,20.568230148903083,False
34,2022-03-11T07:24:00,18,peak+area_60_120,1,1.0,24.0,35.4862267994793,11.486226799479297,False
34,2022-03-08T06:16:00,18,peak+area_60_120,1,1.0,66.0,40.58112889824887,25.41887110175113,False
34,2022-03-11T07:24:00,19,peak+area_60_120,1,10.0,24.0,36.44963540968576,12.449635409685762,False
34,2022-03-08T06:16:00,19,peak+area_60_120,1,10.0,66.0,40.94546711088421,25.05453288911579,False
34,2022-03-11T07:24:00,20,peak+area_60_120,1,100.0,24.0,40.90026731811063,16.90026731811063,False
34,2022-03-08T06:16:00,20,peak+area_60_120,1,100.0,66.0,42.95680510401801,23.04319489598199,False
34,2022-03-11T07:24:00,21,peak+area_60_120,2,1.0,24.0,36.18493837998991,12.184938379989909,False
34,2022-03-08T06:16:00,21,peak+area_60_120,2,1.0,66.0,43.23206373202929,22.76793626797071,False
34,2022-03-11T07:24:00,22,peak+area_60_120,2,10.0,24.0,34.45266965198141,10.45266965198141,False
34,2022-03-08T06:16:00,22,peak+area_60_120,2,10.0,66.0,40.72571019416743,25.274289805832566,False
34,2022-03-11T07:24:00,23,peak+area_60_120,2,100.0,24.0,40.738758177901346,16.738758177901346,False
34,2022-03-08T06:16:00,23,peak+area_60_120,2,100.0,66.0,42.75430300045135,23.24569699954865,False
34,2022-03-11T07:24:00,24,peak+area_centroid,1,1.0,24.0,32.76867534226781,8.768675342267812,False
34,2022-03-08T06:16:00,24,peak+area_centroid,1,1.0,66.0,40.44203717994495,25.557962820055053,False
34,2022-03-11T07:24:00,25,peak+area_centroid,1,10.0,24.0,34.47435991490975,10.474359914909748,False
34,2022-03-08T06:16:00,25,peak+area_centroid,1,10.0,66.0,41.07484790379536,24.92515209620464,False
34,2022-03-11T07:24:00,26,peak+area_centroid,1,100.0,24.0,40.60476510771633,16.604765107716332,False
34,2022-03-08T06:16:00,26,peak+area_centroid,1,100.0,66.0,43.35721248272235,22.642787517277647,False
34,2022-03-11T07:24:00,27,peak+area_centroid,2,1.0,24.0,34.10169299047085,10.101692990470852,False
34,2022-03-08T06:16:00,27,peak+area_centroid,2,1.0,66.0,40.58536822069848,25.414631779301523,False
34,2022-03-11T07:24:00,28,peak+area_centroid,2,10.0,24.0,35.42883393337644,11.428833933376438,False
34,2022-03-08T06:16:00,28,peak+area_centroid,2,10.0,66.0,41.37935412191901,24.620645878080992,False
34,2022-03-11T07:24:00,29,peak+area_centroid,2,100.0,24.0,40.65545006959938,16.655450069599382,False
34,2022-03-08T06:16:00,29,peak+area_centroid,2,100.0,66.0,43.809771081309144,22.190228918690856,False
34,2022-03-11T07:24:00,30,area_60_120+area_centroid,1,1.0,24.0,38.5732670589193,14.5732670589193,False
34,2022-03-08T06:16:00,30,area_60_120+area_centroid,1,1.0,66.0,46.04995063814163,19.95004936185837,False
34,2022-03-11T07:24:00,31,area_60_120+area_centroid,1,10.0,24.0,39.4113526551146,15.411352655114598,False
34,2022-03-08T06:16:00,31,area_60_120+area_centroid,1,10.0,66.0,45.931358730233256,20.068641269766744,False
34,2022-03-11T07:24:00,32,area_60_120+area_centroid,1,100.0,24.0,42.57754358849632,18.57754358849632,False
34,2022-03-08T06:16:00,32,area_60_120+area_centroid,1,100.0,66.0,45.427507235180585,20.572492764819415,False
34,2022-03-11T07:24:00,33,area_60_120+area_centroid,2,1.0,24.0,38.03513936254994,14.035139362549941,False
34,2022-03-08T06:16:00,33,area_60_120+area_centroid,2,1.0,66.0,48.63288683246843,17.36711316753157,False
34,2022-03-11T07:24:00,34,area_60_120+area_centroid,2,10.0,24.0,39.503043852901406,15.503043852901406,False
34,2022-03-08T06:16:00,34,area_60_120+area_centroid,2,10.0,66.0,46.678465324710054,19.321534675289946,False
34,2022-03-11T07:24:00,35,area_60_120+area_centroid,2,100.0,24.0,42.46215580558628,18.462155805586278,False
34,2022-03-08T06:16:00,35,area_60_120+area_centroid,2,100.0,66.0,45.11697742248921,20.883022577510793,False
34,2022-03-11T07:24:00,36,peak+area_60_120+area_centroid,1,1.0,24.0,33.35922129598021,9.359221295980213,False
34,2022-03-08T06:16:00,36,peak+area_60_120+area_centroid,1,1.0,66.0,42.10885530876356,23.89114469123644,False
34,2022-03-11T07:24:00,37,peak+area_60_120+area_centroid,1,10.0,24.0,34.52707007065257,10.52707007065257,False
34,2022-03-08T06:16:00,37,peak+area_60_120+area_centroid,1,10.0,66.0,42.28194346830091,23.71805653169909,False
34,2022-03-11T07:24:00,38,peak+area_60_120+area_centroid,1,100.0,24.0,39.90384090866127,15.903840908661273,False
34,2022-03-08T06:16:00,38,peak+area_60_120+area_centroid,1,100.0,66.0,43.52209946667886,22.47790053332114,False
34,2022-03-11T07:24:00,39,peak+area_60_120+area_centroid,2,1.0,24.0,30.868678370315664,6.8686783703156635,False
34,2022-03-08T06:16:00,39,peak+area_60_120+area_centroid,2,1.0,66.0,42.50749872750831,23.492501272491687,False
34,2022-03-11T07:24:00,40,peak+area_60_120+area_centroid,2,10.0,24.0,31.95368444274152,7.953684442741519,False
34,2022-03-08T06:16:00,40,peak+area_60_120+area_centroid,2,10.0,66.0,40.47404241242722,25.525957587572783,False
34,2022-03-11T07:24:00,41,peak+area_60_120+area_centroid,2,100.0,24.0,39.20011809802581,15.200118098025811,False
34,2022-03-08T06:16:00,41,peak+area_60_120+area_centroid,2,100.0,66.0,43.37668183987705,22.62331816012295,False
34,2022-03-11T07:24:00,42,peak+early_peak+area_0_60+area_60_120+area_120_180+area_0_180+steepest_15min_rise+rise_0_30+peak_time+positive_duration+area_centroid+late_area_fraction,1,1.0,24.0,24.793516302143615,0.7935163021436153,True
34,2022-03-08T06:16:00,42,peak+early_peak+area_0_60+area_60_120+area_120_180+area_0_180+steepest_15min_rise+rise_0_30+peak_time+positive_duration+area_centroid+late_area_fraction,1,1.0,66.0,44.63649917897821,21.363500821021788,False
34,2022-03-11T07:24:00,43,peak+early_peak+area_0_60+area_60_120+area_120_180+area_0_180+steepest_15min_rise+rise_0_30+peak_time+positive_duration+area_centroid+late_area_fraction,1,10.0,24.0,23.4767474774012,0.5232525225987992,True
34,2022-03-08T06:16:00,43,peak+early_peak+area_0_60+area_60_120+area_120_180+area_0_180+steepest_15min_rise+rise_0_30+peak_time+positive_duration+area_centroid+late_area_fraction,1,10.0,66.0,37.24870610796875,28.75129389203125,False
34,2022-03-11T07:24:00,44,peak+early_peak+area_0_60+area_60_120+area_120_180+area_0_180+steepest_15min_rise+rise_0_30+peak_time+positive_duration+area_centroid+late_area_fraction,1,100.0,24.0,32.2048413201782,8.204841320178197,False
34,2022-03-08T06:16:00,44,peak+early_peak+area_0_60+area_60_120+area_120_180+area_0_180+steepest_15min_rise+rise_0_30+peak_time+positive_duration+area_centroid+late_area_fraction,1,100.0,66.0,38.56332416366718,27.436675836332817,False
34,2022-03-11T07:24:00,45,peak+early_peak+area_0_60+area_60_120+area_120_180+area_0_180+steepest_15min_rise+rise_0_30+peak_time+positive_duration+area_centroid+late_area_fraction,2,1.0,24.0,23.03118676612674,0.9688132338732593,True
34,2022-03-08T06:16:00,45,peak+early_peak+area_0_60+area_60_120+area_120_180+area_0_180+steepest_15min_rise+rise_0_30+peak_time+positive_duration+area_centroid+late_area_fraction,2,1.0,66.0,33.75519288413804,32.24480711586196,False
34,2022-03-11T07:24:00,46,peak+early_peak+area_0_60+area_60_120+area_120_180+area_0_180+steepest_15min_rise+rise_0_30+peak_time+positive_duration+area_centroid+late_area_fraction,2,10.0,24.0,26.590940354331693,2.5909403543316927,False
34,2022-03-08T06:16:00,46,peak+early_peak+area_0_60+area_60_120+area_120_180+area_0_180+steepest_15min_rise+rise_0_30+peak_time+positive_duration+area_centroid+late_area_fraction,2,10.0,66.0,33.69629501355018,32.30370498644982,False
34,2022-03-11T07:24:00,47,peak+early_peak+area_0_60+area_60_120+area_120_180+area_0_180+steepest_15min_rise+rise_0_30+peak_time+positive_duration+area_centroid+late_area_fraction,2,100.0,24.0,32.224176225017914,8.224176225017914,False
34,2022-03-08T06:16:00,47,peak+early_peak+area_0_60+area_60_120+area_120_180+area_0_180+steepest_15min_rise+rise_0_30+peak_time+positive_duration+area_centroid+late_area_fraction,2,100.0,66.0,35.96676780643106,30.033232193568942,False
35,2024-12-21T06:53:00,0,peak,1,1.0,24.0,53.381261424612134,29.381261424612134,False
35,2024-12-18T07:10:00,0,peak,1,1.0,66.0,55.11469560186492,10.885304398135077,False
35,2024-12-21T06:53:00,1,peak,1,10.0,24.0,52.12407221092032,28.124072210920318,False
35,2024-12-18T07:10:00,1,peak,1,10.0,66.0,53.59749126158518,12.402508738414816,False
35,2024-12-21T06:53:00,2,peak,1,100.0,24.0,47.84962888436813,23.84962888436813,False
35,2024-12-18T07:10:00,2,peak,1,100.0,66.0,48.438996504634076,17.561003495365924,False
35,2024-12-21T06:53:00,3,peak,2,1.0,24.0,58.391515929604154,34.391515929604154,False
35,2024-12-18T07:10:00,3,peak,2,1.0,66.0,62.97304826356677,3.026951736433233,True
35,2024-12-21T06:53:00,4,peak,2,10.0,24.0,55.293329164943664,31.293329164943664,False
35,2024-12-18T07:10:00,4,peak,2,10.0,66.0,58.752625628491444,7.247374371508556,False
35,2024-12-21T06:53:00,5,peak,2,100.0,24.0,48.21667368310149,24.21667368310149,False
35,2024-12-18T07:10:00,5,peak,2,100.0,66.0,49.22189372876763,16.778106271232367,False
35,2024-12-21T06:53:00,6,area_60_120,1,1.0,24.0,60.83527834256529,36.83527834256529,False
35,2024-12-18T07:10:00,6,area_60_120,1,1.0,66.0,63.16364266314814,2.8363573368518615,True
35,2024-12-21T06:53:00,7,area_60_120,1,10.0,24.0,58.459986591180495,34.459986591180495,False
35,2024-12-18T07:10:00,7,area_60_120,1,10.0,66.0,60.43909626367591,5.560903736324093,True
35,2024-12-21T06:53:00,8,area_60_120,1,100.0,24.0,50.383994636472195,26.383994636472195,False
35,2024-12-18T07:10:00,8,area_60_120,1,100.0,66.0,51.17563850547036,14.82436149452964,False
35,2024-12-21T06:53:00,9,area_60_120,2,1.0,24.0,68.02228012341388,44.02228012341388,False
35,2024-12-18T07:10:00,9,area_60_120,2,1.0,66.0,69.46918141990632,3.4691814199063202,True
35,2024-12-21T06:53:00,10,area_60_120,2,10.0,24.0,60.79510563642126,36.79510563642126,False
35,2024-12-18T07:10:00,10,area_60_120,2,10.0,66.0,62.267325571385186,3.732674428614814,True
35,2024-12-21T06:53:00,11,area_60_120,2,100.0,24.0,50.4168461005554,26.416846100555397,False
35,2024-12-18T07:10:00,11,area_60_120,2,100.0,66.0,51.27612428636661,14.72387571363339,False
35,2024-12-21T06:53:00,12,area_centroid,1,1.0,24.0,38.75692079715129,14.756920797151288,False
35,2024-12-18T07:10:00,12,area_centroid,1,1.0,66.0,41.11876214218131,24.88123785781869,False
35,2024-12-21T06:53:00,13,area_centroid,1,10.0,24.0,39.69338267757859,15.69338267757859,False
35,2024-12-18T07:10:00,13,area_centroid,1,10.0,66.0,41.70094782085411,24.29905217914589,False
35,2024-12-21T06:53:00,14,area_centroid,1,100.0,24.0,42.877353071031436,18.877353071031436,False
35,2024-12-18T07:10:00,14,area_centroid,1,100.0,66.0,43.68037912834164,22.31962087165836,False
35,2024-12-21T06:53:00,15,area_centroid,2,1.0,24.0,36.92986996024936,12.929869960249363,False
35,2024-12-18T07:10:00,15,area_centroid,2,1.0,66.0,40.436654303782554,25.563345696217446,False
35,2024-12-21T06:53:00,16,area_centroid,2,10.0,24.0,39.05721646188122,15.057216461881218,False
35,2024-12-18T07:10:00,16,area_centroid,2,10.0,66.0,41.49438564997818,24.505614350021823,False
35,2024-12-21T06:53:00,17,area_centroid,2,100.0,24.0,42.950995364007035,18.950995364007035,False
35,2024-12-18T07:10:00,17,area_centroid,2,100.0,66.0,43.6606994380159,22.339300561984103,False
35,2024-12-21T06:53:00,18,peak+area_60_120,1,1.0,24.0,66.85068548362575,42.85068548362575,False
35,2024-12-18T07:10:00,18,peak+area_60_120,1,1.0,66.0,70.47301595811314,4.4730159581131375,True
35,2024-12-21T06:53:00,19,peak+area_60_120,1,10.0,24.0,63.84775629464296,39.84775629464296,False
35,2024-12-18T07:10:00,19,peak+area_60_120,1,10.0,66.0,66.97835253584033,0.9783525358403296,True
35,2024-12-21T06:53:00,20,peak+area_60_120,1,100.0,24.0,52.94013928751644,28.940139287516438,False
35,2024-12-18T07:10:00,20,peak+area_60_120,1,100.0,66.0,54.26704942038623,11.732950579613771,False
35,2024-12-21T06:53:00,21,peak+area_60_120,2,1.0,24.0,67.52050743766415,43.52050743766415,False
35,2024-12-18T07:10:00,21,peak+area_60_120,2,1.0,66.0,68.7209286990869,2.7209286990868975,True
35,2024-12-21T06:53:00,22,peak+area_60_120,2,10.0,24.0,63.18057130965666,39.18057130965666,False
35,2024-12-18T07:10:00,22,peak+area_60_120,2,10.0,66.0,64.95915534764558,1.0408446523544228,True
35,2024-12-21T06:53:00,23,peak+area_60_120,2,100.0,24.0,52.66817388807839,28.668173888078393,False
35,2024-12-18T07:10:00,23,peak+area_60_120,2,100.0,66.0,53.994699063856665,12.005300936143335,False
35,2024-12-21T06:53:00,24,peak+area_centroid,1,1.0,24.0,46.58372513800897,22.583725138008973,False
35,2024-12-18T07:10:00,24,peak+area_centroid,1,1.0,66.0,50.23099600685844,15.76900399314156,False
35,2024-12-21T06:53:00,25,peak+area_centroid,1,10.0,24.0,46.41496323311811,22.414963233118108,False
35,2024-12-18T07:10:00,25,peak+area_centroid,1,10.0,66.0,49.56669559645646,16.433304403543538,False
35,2024-12-21T06:53:00,26,peak+area_centroid,1,100.0,24.0,45.66122811018755,21.66122811018755,False
35,2024-12-18T07:10:00,26,peak+area_centroid,1,100.0,66.0,46.99767770170027,19.00232229829973,False
35,2024-12-21T06:53:00,27,peak+area_centroid,2,1.0,24.0,66.14896070290227,42.14896070290227,False
35,2024-12-18T07:10:00,27,peak+area_centroid,2,1.0,66.0,69.4345185971246,3.434518597124594,True
35,2024-12-21T06:53:00,28,peak+area_centroid,2,10.0,24.0,57.61835061893972,33.61835061893972,False
35,2024-12-18T07:10:00,28,peak+area_centroid,2,10.0,66.0,60.85540247123699,5.144597528763008,True
35,2024-12-21T06:53:00,29,peak+area_centroid,2,100.0,24.0,48.16020094461298,24.16020094461298,False
35,2024-12-18T07:10:00,29,peak+area_centroid,2,100.0,66.0,49.36217253824365,16.637827461756352,False
35,2024-12-21T06:53:00,30,area_60_120+area_centroid,1,1.0,24.0,54.710302785294736,30.710302785294736,False
35,2024-12-18T07:10:00,30,area_60_120+area_centroid,1,1.0,66.0,58.44330972976253,7.556690270237468,False
35,2024-12-21T06:53:00,31,area_60_120+area_centroid,1,10.0,24.0,53.18115405822407,29.181154058224067,False
35,2024-12-18T07:10:00,31,area_60_120+area_centroid,1,10.0,66.0,56.45912898252608,9.540871017473918,False
35,2024-12-21T06:53:00,32,area_60_120+area_centroid,1,100.0,24.0,48.236017928022804,24.236017928022804,False
35,2024-12-18T07:10:00,32,area_60_120+area_centroid,1,100.0,66.0,49.70641217948434,16.29358782051566,False
35,2024-12-21T06:53:00,33,area_60_120+area_centroid,2,1.0,24.0,56.71623830164766,32.71623830164766,False
35,2024-12-18T07:10:00,33,area_60_120+area_centroid,2,1.0,66.0,59.64065756588092,6.359342434119078,True
35,2024-12-21T06:53:00,34,area_60_120+area_centroid,2,10.0,24.0,57.79003382295978,33.79003382295978,False
35,2024-12-18T07:10:00,34,area_60_120+area_centroid,2,10.0,66.0,59.87151818070365,6.128481819296347,True
35,2024-12-21T06:53:00,35,area_60_120+area_centroid,2,100.0,24.0,49.13563084644396,25.13563084644396,False
35,2024-12-18T07:10:00,35,area_60_120+area_centroid,2,100.0,66.0,50.395529719000365,15.604470280999635,False
35,2024-12-21T06:53:00,36,peak+area_60_120+area_centroid,1,1.0,24.0,60.73940870924356,36.73940870924356,False
35,2024-12-18T07:10:00,36,peak+area_60_120+area_centroid,1,1.0,66.0,65.51524381709544,0.4847561829045617,True
35,2024-12-21T06:53:00,37,peak+area_60_120+area_centroid,1,10.0,24.0,58.53234604046512,34.53234604046512,False
35,2024-12-18T07:10:00,37,peak+area_60_120+area_centroid,1,10.0,66.0,62.76035117001868,3.23964882998132,True
35,2024-12-21T06:53:00,38,peak+area_60_120+area_centroid,1,100.0,24.0,50.7544000389823,26.754400038982297,False
35,2024-12-18T07:10:00,38,peak+area_60_120+area_centroid,1,100.0,66.0,52.71414481171853,13.285855188281467,False
35,2024-12-21T06:53:00,39,peak+area_60_120+area_centroid,2,1.0,24.0,54.65394448621417,30.653944486214172,False
35,2024-12-18T07:10:00,39,peak+area_60_120+area_centroid,2,1.0,66.0,57.00982931994632,8.99017068005368,False
35,2024-12-21T06:53:00,40,peak+area_60_120+area_centroid,2,10.0,24.0,61.21939393849128,37.21939393849128,False
35,2024-12-18T07:10:00,40,peak+area_60_120+area_centroid,2,10.0,66.0,63.371040772505225,2.628959227494775,True
35,2024-12-21T06:53:00,41,peak+area_60_120+area_centroid,2,100.0,24.0,52.52170193594667,28.521701935946673,False
35,2024-12-18T07:10:00,41,peak+area_60_120+area_centroid,2,100.0,66.0,54.001253224072585,11.998746775927415,False
35,2024-12-21T06:53:00,42,peak+early_peak+area_0_60+area_60_120+area_120_180+area_0_180+steepest_15min_rise+rise_0_30+peak_time+positive_duration+area_centroid+late_area_fraction,1,1.0,24.0,60.38935312849205,36.38935312849205,False
35,2024-12-18T07:10:00,42,peak+early_peak+area_0_60+area_60_120+area_120_180+area_0_180+steepest_15min_rise+rise_0_30+peak_time+positive_duration+area_centroid+late_area_fraction,1,1.0,66.0,66.92147760951799,0.9214776095179928,True
35,2024-12-21T06:53:00,43,peak+early_peak+area_0_60+area_60_120+area_120_180+area_0_180+steepest_15min_rise+rise_0_30+peak_time+positive_duration+area_centroid+late_area_fraction,1,10.0,24.0,46.69322187213636,22.693221872136363,False
35,2024-12-18T07:10:00,43,peak+early_peak+area_0_60+area_60_120+area_120_180+area_0_180+steepest_15min_rise+rise_0_30+peak_time+positive_duration+area_centroid+late_area_fraction,1,10.0,66.0,55.445693792152625,10.554306207847375,False
35,2024-12-21T06:53:00,44,peak+early_peak+area_0_60+area_60_120+area_120_180+area_0_180+steepest_15min_rise+rise_0_30+peak_time+positive_duration+area_centroid+late_area_fraction,1,100.0,24.0,44.577561062072,20.577561062072,False
35,2024-12-18T07:10:00,44,peak+early_peak+area_0_60+area_60_120+area_120_180+area_0_180+steepest_15min_rise+rise_0_30+peak_time+positive_duration+area_centroid+late_area_fraction,1,100.0,66.0,50.42687301125735,15.57312698874265,False
35,2024-12-21T06:53:00,45,peak+early_peak+area_0_60+area_60_120+area_120_180+area_0_180+steepest_15min_rise+rise_0_30+peak_time+positive_duration+area_centroid+late_area_fraction,2,1.0,24.0,88.68799419522352,64.68799419522352,False
35,2024-12-18T07:10:00,45,peak+early_peak+area_0_60+area_60_120+area_120_180+area_0_180+steepest_15min_rise+rise_0_30+peak_time+positive_duration+area_centroid+late_area_fraction,2,1.0,66.0,82.4549841380236,16.454984138023605,False
35,2024-12-21T06:53:00,46,peak+early_peak+area_0_60+area_60_120+area_120_180+area_0_180+steepest_15min_rise+rise_0_30+peak_time+positive_duration+area_centroid+late_area_fraction,2,10.0,24.0,56.83961305447356,32.83961305447356,False
35,2024-12-18T07:10:00,46,peak+early_peak+area_0_60+area_60_120+area_120_180+area_0_180+steepest_15min_rise+rise_0_30+peak_time+positive_duration+area_centroid+late_area_fraction,2,10.0,66.0,62.4525263105529,3.547473689447102,True
35,2024-12-21T06:53:00,47,peak+early_peak+area_0_60+area_60_120+area_120_180+area_0_180+steepest_15min_rise+rise_0_30+peak_time+positive_duration+area_centroid+late_area_fraction,2,100.0,24.0,50.78062414061825,26.78062414061825,False
35,2024-12-18T07:10:00,47,peak+early_peak+area_0_60+area_60_120+area_120_180+area_0_180+steepest_15min_rise+rise_0_30+peak_time+positive_duration+area_centroid+late_area_fraction,2,100.0,66.0,52.06877401471062,13.93122598528938,False
36,2022-04-07T07:54:00,0,peak,1,1.0,24.0,46.90398897366799,22.903988973667992,False
36,2022-04-04T08:18:00,0,peak,1,1.0,66.0,56.282630855757276,9.717369144242724,False
36,2022-04-07T07:54:00,1,peak,1,10.0,24.0,46.6183906276178,22.6183906276178,False
36,2022-04-04T08:18:00,1,peak,1,10.0,66.0,54.590236227393724,11.409763772606276,False
36,2022-04-07T07:54:00,2,peak,1,100.0,24.0,45.64735625104712,21.64735625104712,False
36,2022-04-04T08:18:00,2,peak,1,100.0,66.0,48.83609449095749,17.163905509042507,False
36,2022-04-07T07:54:00,3,peak,2,1.0,24.0,45.63275229015544,21.632752290155437,False
36,2022-04-04T08:18:00,3,peak,2,1.0,66.0,69.14316535034169,3.1431653503416896,True
36,2022-04-07T07:54:00,4,peak,2,10.0,24.0,45.572343460446746,21.572343460446746,False
36,2022-04-04T08:18:00,4,peak,2,10.0,66.0,63.12318266135448,2.876817338645523,True
36,2022-04-07T07:54:00,5,peak,2,100.0,24.0,45.28460393079541,21.284603930795413,False
36,2022-04-04T08:18:00,5,peak,2,100.0,66.0,50.29627161830846,15.70372838169154,False
36,2022-04-07T07:54:00,6,area_60_120,1,1.0,24.0,54.5403644153719,30.540364415371897,False
36,2022-04-04T08:18:00,6,area_60_120,1,1.0,66.0,79.21432116680266,13.214321166802662,False
36,2022-04-07T07:54:00,7,area_60_120,1,10.0,24.0,53.10930975306606,29.109309753066057,False
36,2022-04-04T08:18:00,7,area_60_120,1,10.0,66.0,74.08217299178206,8.082172991782059,False
36,2022-04-07T07:54:00,8,area_60_120,1,100.0,24.0,48.243723901226424,24.243723901226424,False
36,2022-04-04T08:18:00,8,area_60_120,1,100.0,66.0,56.632869196712825,9.367130803287175,False
36,2022-04-07T07:54:00,9,area_60_120,2,1.0,24.0,60.87528814919078,36.87528814919078,False
36,2022-04-04T08:18:00,9,area_60_120,2,1.0,66.0,67.6706471948038,1.6706471948038057,True
36,2022-04-07T07:54:00,10,area_60_120,2,10.0,24.0,55.86478491641116,31.86478491641116,False
36,2022-04-04T08:18:00,10,area_60_120,2,10.0,66.0,66.47898638687847,0.47898638687847495,True
36,2022-04-07T07:54:00,11,area_60_120,2,100.0,24.0,48.236284054731385,24.236284054731385,False
36,2022-04-04T08:18:00,11,area_60_120,2,100.0,66.0,56.721077285332186,9.278922714667814,False
36,2022-04-07T07:54:00,12,area_centroid,1,1.0,24.0,45.68365516990489,21.68365516990489,False
36,2022-04-04T08:18:00,12,area_centroid,1,1.0,66.0,49.404042686566775,16.595957313433225,False
36,2022-04-07T07:54:00,13,area_centroid,1,10.0,24.0,45.58110689441916,21.581106894419158,False
36,2022-04-04T08:18:00,13,area_centroid,1,10.0,66.0,48.743436283581765,17.256563716418235,False
36,2022-04-07T07:54:00,14,area_centroid,1,100.0,24.0,45.232442757767664,21.232442757767664,False
36,2022-04-04T08:18:00,14,area_centroid,1,100.0,66.0,46.4973745134327,19.502625486567297,False
36,2022-04-07T07:54:00,15,area_centroid,2,1.0,24.0,46.64898079950892,22.64898079950892,False
36,2022-04-04T08:18:00,15,area_centroid,2,1.0,66.0,51.18289046199247,14.817109538007529,False
36,2022-04-07T07:54:00,16,area_centroid,2,10.0,24.0,45.971745670838374,21.971745670838374,False
36,2022-04-04T08:18:00,16,area_centroid,2,10.0,66.0,49.39990168090615,16.600098319093853,False
36,2022-04-07T07:54:00,17,area_centroid,2,100.0,24.0,45.11610848505127,21.11610848505127,False
36,2022-04-04T08:18:00,17,area_centroid,2,100.0,66.0,46.37737167992959,19.62262832007041,False
36,2022-04-07T07:54:00,18,peak+area_60_120,1,1.0,24.0,55.90220837351395,31.90220837351395,False
36,2022-04-04T08:18:00,18,peak+area_60_120,1,1.0,66.0,87.98827522055018,21.98827522055018,False
36,2022-04-07T07:54:00,19,peak+area_60_120,1,10.0,24.0,54.33063546505557,30.330635465055572,False
36,2022-04-04T08:18:00,19,peak+area_60_120,1,10.0,66.0,81.83889706658017,15.838897066580174,False
36,2022-04-07T07:54:00,20,peak+area_60_120,1,100.0,24.0,48.824542234004056,24.824542234004056,False
36,2022-04-04T08:18:00,20,peak+area_60_120,1,100.0,66.0,60.16376237667677,5.836237623323228,True
36,2022-04-07T07:54:00,21,peak+area_60_120,2,1.0,24.0,58.33125317425134,34.33125317425134,False
36,2022-04-04T08:18:00,21,peak+area_60_120,2,1.0,66.0,31.18493513432265,34.81506486567735,False
36,2022-04-07T07:54:00,22,peak+area_60_120,2,10.0,24.0,55.61432044821295,31.61432044821295,False
36,2022-04-04T08:18:00,22,peak+area_60_120,2,10.0,66.0,61.05945604065016,4.940543959349839,True
36,2022-04-07T07:54:00,23,peak+area_60_120,2,100.0,24.0,48.61334760312089,24.613347603120893,False
36,2022-04-04T08:18:00,23,peak+area_60_120,2,100.0,66.0,58.258353629786065,7.741646370213935,False
36,2022-04-07T07:54:00,24,peak+area_centroid,1,1.0,24.0,47.45913765090643,23.459137650906428,False
36,2022-04-04T08:18:00,24,peak+area_centroid,1,1.0,66.0,59.9137843002785,6.0862156997215,True
36,2022-04-07T07:54:00,25,peak+area_centroid,1,10.0,24.0,47.10614794476375,23.106147944763748,False
36,2022-04-04T08:18:00,25,peak+area_centroid,1,10.0,66.0,57.77220448449157,8.227795515508433,False
36,2022-04-07T07:54:00,26,peak+area_centroid,1,100.0,24.0,45.86457964659238,21.864579646592382,False
36,2022-04-04T08:18:00,26,peak+area_centroid,1,100.0,66.0,50.24191507749872,15.758084922501283,False
36,2022-04-07T07:54:00,27,peak+area_centroid,2,1.0,24.0,46.91869099717627,22.91869099717627,False
36,2022-04-04T08:18:00,27,peak+area_centroid,2,1.0,66.0,66.27147512288896,0.27147512288895825,True
36,2022-04-07T07:54:00,28,peak+area_centroid,2,10.0,24.0,46.58245081342024,22.582450813420238,False
36,2022-04-04T08:18:00,28,peak+area_centroid,2,10.0,66.0,60.64800836013111,5.351991639868892,True
36,2022-04-07T07:54:00,29,peak+area_centroid,2,100.0,24.0,45.533401985464835,21.533401985464835,False
36,2022-04-04T08:18:00,29,peak+area_centroid,2,100.0,66.0,49.3795917047123,16.620408295287703,False
36,2022-04-07T07:54:00,30,area_60_120+area_centroid,1,1.0,24.0,54.3800004055032,30.380000405503203,False
36,2022-04-04T08:18:00,30,area_60_120+area_centroid,1,1.0,66.0,80.2346167021881,14.234616702188106,False
36,2022-04-07T07:54:00,31,area_60_120+area_centroid,1,10.0,24.0,53.06326689439033,29.06326689439033,False
36,2022-04-04T08:18:00,31,area_60_120+area_centroid,1,10.0,66.0,75.3160576693586,9.3160576693586,False
36,2022-04-07T07:54:00,32,area_60_120+area_centroid,1,100.0,24.0,48.36592187575994,24.365921875759938,False
36,2022-04-04T08:18:00,32,area_60_120+area_centroid,1,100.0,66.0,57.69156745729292,8.30843254270708,False
36,2022-04-07T07:54:00,33,area_60_120+area_centroid,2,1.0,24.0,64.00834391153249,40.00834391153249,False
36,2022-04-04T08:18:00,33,area_60_120+area_centroid,2,1.0,66.0,74.51017345723528,8.510173457235283,False
36,2022-04-07T07:54:00,34,area_60_120+area_centroid,2,10.0,24.0,55.96764493772322,31.96764493772322,False
36,2022-04-04T08:18:00,34,area_60_120+area_centroid,2,10.0,66.0,69.44573790979243,3.4457379097924274,True
36,2022-04-07T07:54:00,35,area_60_120+area_centroid,2,100.0,24.0,48.2568141312177,24.256814131217702,False
36,2022-04-04T08:18:00,35,area_60_120+area_centroid,2,100.0,66.0,57.170654488061956,8.829345511938044,False
36,2022-04-07T07:54:00,36,peak+area_60_120+area_centroid,1,1.0,24.0,55.68949870013131,31.68949870013131,False
36,2022-04-04T08:18:00,36,peak+area_60_120+area_centroid,1,1.0,66.0,88.6134004424458,22.613400442445794,False
36,2022-04-07T07:54:00,37,peak+area_60_120+area_centroid,1,10.0,24.0,54.24009469225797,30.24009469225797,False
36,2022-04-04T08:18:00,37,peak+area_60_120+area_centroid,1,10.0,66.0,82.75253339236195,16.752533392361954,False
36,2022-04-07T07:54:00,38,peak+area_60_120+area_centroid,1,100.0,24.0,48.935156717581904,24.935156717581904,False
36,2022-04-04T08:18:00,38,peak+area_60_120+area_centroid,1,100.0,66.0,61.14860923493353,4.851390765066469,True
36,2022-04-07T07:54:00,39,peak+area_60_120+area_centroid,2,1.0,24.0,63.66523239213823,39.66523239213823,False
36,2022-04-04T08:18:00,39,peak+area_60_120+area_centroid,2,1.0,66.0,52.39369066183994,13.60630933816006,False
36,2022-04-07T07:54:00,40,peak+area_60_120+area_centroid,2,10.0,24.0,56.29657717160124,32.29657717160124,False
36,2022-04-04T08:18:00,40,peak+area_60_120+area_centroid,2,10.0,66.0,70.83913586113975,4.839135861139752,True
36,2022-04-07T07:54:00,41,peak+area_60_120+area_centroid,2,100.0,24.0,48.55220275668724,24.552202756687237,False
36,2022-04-04T08:18:00,41,peak+area_60_120+area_centroid,2,100.0,66.0,57.50447177777319,8.49552822222681,False
36,2022-04-07T07:54:00,42,peak+early_peak+area_0_60+area_60_120+area_120_180+area_0_180+steepest_15min_rise+rise_0_30+peak_time+positive_duration+area_centroid+late_area_fraction,1,1.0,24.0,62.575935293589495,38.575935293589495,False
36,2022-04-04T08:18:00,42,peak+early_peak+area_0_60+area_60_120+area_120_180+area_0_180+steepest_15min_rise+rise_0_30+peak_time+positive_duration+area_centroid+late_area_fraction,1,1.0,66.0,102.96526689542611,36.96526689542611,False
36,2022-04-07T07:54:00,43,peak+early_peak+area_0_60+area_60_120+area_120_180+area_0_180+steepest_15min_rise+rise_0_30+peak_time+positive_duration+area_centroid+late_area_fraction,1,10.0,24.0,54.498816474237856,30.498816474237856,False
36,2022-04-04T08:18:00,43,peak+early_peak+area_0_60+area_60_120+area_120_180+area_0_180+steepest_15min_rise+rise_0_30+peak_time+positive_duration+area_centroid+late_area_fraction,1,10.0,66.0,85.43659761065501,19.436597610655014,False
36,2022-04-07T07:54:00,44,peak+early_peak+area_0_60+area_60_120+area_120_180+area_0_180+steepest_15min_rise+rise_0_30+peak_time+positive_duration+area_centroid+late_area_fraction,1,100.0,24.0,49.29403577580793,25.294035775807927,False
36,2022-04-04T08:18:00,44,peak+early_peak+area_0_60+area_60_120+area_120_180+area_0_180+steepest_15min_rise+rise_0_30+peak_time+positive_duration+area_centroid+late_area_fraction,1,100.0,66.0,64.37756058413919,1.6224394158608106,True
36,2022-04-07T07:54:00,45,peak+early_peak+area_0_60+area_60_120+area_120_180+area_0_180+steepest_15min_rise+rise_0_30+peak_time+positive_duration+area_centroid+late_area_fraction,2,1.0,24.0,55.84334797998497,31.84334797998497,False
36,2022-04-04T08:18:00,45,peak+early_peak+area_0_60+area_60_120+area_120_180+area_0_180+steepest_15min_rise+rise_0_30+peak_time+positive_duration+area_centroid+late_area_fraction,2,1.0,66.0,40.10917931477062,25.89082068522938,False
36,2022-04-07T07:54:00,46,peak+early_peak+area_0_60+area_60_120+area_120_180+area_0_180+steepest_15min_rise+rise_0_30+peak_time+positive_duration+area_centroid+late_area_fraction,2,10.0,24.0,54.18337998320648,30.18337998320648,False
36,2022-04-04T08:18:00,46,peak+early_peak+area_0_60+area_60_120+area_120_180+area_0_180+steepest_15min_rise+rise_0_30+peak_time+positive_duration+area_centroid+late_area_fraction,2,10.0,66.0,69.85784682853276,3.8578468285327574,True
36,2022-04-07T07:54:00,47,peak+early_peak+area_0_60+area_60_120+area_120_180+area_0_180+steepest_15min_rise+rise_0_30+peak_time+positive_duration+area_centroid+late_area_fraction,2,100.0,24.0,48.54848918787525,24.548489187875248,False
36,2022-04-04T08:18:00,47,peak+early_peak+area_0_60+area_60_120+area_120_180+area_0_180+steepest_15min_rise+rise_0_30+peak_time+positive_duration+area_centroid+late_area_fraction,2,100.0,66.0,58.83044720504697,7.169552794953027,False
38,2022-02-03T07:17:00,0,peak,1,1.0,24.0,45.93711797376332,21.93711797376332,False
38,2022-01-31T07:03:00,0,peak,1,1.0,66.0,46.48540379586798,19.51459620413202,False
38,2022-02-03T07:17:00,1,peak,1,10.0,24.0,45.79655027769882,21.79655027769882,False
38,2022-01-31T07:03:00,1,peak,1,10.0,66.0,46.26259322648778,19.73740677351222,False
38,2022-02-03T07:17:00,2,peak,1,100.0,24.0,45.318620111079525,21.318620111079525,False
38,2022-01-31T07:03:00,2,peak,1,100.0,66.0,45.50503729059511,20.494962709404888,False
38,2022-02-03T07:17:00,3,peak,2,1.0,24.0,43.82160315355724,19.82160315355724,False
38,2022-01-31T07:03:00,3,peak,2,1.0,66.0,44.59974518907129,21.400254810928708,False
38,2022-02-03T07:17:00,4,peak,2,10.0,24.0,44.16036916555647,20.160369165556467,False
38,2022-01-31T07:03:00,4,peak,2,10.0,66.0,44.76858495842553,21.231415041574472,False
38,2022-02-03T07:17:00,5,peak,2,100.0,24.0,44.828902668245796,20.828902668245796,False
38,2022-01-31T07:03:00,5,peak,2,100.0,66.0,45.02616078905299,20.973839210947013,False
38,2022-02-03T07:17:00,6,area_60_120,1,1.0,24.0,39.09347173767934,15.093471737679337,False
38,2022-01-31T07:03:00,6,area_60_120,1,1.0,66.0,46.83314724564991,19.16685275435009,False
38,2022-02-03T07:17:00,7,area_60_120,1,10.0,24.0,39.97945097702743,15.979450977027433,False
38,2022-01-31T07:03:00,7,area_60_120,1,10.0,66.0,46.55817515880243,19.441824841197572,False
38,2022-02-03T07:17:00,8,area_60_120,1,100.0,24.0,42.99178039081097,18.991780390810973,False
38,2022-01-31T07:03:00,8,area_60_120,1,100.0,66.0,45.62327006352097,20.37672993647903,False
38,2022-02-03T07:17:00,9,area_60_120,2,1.0,24.0,36.795841311952216,12.795841311952216,False
38,2022-01-31T07:03:00,9,area_60_120,2,1.0,66.0,50.72524079648082,15.274759203519181,False
38,2022-02-03T07:17:00,10,area_60_120,2,10.0,24.0,39.268941657724845,15.268941657724845,False
38,2022-01-31T07:03:00,10,area_60_120,2,10.0,66.0,48.11239943046403,17.88760056953597,False
38,2022-02-03T07:17:00,11,area_60_120,2,100.0,24.0,42.97149802554533,18.97149802554533,False
38,2022-01-31T07:03:00,11,area_60_120,2,100.0,66.0,45.45061371889507,20.54938628110493,False
38,2022-02-03T07:17:00,12,area_centroid,1,1.0,24.0,51.654959347473266,27.654959347473266,False
38,2022-01-31T07:03:00,12,area_centroid,1,1.0,66.0,39.377071247423636,26.622928752576364,False
38,2022-02-03T07:17:00,13,area_centroid,1,10.0,24.0,50.656715445352276,26.656715445352276,False
38,2022-01-31T07:03:00,13,area_centroid,1,10.0,66.0,40.22051056031009,25.77948943968991,False
38,2022-02-03T07:17:00,14,area_centroid,1,100.0,24.0,47.26268617814091,23.26268617814091,False
38,2022-01-31T07:03:00,14,area_centroid,1,100.0,66.0,43.088204224124034,22.911795775875966,False
38,2022-02-03T07:17:00,15,area_centroid,2,1.0,24.0,54.38001570822431,30.380015708224313,False
38,2022-01-31T07:03:00,15,area_centroid,2,1.0,66.0,37.68156347190823,28.318436528091773,False
38,2022-02-03T07:17:00,16,area_centroid,2,10.0,24.0,51.73316111798546,27.73316111798546,False
38,2022-01-31T07:03:00,16,area_centroid,2,10.0,66.0,39.59071028733439,26.40928971266561,False
38,2022-02-03T07:17:00,17,area_centroid,2,100.0,24.0,47.17489380767139,23.17489380767139,False
38,2022-01-31T07:03:00,17,area_centroid,2,100.0,66.0,43.109744505272694,22.890255494727306,False
38,2022-02-03T07:17:00,18,peak+area_60_120,1,1.0,24.0,40.24702157322547,16.247021573225467,False
38,2022-01-31T07:03:00,18,peak+area_60_120,1,1.0,66.0,47.70579853950813,18.29420146049187,False
38,2022-02-03T07:17:00,19,peak+area_60_120,1,10.0,24.0,40.95349559186995,16.953495591869952,False
38,2022-01-31T07:03:00,19,peak+area_60_120,1,10.0,66.0,47.36795374390738,18.63204625609262,False
38,2022-02-03T07:17:00,20,peak+area_60_120,1,100.0,24.0,43.3502650591095,19.350265059109503,False
38,2022-01-31T07:03:00,20,peak+area_60_120,1,100.0,66.0,46.04955014374336,19.95044985625664,False
38,2022-02-03T07:17:00,21,peak+area_60_120,2,1.0,24.0,39.95941975124144,15.959419751241441,False
38,2022-01-31T07:03:00,21,peak+area_60_120,2,1.0,66.0,51.194185991663815,14.805814008336185,False
38,2022-02-03T07:17:00,22,peak+area_60_120,2,10.0,24.0,41.66192221643648,17.66192221643648,False
38,2022-01-31T07:03:00,22,peak+area_60_120,2,10.0,66.0,48.888287601475696,17.111712398524304,False
38,2022-02-03T07:17:00,23,peak+area_60_120,2,100.0,24.0,43.364440598633735,19.364440598633735,False
38,2022-01-31T07:03:00,23,peak+area_60_120,2,100.0,66.0,45.80440258988874,20.19559741011126,False
38,2022-02-03T07:17:00,24,peak+area_centroid,1,1.0,24.0,52.17750540659755,28.177505406597547,False
38,2022-01-31T07:03:00,24,peak+area_centroid,1,1.0,66.0,40.98954589402234,25.010454105977658,False
38,2022-02-03T07:17:00,25,peak+area_centroid,1,10.0,24.0,51.149624498919266,27.149624498919266,False
38,2022-01-31T07:03:00,25,peak+area_centroid,1,10.0,66.0,41.577264202876755,24.422735797123245,False
38,2022-02-03T07:17:00,26,peak+area_centroid,1,100.0,24.0,47.5304065532313,23.530406553231302,False
38,2022-01-31T07:03:00,26,peak+area_centroid,1,100.0,66.0,43.60960835360477,22.39039164639523,False
38,2022-02-03T07:17:00,27,peak+area_centroid,2,1.0,24.0,50.81628497374682,26.816284973746818,False
38,2022-01-31T07:03:00,27,peak+area_centroid,2,1.0,66.0,40.033552941264546,25.966447058735454,False
38,2022-02-03T07:17:00,28,peak+area_centroid,2,10.0,24.0,49.599928835126214,25.599928835126214,False
38,2022-01-31T07:03:00,28,peak+area_centroid,2,10.0,66.0,41.33230384730373,24.667696152696273,False
38,2022-02-03T07:17:00,29,peak+area_centroid,2,100.0,24.0,47.01906806992778,23.019068069927783,False
38,2022-01-31T07:03:00,29,peak+area_centroid,2,100.0,66.0,43.53420928490194,22.46579071509806,False
38,2022-02-03T07:17:00,30,area_60_120+area_centroid,1,1.0,24.0,45.20828029390407,21.208280293904068,False
38,2022-01-31T07:03:00,30,area_60_120+area_centroid,1,1.0,66.0,42.05908102172847,23.940918978271533,False
38,2022-02-03T07:17:00,31,area_60_120+area_centroid,1,10.0,24.0,45.24684418487825,21.24684418487825,False
38,2022-01-31T07:03:00,31,area_60_120+area_centroid,1,10.0,66.0,42.40027646493538,23.59972353506462,False
38,2022-02-03T07:17:00,32,area_60_120+area_centroid,1,100.0,24.0,45.19196171749196,21.191961717491957,False
38,2022-01-31T07:03:00,32,area_60_120+area_centroid,1,100.0,66.0,43.81643251037738,22.183567489622618,False
38,2022-02-03T07:17:00,33,area_60_120+area_centroid,2,1.0,24.0,35.48091560422442,11.480915604224421,False
38,2022-01-31T07:03:00,33,area_60_120+area_centroid,2,1.0,66.0,45.032353701623784,20.967646298376216,False
38,2022-02-03T07:17:00,34,area_60_120+area_centroid,2,10.0,24.0,43.19617991802308,19.196179918023077,False
38,2022-01-31T07:03:00,34,area_60_120+area_centroid,2,10.0,66.0,43.426426830375874,22.573573169624126,False
38,2022-02-03T07:17:00,35,area_60_120+area_centroid,2,100.0,24.0,45.08369886334316,21.08369886334316,False
38,2022-01-31T07:03:00,35,area_60_120+area_centroid,2,100.0,66.0,43.78281472128219,22.217185278717807,False
38,2022-02-03T07:17:00,36,peak+area_60_120+area_centroid,1,1.0,24.0,46.15476774631896,22.15476774631896,False
38,2022-01-31T07:03:00,36,peak+area_60_120+area_centroid,1,1.0,66.0,42.98494990795858,23.01505009204142,False
38,2022-02-03T07:17:00,37,peak+area_60_120+area_centroid,1,10.0,24.0,46.04717248665785,22.04717248665785,False
38,2022-01-31T07:03:00,37,peak+area_60_120+area_centroid,1,10.0,66.0,43.25660245876548,22.743397541234522,False
38,2022-02-03T07:17:00,38,peak+area_60_120+area_centroid,1,100.0,24.0,45.508555839359374,21.508555839359374,False
38,2022-01-31T07:03:00,38,peak+area_60_120+area_centroid,1,100.0,66.0,44.255457270926286,21.744542729073714,False
38,2022-02-03T07:17:00,39,peak+area_60_120+area_centroid,2,1.0,24.0,35.92329536267451,11.923295362674509,False
38,2022-01-31T07:03:00,39,peak+area_60_120+area_centroid,2,1.0,66.0,46.311751754330686,19.688248245669314,False
38,2022-02-03T07:17:00,40,peak+area_60_120+area_centroid,2,10.0,24.0,44.43945472486148,20.439454724861477,False
38,2022-01-31T07:03:00,40,peak+area_60_120+area_centroid,2,10.0,66.0,44.35750382329028,21.64249617670972,False
38,2022-02-03T07:17:00,41,peak+area_60_120+area_centroid,2,100.0,24.0,45.3764197191645,21.376419719164502,False
38,2022-01-31T07:03:00,41,peak+area_60_120+area_centroid,2,100.0,66.0,44.26917744366379,21.730822556336207,False
38,2022-02-03T07:17:00,42,peak+early_peak+area_0_60+area_60_120+area_120_180+area_0_180+steepest_15min_rise+rise_0_30+peak_time+positive_duration+area_centroid+late_area_fraction,1,1.0,24.0,55.56160330311631,31.561603303116307,False
38,2022-01-31T07:03:00,42,peak+early_peak+area_0_60+area_60_120+area_120_180+area_0_180+steepest_15min_rise+rise_0_30+peak_time+positive_duration+area_centroid+late_area_fraction,1,1.0,66.0,38.69844614615201,27.30155385384799,False
38,2022-02-03T07:17:00,43,peak+early_peak+area_0_60+area_60_120+area_120_180+area_0_180+steepest_15min_rise+rise_0_30+peak_time+positive_duration+area_centroid+late_area_fraction,1,10.0,24.0,53.1497578655063,29.149757865506302,False
38,2022-01-31T07:03:00,43,peak+early_peak+area_0_60+area_60_120+area_120_180+area_0_180+steepest_15min_rise+rise_0_30+peak_time+positive_duration+area_centroid+late_area_fraction,1,10.0,66.0,40.52667999576127,25.47332000423873,False
38,2022-02-03T07:17:00,44,peak+early_peak+area_0_60+area_60_120+area_120_180+area_0_180+steepest_15min_rise+rise_0_30+peak_time+positive_duration+area_centroid+late_area_fraction,1,100.0,24.0,47.49475524625548,23.49475524625548,False
38,2022-01-31T07:03:00,44,peak+early_peak+area_0_60+area_60_120+area_120_180+area_0_180+steepest_15min_rise+rise_0_30+peak_time+positive_duration+area_centroid+late_area_fraction,1,100.0,66.0,43.754628507596415,22.245371492403585,False
38,2022-02-03T07:17:00,45,peak+early_peak+area_0_60+area_60_120+area_120_180+area_0_180+steepest_15min_rise+rise_0_30+peak_time+positive_duration+area_centroid+late_area_fraction,2,1.0,24.0,60.768407618639216,36.768407618639216,False
38,2022-01-31T07:03:00,45,peak+early_peak+area_0_60+area_60_120+area_120_180+area_0_180+steepest_15min_rise+rise_0_30+peak_time+positive_duration+area_centroid+late_area_fraction,2,1.0,66.0,34.27891257153763,31.72108742846237,False
38,2022-02-03T07:17:00,46,peak+early_peak+area_0_60+area_60_120+area_120_180+area_0_180+steepest_15min_rise+rise_0_30+peak_time+positive_duration+area_centroid+late_area_fraction,2,10.0,24.0,53.509575662198564,29.509575662198564,False
38,2022-01-31T07:03:00,46,peak+early_peak+area_0_60+area_60_120+area_120_180+area_0_180+steepest_15min_rise+rise_0_30+peak_time+positive_duration+area_centroid+late_area_fraction,2,10.0,66.0,40.267771726997566,25.732228273002434,False
38,2022-02-03T07:17:00,47,peak+early_peak+area_0_60+area_60_120+area_120_180+area_0_180+steepest_15min_rise+rise_0_30+peak_time+positive_duration+area_centroid+late_area_fraction,2,100.0,24.0,47.33836176874745,23.338361768747447,False
38,2022-01-31T07:03:00,47,peak+early_peak+area_0_60+area_60_120+area_120_180+area_0_180+steepest_15min_rise+rise_0_30+peak_time+positive_duration+area_centroid+late_area_fraction,2,100.0,66.0,43.70159222401992,22.29840777598008,False
39,2025-02-16T07:13:00,0,peak,1,1.0,24.0,43.539534947849376,19.539534947849376,False
39,2025-02-13T08:04:00,0,peak,1,1.0,66.0,49.0648650506125,16.935134949387503,False
39,2025-02-16T07:13:00,1,peak,1,10.0,24.0,43.75860470567198,19.758604705671978,False
39,2025-02-13T08:04:00,1,peak,1,10.0,66.0,48.455135293020604,17.544864706979396,False
39,2025-02-16T07:13:00,2,peak,1,100.0,24.0,44.50344188226879,20.50344188226879,False
39,2025-02-13T08:04:00,2,peak,1,100.0,66.0,46.38205411720824,19.61794588279176,False
39,2025-02-16T07:13:00,3,peak,2,1.0,24.0,41.105929593570416,17.105929593570416,False
39,2025-02-13T08:04:00,3,peak,2,1.0,66.0,49.25059919296503,16.749400807034966,False
39,2025-02-16T07:13:00,4,peak,2,10.0,24.0,42.016232726340384,18.016232726340384,False
39,2025-02-13T08:04:00,4,peak,2,10.0,66.0,48.359151242289485,17.640848757710515,False
39,2025-02-16T07:13:00,5,peak,2,100.0,24.0,44.10520489516991,20.105204895169912,False
39,2025-02-13T08:04:00,5,peak,2,100.0,66.0,46.136669848119865,19.863330151880135,False
39,2025-02-16T07:13:00,6,area_60_120,1,1.0,24.0,38.743333244783074,14.743333244783074,False
39,2025-02-13T08:04:00,6,area_60_120,1,1.0,66.0,48.36162698333822,17.63837301666178,False
39,2025-02-16T07:13:00,7,area_60_120,1,10.0,24.0,39.68183325806559,15.681833258065588,False
39,2025-02-13T08:04:00,7,area_60_120,1,10.0,66.0,47.8573829358375,18.1426170641625,False
39,2025-02-16T07:13:00,8,area_60_120,1,100.0,24.0,42.872733303226234,18.872733303226234,False
39,2025-02-13T08:04:00,8,area_60_120,1,100.0,66.0,46.142953174335,19.857046825665,False
39,2025-02-16T07:13:00,9,area_60_120,2,1.0,24.0,35.98264070052043,11.982640700520427,False
39,2025-02-13T08:04:00,9,area_60_120,2,1.0,66.0,52.96423700713308,13.035762992866921,False
39,2025-02-16T07:13:00,10,area_60_120,2,10.0,24.0,38.79897938655155,14.79897938655155,False
39,2025-02-13T08:04:00,10,area_60_120,2,10.0,66.0,49.63367458655163,16.366325413448372,False
39,2025-02-16T07:13:00,11,area_60_120,2,100.0,24.0,42.86823689170008,18.86823689170008,False
39,2025-02-13T08:04:00,11,area_60_120,2,100.0,66.0,45.96863911177869,20.031360888221307,False
39,2025-02-16T07:13:00,12,area_centroid,1,1.0,24.0,43.344361162249186,19.344361162249186,False
39,2025-02-13T08:04:00,12,area_centroid,1,1.0,66.0,44.87836235952294,21.12163764047706,False
39,2025-02-16T07:13:00,13,area_centroid,1,10.0,24.0,43.592706987911804,19.592706987911804,False
39,2025-02-13T08:04:00,13,area_centroid,1,10.0,66.0,44.8966080055945,21.1033919944055,False
39,2025-02-16T07:13:00,14,area_centroid,1,100.0,24.0,44.43708279516472,20.43708279516472,False
39,2025-02-13T08:04:00,14,area_centroid,1,100.0,66.0,44.9586432022378,21.041356797762198,False
39,2025-02-16T07:13:00,15,area_centroid,2,1.0,24.0,43.564516811368534,19.564516811368534,False
39,2025-02-13T08:04:00,15,area_centroid,2,1.0,66.0,45.612152909452014,20.387847090547986,False
39,2025-02-16T07:13:00,16,area_centroid,2,10.0,24.0,43.71804812546505,19.718048125465053,False
39,2025-02-13T08:04:00,16,area_centroid,2,10.0,66.0,45.207823855072846,20.792176144927154,False
39,2025-02-16T07:13:00,17,area_centroid,2,100.0,24.0,44.35652587316521,20.35652587316521,False
39,2025-02-13T08:04:00,17,area_centroid,2,100.0,66.0,44.849847785547425,21.150152214452575,False
39,2025-02-16T07:13:00,18,peak+area_60_120,1,1.0,24.0,38.214032570382756,14.214032570382756,False
39,2025-02-13T08:04:00,18,peak+area_60_120,1,1.0,66.0,50.89095806574045,15.109041934259551,False
39,2025-02-16T07:13:00,19,peak+area_60_120,1,10.0,24.0,39.13822728246501,15.13822728246501,False
39,2025-02-13T08:04:00,19,peak+area_60_120,1,10.0,66.0,50.18395238785979,15.81604761214021,False
39,2025-02-16T07:13:00,20,peak+area_60_120,1,100.0,24.0,42.50239533436657,18.502395334366568,False
39,2025-02-13T08:04:00,20,peak+area_60_120,1,100.0,66.0,47.332082216450665,18.667917783549335,False
39,2025-02-16T07:13:00,21,peak+area_60_120,2,1.0,24.0,36.263284001569836,12.263284001569836,False
39,2025-02-13T08:04:00,21,peak+area_60_120,2,1.0,66.0,54.99600291334316,11.003997086656838,False
39,2025-02-16T07:13:00,22,peak+area_60_120,2,10.0,24.0,38.64146089063331,14.641460890633311,False
39,2025-02-13T08:04:00,22,peak+area_60_120,2,10.0,66.0,52.10893102211849,13.89106897788151,False
39,2025-02-16T07:13:00,23,peak+area_60_120,2,100.0,24.0,42.38803533641438,18.388035336414383,False
39,2025-02-13T08:04:00,23,peak+area_60_120,2,100.0,66.0,47.17782028187367,18.82217971812633,False
39,2025-02-16T07:13:00,24,peak+area_centroid,1,1.0,24.0,42.096795531778575,18.096795531778575,False
39,2025-02-13T08:04:00,24,peak+area_centroid,1,1.0,66.0,48.58512071817071,17.414879281829293,False
39,2025-02-16T07:13:00,25,peak+area_centroid,1,10.0,24.0,42.50665115698349,18.506651156983487,False
39,2025-02-13T08:04:00,25,peak+area_centroid,1,10.0,66.0,48.09117981750283,17.908820182497173,False
39,2025-02-16T07:13:00,26,peak+area_centroid,1,100.0,24.0,43.96624487471047,19.96624487471047,False
39,2025-02-13T08:04:00,26,peak+area_centroid,1,100.0,66.0,46.29794335053783,19.702056649462172,False
39,2025-02-16T07:13:00,27,peak+area_centroid,2,1.0,24.0,40.41635050141117,16.416350501411173,False
39,2025-02-13T08:04:00,27,peak+area_centroid,2,1.0,66.0,49.639278363868776,16.360721636131224,False
39,2025-02-16T07:13:00,28,peak+area_centroid,2,10.0,24.0,41.233592828463976,17.233592828463976,False
39,2025-02-13T08:04:00,28,peak+area_centroid,2,10.0,66.0,48.704039555840524,17.295960444159476,False
39,2025-02-16T07:13:00,29,peak+area_centroid,2,100.0,24.0,43.50578342885228,19.505783428852283,False
39,2025-02-13T08:04:00,29,peak+area_centroid,2,100.0,66.0,46.158162977266926,19.841837022733074,False
39,2025-02-16T07:13:00,30,area_60_120+area_centroid,1,1.0,24.0,38.02573796688702,14.025737966887021,False
39,2025-02-13T08:04:00,30,area_60_120+area_centroid,1,1.0,66.0,47.93539252260412,18.06460747739588,False
39,2025-02-16T07:13:00,31,area_60_120+area_centroid,1,10.0,24.0,38.970439624525746,14.970439624525746,False
39,2025-02-13T08:04:00,31,area_60_120+area_centroid,1,10.0,66.0,47.526049681934175,18.473950318065825,False
39,2025-02-16T07:13:00,32,area_60_120+area_centroid,1,100.0,24.0,42.43180776366608,18.43180776366608,False
39,2025-02-13T08:04:00,32,area_60_120+area_centroid,1,100.0,66.0,46.060617854292275,19.939382145707725,False
39,2025-02-16T07:13:00,33,area_60_120+area_centroid,2,1.0,24.0,31.62119294805839,7.62119294805839,False
39,2025-02-13T08:04:00,33,area_60_120+area_centroid,2,1.0,66.0,53.70757573778407,12.292424262215931,False
39,2025-02-16T07:13:00,34,area_60_120+area_centroid,2,10.0,24.0,37.465666998656914,13.465666998656914,False
39,2025-02-13T08:04:00,34,area_60_120+area_centroid,2,10.0,66.0,49.132476942776684,16.867523057223316,False
39,2025-02-16T07:13:00,35,area_60_120+area_centroid,2,100.0,24.0,42.28874021233167,18.288740212331668,False
39,2025-02-13T08:04:00,35,area_60_120+area_centroid,2,100.0,66.0,45.78979851898396,20.210201481016043,False
39,2025-02-16T07:13:00,36,peak+area_60_120+area_centroid,1,1.0,24.0,37.54752069579484,13.547520695794837,False
39,2025-02-13T08:04:00,36,peak+area_60_120+area_centroid,1,1.0,66.0,50.31697876418757,15.683021235812433,False
39,2025-02-16T07:13:00,37,peak+area_60_120+area_centroid,1,10.0,24.0,38.47529561035722,14.475295610357222,False
39,2025-02-13T08:04:00,37,peak+area_60_120+area_centroid,1,10.0,66.0,49.72775917985052,16.272240820149477,False
39,2025-02-16T07:13:00,38,peak+area_60_120+area_centroid,1,100.0,24.0,42.07837970809735,18.07837970809735,False
39,2025-02-13T08:04:00,38,peak+area_60_120+area_centroid,1,100.0,66.0,47.21742467921727,18.782575320782733,False
39,2025-02-16T07:13:00,39,peak+area_60_120+area_centroid,2,1.0,24.0,31.984416897662253,7.984416897662253,False
39,2025-02-13T08:04:00,39,peak+area_60_120+area_centroid,2,1.0,66.0,56.115175181452884,9.884824818547116,False
39,2025-02-16T07:13:00,40,peak+area_60_120+area_centroid,2,10.0,24.0,37.277033618657114,13.277033618657114,False
39,2025-02-13T08:04:00,40,peak+area_60_120+area_centroid,2,10.0,66.0,51.5573323181754,14.442667681824602,False
39,2025-02-16T07:13:00,41,peak+area_60_120+area_centroid,2,100.0,24.0,41.88277814447284,17.882778144472837,False
39,2025-02-13T08:04:00,41,peak+area_60_120+area_centroid,2,100.0,66.0,47.03217466232645,18.967825337673553,False
39,2025-02-16T07:13:00,42,peak+early_peak+area_0_60+area_60_120+area_120_180+area_0_180+steepest_15min_rise+rise_0_30+peak_time+positive_duration+area_centroid+late_area_fraction,1,1.0,24.0,35.932287220151444,11.932287220151444,False
39,2025-02-13T08:04:00,42,peak+early_peak+area_0_60+area_60_120+area_120_180+area_0_180+steepest_15min_rise+rise_0_30+peak_time+positive_duration+area_centroid+late_area_fraction,1,1.0,66.0,60.987917740167404,5.012082259832596,True
39,2025-02-16T07:13:00,43,peak+early_peak+area_0_60+area_60_120+area_120_180+area_0_180+steepest_15min_rise+rise_0_30+peak_time+positive_duration+area_centroid+late_area_fraction,1,10.0,24.0,35.651749029051935,11.651749029051935,False
39,2025-02-13T08:04:00,43,peak+early_peak+area_0_60+area_60_120+area_120_180+area_0_180+steepest_15min_rise+rise_0_30+peak_time+positive_duration+area_centroid+late_area_fraction,1,10.0,66.0,59.07994761259216,6.920052387407843,False
39,2025-02-16T07:13:00,44,peak+early_peak+area_0_60+area_60_120+area_120_180+area_0_180+steepest_15min_rise+rise_0_30+peak_time+positive_duration+area_centroid+late_area_fraction,1,100.0,24.0,38.043185973211706,14.043185973211706,False
39,2025-02-13T08:04:00,44,peak+early_peak+area_0_60+area_60_120+area_120_180+area_0_180+steepest_15min_rise+rise_0_30+peak_time+positive_duration+area_centroid+late_area_fraction,1,100.0,66.0,52.90589158189652,13.094108418103481,False
39,2025-02-16T07:13:00,45,peak+early_peak+area_0_60+area_60_120+area_120_180+area_0_180+steepest_15min_rise+rise_0_30+peak_time+positive_duration+area_centroid+late_area_fraction,2,1.0,24.0,35.83820605619513,11.838206056195133,False
39,2025-02-13T08:04:00,45,peak+early_peak+area_0_60+area_60_120+area_120_180+area_0_180+steepest_15min_rise+rise_0_30+peak_time+positive_duration+area_centroid+late_area_fraction,2,1.0,66.0,84.25330027064868,18.25330027064868,False
39,2025-02-16T07:13:00,46,peak+early_peak+area_0_60+area_60_120+area_120_180+area_0_180+steepest_15min_rise+rise_0_30+peak_time+positive_duration+area_centroid+late_area_fraction,2,10.0,24.0,32.90524471941099,8.905244719410987,False
39,2025-02-13T08:04:00,46,peak+early_peak+area_0_60+area_60_120+area_120_180+area_0_180+steepest_15min_rise+rise_0_30+peak_time+positive_duration+area_centroid+late_area_fraction,2,10.0,66.0,71.38210293756677,5.382102937566771,True
39,2025-02-16T07:13:00,47,peak+early_peak+area_0_60+area_60_120+area_120_180+area_0_180+steepest_15min_rise+rise_0_30+peak_time+positive_duration+area_centroid+late_area_fraction,2,100.0,24.0,36.055889492591426,12.055889492591426,False
39,2025-02-13T08:04:00,47,peak+early_peak+area_0_60+area_60_120+area_120_180+area_0_180+steepest_15min_rise+rise_0_30+peak_time+positive_duration+area_centroid+late_area_fraction,2,100.0,66.0,52.581864100009625,13.418135899990375,False
41,2022-05-05T07:59:00,0,peak,1,1.0,24.0,42.305922427870605,18.305922427870605,False
41,2022-05-02T08:19:00,0,peak,1,1.0,66.0,45.98657890889101,20.013421091108988,False
41,2022-05-05T07:59:00,1,peak,1,10.0,24.0,42.71003406369001,18.71003406369001,False
41,2022-05-02T08:19:00,1,peak,1,10.0,66.0,45.83859207255736,20.16140792744264,False
41,2022-05-05T07:59:00,2,peak,1,100.0,24.0,44.084013625476004,20.084013625476004,False
41,2022-05-02T08:19:00,2,peak,1,100.0,66.0,45.335436829022946,20.664563170977054,False
41,2022-05-05T07:59:00,3,peak,2,1.0,24.0,39.914314513904806,15.914314513904806,False
41,2022-05-02T08:19:00,3,peak,2,1.0,66.0,43.9264591823489,22.0735408176511,False
41,2022-05-05T07:59:00,4,peak,2,10.0,24.0,41.07292739443799,17.07292739443799,False
41,2022-05-02T08:19:00,4,peak,2,10.0,66.0,44.235229200347746,21.764770799652254,False
41,2022-05-05T07:59:00,5,peak,2,100.0,24.0,43.78263018019577,19.782630180195767,False
41,2022-05-02T08:19:00,5,peak,2,100.0,66.0,44.84340196074724,21.156598039252763,False
41,2022-05-05T07:59:00,6,area_60_120,1,1.0,24.0,36.677642903795096,12.677642903795096,False
41,2022-05-02T08:19:00,6,area_60_120,1,1.0,66.0,44.26311567003006,21.73688432996994,False
41,2022-05-05T07:59:00,7,area_60_120,1,10.0,24.0,37.925996468225826,13.925996468225826,False
41,2022-05-02T08:19:00,7,area_60_120,1,10.0,66.0,44.37364831952555,21.62635168047445,False
41,2022-05-05T07:59:00,8,area_60_120,1,100.0,24.0,42.17039858729033,18.17039858729033,False
41,2022-05-02T08:19:00,8,area_60_120,1,100.0,66.0,44.74945932781022,21.25054067218978,False
41,2022-05-05T07:59:00,9,area_60_120,2,1.0,24.0,31.62180757278032,7.62180757278032,False
41,2022-05-02T08:19:00,9,area_60_120,2,1.0,66.0,46.57727783231443,19.42272216768557,False
41,2022-05-05T07:59:00,10,area_60_120,2,10.0,24.0,36.17925805939528,12.17925805939528,False
41,2022-05-02T08:19:00,10,area_60_120,2,10.0,66.0,45.36690209083235,20.633097909167653,False
41,2022-05-05T07:59:00,11,area_60_120,2,100.0,24.0,42.24621176066659,18.24621176066659,False
41,2022-05-02T08:19:00,11,area_60_120,2,100.0,66.0,44.59528293720073,21.40471706279927,False
41,2022-05-05T07:59:00,12,area_centroid,1,1.0,24.0,36.24721968605175,12.24721968605175,False
41,2022-05-02T08:19:00,12,area_centroid,1,1.0,66.0,43.54899963283964,22.45100036716036,False
41,2022-05-05T07:59:00,13,area_centroid,1,10.0,24.0,37.56013673314396,13.560136733143963,False
41,2022-05-02T08:19:00,13,area_centroid,1,10.0,66.0,43.76664968791369,22.23335031208631,False
41,2022-05-05T07:59:00,14,area_centroid,1,100.0,24.0,42.02405469325759,18.02405469325759,False
41,2022-05-02T08:19:00,14,area_centroid,1,100.0,66.0,44.506659875165475,21.493340124834525,False
41,2022-05-05T07:59:00,15,area_centroid,2,1.0,24.0,33.105154104680125,9.105154104680125,False
41,2022-05-02T08:19:00,15,area_centroid,2,1.0,66.0,43.76643532405477,22.23356467594523,False
41,2022-05-05T07:59:00,16,area_centroid,2,10.0,24.0,36.53178116207225,12.53178116207225,False
41,2022-05-02T08:19:00,16,area_centroid,2,10.0,66.0,43.872567118929496,22.127432881070504,False
41,2022-05-05T07:59:00,17,area_centroid,2,100.0,24.0,42.28357566857698,18.28357566857698,False
41,2022-05-02T08:19:00,17,area_centroid,2,100.0,66.0,44.413180490255364,21.586819509744636,False
41,2022-05-05T07:59:00,18,peak+area_60_120,1,1.0,24.0,35.463204031466354,11.463204031466354,False
41,2022-05-02T08:19:00,18,peak+area_60_120,1,1.0,66.0,44.99885716303555,21.001142836964448,False
41,2022-05-05T07:59:00,19,peak+area_60_120,1,10.0,24.0,36.73986142726889,12.739861427268892,False
41,2022-05-02T08:19:00,19,peak+area_60_120,1,10.0,66.0,45.03191115869677,20.968088841303228,False
41,2022-05-05T07:59:00,20,peak+area_60_120,1,100.0,24.0,41.45156998909952,17.451569989099518,False
41,2022-05-02T08:19:00,20,peak+area_60_120,1,100.0,66.0,45.05614916638085,20.943850833619152,False
41,2022-05-05T07:59:00,21,peak+area_60_120,2,1.0,24.0,31.154710808764982,7.154710808764982,False
41,2022-05-02T08:19:00,21,peak+area_60_120,2,1.0,66.0,47.53188145188153,18.46811854811847,False
41,2022-05-05T07:59:00,22,peak+area_60_120,2,10.0,24.0,35.19109214235083,11.191092142350833,False
41,2022-05-02T08:19:00,22,peak+area_60_120,2,10.0,66.0,46.29648038012413,19.70351961987587,False
41,2022-05-05T07:59:00,23,peak+area_60_120,2,100.0,24.0,41.36435062383547,17.36435062383547,False
41,2022-05-02T08:19:00,23,peak+area_60_120,2,100.0,66.0,44.84334123307546,21.156658766924537,False
41,2022-05-05T07:59:00,24,peak+area_centroid,1,1.0,24.0,34.144420359171455,10.144420359171455,False
41,2022-05-02T08:19:00,24,peak+area_centroid,1,1.0,66.0,44.53192940712628,21.468070592873723,False
41,2022-05-05T07:59:00,25,peak+area_centroid,1,10.0,24.0,35.70148460268636,11.701484602686357,False
41,2022-05-02T08:19:00,25,peak+area_centroid,1,10.0,66.0,44.60279254986046,21.39720745013954,False
41,2022-05-05T07:59:00,26,peak+area_centroid,1,100.0,24.0,41.17939499988623,17.179394999886227,False
41,2022-05-02T08:19:00,26,peak+area_centroid,1,100.0,66.0,44.84180590329996,21.158194096700043,False
41,2022-05-05T07:59:00,27,peak+area_centroid,2,1.0,24.0,31.487236594723228,7.487236594723228,False
41,2022-05-02T08:19:00,27,peak+area_centroid,2,1.0,66.0,43.49479287060042,22.50520712939958,False
41,2022-05-05T07:59:00,28,peak+area_centroid,2,10.0,24.0,33.70210312585427,9.702103125854272,False
41,2022-05-02T08:19:00,28,peak+area_centroid,2,10.0,66.0,43.77211000162545,22.22788999837455,False
41,2022-05-05T07:59:00,29,peak+area_centroid,2,100.0,24.0,40.265702642487,16.265702642487,False
41,2022-05-02T08:19:00,29,peak+area_centroid,2,100.0,66.0,44.439205067694985,21.560794932305015,False
41,2022-05-05T07:59:00,30,area_60_120+area_centroid,1,1.0,24.0,30.255760162600712,6.255760162600712,False
41,2022-05-02T08:19:00,30,area_60_120+area_centroid,1,1.0,66.0,43.14517514962641,22.85482485037359,False
41,2022-05-05T07:59:00,31,area_60_120+area_centroid,1,10.0,24.0,32.19951753869889,8.199517538698892,False
41,2022-05-02T08:19:00,31,area_60_120+area_centroid,1,10.0,66.0,43.38454329268143,22.61545670731857,False
41,2022-05-05T07:59:00,32,area_60_120+area_centroid,1,100.0,24.0,39.48617541070816,15.486175410708157,False
41,2022-05-02T08:19:00,32,area_60_120+area_centroid,1,100.0,66.0,44.297400914824316,21.702599085175684,False
41,2022-05-05T07:59:00,33,area_60_120+area_centroid,2,1.0,24.0,32.19077705898343,8.190777058983429,False
41,2022-05-02T08:19:00,33,area_60_120+area_centroid,2,1.0,66.0,45.15219919245083,20.84780080754917,False
41,2022-05-05T07:59:00,34,area_60_120+area_centroid,2,10.0,24.0,32.83487638536295,8.834876385362953,False
41,2022-05-02T08:19:00,34,area_60_120+area_centroid,2,10.0,66.0,44.08563052259986,21.914369477400143,False
41,2022-05-05T07:59:00,35,area_60_120+area_centroid,2,100.0,24.0,39.86689061407147,15.866890614071472,False
41,2022-05-02T08:19:00,35,area_60_120+area_centroid,2,100.0,66.0,44.03754538408503,21.96245461591497,False
41,2022-05-05T07:59:00,36,peak+area_60_120+area_centroid,1,1.0,24.0,29.238958106351607,5.238958106351607,False
41,2022-05-02T08:19:00,36,peak+area_60_120+area_centroid,1,1.0,66.0,43.87001961871404,22.12998038128596,False
41,2022-05-05T07:59:00,37,peak+area_60_120+area_centroid,1,10.0,24.0,31.18866870277308,7.188668702773079,False
41,2022-05-02T08:19:00,37,peak+area_60_120+area_centroid,1,10.0,66.0,44.03504896669396,21.964951033306043,False
41,2022-05-05T07:59:00,38,peak+area_60_120+area_centroid,1,100.0,24.0,38.81860119640437,14.818601196404373,False
41,2022-05-02T08:19:00,38,peak+area_60_120+area_centroid,1,100.0,66.0,44.603253625895796,21.396746374104204,False
41,2022-05-05T07:59:00,39,peak+area_60_120+area_centroid,2,1.0,24.0,33.78386393478417,9.783863934784172,False
41,2022-05-02T08:19:00,39,peak+area_60_120+area_centroid,2,1.0,66.0,46.666234212832954,19.333765787167046,False
41,2022-05-05T07:59:00,40,peak+area_60_120+area_centroid,2,10.0,24.0,33.11633570732336,9.116335707323358,False
41,2022-05-02T08:19:00,40,peak+area_60_120+area_centroid,2,10.0,66.0,45.044879582253124,20.955120417746876,False
41,2022-05-05T07:59:00,41,peak+area_60_120+area_centroid,2,100.0,24.0,38.6531417006716,14.653141700671597,False
41,2022-05-02T08:19:00,41,peak+area_60_120+area_centroid,2,100.0,66.0,44.359212651812136,21.640787348187864,False
41,2022-05-05T07:59:00,42,peak+early_peak+area_0_60+area_60_120+area_120_180+area_0_180+steepest_15min_rise+rise_0_30+peak_time+positive_duration+area_centroid+late_area_fraction,1,1.0,24.0,16.905080336532667,7.0949196634673335,False
41,2022-05-02T08:19:00,42,peak+early_peak+area_0_60+area_60_120+area_120_180+area_0_180+steepest_15min_rise+rise_0_30+peak_time+positive_duration+area_centroid+late_area_fraction,1,1.0,66.0,42.28182145629332,23.718178543706678,False
41,2022-05-05T07:59:00,43,peak+early_peak+area_0_60+area_60_120+area_120_180+area_0_180+steepest_15min_rise+rise_0_30+peak_time+positive_duration+area_centroid+late_area_fraction,1,10.0,24.0,26.653331684199664,2.6533316841996637,False
41,2022-05-02T08:19:00,43,peak+early_peak+area_0_60+area_60_120+area_120_180+area_0_180+steepest_15min_rise+rise_0_30+peak_time+positive_duration+area_centroid+late_area_fraction,1,10.0,66.0,44.37639910854812,21.62360089145188,False
41,2022-05-05T07:59:00,44,peak+early_peak+area_0_60+area_60_120+area_120_180+area_0_180+steepest_15min_rise+rise_0_30+peak_time+positive_duration+area_centroid+late_area_fraction,1,100.0,24.0,36.550917533889574,12.550917533889574,False
41,2022-05-02T08:19:00,44,peak+early_peak+area_0_60+area_60_120+area_120_180+area_0_180+steepest_15min_rise+rise_0_30+peak_time+positive_duration+area_centroid+late_area_fraction,1,100.0,66.0,45.518809667389746,20.481190332610254,False
41,2022-05-05T07:59:00,45,peak+early_peak+area_0_60+area_60_120+area_120_180+area_0_180+steepest_15min_rise+rise_0_30+peak_time+positive_duration+area_centroid+late_area_fraction,2,1.0,24.0,9.898611574476263,14.101388425523737,False
41,2022-05-02T08:19:00,45,peak+early_peak+area_0_60+area_60_120+area_120_180+area_0_180+steepest_15min_rise+rise_0_30+peak_time+positive_duration+area_centroid+late_area_fraction,2,1.0,66.0,40.81838734094494,25.181612659055062,False
41,2022-05-05T07:59:00,46,peak+early_peak+area_0_60+area_60_120+area_120_180+area_0_180+steepest_15min_rise+rise_0_30+peak_time+positive_duration+area_centroid+late_area_fraction,2,10.0,24.0,18.29817645016876,5.701823549831239,False
41,2022-05-02T08:19:00,46,peak+early_peak+area_0_60+area_60_120+area_120_180+area_0_180+steepest_15min_rise+rise_0_30+peak_time+positive_duration+area_centroid+late_area_fraction,2,10.0,66.0,43.27734698436647,22.722653015633533,False
41,2022-05-05T07:59:00,47,peak+early_peak+area_0_60+area_60_120+area_120_180+area_0_180+steepest_15min_rise+rise_0_30+peak_time+positive_duration+area_centroid+late_area_fraction,2,100.0,24.0,35.58637502067419,11.58637502067419,False
41,2022-05-02T08:19:00,47,peak+early_peak+area_0_60+area_60_120+area_120_180+area_0_180+steepest_15min_rise+rise_0_30+peak_time+positive_duration+area_centroid+late_area_fraction,2,100.0,66.0,44.68849956786752,21.311500432132483,False
42,2025-08-03T10:28:00,0,peak,1,1.0,24.0,43.40623969866094,19.40623969866094,False
42,2025-07-31T08:40:00,0,peak,1,1.0,66.0,43.01437183769922,22.985628162300777,False
42,2025-08-03T10:28:00,1,peak,1,10.0,24.0,43.64530374386178,19.64530374386178,False
42,2025-07-31T08:40:00,1,peak,1,10.0,66.0,43.31221606204432,22.68778393795568,False
42,2025-08-03T10:28:00,2,peak,1,100.0,24.0,44.45812149754472,20.458121497544717,False
42,2025-07-31T08:40:00,2,peak,1,100.0,66.0,44.32488642481773,21.675113575182273,False
42,2025-08-03T10:28:00,3,peak,2,1.0,24.0,40.80783761224308,16.807837612243077,False
42,2025-07-31T08:40:00,3,peak,2,1.0,66.0,40.43625622834499,25.563743771655012,False
42,2025-08-03T10:28:00,4,peak,2,10.0,24.0,41.79424571408815,17.79424571408815,False
42,2025-07-31T08:40:00,4,peak,2,10.0,66.0,41.498045425969266,24.501954574030734,False
42,2025-08-03T10:28:00,5,peak,2,100.0,24.0,44.043474800261016,20.043474800261016,False
42,2025-07-31T08:40:00,5,peak,2,100.0,66.0,43.93987893811834,22.06012106188166,False
42,2025-08-03T10:28:00,6,area_60_120,1,1.0,24.0,40.700283431227255,16.700283431227255,False
42,2025-07-31T08:40:00,6,area_60_120,1,1.0,66.0,36.39876334847315,29.601236651526847,False
42,2025-08-03T10:28:00,7,area_60_120,1,10.0,24.0,41.34524091654316,17.345240916543162,False
42,2025-07-31T08:40:00,7,area_60_120,1,10.0,66.0,37.68894884620217,28.311051153797827,False
42,2025-08-03T10:28:00,8,area_60_120,1,100.0,24.0,43.53809636661727,19.538096366617268,False
42,2025-07-31T08:40:00,8,area_60_120,1,100.0,66.0,42.075579538480866,23.924420461519134,False
42,2025-08-03T10:28:00,9,area_60_120,2,1.0,24.0,40.25339999394438,16.253399993944377,False
42,2025-07-31T08:40:00,9,area_60_120,2,1.0,66.0,30.809865325238878,35.190134674761126,False
42,2025-08-03T10:28:00,10,area_60_120,2,10.0,24.0,41.36371209340744,17.363712093407443,False
42,2025-07-31T08:40:00,10,area_60_120,2,10.0,66.0,35.671489710743266,30.328510289256734,False
42,2025-08-03T10:28:00,11,area_60_120,2,100.0,24.0,43.47662131406477,19.476621314064772,False
42,2025-07-31T08:40:00,11,area_60_120,2,100.0,66.0,42.12186972316801,23.87813027683199,False
42,2025-08-03T10:28:00,12,area_centroid,1,1.0,24.0,35.68884712512449,11.68884712512449,False
42,2025-07-31T08:40:00,12,area_centroid,1,1.0,66.0,96.31811260188874,30.318112601888743,False
42,2025-08-03T10:28:00,13,area_centroid,1,10.0,24.0,37.085520056355854,13.085520056355854,False
42,2025-07-31T08:40:00,13,area_centroid,1,10.0,66.0,88.62039571160523,22.620395711605227,False
42,2025-08-03T10:28:00,14,area_centroid,1,100.0,24.0,41.83420802254234,17.83420802254234,False
42,2025-07-31T08:40:00,14,area_centroid,1,100.0,66.0,62.44815828464209,3.5518417153579094,True
42,2025-08-03T10:28:00,15,area_centroid,2,1.0,24.0,36.15220130318614,12.15220130318614,False
42,2025-07-31T08:40:00,15,area_centroid,2,1.0,66.0,180.0541010435551,114.05410104355511,False
42,2025-08-03T10:28:00,16,area_centroid,2,10.0,24.0,37.50194008293771,13.501940082937708,False
42,2025-07-31T08:40:00,16,area_centroid,2,10.0,66.0,141.66724682876048,75.66724682876048,False
42,2025-08-03T10:28:00,17,area_centroid,2,100.0,24.0,41.867634000123495,17.867634000123495,False
42,2025-07-31T08:40:00,17,area_centroid,2,100.0,66.0,64.51474444633249,1.485255553667514,True
42,2025-08-03T10:28:00,18,peak+area_60_120,1,1.0,24.0,39.935567913825075,15.935567913825075,False
42,2025-07-31T08:40:00,18,peak+area_60_120,1,1.0,66.0,35.69610236783517,30.303897632164833,False
42,2025-08-03T10:28:00,19,peak+area_60_120,1,10.0,24.0,40.60794856794718,16.607948567947183,False
42,2025-07-31T08:40:00,19,peak+area_60_120,1,10.0,66.0,36.96280857461773,29.037191425382268,False
42,2025-08-03T10:28:00,20,peak+area_60_120,1,100.0,24.0,43.105951249151275,19.105951249151275,False
42,2025-07-31T08:40:00,20,peak+area_60_120,1,100.0,66.0,41.57454220432024,24.425457795679762,False
42,2025-08-03T10:28:00,21,peak+area_60_120,2,1.0,24.0,40.06993030325968,16.06993030325968,False
42,2025-07-31T08:40:00,21,peak+area_60_120,2,1.0,66.0,31.017702559603734,34.982297440396266,False
42,2025-08-03T10:28:00,22,peak+area_60_120,2,10.0,24.0,40.78166767329415,16.78166767329415,False
42,2025-07-31T08:40:00,22,peak+area_60_120,2,10.0,66.0,35.51332268169669,30.486677318303308,False
42,2025-08-03T10:28:00,23,peak+area_60_120,2,100.0,24.0,42.9362581103215,18.936258110321504,False
42,2025-07-31T08:40:00,23,peak+area_60_120,2,100.0,66.0,41.497173968756165,24.502826031243835,False
42,2025-08-03T10:28:00,24,peak+area_centroid,1,1.0,24.0,35.450366649407506,11.450366649407506,False
42,2025-07-31T08:40:00,24,peak+area_centroid,1,1.0,66.0,88.61883084552875,22.61883084552875,False
42,2025-08-03T10:28:00,25,peak+area_centroid,1,10.0,24.0,36.7341045476924,12.734104547692397,False
42,2025-07-31T08:40:00,25,peak+area_centroid,1,10.0,66.0,82.69329640442834,16.693296404428338,False
42,2025-08-03T10:28:00,26,peak+area_centroid,1,100.0,24.0,41.46706570384362,17.467065703843623,False
42,2025-07-31T08:40:00,26,peak+area_centroid,1,100.0,66.0,61.029706813020546,4.970293186979454,True
42,2025-08-03T10:28:00,27,peak+area_centroid,2,1.0,24.0,35.93579933829872,11.935799338298722,False
42,2025-07-31T08:40:00,27,peak+area_centroid,2,1.0,66.0,198.32654485457073,132.32654485457073,False
42,2025-08-03T10:28:00,28,peak+area_centroid,2,10.0,24.0,36.8086326974302,12.808632697430198,False
42,2025-07-31T08:40:00,28,peak+area_centroid,2,10.0,66.0,158.29786974763715,92.29786974763715,False
42,2025-08-03T10:28:00,29,peak+area_centroid,2,100.0,24.0,40.96728347299809,16.96728347299809,False
42,2025-07-31T08:40:00,29,peak+area_centroid,2,100.0,66.0,71.1720015160059,5.172001516005906,True
42,2025-08-03T10:28:00,30,area_60_120+area_centroid,1,1.0,24.0,36.7382333727479,12.7382333727479,False
42,2025-07-31T08:40:00,30,area_60_120+area_centroid,1,1.0,66.0,62.245860040285166,3.754139959714834,True
42,2025-08-03T10:28:00,31,area_60_120+area_centroid,1,10.0,24.0,37.36415171825784,13.364151718257837,False
42,2025-07-31T08:40:00,31,area_60_120+area_centroid,1,10.0,66.0,62.987942904216474,3.0120570957835255,True
42,2025-08-03T10:28:00,32,area_60_120+area_centroid,1,100.0,24.0,41.06663354906834,17.066633549068342,False
42,2025-07-31T08:40:00,32,area_60_120+area_centroid,1,100.0,66.0,56.47805073638703,9.521949263612967,False
42,2025-08-03T10:28:00,33,area_60_120+area_centroid,2,1.0,24.0,39.441626860193395,15.441626860193395,False
42,2025-07-31T08:40:00,33,area_60_120+area_centroid,2,1.0,66.0,114.73486044751614,48.73486044751614,False
42,2025-08-03T10:28:00,34,area_60_120+area_centroid,2,10.0,24.0,38.49520985619837,14.495209856198372,False
42,2025-07-31T08:40:00,34,area_60_120+area_centroid,2,10.0,66.0,120.334390829765,54.334390829765,False
42,2025-08-03T10:28:00,35,area_60_120+area_centroid,2,100.0,24.0,41.12360179098976,17.12360179098976,False
42,2025-07-31T08:40:00,35,area_60_120+area_centroid,2,100.0,66.0,58.139123028256705,7.860876971743295,False
42,2025-08-03T10:28:00,36,peak+area_60_120+area_centroid,1,1.0,24.0,36.48548454173496,12.485484541734962,False
42,2025-07-31T08:40:00,36,peak+area_60_120+area_centroid,1,1.0,66.0,58.56189467520984,7.438105324790158,False
42,2025-08-03T10:28:00,37,peak+area_60_120+area_centroid,1,10.0,24.0,37.06763580735971,13.067635807359707,False
42,2025-07-31T08:40:00,37,peak+area_60_120+area_centroid,1,10.0,66.0,59.821753555244065,6.178246444755935,True
42,2025-08-03T10:28:00,38,peak+area_60_120+area_centroid,1,100.0,24.0,40.75977023122634,16.75977023122634,False
42,2025-07-31T08:40:00,38,peak+area_60_120+area_centroid,1,100.0,66.0,55.387165085745536,10.612834914254464,False
42,2025-08-03T10:28:00,39,peak+area_60_120+area_centroid,2,1.0,24.0,40.34138081437783,16.34138081437783,False
42,2025-07-31T08:40:00,39,peak+area_60_120+area_centroid,2,1.0,66.0,110.01630972878353,44.016309728783526,False
42,2025-08-03T10:28:00,40,peak+area_60_120+area_centroid,2,10.0,24.0,38.8483871722667,14.848387172266698,False
42,2025-07-31T08:40:00,40,peak+area_60_120+area_centroid,2,10.0,66.0,112.38325853596828,46.38325853596828,False
42,2025-08-03T10:28:00,41,peak+area_60_120+area_centroid,2,100.0,24.0,40.682222738831086,16.682222738831086,False
42,2025-07-31T08:40:00,41,peak+area_60_120+area_centroid,2,100.0,66.0,61.858844042201476,4.141155957798524,True
42,2025-08-03T10:28:00,42,peak+early_peak+area_0_60+area_60_120+area_120_180+area_0_180+steepest_15min_rise+rise_0_30+peak_time+positive_duration+area_centroid+late_area_fraction,1,1.0,24.0,29.444564817545245,5.4445648175452455,False
42,2025-07-31T08:40:00,42,peak+early_peak+area_0_60+area_60_120+area_120_180+area_0_180+steepest_15min_rise+rise_0_30+peak_time+positive_duration+area_centroid+late_area_fraction,1,1.0,66.0,73.32772162464379,7.327721624643786,False
42,2025-08-03T10:28:00,43,peak+early_peak+area_0_60+area_60_120+area_120_180+area_0_180+steepest_15min_rise+rise_0_30+peak_time+positive_duration+area_centroid+late_area_fraction,1,10.0,24.0,32.233621770316454,8.233621770316454,False
42,2025-07-31T08:40:00,43,peak+early_peak+area_0_60+area_60_120+area_120_180+area_0_180+steepest_15min_rise+rise_0_30+peak_time+positive_duration+area_centroid+late_area_fraction,1,10.0,66.0,58.69464194150204,7.3053580584979585,False
42,2025-08-03T10:28:00,44,peak+early_peak+area_0_60+area_60_120+area_120_180+area_0_180+steepest_15min_rise+rise_0_30+peak_time+positive_duration+area_centroid+late_area_fraction,1,100.0,24.0,37.15603578412415,13.15603578412415,False
42,2025-07-31T08:40:00,44,peak+early_peak+area_0_60+area_60_120+area_120_180+area_0_180+steepest_15min_rise+rise_0_30+peak_time+positive_duration+area_centroid+late_area_fraction,1,100.0,66.0,51.666027581059446,14.333972418940554,False
42,2025-08-03T10:28:00,45,peak+early_peak+area_0_60+area_60_120+area_120_180+area_0_180+steepest_15min_rise+rise_0_30+peak_time+positive_duration+area_centroid+late_area_fraction,2,1.0,24.0,39.207503747281855,15.207503747281855,False
42,2025-07-31T08:40:00,45,peak+early_peak+area_0_60+area_60_120+area_120_180+area_0_180+steepest_15min_rise+rise_0_30+peak_time+positive_duration+area_centroid+late_area_fraction,2,1.0,66.0,141.77981073705666,75.77981073705666,False
42,2025-08-03T10:28:00,46,peak+early_peak+area_0_60+area_60_120+area_120_180+area_0_180+steepest_15min_rise+rise_0_30+peak_time+positive_duration+area_centroid+late_area_fraction,2,10.0,24.0,20.979239057030135,3.020760942969865,False
42,2025-07-31T08:40:00,46,peak+early_peak+area_0_60+area_60_120+area_120_180+area_0_180+steepest_15min_rise+rise_0_30+peak_time+positive_duration+area_centroid+late_area_fraction,2,10.0,66.0,58.74899470236396,7.251005297636041,False
42,2025-08-03T10:28:00,47,peak+early_peak+area_0_60+area_60_120+area_120_180+area_0_180+steepest_15min_rise+rise_0_30+peak_time+positive_duration+area_centroid+late_area_fraction,2,100.0,24.0,31.772025707098248,7.772025707098248,False
42,2025-07-31T08:40:00,47,peak+early_peak+area_0_60+area_60_120+area_120_180+area_0_180+steepest_15min_rise+rise_0_30+peak_time+positive_duration+area_centroid+late_area_fraction,2,100.0,66.0,34.56217234229755,31.43782765770245,False
43,2025-10-23T08:08:00,0,peak,1,1.0,24.0,43.36840542330481,19.368405423304807,False
43,2025-10-20T08:00:00,0,peak,1,1.0,66.0,48.22690038471096,17.77309961528904,False
43,2025-10-23T08:08:00,1,peak,1,10.0,24.0,43.61314460980909,19.61314460980909,False
43,2025-10-20T08:00:00,1,peak,1,10.0,66.0,47.74286532700431,18.25713467299569,False
43,2025-10-23T08:08:00,2,peak,1,100.0,24.0,44.445257843923635,20.445257843923635,False
43,2025-10-20T08:00:00,2,peak,1,100.0,66.0,46.097146130801725,19.902853869198275,False
43,2025-10-23T08:08:00,3,peak,2,1.0,24.0,41.03831739500806,17.038317395008058,False
43,2025-10-20T08:00:00,3,peak,2,1.0,66.0,46.774201412389786,19.225798587610214,False
43,2025-10-23T08:08:00,4,peak,2,10.0,24.0,41.90118750480705,17.901187504807048,False
43,2025-10-20T08:00:00,4,peak,2,10.0,66.0,46.51904150329166,19.48095849670834,False
43,2025-10-23T08:08:00,5,peak,2,100.0,24.0,44.029056279692554,20.029056279692554,False
43,2025-10-20T08:00:00,5,peak,2,100.0,66.0,45.64753769398759,20.352462306012413,False
43,2025-10-23T08:08:00,6,area_60_120,1,1.0,24.0,39.6433711707799,15.6433711707799,False
43,2025-10-20T08:00:00,6,area_60_120,1,1.0,66.0,43.04179235413851,22.958207645861492,False
43,2025-10-23T08:08:00,7,area_60_120,1,10.0,24.0,40.446865495162896,16.446865495162896,False
43,2025-10-20T08:00:00,7,area_60_120,1,10.0,66.0,43.335523501017725,22.664476498982275,False
43,2025-10-23T08:08:00,8,area_60_120,1,100.0,24.0,43.17874619806516,19.178746198065163,False
43,2025-10-20T08:00:00,8,area_60_120,1,100.0,66.0,44.33420940040709,21.66579059959291,False
43,2025-10-23T08:08:00,9,area_60_120,2,1.0,24.0,38.05287151618492,14.052871516184922,False
43,2025-10-20T08:00:00,9,area_60_120,2,1.0,66.0,44.53823225137659,21.46176774862341,False
43,2025-10-23T08:08:00,10,area_60_120,2,10.0,24.0,40.00248587702937,16.002485877029372,False
43,2025-10-20T08:00:00,10,area_60_120,2,10.0,66.0,44.05836260837481,21.941637391625193,False
43,2025-10-23T08:08:00,11,area_60_120,2,100.0,24.0,43.13567677248868,19.13567677248868,False
43,2025-10-20T08:00:00,11,area_60_120,2,100.0,66.0,44.20912162865452,21.790878371345478,False
43,2025-10-23T08:08:00,12,area_centroid,1,1.0,24.0,43.87915871788557,19.879158717885574,False
43,2025-10-20T08:00:00,12,area_centroid,1,1.0,66.0,45.97844721676475,20.02155278323525,False
43,2025-10-23T08:08:00,13,area_centroid,1,10.0,24.0,44.047284910202734,20.047284910202734,False
43,2025-10-20T08:00:00,13,area_centroid,1,10.0,66.0,45.83168013425004,20.168319865749957,False
43,2025-10-23T08:08:00,14,area_centroid,1,100.0,24.0,44.618913964081095,20.618913964081095,False
43,2025-10-20T08:00:00,14,area_centroid,1,100.0,66.0,45.332672053700016,20.667327946299984,False
43,2025-10-23T08:08:00,15,area_centroid,2,1.0,24.0,44.28239898762172,20.28239898762172,False
43,2025-10-20T08:00:00,15,area_centroid,2,1.0,66.0,47.026628028868586,18.973371971131414,False
43,2025-10-23T08:08:00,16,area_centroid,2,10.0,24.0,44.238625411016045,20.238625411016045,False
43,2025-10-20T08:00:00,16,area_centroid,2,10.0,66.0,46.2522084581863,19.747791541813697,False
43,2025-10-23T08:08:00,17,area_centroid,2,100.0,24.0,44.52744511242116,20.527445112421162,False
43,2025-10-20T08:00:00,17,area_centroid,2,100.0,66.0,45.210917381810475,20.789082618189525,False
43,2025-10-23T08:08:00,18,peak+area_60_120,1,1.0,24.0,39.261645788618125,15.261645788618125,False
43,2025-10-20T08:00:00,18,peak+area_60_120,1,1.0,66.0,45.16978737905026,20.830212620949737,False
43,2025-10-23T08:08:00,19,peak+area_60_120,1,10.0,24.0,40.008513400190175,16.008513400190175,False
43,2025-10-20T08:00:00,19,peak+area_60_120,1,10.0,66.0,45.2918621926113,20.708137807388702,False
43,2025-10-23T08:08:00,20,peak+area_60_120,1,100.0,24.0,42.80298707486787,18.802987074867872,False
43,2025-10-20T08:00:00,20,peak+area_60_120,1,100.0,66.0,45.305645540720924,20.694354459279076,False
43,2025-10-23T08:08:00,21,peak+area_60_120,2,1.0,24.0,38.21872474188218,14.218724741882177,False
43,2025-10-20T08:00:00,21,peak+area_60_120,2,1.0,66.0,47.205490564815484,18.794509435184516,False
43,2025-10-23T08:08:00,22,peak+area_60_120,2,10.0,24.0,39.92883503534188,15.928835035341883,False
43,2025-10-20T08:00:00,22,peak+area_60_120,2,10.0,66.0,47.02765859492923,18.97234140507077,False
43,2025-10-23T08:08:00,23,peak+area_60_120,2,100.0,24.0,42.68451879761065,18.68451879761065,False
43,2025-10-20T08:00:00,23,peak+area_60_120,2,100.0,66.0,45.308444863739474,20.691555136260526,False
43,2025-10-23T08:08:00,24,peak+area_centroid,1,1.0,24.0,42.489570909069585,18.489570909069585,False
43,2025-10-20T08:00:00,24,peak+area_centroid,1,1.0,66.0,48.81841544235351,17.181584557646488,False
43,2025-10-23T08:08:00,25,peak+area_centroid,1,10.0,24.0,42.837449852975425,18.837449852975425,False
43,2025-10-20T08:00:00,25,peak+area_centroid,1,10.0,66.0,48.291700763374514,17.708299236625486,False
43,2025-10-23T08:08:00,26,peak+area_centroid,1,100.0,24.0,44.09374916478112,20.093749164781123,False
43,2025-10-20T08:00:00,26,peak+area_centroid,1,100.0,66.0,46.38265732610526,19.61734267389474,False
43,2025-10-23T08:08:00,27,peak+area_centroid,2,1.0,24.0,40.80409840048854,16.80409840048854,False
43,2025-10-20T08:00:00,27,peak+area_centroid,2,1.0,66.0,47.837979939164335,18.162020060835665,False
43,2025-10-23T08:08:00,28,peak+area_centroid,2,10.0,24.0,41.540462117061864,17.540462117061864,False
43,2025-10-20T08:00:00,28,peak+area_centroid,2,10.0,66.0,47.34760970084263,18.652390299157368,False
43,2025-10-23T08:08:00,29,peak+area_centroid,2,100.0,24.0,43.659088613495044,19.659088613495044,False
43,2025-10-20T08:00:00,29,peak+area_centroid,2,100.0,66.0,45.896510451485476,20.103489548514524,False
43,2025-10-23T08:08:00,30,area_60_120+area_centroid,1,1.0,24.0,39.25811999276224,15.25811999276224,False
43,2025-10-20T08:00:00,30,area_60_120+area_centroid,1,1.0,66.0,44.00128561318957,21.998714386810427,False
43,2025-10-23T08:08:00,31,area_60_120+area_centroid,1,10.0,24.0,40.04095441369666,16.04095441369666,False
43,2025-10-20T08:00:00,31,area_60_120+area_centroid,1,10.0,66.0,44.15655194730523,21.843448052694768,False
43,2025-10-23T08:08:00,32,area_60_120+area_centroid,1,100.0,24.0,42.894094269413344,18.894094269413344,False
43,2025-10-20T08:00:00,32,area_60_120+area_centroid,1,100.0,66.0,44.6667768952711,21.3332231047289,False
43,2025-10-23T08:08:00,33,area_60_120+area_centroid,2,1.0,24.0,34.323944537105646,10.323944537105646,False
43,2025-10-20T08:00:00,33,area_60_120+area_centroid,2,1.0,66.0,43.94025894641747,22.059741053582528,False
43,2025-10-23T08:08:00,34,area_60_120+area_centroid,2,10.0,24.0,38.91867732937974,14.91867732937974,False
43,2025-10-20T08:00:00,34,area_60_120+area_centroid,2,10.0,66.0,44.292484418720946,21.707515581279054,False
43,2025-10-23T08:08:00,35,area_60_120+area_centroid,2,100.0,24.0,42.711195772333525,18.711195772333525,False
43,2025-10-20T08:00:00,35,area_60_120+area_centroid,2,100.0,66.0,44.38893045851812,21.611069541481882,False
43,2025-10-23T08:08:00,36,peak+area_60_120+area_centroid,1,1.0,24.0,38.91500349136351,14.915003491363507,False
43,2025-10-20T08:00:00,36,peak+area_60_120+area_centroid,1,1.0,66.0,45.947814074020634,20.052185925979366,False
43,2025-10-23T08:08:00,37,peak+area_60_120+area_centroid,1,10.0,24.0,39.64339939154318,15.643399391543177,False
43,2025-10-20T08:00:00,37,peak+area_60_120+area_centroid,1,10.0,66.0,45.96018445998852,20.03981554001148,False
43,2025-10-23T08:08:00,38,peak+area_60_120+area_centroid,1,100.0,24.0,42.53610349944434,18.536103499444337,False
43,2025-10-20T08:00:00,38,peak+area_60_120+area_centroid,1,100.0,66.0,45.60059175336199,20.39940824663801,False
43,2025-10-23T08:08:00,39,peak+area_60_120+area_centroid,2,1.0,24.0,34.53396681027007,10.533966810270073,False
43,2025-10-20T08:00:00,39,peak+area_60_120+area_centroid,2,1.0,66.0,46.355939860539685,19.644060139460315,False
43,2025-10-23T08:08:00,40,peak+area_60_120+area_centroid,2,10.0,24.0,38.64723313037498,14.647233130374978,False
43,2025-10-20T08:00:00,40,peak+area_60_120+area_centroid,2,10.0,66.0,46.936022385391254,19.063977614608746,False
43,2025-10-23T08:08:00,41,peak+area_60_120+area_centroid,2,100.0,24.0,42.34013265697196,18.34013265697196,False
43,2025-10-20T08:00:00,41,peak+area_60_120+area_centroid,2,100.0,66.0,45.43205063147607,20.567949368523927,False
43,2025-10-23T08:08:00,42,peak+early_peak+area_0_60+area_60_120+area_120_180+area_0_180+steepest_15min_rise+rise_0_30+peak_time+positive_duration+area_centroid+late_area_fraction,1,1.0,24.0,37.42036512135034,13.420365121350343,False
43,2025-10-20T08:00:00,42,peak+early_peak+area_0_60+area_60_120+area_120_180+area_0_180+steepest_15min_rise+rise_0_30+peak_time+positive_duration+area_centroid+late_area_fraction,1,1.0,66.0,45.8965757019866,20.1034242980134,False
43,2025-10-23T08:08:00,43,peak+early_peak+area_0_60+area_60_120+area_120_180+area_0_180+steepest_15min_rise+rise_0_30+peak_time+positive_duration+area_centroid+late_area_fraction,1,10.0,24.0,38.84984052532839,14.84984052532839,False
43,2025-10-20T08:00:00,43,peak+early_peak+area_0_60+area_60_120+area_120_180+area_0_180+steepest_15min_rise+rise_0_30+peak_time+positive_duration+area_centroid+late_area_fraction,1,10.0,66.0,48.05659971066313,17.94340028933687,False
43,2025-10-23T08:08:00,44,peak+early_peak+area_0_60+area_60_120+area_120_180+area_0_180+steepest_15min_rise+rise_0_30+peak_time+positive_duration+area_centroid+late_area_fraction,1,100.0,24.0,41.3288646176519,17.328864617651902,False
43,2025-10-20T08:00:00,44,peak+early_peak+area_0_60+area_60_120+area_120_180+area_0_180+steepest_15min_rise+rise_0_30+peak_time+positive_duration+area_centroid+late_area_fraction,1,100.0,66.0,47.291073915286844,18.708926084713156,False
43,2025-10-23T08:08:00,45,peak+early_peak+area_0_60+area_60_120+area_120_180+area_0_180+steepest_15min_rise+rise_0_30+peak_time+positive_duration+area_centroid+late_area_fraction,2,1.0,24.0,33.16292532230939,9.162925322309391,False
43,2025-10-20T08:00:00,45,peak+early_peak+area_0_60+area_60_120+area_120_180+area_0_180+steepest_15min_rise+rise_0_30+peak_time+positive_duration+area_centroid+late_area_fraction,2,1.0,66.0,47.707451851826804,18.292548148173196,False
43,2025-10-23T08:08:00,46,peak+early_peak+area_0_60+area_60_120+area_120_180+area_0_180+steepest_15min_rise+rise_0_30+peak_time+positive_duration+area_centroid+late_area_fraction,2,10.0,24.0,35.444632174044564,11.444632174044564,False
43,2025-10-20T08:00:00,46,peak+early_peak+area_0_60+area_60_120+area_120_180+area_0_180+steepest_15min_rise+rise_0_30+peak_time+positive_duration+area_centroid+late_area_fraction,2,10.0,66.0,47.582354124552765,18.417645875447235,False
43,2025-10-23T08:08:00,47,peak+early_peak+area_0_60+area_60_120+area_120_180+area_0_180+steepest_15min_rise+rise_0_30+peak_time+positive_duration+area_centroid+late_area_fraction,2,100.0,24.0,40.477748378682676,16.477748378682676,False
43,2025-10-20T08:00:00,47,peak+early_peak+area_0_60+area_60_120+area_120_180+area_0_180+steepest_15min_rise+rise_0_30+peak_time+positive_duration+area_centroid+late_area_fraction,2,100.0,66.0,46.39496422336991,19.60503577663009,False
44,2022-10-26T07:45:00,0,peak,1,1.0,24.0,39.36330381112218,15.36330381112218,False
44,2022-10-23T06:24:00,0,peak,1,1.0,66.0,58.86839339920421,7.1316066007957915,False
44,2022-10-26T07:45:00,1,peak,1,10.0,24.0,40.2088082394539,16.2088082394539,False
44,2022-10-23T06:24:00,1,peak,1,10.0,66.0,56.788134389323446,9.211865610676554,False
44,2022-10-26T07:45:00,2,peak,1,100.0,24.0,43.08352329578156,19.08352329578156,False
44,2022-10-23T06:24:00,2,peak,1,100.0,66.0,49.71525375572938,16.28474624427062,False
44,2022-10-26T07:45:00,3,peak,2,1.0,24.0,38.7141805099044,14.714180509904402,False
44,2022-10-23T06:24:00,3,peak,2,1.0,66.0,78.79422630711332,12.79422630711332,False
44,2022-10-26T07:45:00,4,peak,2,10.0,24.0,40.10431380478781,16.104313804787807,False
44,2022-10-23T06:24:00,4,peak,2,10.0,66.0,70.04188605842569,4.041886058425689,True
44,2022-10-26T07:45:00,5,peak,2,100.0,24.0,43.33542257229574,19.33542257229574,False
44,2022-10-23T06:24:00,5,peak,2,100.0,66.0,52.057733768258075,13.942266231741925,False
44,2022-10-26T07:45:00,6,area_60_120,1,1.0,24.0,42.84753162828749,18.84753162828749,False
44,2022-10-23T06:24:00,6,area_60_120,1,1.0,66.0,59.56335658618133,6.436643413818672,True
44,2022-10-26T07:45:00,7,area_60_120,1,10.0,24.0,43.17040188404437,19.170401884044367,False
44,2022-10-23T06:24:00,7,area_60_120,1,10.0,66.0,57.378853098254126,8.621146901745874,False
44,2022-10-26T07:45:00,8,area_60_120,1,100.0,24.0,44.26816075361775,20.26816075361775,False
44,2022-10-23T06:24:00,8,area_60_120,1,100.0,66.0,49.951541239301655,16.048458760698345,False
44,2022-10-26T07:45:00,9,area_60_120,2,1.0,24.0,43.97053620107649,19.97053620107649,False
44,2022-10-23T06:24:00,9,area_60_120,2,1.0,66.0,64.954991380135,1.0450086198650013,True
44,2022-10-26T07:45:00,10,area_60_120,2,10.0,24.0,43.77019165105952,19.77019165105952,False
44,2022-10-23T06:24:00,10,area_60_120,2,10.0,66.0,59.02393873894633,6.9760612610536725,False
44,2022-10-26T07:45:00,11,area_60_120,2,100.0,24.0,44.18952095879313,20.189520958793132,False
44,2022-10-23T06:24:00,11,area_60_120,2,100.0,66.0,50.017721779582736,15.982278220417264,False
44,2022-10-26T07:45:00,12,area_centroid,1,1.0,24.0,46.03543509134837,22.03543509134837,False
44,2022-10-23T06:24:00,12,area_centroid,1,1.0,66.0,47.93705302522963,18.06294697477037,False
44,2022-10-26T07:45:00,13,area_centroid,1,10.0,24.0,45.88011982764611,21.880119827646112,False
44,2022-10-23T06:24:00,13,area_centroid,1,10.0,66.0,47.49649507144518,18.50350492855482,False
44,2022-10-26T07:45:00,14,area_centroid,1,100.0,24.0,45.35204793105844,21.352047931058443,False
44,2022-10-23T06:24:00,14,area_centroid,1,100.0,66.0,45.99859802857807,20.001401971421927,False
44,2022-10-26T07:45:00,15,area_centroid,2,1.0,24.0,47.11437664761179,23.114376647611792,False
44,2022-10-23T06:24:00,15,area_centroid,2,1.0,66.0,49.47042681433012,16.529573185669882,False
44,2022-10-26T07:45:00,16,area_centroid,2,10.0,24.0,46.31296274845821,22.31296274845821,False
44,2022-10-23T06:24:00,16,area_centroid,2,10.0,66.0,48.082074661397634,17.917925338602366,False
44,2022-10-26T07:45:00,17,area_centroid,2,100.0,24.0,45.230859492319205,21.230859492319205,False
44,2022-10-23T06:24:00,17,area_centroid,2,100.0,66.0,45.86994610509726,20.130053894902737,False
44,2022-10-26T07:45:00,18,peak+area_60_120,1,1.0,24.0,39.40869999877853,15.40869999877853,False
44,2022-10-23T06:24:00,18,peak+area_60_120,1,1.0,66.0,67.25083923265879,1.250839232658791,True
44,2022-10-26T07:45:00,19,peak+area_60_120,1,10.0,24.0,39.98843744873359,15.988437448733592,False
44,2022-10-23T06:24:00,19,peak+area_60_120,1,10.0,66.0,64.60417512456523,1.3958248754347693,True
44,2022-10-26T07:45:00,20,peak+area_60_120,1,100.0,24.0,42.624635678727735,18.624635678727735,False
44,2022-10-23T06:24:00,20,peak+area_60_120,1,100.0,66.0,53.87375429749257,12.126245702507433,False
44,2022-10-26T07:45:00,21,peak+area_60_120,2,1.0,24.0,41.90362300448569,17.903623004485688,False
44,2022-10-23T06:24:00,21,peak+area_60_120,2,1.0,66.0,70.74623167778391,4.746231677783911,True
44,2022-10-26T07:45:00,22,peak+area_60_120,2,10.0,24.0,39.5670932167201,15.567093216720103,False
44,2022-10-23T06:24:00,22,peak+area_60_120,2,10.0,66.0,61.58283320352939,4.41716679647061,True
44,2022-10-26T07:45:00,23,peak+area_60_120,2,100.0,24.0,42.330293138902135,18.330293138902135,False
44,2022-10-23T06:24:00,23,peak+area_60_120,2,100.0,66.0,53.287905213611296,12.712094786388704,False
44,2022-10-26T07:45:00,24,peak+area_centroid,1,1.0,24.0,40.90610744786047,16.90610744786047,False
44,2022-10-23T06:24:00,24,peak+area_centroid,1,1.0,66.0,60.24461059168487,5.755389408315132,True
44,2022-10-26T07:45:00,25,peak+area_centroid,1,10.0,24.0,41.45819410276333,17.45819410276333,False
44,2022-10-23T06:24:00,25,peak+area_centroid,1,10.0,66.0,58.146695044465176,7.853304955534824,False
44,2022-10-26T07:45:00,26,peak+area_centroid,1,100.0,24.0,43.49624396709685,19.496243967096852,False
44,2022-10-23T06:24:00,26,peak+area_centroid,1,100.0,66.0,50.52583615436124,15.474163845638763,False
44,2022-10-26T07:45:00,27,peak+area_centroid,2,1.0,24.0,41.02536179839051,17.025361798390513,False
44,2022-10-23T06:24:00,27,peak+area_centroid,2,1.0,66.0,75.61318029454424,9.613180294544236,False
44,2022-10-26T07:45:00,28,peak+area_centroid,2,10.0,24.0,41.84036014253848,17.84036014253848,False
44,2022-10-23T06:24:00,28,peak+area_centroid,2,10.0,66.0,67.3763884420616,1.3763884420615966,True
44,2022-10-26T07:45:00,29,peak+area_centroid,2,100.0,24.0,43.95035966589805,19.95035966589805,False
44,2022-10-23T06:24:00,29,peak+area_centroid,2,100.0,66.0,51.138482124979994,14.861517875020006,False
44,2022-10-26T07:45:00,30,area_60_120+area_centroid,1,1.0,24.0,43.89147176701827,19.891471767018267,False
44,2022-10-23T06:24:00,30,area_60_120+area_centroid,1,1.0,66.0,60.5828214004347,5.417178599565297,True
44,2022-10-26T07:45:00,31,area_60_120+area_centroid,1,10.0,24.0,44.05956440792728,20.059564407927283,False
44,2022-10-23T06:24:00,31,area_60_120+area_centroid,1,10.0,66.0,58.453177109963434,7.546822890036566,False
44,2022-10-26T07:45:00,32,area_60_120+area_centroid,1,100.0,24.0,44.623210213556696,20.623210213556696,False
44,2022-10-23T06:24:00,32,area_60_120+area_centroid,1,100.0,66.0,50.70120973946286,15.298790260537139,False
44,2022-10-26T07:45:00,33,area_60_120+area_centroid,2,1.0,24.0,43.20062194711005,19.20062194711005,False
44,2022-10-23T06:24:00,33,area_60_120+area_centroid,2,1.0,66.0,73.2858750475799,7.285875047579907,False
44,2022-10-26T07:45:00,34,area_60_120+area_centroid,2,10.0,24.0,44.09110964129701,20.09110964129701,False
44,2022-10-23T06:24:00,34,area_60_120+area_centroid,2,10.0,66.0,60.946477663576374,5.053522336423626,True
44,2022-10-26T07:45:00,35,area_60_120+area_centroid,2,100.0,24.0,44.40454537833046,20.40454537833046,False
44,2022-10-23T06:24:00,35,area_60_120+area_centroid,2,100.0,66.0,50.5325422974932,15.467457702506799,False
44,2022-10-26T07:45:00,36,peak+area_60_120+area_centroid,1,1.0,24.0,40.69831930068335,16.69831930068335,False
44,2022-10-23T06:24:00,36,peak+area_60_120+area_centroid,1,1.0,66.0,67.62995307394746,1.629953073947462,True
44,2022-10-26T07:45:00,37,peak+area_60_120+area_centroid,1,10.0,24.0,41.079034684822716,17.079034684822716,False
44,2022-10-23T06:24:00,37,peak+area_60_120+area_centroid,1,10.0,66.0,65.13782108111229,0.8621789188877074,True
44,2022-10-26T07:45:00,38,peak+area_60_120+area_centroid,1,100.0,24.0,43.02762351236305,19.02762351236305,False
44,2022-10-23T06:24:00,38,peak+area_60_120+area_centroid,1,100.0,66.0,54.48230541461028,11.51769458538972,False
44,2022-10-26T07:45:00,39,peak+area_60_120+area_centroid,2,1.0,24.0,41.81783123232792,17.81783123232792,False
44,2022-10-23T06:24:00,39,peak+area_60_120+area_centroid,2,1.0,66.0,87.61064347813485,21.610643478134847,False
44,2022-10-26T07:45:00,40,peak+area_60_120+area_centroid,2,10.0,24.0,39.42811987455216,15.42811987455216,False
44,2022-10-23T06:24:00,40,peak+area_60_120+area_centroid,2,10.0,66.0,64.63027973429791,1.3697202657020853,True
44,2022-10-26T07:45:00,41,peak+area_60_120+area_centroid,2,100.0,24.0,42.88724526774017,18.88724526774017,False
44,2022-10-23T06:24:00,41,peak+area_60_120+area_centroid,2,100.0,66.0,52.9292426521246,13.0707573478754,False
44,2022-10-26T07:45:00,42,peak+early_peak+area_0_60+area_60_120+area_120_180+area_0_180+steepest_15min_rise+rise_0_30+peak_time+positive_duration+area_centroid+late_area_fraction,1,1.0,24.0,57.77414020348212,33.77414020348212,False
44,2022-10-23T06:24:00,42,peak+early_peak+area_0_60+area_60_120+area_120_180+area_0_180+steepest_15min_rise+rise_0_30+peak_time+positive_duration+area_centroid+late_area_fraction,1,1.0,66.0,60.71806906198486,5.281930938015137,True
44,2022-10-26T07:45:00,43,peak+early_peak+area_0_60+area_60_120+area_120_180+area_0_180+steepest_15min_rise+rise_0_30+peak_time+positive_duration+area_centroid+late_area_fraction,1,10.0,24.0,47.09009023100018,23.090090231000183,False
44,2022-10-23T06:24:00,43,peak+early_peak+area_0_60+area_60_120+area_120_180+area_0_180+steepest_15min_rise+rise_0_30+peak_time+positive_duration+area_centroid+late_area_fraction,1,10.0,66.0,68.45850029629985,2.458500296299846,True
44,2022-10-26T07:45:00,44,peak+early_peak+area_0_60+area_60_120+area_120_180+area_0_180+steepest_15min_rise+rise_0_30+peak_time+positive_duration+area_centroid+late_area_fraction,1,100.0,24.0,45.5410257729395,21.5410257729395,False
44,2022-10-23T06:24:00,44,peak+early_peak+area_0_60+area_60_120+area_120_180+area_0_180+steepest_15min_rise+rise_0_30+peak_time+positive_duration+area_centroid+late_area_fraction,1,100.0,66.0,61.48781731971178,4.51218268028822,True
44,2022-10-26T07:45:00,45,peak+early_peak+area_0_60+area_60_120+area_120_180+area_0_180+steepest_15min_rise+rise_0_30+peak_time+positive_duration+area_centroid+late_area_fraction,2,1.0,24.0,45.81083562114743,21.810835621147433,False
44,2022-10-23T06:24:00,45,peak+early_peak+area_0_60+area_60_120+area_120_180+area_0_180+steepest_15min_rise+rise_0_30+peak_time+positive_duration+area_centroid+late_area_fraction,2,1.0,66.0,146.70957198802714,80.70957198802714,False
44,2022-10-26T07:45:00,46,peak+early_peak+area_0_60+area_60_120+area_120_180+area_0_180+steepest_15min_rise+rise_0_30+peak_time+positive_duration+area_centroid+late_area_fraction,2,10.0,24.0,43.92824932172794,19.92824932172794,False
44,2022-10-23T06:24:00,46,peak+early_peak+area_0_60+area_60_120+area_120_180+area_0_180+steepest_15min_rise+rise_0_30+peak_time+positive_duration+area_centroid+late_area_fraction,2,10.0,66.0,83.12199688143579,17.12199688143579,False
44,2022-10-26T07:45:00,47,peak+early_peak+area_0_60+area_60_120+area_120_180+area_0_180+steepest_15min_rise+rise_0_30+peak_time+positive_duration+area_centroid+late_area_fraction,2,100.0,24.0,45.162863055706644,21.162863055706644,False
44,2022-10-23T06:24:00,47,peak+early_peak+area_0_60+area_60_120+area_120_180+area_0_180+steepest_15min_rise+rise_0_30+peak_time+positive_duration+area_centroid+late_area_fraction,2,100.0,66.0,62.114617097646445,3.8853829023535553,True
45,2025-04-03T08:46:00,0,peak,1,1.0,24.0,40.41923859183833,16.41923859183833,False
45,2025-03-31T08:56:00,0,peak,1,1.0,66.0,47.46315979146813,18.53684020853187,False
45,2025-04-03T08:46:00,1,peak,1,10.0,24.0,41.10635280306255,17.10635280306255,False
45,2025-03-31T08:56:00,1,peak,1,10.0,66.0,47.09368582274792,18.906314177252078,False
45,2025-04-03T08:46:00,2,peak,1,100.0,24.0,43.44254112122502,19.44254112122502,False
45,2025-03-31T08:56:00,2,peak,1,100.0,66.0,45.837474329099166,20.162525670900834,False
45,2025-04-03T08:46:00,3,peak,2,1.0,24.0,39.260346446954344,15.260346446954344,False
45,2025-03-31T08:56:00,3,peak,2,1.0,66.0,45.67022910663383,20.329770893366167,False
45,2025-04-03T08:46:00,4,peak,2,10.0,24.0,40.39938046982496,16.399380469824962,False
45,2025-03-31T08:56:00,4,peak,2,10.0,66.0,45.62872013644784,20.37127986355216,False
45,2025-04-03T08:46:00,5,peak,2,100.0,24.0,43.41394500390742,19.413945003907422,False
45,2025-03-31T08:56:00,5,peak,2,100.0,66.0,45.333537832951954,20.666462167048046,False
45,2025-04-03T08:46:00,6,area_60_120,1,1.0,24.0,38.97795991927992,14.977959919279918,False
45,2025-03-31T08:56:00,6,area_60_120,1,1.0,66.0,46.092712942005626,19.907287057994374,False
45,2025-04-03T08:46:00,7,area_60_120,1,10.0,24.0,39.88126593138793,15.88126593138793,False
45,2025-03-31T08:56:00,7,area_60_120,1,10.0,66.0,45.92880600070478,20.071193999295218,False
45,2025-04-03T08:46:00,8,area_60_120,1,100.0,24.0,42.95250637255517,18.95250637255517,False
45,2025-03-31T08:56:00,8,area_60_120,1,100.0,66.0,45.37152240028191,20.62847759971809,False
45,2025-04-03T08:46:00,9,area_60_120,2,1.0,24.0,36.58467678551979,12.58467678551979,False
45,2025-03-31T08:56:00,9,area_60_120,2,1.0,66.0,49.58159261136983,16.418407388630172,False
45,2025-04-03T08:46:00,10,area_60_120,2,10.0,24.0,39.13387829874637,15.133878298746367,False
45,2025-03-31T08:56:00,10,area_60_120,2,10.0,66.0,47.347542338825725,18.652457661174275,False
45,2025-04-03T08:46:00,11,area_60_120,2,100.0,24.0,42.935140238878574,18.935140238878574,False
45,2025-03-31T08:56:00,11,area_60_120,2,100.0,66.0,45.202727413764094,20.797272586235906,False
45,2025-04-03T08:46:00,12,area_centroid,1,1.0,24.0,43.387010202318535,19.387010202318535,False
45,2025-03-31T08:56:00,12,area_centroid,1,1.0,66.0,44.04249617923493,21.95750382076507,False
45,2025-04-03T08:46:00,13,area_centroid,1,10.0,24.0,43.62895867197075,19.62895867197075,False
45,2025-03-31T08:56:00,13,area_centroid,1,10.0,66.0,44.18612175234969,21.813878247650308,False
45,2025-04-03T08:46:00,14,area_centroid,1,100.0,24.0,44.4515834687883,20.4515834687883,False
45,2025-03-31T08:56:00,14,area_centroid,1,100.0,66.0,44.67444870093988,21.325551299060123,False
45,2025-04-03T08:46:00,15,area_centroid,2,1.0,24.0,43.62273817180736,19.622738171807363,False
45,2025-03-31T08:56:00,15,area_centroid,2,1.0,66.0,44.50369873324499,21.49630126675501,False
45,2025-04-03T08:46:00,16,area_centroid,2,10.0,24.0,43.759326184004244,19.759326184004244,False
45,2025-03-31T08:56:00,16,area_centroid,2,10.0,66.0,44.398485479664544,21.601514520335456,False
45,2025-04-03T08:46:00,17,area_centroid,2,100.0,24.0,44.36941067698373,20.369410676983733,False
45,2025-03-31T08:56:00,17,area_centroid,2,100.0,66.0,44.57884963656094,21.42115036343906,False
45,2025-04-03T08:46:00,18,peak+area_60_120,1,1.0,24.0,36.861316838004896,12.861316838004896,False
45,2025-03-31T08:56:00,18,peak+area_60_120,1,1.0,66.0,47.460192804124226,18.539807195875774,False
45,2025-04-03T08:46:00,19,peak+area_60_120,1,10.0,24.0,37.82277239757619,13.822772397576188,False
45,2025-03-31T08:56:00,19,peak+area_60_120,1,10.0,66.0,47.216994389279336,18.783005610720664,False
45,2025-04-03T08:46:00,20,peak+area_60_120,1,100.0,24.0,41.724270103725054,17.724270103725054,False
45,2025-03-31T08:56:00,20,peak+area_60_120,1,100.0,66.0,46.06964853318339,19.93035146681661,False
45,2025-04-03T08:46:00,21,peak+area_60_120,2,1.0,24.0,34.88231336808388,10.882313368083878,False
45,2025-03-31T08:56:00,21,peak+area_60_120,2,1.0,66.0,50.6229092928051,15.377090707194903,False
45,2025-04-03T08:46:00,22,peak+area_60_120,2,10.0,24.0,36.56879544518491,12.56879544518491,False
45,2025-03-31T08:56:00,22,peak+area_60_120,2,10.0,66.0,48.874594285114505,17.125405714885495,False
45,2025-04-03T08:46:00,23,peak+area_60_120,2,100.0,24.0,41.535422734681816,17.535422734681816,False
45,2025-03-31T08:56:00,23,peak+area_60_120,2,100.0,66.0,45.90053540678557,20.099464593214428,False
45,2025-04-03T08:46:00,24,peak+area_centroid,1,1.0,24.0,39.3824446737939,15.382444673793898,False
45,2025-03-31T08:56:00,24,peak+area_centroid,1,1.0,66.0,46.32703184730423,19.672968152695773,False
45,2025-04-03T08:46:00,25,peak+area_centroid,1,10.0,24.0,40.15645174771772,16.156451747717718,False
45,2025-03-31T08:56:00,25,peak+area_centroid,1,10.0,66.0,46.14964268742776,19.850357312572243,False
45,2025-04-03T08:46:00,26,peak+area_centroid,1,100.0,24.0,42.96431559716469,18.964315597164692,False
45,2025-03-31T08:56:00,26,peak+area_centroid,1,100.0,66.0,45.49043727833989,20.50956272166011,False
45,2025-04-03T08:46:00,27,peak+area_centroid,2,1.0,24.0,38.36190739743343,14.361907397433427,False
45,2025-03-31T08:56:00,27,peak+area_centroid,2,1.0,66.0,45.39550249318103,20.604497506818973,False
45,2025-04-03T08:46:00,28,peak+area_centroid,2,10.0,24.0,39.38704079055532,15.387040790555318,False
45,2025-03-31T08:56:00,28,peak+area_centroid,2,10.0,66.0,45.38735920080897,20.612640799191027,False
45,2025-04-03T08:46:00,29,peak+area_centroid,2,100.0,24.0,42.70800778214789,18.708007782147888,False
45,2025-03-31T08:56:00,29,peak+area_centroid,2,100.0,66.0,45.11702678772451,20.882973212275488,False
45,2025-04-03T08:46:00,30,area_60_120+area_centroid,1,1.0,24.0,38.25835259574822,14.258352595748221,False
45,2025-03-31T08:56:00,30,area_60_120+area_centroid,1,1.0,66.0,45.22179900333045,20.778200996669547,False
45,2025-04-03T08:46:00,31,area_60_120+area_centroid,1,10.0,24.0,39.17293237074823,15.172932370748228,False
45,2025-03-31T08:56:00,31,area_60_120+area_centroid,1,10.0,66.0,45.176637696622116,20.823362303377884,False
45,2025-04-03T08:46:00,32,area_60_120+area_centroid,1,100.0,24.0,42.52021797108776,18.52021797108776,False
45,2025-03-31T08:56:00,32,area_60_120+area_centroid,1,100.0,66.0,45.0554792975148,20.9445207024852,False
45,2025-04-03T08:46:00,33,area_60_120+area_centroid,2,1.0,24.0,32.39799731105664,8.397997311056642,False
45,2025-03-31T08:56:00,33,area_60_120+area_centroid,2,1.0,66.0,48.870630228441506,17.129369771558494,False
45,2025-04-03T08:46:00,34,area_60_120+area_centroid,2,10.0,24.0,37.80191986811528,13.801919868115277,False
45,2025-03-31T08:56:00,34,area_60_120+area_centroid,2,10.0,66.0,46.318218620410484,19.681781379589516,False
45,2025-04-03T08:46:00,35,area_60_120+area_centroid,2,100.0,24.0,42.36528211017876,18.36528211017876,False
45,2025-03-31T08:56:00,35,area_60_120+area_centroid,2,100.0,66.0,44.80008179439238,21.199918205607617,False
45,2025-04-03T08:46:00,36,peak+area_60_120+area_centroid,1,1.0,24.0,36.32713226427524,12.327132264275242,False
45,2025-03-31T08:56:00,36,peak+area_60_120+area_centroid,1,1.0,66.0,46.50844181761798,19.491558182382022,False
45,2025-04-03T08:46:00,37,peak+area_60_120+area_centroid,1,10.0,24.0,37.2790367448471,13.279036744847097,False
45,2025-03-31T08:56:00,37,peak+area_60_120+area_centroid,1,10.0,66.0,46.3976886662375,19.6023113337625,False
45,2025-04-03T08:46:00,38,peak+area_60_120+area_centroid,1,100.0,24.0,41.34115145183976,17.341151451839757,False
45,2025-03-31T08:56:00,38,peak+area_60_120+area_centroid,1,100.0,66.0,45.73705819655141,20.26294180344859,False
45,2025-04-03T08:46:00,39,peak+area_60_120+area_centroid,2,1.0,24.0,30.21168319798673,6.21168319798673,False
45,2025-03-31T08:56:00,39,peak+area_60_120+area_centroid,2,1.0,66.0,50.34935102545155,15.650648974548453,False
45,2025-04-03T08:46:00,40,peak+area_60_120+area_centroid,2,10.0,24.0,35.01397875263117,11.013978752631168,False
45,2025-03-31T08:56:00,40,peak+area_60_120+area_centroid,2,10.0,66.0,47.79361742047774,18.206382579522263,False
45,2025-04-03T08:46:00,41,peak+area_60_120+area_centroid,2,100.0,24.0,41.00295755497826,17.00295755497826,False
45,2025-03-31T08:56:00,41,peak+area_60_120+area_centroid,2,100.0,66.0,45.54629404736684,20.453705952633157,False
45,2025-04-03T08:46:00,42,peak+early_peak+area_0_60+area_60_120+area_120_180+area_0_180+steepest_15min_rise+rise_0_30+peak_time+positive_duration+area_centroid+late_area_fraction,1,1.0,24.0,23.162853579863416,0.8371464201365839,True
45,2025-03-31T08:56:00,42,peak+early_peak+area_0_60+area_60_120+area_120_180+area_0_180+steepest_15min_rise+rise_0_30+peak_time+positive_duration+area_centroid+late_area_fraction,1,1.0,66.0,44.5942469029008,21.4057530970992,False
45,2025-04-03T08:46:00,43,peak+early_peak+area_0_60+area_60_120+area_120_180+area_0_180+steepest_15min_rise+rise_0_30+peak_time+positive_duration+area_centroid+late_area_fraction,1,10.0,24.0,28.09040423517731,4.09040423517731,False
45,2025-03-31T08:56:00,43,peak+early_peak+area_0_60+area_60_120+area_120_180+area_0_180+steepest_15min_rise+rise_0_30+peak_time+positive_duration+area_centroid+late_area_fraction,1,10.0,66.0,45.49318430746923,20.506815692530772,False
45,2025-04-03T08:46:00,44,peak+early_peak+area_0_60+area_60_120+area_120_180+area_0_180+steepest_15min_rise+rise_0_30+peak_time+positive_duration+area_centroid+late_area_fraction,1,100.0,24.0,36.09338539077533,12.093385390775332,False
45,2025-03-31T08:56:00,44,peak+early_peak+area_0_60+area_60_120+area_120_180+area_0_180+steepest_15min_rise+rise_0_30+peak_time+positive_duration+area_centroid+late_area_fraction,1,100.0,66.0,47.18228050634531,18.817719493654693,False
45,2025-04-03T08:46:00,45,peak+early_peak+area_0_60+area_60_120+area_120_180+area_0_180+steepest_15min_rise+rise_0_30+peak_time+positive_duration+area_centroid+late_area_fraction,2,1.0,24.0,4.714836929602697,19.285163070397303,False
45,2025-03-31T08:56:00,45,peak+early_peak+area_0_60+area_60_120+area_120_180+area_0_180+steepest_15min_rise+rise_0_30+peak_time+positive_duration+area_centroid+late_area_fraction,2,1.0,66.0,64.09164660917669,1.908353390823308,True
45,2025-04-03T08:46:00,46,peak+early_peak+area_0_60+area_60_120+area_120_180+area_0_180+steepest_15min_rise+rise_0_30+peak_time+positive_duration+area_centroid+late_area_fraction,2,10.0,24.0,25.789331180494703,1.7893311804947025,True
45,2025-03-31T08:56:00,46,peak+early_peak+area_0_60+area_60_120+area_120_180+area_0_180+steepest_15min_rise+rise_0_30+peak_time+positive_duration+area_centroid+late_area_fraction,2,10.0,66.0,56.923753011064065,9.076246988935935,False
45,2025-04-03T08:46:00,47,peak+early_peak+area_0_60+area_60_120+area_120_180+area_0_180+steepest_15min_rise+rise_0_30+peak_time+positive_duration+area_centroid+late_area_fraction,2,100.0,24.0,37.17723111635616,13.177231116356161,False
45,2025-03-31T08:56:00,47,peak+early_peak+area_0_60+area_60_120+area_120_180+area_0_180+steepest_15min_rise+rise_0_30+peak_time+positive_duration+area_centroid+late_area_fraction,2,100.0,66.0,48.65723344286358,17.34276655713642,False
49,2025-05-20T07:06:00,0,peak,1,1.0,24.0,44.79535822335984,20.79535822335984,False
49,2025-05-17T07:11:00,0,peak,1,1.0,66.0,45.48211330576079,20.51788669423921,False
49,2025-05-20T07:06:00,1,peak,1,10.0,24.0,44.82605448985586,20.826054489855863,False
49,2025-05-17T07:11:00,1,peak,1,10.0,66.0,45.40979630989668,20.590203690103323,False
49,2025-05-20T07:06:00,2,peak,1,100.0,24.0,44.930421795942344,20.930421795942344,False
49,2025-05-17T07:11:00,2,peak,1,100.0,66.0,45.16391852395867,20.83608147604133,False
49,2025-05-20T07:06:00,3,peak,2,1.0,24.0,42.34417321739638,18.34417321739638,False
49,2025-05-17T07:11:00,3,peak,2,1.0,66.0,43.20337029422147,22.79662970577853,False
49,2025-05-20T07:06:00,4,peak,2,10.0,24.0,43.00268125149217,19.00268125149217,False
49,2025-05-17T07:11:00,4,peak,2,10.0,66.0,43.67736676348142,22.322633236518577,False
49,2025-05-20T07:06:00,5,peak,2,100.0,24.0,44.448519262264725,20.448519262264725,False
49,2025-05-17T07:11:00,5,peak,2,100.0,66.0,44.671566224826094,21.328433775173906,False
49,2025-05-20T07:06:00,6,area_60_120,1,1.0,24.0,40.29143092787869,16.291430927878693,False
49,2025-05-17T07:11:00,6,area_60_120,1,1.0,66.0,42.56485052642266,23.43514947357734,False
49,2025-05-20T07:06:00,7,area_60_120,1,10.0,24.0,40.9977162886969,16.9977162886969,False
49,2025-05-17T07:11:00,7,area_60_120,1,10.0,66.0,42.93012294745927,23.069877052540733,False
49,2025-05-20T07:06:00,8,area_60_120,1,100.0,24.0,43.399086515478764,19.399086515478764,False
49,2025-05-17T07:11:00,8,area_60_120,1,100.0,66.0,44.172049178983706,21.827950821016294,False
49,2025-05-20T07:06:00,9,area_60_120,2,1.0,24.0,39.37120502900695,15.371205029006951,False
49,2025-05-17T07:11:00,9,area_60_120,2,1.0,66.0,43.704513710495874,22.295486289504126,False
49,2025-05-20T07:06:00,10,area_60_120,2,10.0,24.0,40.81080269728191,16.810802697281908,False
49,2025-05-17T07:11:00,10,area_60_120,2,10.0,66.0,43.525083120102835,22.474916879897165,False
49,2025-05-20T07:06:00,11,area_60_120,2,100.0,24.0,43.33752976259131,19.33752976259131,False
49,2025-05-17T07:11:00,11,area_60_120,2,100.0,66.0,44.05786491424039,21.94213508575961,False
49,2025-05-20T07:06:00,12,area_centroid,1,1.0,24.0,42.872519725297764,18.872519725297764,False
49,2025-05-17T07:11:00,12,area_centroid,1,1.0,66.0,43.28224969892457,22.717750301075426,False
49,2025-05-20T07:06:00,13,area_centroid,1,10.0,24.0,43.191641766503096,19.191641766503096,False
49,2025-05-17T07:11:00,13,area_centroid,1,10.0,66.0,43.53991224408589,22.46008775591411,False
49,2025-05-20T07:06:00,14,area_centroid,1,100.0,24.0,44.27665670660124,20.276656706601237,False
49,2025-05-17T07:11:00,14,area_centroid,1,100.0,66.0,44.41596489763435,21.584035102365647,False
49,2025-05-20T07:06:00,15,area_centroid,2,1.0,24.0,42.92420637534594,18.92420637534594,False
49,2025-05-17T07:11:00,15,area_centroid,2,1.0,66.0,43.4843331551261,22.5156668448739,False
49,2025-05-20T07:06:00,16,area_centroid,2,10.0,24.0,43.255036262676846,19.255036262676846,False
49,2025-05-17T07:11:00,16,area_centroid,2,10.0,66.0,43.65869593610442,22.341304063895578,False
49,2025-05-20T07:06:00,17,area_centroid,2,100.0,24.0,44.20660233676469,20.20660233676469,False
49,2025-05-17T07:11:00,17,area_centroid,2,100.0,66.0,44.336285326731144,21.663714673268856,False
49,2025-05-20T07:06:00,18,peak+area_60_120,1,1.0,24.0,40.533690974978235,16.533690974978235,False
49,2025-05-17T07:11:00,18,peak+area_60_120,1,1.0,66.0,43.09249781042737,22.907502189572632,False
49,2025-05-20T07:06:00,19,peak+area_60_120,1,10.0,24.0,41.16525683378053,17.165256833780532,False
49,2025-05-17T07:11:00,19,peak+area_60_120,1,10.0,66.0,43.38132341255624,22.61867658744376,False
49,2025-05-20T07:06:00,20,peak+area_60_120,1,100.0,24.0,43.394650913451706,19.394650913451706,False
49,2025-05-17T07:11:00,20,peak+area_60_120,1,100.0,66.0,44.34714327992352,21.65285672007648,False
49,2025-05-20T07:06:00,21,peak+area_60_120,2,1.0,24.0,40.56250696035248,16.56250696035248,False
49,2025-05-17T07:11:00,21,peak+area_60_120,2,1.0,66.0,44.82414011080275,21.17585988919725,False
49,2025-05-20T07:06:00,22,peak+area_60_120,2,10.0,24.0,41.63065105130773,17.63065105130773,False
49,2025-05-17T07:11:00,22,peak+area_60_120,2,10.0,66.0,44.44982878471493,21.55017121528507,False
49,2025-05-20T07:06:00,23,peak+area_60_120,2,100.0,24.0,43.28129886510782,19.28129886510782,False
49,2025-05-17T07:11:00,23,peak+area_60_120,2,100.0,66.0,44.18951624453194,21.810483755468063,False
49,2025-05-20T07:06:00,24,peak+area_centroid,1,1.0,24.0,42.80017569263751,18.80017569263751,False
49,2025-05-17T07:11:00,24,peak+area_centroid,1,1.0,66.0,43.81693268532287,22.18306731467713,False
49,2025-05-20T07:06:00,25,peak+area_centroid,1,10.0,24.0,43.11446987692796,19.114469876927963,False
49,2025-05-17T07:11:00,25,peak+area_centroid,1,10.0,66.0,43.988338317050136,22.011661682949864,False
49,2025-05-20T07:06:00,26,peak+area_centroid,1,100.0,24.0,44.22323312630602,20.22323312630602,False
49,2025-05-17T07:11:00,26,peak+area_centroid,1,100.0,66.0,44.58642604979831,21.413573950201688,False
49,2025-05-20T07:06:00,27,peak+area_centroid,2,1.0,24.0,41.450456910516664,17.450456910516664,False
49,2025-05-17T07:11:00,27,peak+area_centroid,2,1.0,66.0,42.727664397490265,23.272335602509735,False
49,2025-05-20T07:06:00,28,peak+area_centroid,2,10.0,24.0,42.08578814815848,18.08578814815848,False
49,2025-05-17T07:11:00,28,peak+area_centroid,2,10.0,66.0,43.140102301358546,22.859897698641454,False
49,2025-05-20T07:06:00,29,peak+area_centroid,2,100.0,24.0,43.79358951300262,19.793589513002622,False
49,2025-05-17T07:11:00,29,peak+area_centroid,2,100.0,66.0,44.199074561869836,21.800925438130164,False
49,2025-05-20T07:06:00,30,area_60_120+area_centroid,1,1.0,24.0,39.02512514602568,15.02512514602568,False
49,2025-05-17T07:11:00,30,area_60_120+area_centroid,1,1.0,66.0,41.41697125508806,24.583028744911942,False
49,2025-05-20T07:06:00,31,area_60_120+area_centroid,1,10.0,24.0,39.82633242956451,15.82633242956451,False
49,2025-05-17T07:11:00,31,area_60_120+area_centroid,1,10.0,66.0,41.89049978741261,24.109500212587392,False
49,2025-05-20T07:06:00,32,area_60_120+area_centroid,1,100.0,24.0,42.78639339675578,18.786393396755777,False
49,2025-05-17T07:11:00,32,area_60_120+area_centroid,1,100.0,66.0,43.66051119830935,22.33948880169065,False
49,2025-05-20T07:06:00,33,area_60_120+area_centroid,2,1.0,24.0,36.010895776055236,12.010895776055236,False
49,2025-05-17T07:11:00,33,area_60_120+area_centroid,2,1.0,66.0,41.41500455793274,24.58499544206726,False
49,2025-05-20T07:06:00,34,area_60_120+area_centroid,2,10.0,24.0,39.22379624364328,15.223796243643278,False
49,2025-05-17T07:11:00,34,area_60_120+area_centroid,2,10.0,66.0,42.120337232976304,23.879662767023696,False
49,2025-05-20T07:06:00,35,area_60_120+area_centroid,2,100.0,24.0,42.6182475770371,18.618247577037103,False
49,2025-05-17T07:11:00,35,area_60_120+area_centroid,2,100.0,66.0,43.452790227391944,22.547209772608056,False
49,2025-05-20T07:06:00,36,peak+area_60_120+area_centroid,1,1.0,24.0,39.2876568619429,15.2876568619429,False
49,2025-05-17T07:11:00,36,peak+area_60_120+area_centroid,1,1.0,66.0,41.94509952187944,24.054900478120558,False
49,2025-05-20T07:06:00,37,peak+area_60_120+area_centroid,1,10.0,24.0,40.016065794784296,16.016065794784296,False
49,2025-05-17T07:11:00,37,peak+area_60_120+area_centroid,1,10.0,66.0,42.34531833912644,23.654681660873557,False
49,2025-05-20T07:06:00,38,peak+area_60_120+area_centroid,1,100.0,24.0,42.7918315008923,18.7918315008923,False
49,2025-05-17T07:11:00,38,peak+area_60_120+area_centroid,1,100.0,66.0,43.839127779911934,22.160872220088066,False
49,2025-05-20T07:06:00,39,peak+area_60_120+area_centroid,2,1.0,24.0,37.7079221365976,13.707922136597603,False
49,2025-05-17T07:11:00,39,peak+area_60_120+area_centroid,2,1.0,66.0,43.02746409902503,22.972535900974968,False
49,2025-05-20T07:06:00,40,peak+area_60_120+area_centroid,2,10.0,24.0,40.09494185420912,16.094941854209118,False
49,2025-05-17T07:11:00,40,peak+area_60_120+area_centroid,2,10.0,66.0,43.05603084908556,22.94396915091444,False
49,2025-05-20T07:06:00,41,peak+area_60_120+area_centroid,2,100.0,24.0,42.65635281333269,18.65635281333269,False
49,2025-05-17T07:11:00,41,peak+area_60_120+area_centroid,2,100.0,66.0,43.6750798647113,22.3249201352887,False
49,2025-05-20T07:06:00,42,peak+early_peak+area_0_60+area_60_120+area_120_180+area_0_180+steepest_15min_rise+rise_0_30+peak_time+positive_duration+area_centroid+late_area_fraction,1,1.0,24.0,38.51432846394601,14.514328463946008,False
49,2025-05-17T07:11:00,42,peak+early_peak+area_0_60+area_60_120+area_120_180+area_0_180+steepest_15min_rise+rise_0_30+peak_time+positive_duration+area_centroid+late_area_fraction,1,1.0,66.0,42.350880764130046,23.649119235869954,False
49,2025-05-20T07:06:00,43,peak+early_peak+area_0_60+area_60_120+area_120_180+area_0_180+steepest_15min_rise+rise_0_30+peak_time+positive_duration+area_centroid+late_area_fraction,1,10.0,24.0,40.5191984005239,16.519198400523898,False
49,2025-05-17T07:11:00,43,peak+early_peak+area_0_60+area_60_120+area_120_180+area_0_180+steepest_15min_rise+rise_0_30+peak_time+positive_duration+area_centroid+late_area_fraction,1,10.0,66.0,42.946881892096656,23.053118107903344,False
49,2025-05-20T07:06:00,44,peak+early_peak+area_0_60+area_60_120+area_120_180+area_0_180+steepest_15min_rise+rise_0_30+peak_time+positive_duration+area_centroid+late_area_fraction,1,100.0,24.0,42.668171450653716,18.668171450653716,False
49,2025-05-17T07:11:00,44,peak+early_peak+area_0_60+area_60_120+area_120_180+area_0_180+steepest_15min_rise+rise_0_30+peak_time+positive_duration+area_centroid+late_area_fraction,1,100.0,66.0,43.82276571333142,22.17723428666858,False
49,2025-05-20T07:06:00,45,peak+early_peak+area_0_60+area_60_120+area_120_180+area_0_180+steepest_15min_rise+rise_0_30+peak_time+positive_duration+area_centroid+late_area_fraction,2,1.0,24.0,35.76935408013511,11.769354080135109,False
49,2025-05-17T07:11:00,45,peak+early_peak+area_0_60+area_60_120+area_120_180+area_0_180+steepest_15min_rise+rise_0_30+peak_time+positive_duration+area_centroid+late_area_fraction,2,1.0,66.0,39.74078524212681,26.25921475787319,False
49,2025-05-20T07:06:00,46,peak+early_peak+area_0_60+area_60_120+area_120_180+area_0_180+steepest_15min_rise+rise_0_30+peak_time+positive_duration+area_centroid+late_area_fraction,2,10.0,24.0,37.21037985431256,13.210379854312563,False
49,2025-05-17T07:11:00,46,peak+early_peak+area_0_60+area_60_120+area_120_180+area_0_180+steepest_15min_rise+rise_0_30+peak_time+positive_duration+area_centroid+late_area_fraction,2,10.0,66.0,41.05707302068438,24.942926979315622,False
49,2025-05-20T07:06:00,47,peak+early_peak+area_0_60+area_60_120+area_120_180+area_0_180+steepest_15min_rise+rise_0_30+peak_time+positive_duration+area_centroid+late_area_fraction,2,100.0,24.0,42.05461581138906,18.054615811389063,False
49,2025-05-17T07:11:00,47,peak+early_peak+area_0_60+area_60_120+area_120_180+area_0_180+steepest_15min_rise+rise_0_30+peak_time+positive_duration+area_centroid+late_area_fraction,2,100.0,66.0,43.393128935892065,22.606871064107935,False
