sensor,pid,id,method,all_three_within10,Carbs_actual,Carbs_predicted,Protein_actual,Protein_predicted,Fat_actual,Fat_predicted
Libre GL,1,001_2020-05-07T10:07:00,ridge,False,66.0,59.639168700199406,22.0,40.85333450818415,10.5,23.208902521902075
Libre GL,1,001_2020-05-08T09:58:00,ridge,False,66.0,49.94096378117497,66.0,32.842802863016374,10.5,21.31939407576689
Libre GL,1,001_2020-05-09T09:35:00,ridge,False,66.0,71.5260531564562,22.0,49.734788104014854,42.0,29.232678912968993
Libre GL,1,001_2020-05-10T09:27:00,ridge,False,24.0,55.94113527278033,22.0,44.28946147916008,10.5,25.7440100558538
Libre GL,1,001_2020-05-07T10:07:00,tree1,False,66.0,58.73,22.0,29.52,10.5,18.6
Libre GL,1,001_2020-05-08T09:58:00,tree1,False,66.0,72.53,66.0,42.79,10.5,23.265
Libre GL,1,001_2020-05-09T09:35:00,tree1,False,66.0,54.39,22.0,37.22,42.0,21.05
Libre GL,1,001_2020-05-10T09:27:00,tree1,False,24.0,56.1,22.0,29.41,10.5,21.65
Libre GL,1,001_2020-05-07T10:07:00,tree5,False,66.0,53.818686507936526,22.0,28.738738095238094,10.5,19.514222222222223
Libre GL,1,001_2020-05-08T09:58:00,tree5,False,66.0,60.093277777777764,66.0,38.831111111111106,10.5,22.507559523809526
Libre GL,1,001_2020-05-09T09:35:00,tree5,False,66.0,59.91251984126984,22.0,34.331837301587285,42.0,22.584557539682546
Libre GL,1,001_2020-05-10T09:27:00,tree5,False,24.0,56.31589285714284,22.0,31.80542460317461,10.5,20.87983531746032
Libre GL,1,001_2020-05-07T10:07:00,absolute7,False,66.0,62.414154574106966,22.0,22.311896392628444,10.5,15.015929873455818
Libre GL,1,001_2020-05-08T09:58:00,absolute7,False,66.0,46.56134029525472,66.0,26.46034851949673,10.5,20.581681903156543
Libre GL,1,001_2020-05-09T09:35:00,absolute7,False,66.0,69.12914888594115,22.0,23.095384276864994,42.0,14.42236784283566
Libre GL,1,001_2020-05-10T09:27:00,absolute7,False,24.0,60.02520785661294,22.0,26.409018944871743,10.5,12.062716928358805
Libre GL,1,001_2020-05-07T10:07:00,absolute15,False,66.0,52.08076710934733,22.0,22.5597488198099,10.5,15.66792540684397
Libre GL,1,001_2020-05-08T09:58:00,absolute15,False,66.0,53.68605493931052,66.0,29.497985429620563,10.5,16.873754121850702
Libre GL,1,001_2020-05-09T09:35:00,absolute15,False,66.0,57.26635303023654,22.0,23.539048532873007,42.0,17.100551427878358
Libre GL,1,001_2020-05-10T09:27:00,absolute15,False,24.0,51.37848069031418,22.0,20.859995672153936,10.5,18.523328036781656
Libre GL,1,001_2020-05-07T10:07:00,nested_selected,False,66.0,53.818686507936526,22.0,28.738738095238094,10.5,19.514222222222223
Libre GL,1,001_2020-05-08T09:58:00,nested_selected,False,66.0,60.093277777777764,66.0,38.831111111111106,10.5,22.507559523809526
Libre GL,1,001_2020-05-09T09:35:00,nested_selected,False,66.0,59.91251984126984,22.0,34.331837301587285,42.0,22.584557539682546
Libre GL,1,001_2020-05-10T09:27:00,nested_selected,False,24.0,56.31589285714284,22.0,31.80542460317461,10.5,20.87983531746032
Libre GL,2,002_2019-11-21T09:55:00,ridge,False,66.0,77.08828979423913,22.0,40.343035560695554,10.5,23.757669112253996
Libre GL,2,002_2019-11-22T08:48:00,ridge,False,66.0,53.78663986413247,66.0,36.64277695400224,10.5,16.088285460636566
Libre GL,2,002_2019-11-23T09:59:00,ridge,False,66.0,59.66585894040283,22.0,38.11884354744925,42.0,20.50348020115125
Libre GL,2,002_2019-11-24T08:09:00,ridge,False,24.0,54.10714187399,22.0,33.881500827715726,10.5,18.276442625159852
Libre GL,2,002_2019-11-21T09:55:00,tree1,False,66.0,78.37,22.0,50.72,10.5,33.04
Libre GL,2,002_2019-11-22T08:48:00,tree1,False,66.0,64.73,66.0,36.42,10.5,20.185
Libre GL,2,002_2019-11-23T09:59:00,tree1,False,66.0,63.03,22.0,33.97,42.0,26.21
Libre GL,2,002_2019-11-24T08:09:00,tree1,False,24.0,58.46,22.0,35.03,10.5,20.82
Libre GL,2,002_2019-11-21T09:55:00,tree5,False,66.0,75.7349880952381,22.0,42.48846428571429,10.5,28.81702976190476
Libre GL,2,002_2019-11-22T08:48:00,tree5,False,66.0,62.2691626984127,66.0,33.54823412698414,10.5,21.681081349206362
Libre GL,2,002_2019-11-23T09:59:00,tree5,False,66.0,60.90315476190476,22.0,29.07796428571428,42.0,21.70362301587302
Libre GL,2,002_2019-11-24T08:09:00,tree5,False,24.0,55.63603571428568,22.0,29.56828571428572,10.5,19.30149801587302
Libre GL,2,002_2019-11-21T09:55:00,absolute7,False,66.0,83.90349331133389,22.0,29.38537266622503,10.5,22.96302804560468
Libre GL,2,002_2019-11-22T08:48:00,absolute7,False,66.0,69.61202104141671,66.0,22.000772514396804,10.5,11.40406148165643
Libre GL,2,002_2019-11-23T09:59:00,absolute7,False,66.0,68.05196166931677,22.0,21.823640068448146,42.0,16.068682729060676
Libre GL,2,002_2019-11-24T08:09:00,absolute7,False,24.0,66.92069088568459,22.0,22.000772514396804,10.5,12.822849590437638
Libre GL,2,002_2019-11-21T09:55:00,absolute15,False,66.0,76.72727890771752,22.0,33.228926389718026,10.5,29.60646306720516
Libre GL,2,002_2019-11-22T08:48:00,absolute15,False,66.0,70.06988418197488,66.0,26.60538048011783,10.5,12.283318090852633
Libre GL,2,002_2019-11-23T09:59:00,absolute15,False,66.0,68.38720897738088,22.0,26.839800406561952,42.0,17.718137968509932
Libre GL,2,002_2019-11-24T08:09:00,absolute15,False,24.0,62.018347259770735,22.0,28.100918044935543,10.5,14.470674894627539
Libre GL,2,002_2019-11-21T09:55:00,nested_selected,False,66.0,75.7349880952381,22.0,42.48846428571429,10.5,28.81702976190476
Libre GL,2,002_2019-11-22T08:48:00,nested_selected,False,66.0,62.2691626984127,66.0,33.54823412698414,10.5,21.681081349206362
Libre GL,2,002_2019-11-23T09:59:00,nested_selected,False,66.0,60.90315476190476,22.0,29.07796428571428,42.0,21.70362301587302
Libre GL,2,002_2019-11-24T08:09:00,nested_selected,False,24.0,55.63603571428568,22.0,29.56828571428572,10.5,19.30149801587302
Libre GL,5,005_2020-08-23T10:48:00,ridge,False,66.0,77.97975882711492,22.0,48.7009302927159,10.5,30.091756889895947
Libre GL,5,005_2020-08-24T08:04:00,ridge,False,66.0,71.32077087970968,66.0,48.368271496714115,10.5,27.436338226120842
Libre GL,5,005_2020-08-25T08:13:00,ridge,False,66.0,83.7112703711297,22.0,49.747529494174486,42.0,31.141810389453493
Libre GL,5,005_2020-08-26T08:19:00,ridge,False,24.0,70.01887039550991,22.0,43.13496127529375,10.5,26.97411204937623
Libre GL,5,005_2020-08-23T10:48:00,tree1,False,66.0,75.75,22.0,46.74,10.5,32.085
Libre GL,5,005_2020-08-24T08:04:00,tree1,False,66.0,76.11,66.0,39.8,10.5,33.71
Libre GL,5,005_2020-08-25T08:13:00,tree1,False,66.0,71.11,22.0,34.94,42.0,27.32
Libre GL,5,005_2020-08-26T08:19:00,tree1,False,24.0,66.41,22.0,39.16,10.5,30.5
Libre GL,5,005_2020-08-23T10:48:00,tree5,False,66.0,77.58237698412698,22.0,42.76185714285713,10.5,31.060172619047616
Libre GL,5,005_2020-08-24T08:04:00,tree5,False,66.0,74.07344841269841,66.0,43.02021825396826,10.5,31.221593253968244
Libre GL,5,005_2020-08-25T08:13:00,tree5,False,66.0,72.68113095238095,22.0,37.504543650793636,42.0,27.117265873015864
Libre GL,5,005_2020-08-26T08:19:00,tree5,False,24.0,67.52645238095242,22.0,37.66619047619048,10.5,29.65602976190477
Libre GL,5,005_2020-08-23T10:48:00,absolute7,False,66.0,68.18972346416213,22.0,22.0,10.5,42.39663808750827
Libre GL,5,005_2020-08-24T08:04:00,absolute7,False,66.0,73.81131181589461,66.0,22.0,10.5,36.084320173422384
Libre GL,5,005_2020-08-25T08:13:00,absolute7,False,66.0,67.52735539276976,22.0,22.0,42.0,36.82686906046582
Libre GL,5,005_2020-08-26T08:19:00,absolute7,False,24.0,65.94565206145407,22.0,22.0,10.5,34.36737715505652
Libre GL,5,005_2020-08-23T10:48:00,absolute15,False,66.0,73.32418079650367,22.0,23.385130042262986,10.5,42.273133032255544
Libre GL,5,005_2020-08-24T08:04:00,absolute15,False,66.0,77.31303820369057,66.0,25.29671545065895,10.5,37.45914932662326
Libre GL,5,005_2020-08-25T08:13:00,absolute15,False,66.0,70.25046228562177,22.0,25.652307551479943,42.0,35.75314297095735
Libre GL,5,005_2020-08-26T08:19:00,absolute15,False,24.0,70.89712301180336,22.0,24.92520570454943,10.5,36.3367122493797
Libre GL,5,005_2020-08-23T10:48:00,nested_selected,False,66.0,68.18972346416213,22.0,22.0,10.5,42.39663808750827
Libre GL,5,005_2020-08-24T08:04:00,nested_selected,False,66.0,73.81131181589461,66.0,22.0,10.5,36.084320173422384
Libre GL,5,005_2020-08-25T08:13:00,nested_selected,False,66.0,67.52735539276976,22.0,22.0,42.0,36.82686906046582
Libre GL,5,005_2020-08-26T08:19:00,nested_selected,False,24.0,65.94565206145407,22.0,22.0,10.5,34.36737715505652
Libre GL,6,006_2023-04-13T10:05:00,ridge,False,66.0,59.26829761948799,22.0,44.85494131847549,10.5,18.896149123838498
Libre GL,6,006_2023-04-14T09:08:00,ridge,False,66.0,52.86653018575754,66.0,41.8429208172075,10.5,20.876782953157306
Libre GL,6,006_2023-04-15T08:45:00,ridge,False,66.0,69.19071172500543,22.0,49.469018831752116,42.0,24.20671422537688
Libre GL,6,006_2023-04-16T07:16:00,ridge,False,24.0,49.23056762968382,22.0,44.28317935919853,10.5,19.50902765434484
Libre GL,6,006_2023-04-13T10:05:00,tree1,False,66.0,65.71,22.0,43.68,10.5,24.975
Libre GL,6,006_2023-04-14T09:08:00,tree1,False,66.0,50.12,66.0,43.27,10.5,18.365
Libre GL,6,006_2023-04-15T08:45:00,tree1,False,66.0,64.25,22.0,39.04,42.0,24.045
Libre GL,6,006_2023-04-16T07:16:00,tree1,False,24.0,46.86,22.0,26.77,10.5,16.14
Libre GL,6,006_2023-04-13T10:05:00,tree5,False,66.0,66.64496825396824,22.0,47.83255555555556,10.5,26.954373015873017
Libre GL,6,006_2023-04-14T09:08:00,tree5,False,66.0,51.861539682539686,66.0,41.91032142857142,10.5,18.88685317460318
Libre GL,6,006_2023-04-15T08:45:00,tree5,False,66.0,62.096373015873006,22.0,34.67955952380954,42.0,22.61092063492065
Libre GL,6,006_2023-04-16T07:16:00,tree5,False,24.0,50.685412698412705,22.0,30.981059523809527,10.5,18.481968253968255
Libre GL,6,006_2023-04-13T10:05:00,absolute7,False,66.0,55.847493895092164,22.0,22.0,10.5,30.69887657811035
Libre GL,6,006_2023-04-14T09:08:00,absolute7,False,66.0,44.89352007415241,66.0,22.0,10.5,19.210981350878995
Libre GL,6,006_2023-04-15T08:45:00,absolute7,False,66.0,76.3995686835297,22.0,22.02777561132037,42.0,26.833542299677447
Libre GL,6,006_2023-04-16T07:16:00,absolute7,False,24.0,41.08362112774019,22.0,21.948162591197583,10.5,18.605499354030442
Libre GL,6,006_2023-04-13T10:05:00,absolute15,False,66.0,67.3190502984876,22.0,34.1452718257577,10.5,27.228561835845642
Libre GL,6,006_2023-04-14T09:08:00,absolute15,False,66.0,49.25274027962507,66.0,24.468747122718803,10.5,20.25120022537798
Libre GL,6,006_2023-04-15T08:45:00,absolute15,False,66.0,76.89929221912939,22.0,37.37566677266998,42.0,25.09804014456929
Libre GL,6,006_2023-04-16T07:16:00,absolute15,False,24.0,46.13563415716881,22.0,27.347696983241786,10.5,18.87185360365248
Libre GL,6,006_2023-04-13T10:05:00,nested_selected,False,66.0,66.64496825396824,22.0,47.83255555555556,10.5,26.954373015873017
Libre GL,6,006_2023-04-14T09:08:00,nested_selected,False,66.0,51.861539682539686,66.0,41.91032142857142,10.5,18.88685317460318
Libre GL,6,006_2023-04-15T08:45:00,nested_selected,False,66.0,62.096373015873006,22.0,34.67955952380954,42.0,22.61092063492065
Libre GL,6,006_2023-04-16T07:16:00,nested_selected,False,24.0,50.685412698412705,22.0,30.981059523809527,10.5,18.481968253968255
Libre GL,8,008_2023-02-05T09:57:00,ridge,False,66.0,71.80728611431526,22.0,40.26642591339567,10.5,23.159523669680233
Libre GL,8,008_2023-02-06T08:13:00,ridge,False,66.0,55.800255447042446,66.0,30.902299677829294,10.5,18.4098651247938
Libre GL,8,008_2023-02-07T08:07:00,ridge,False,66.0,59.320232760795314,22.0,37.77526166855349,42.0,21.583977403256903
Libre GL,8,008_2023-02-08T08:01:00,ridge,False,24.0,45.37787478033013,22.0,29.374132466115732,10.5,11.049138175394738
Libre GL,8,008_2023-02-05T09:57:00,tree1,False,66.0,75.67,22.0,44.9,10.5,27.655
Libre GL,8,008_2023-02-06T08:13:00,tree1,False,66.0,62.17,66.0,43.87,10.5,19.98
Libre GL,8,008_2023-02-07T08:07:00,tree1,False,66.0,65.07,22.0,40.49,42.0,22.13
Libre GL,8,008_2023-02-08T08:01:00,tree1,False,24.0,49.91,22.0,30.67,10.5,16.435
Libre GL,8,008_2023-02-05T09:57:00,tree5,False,66.0,74.11029365079364,22.0,39.48868253968256,10.5,26.977079365079373
Libre GL,8,008_2023-02-06T08:13:00,tree5,False,66.0,60.17117857142856,66.0,40.70825396825397,10.5,21.05374007936508
Libre GL,8,008_2023-02-07T08:07:00,tree5,False,66.0,67.94875396825395,22.0,43.850694444444436,42.0,25.911815476190483
Libre GL,8,008_2023-02-08T08:01:00,tree5,False,24.0,49.892555555555546,22.0,34.04764682539681,10.5,16.152311507936506
Libre GL,8,008_2023-02-05T09:57:00,absolute7,False,66.0,74.93598726541727,22.0,22.0,10.5,32.00323986329938
Libre GL,8,008_2023-02-06T08:13:00,absolute7,False,66.0,70.10129406906093,66.0,22.0,10.5,17.34963221974977
Libre GL,8,008_2023-02-07T08:07:00,absolute7,False,66.0,70.12765381984978,22.0,22.0,42.0,26.77432741084362
Libre GL,8,008_2023-02-08T08:01:00,absolute7,False,24.0,43.200146318596666,22.0,22.0,10.5,8.518799778365397
Libre GL,8,008_2023-02-05T09:57:00,absolute15,False,66.0,77.80099511084303,22.0,22.0,10.5,25.375374771480278
Libre GL,8,008_2023-02-06T08:13:00,absolute15,False,66.0,66.96174898209564,66.0,22.0,10.5,12.470420130066906
Libre GL,8,008_2023-02-07T08:07:00,absolute15,False,66.0,75.77874899813611,22.0,22.0,42.0,22.622045123120465
Libre GL,8,008_2023-02-08T08:01:00,absolute15,False,24.0,43.584606324646,22.0,24.36635179722403,10.5,9.91018201494275
Libre GL,8,008_2023-02-05T09:57:00,nested_selected,False,66.0,77.80099511084303,22.0,22.0,10.5,25.375374771480278
Libre GL,8,008_2023-02-06T08:13:00,nested_selected,False,66.0,66.96174898209564,66.0,22.0,10.5,12.470420130066906
Libre GL,8,008_2023-02-07T08:07:00,nested_selected,False,66.0,75.77874899813611,22.0,22.0,42.0,22.622045123120465
Libre GL,8,008_2023-02-08T08:01:00,nested_selected,False,24.0,43.584606324646,22.0,24.36635179722403,10.5,9.91018201494275
Libre GL,9,009_2020-09-21T08:39:00,ridge,False,66.0,64.29657950554979,22.0,35.46587420947817,10.5,24.478797696175878
Libre GL,9,009_2020-09-22T07:37:00,ridge,False,66.0,58.48249685118954,66.0,36.87938822561611,10.5,24.506943292921523
Libre GL,9,009_2020-09-23T07:29:00,ridge,False,66.0,54.24200065831327,22.0,34.32691270986164,42.0,20.218866520832552
Libre GL,9,009_2020-09-24T07:51:00,ridge,False,24.0,45.27060401301162,22.0,30.791138101083792,10.5,18.989813533026815
Libre GL,9,009_2020-09-21T08:39:00,tree1,False,66.0,62.68,22.0,32.46,10.5,27.355
Libre GL,9,009_2020-09-22T07:37:00,tree1,False,66.0,60.56,66.0,36.9,10.5,24.135
Libre GL,9,009_2020-09-23T07:29:00,tree1,False,66.0,55.89,22.0,31.91,42.0,18.415
Libre GL,9,009_2020-09-24T07:51:00,tree1,False,24.0,37.68,22.0,18.69,10.5,12.65
Libre GL,9,009_2020-09-21T08:39:00,tree5,False,66.0,62.53563888888892,22.0,31.263059523809524,10.5,23.488882936507945
Libre GL,9,009_2020-09-22T07:37:00,tree5,False,66.0,61.65007936507937,66.0,37.745047619047604,10.5,22.989021825396826
Libre GL,9,009_2020-09-23T07:29:00,tree5,False,66.0,54.672206349206355,22.0,33.4541865079365,42.0,18.9817619047619
Libre GL,9,009_2020-09-24T07:51:00,tree5,False,24.0,34.45012301587303,22.0,20.95501984126985,10.5,12.371509920634917
Libre GL,9,009_2020-09-21T08:39:00,absolute7,False,66.0,66.03433072971004,22.0,20.34942018618744,10.5,23.67023267953324
Libre GL,9,009_2020-09-22T07:37:00,absolute7,False,66.0,46.576420598941624,66.0,22.05930486632636,10.5,29.120311171650876
Libre GL,9,009_2020-09-23T07:29:00,absolute7,False,66.0,65.69031793764125,22.0,20.34942018618744,42.0,13.021302800778164
Libre GL,9,009_2020-09-24T07:51:00,absolute7,False,24.0,30.816605111717454,22.0,20.16164275102768,10.5,8.969853508700858
Libre GL,9,009_2020-09-21T08:39:00,absolute15,False,66.0,66.80142273919742,22.0,20.7870928401894,10.5,21.47727654547583
Libre GL,9,009_2020-09-22T07:37:00,absolute15,False,66.0,66.87176305474549,66.0,31.407991835575295,10.5,32.014180663629894
Libre GL,9,009_2020-09-23T07:29:00,absolute15,False,66.0,56.7187046781739,22.0,27.558023908670076,42.0,10.9855386198517
Libre GL,9,009_2020-09-24T07:51:00,absolute15,False,24.0,26.594272260770722,22.0,23.386091423247986,10.5,12.98332428259087
Libre GL,9,009_2020-09-21T08:39:00,nested_selected,False,66.0,62.53563888888892,22.0,31.263059523809524,10.5,23.488882936507945
Libre GL,9,009_2020-09-22T07:37:00,nested_selected,False,66.0,61.65007936507937,66.0,37.745047619047604,10.5,22.989021825396826
Libre GL,9,009_2020-09-23T07:29:00,nested_selected,False,66.0,54.672206349206355,22.0,33.4541865079365,42.0,18.9817619047619
Libre GL,9,009_2020-09-24T07:51:00,nested_selected,False,24.0,34.45012301587303,22.0,20.95501984126985,10.5,12.371509920634917
Libre GL,10,010_2020-06-27T05:25:00,ridge,False,66.0,58.33636494469819,22.0,30.181531651013053,10.5,23.120985282398223
Libre GL,10,010_2020-06-28T05:16:00,ridge,False,66.0,70.02684462223185,66.0,36.7188305952191,10.5,27.199565455205615
Libre GL,10,010_2020-06-29T06:06:00,ridge,False,66.0,74.85206030081402,22.0,33.880517917559565,42.0,28.611820404662303
Libre GL,10,010_2020-06-30T07:27:00,ridge,False,24.0,53.70043535553873,22.0,31.5862449825184,10.5,22.949696403374833
Libre GL,10,010_2020-06-27T05:25:00,tree1,False,66.0,56.87,22.0,32.98,10.5,20.91
Libre GL,10,010_2020-06-28T05:16:00,tree1,False,66.0,72.23,66.0,39.18,10.5,30.7
Libre GL,10,010_2020-06-29T06:06:00,tree1,False,66.0,71.75,22.0,33.88,42.0,27.14
Libre GL,10,010_2020-06-30T07:27:00,tree1,False,24.0,43.21,22.0,23.95,10.5,16.44
Libre GL,10,010_2020-06-27T05:25:00,tree5,False,66.0,59.9050158730159,22.0,31.6958373015873,10.5,21.831063492063496
Libre GL,10,010_2020-06-28T05:16:00,tree5,False,66.0,72.66167857142857,66.0,44.38504365079366,10.5,30.244823412698405
Libre GL,10,010_2020-06-29T06:06:00,tree5,False,66.0,72.42627777777776,22.0,35.329134920634914,42.0,28.891821428571426
Libre GL,10,010_2020-06-30T07:27:00,tree5,False,24.0,50.76827380952383,22.0,27.18795238095238,10.5,19.463712301587297
Libre GL,10,010_2020-06-27T05:25:00,absolute7,False,66.0,66.20913107399365,22.0,36.41718314342276,10.5,21.731244483704636
Libre GL,10,010_2020-06-28T05:16:00,absolute7,False,66.0,68.03780098298081,66.0,40.46171045073534,10.5,26.226198415106726
Libre GL,10,010_2020-06-29T06:06:00,absolute7,False,66.0,68.91271671814937,22.0,22.0,42.0,29.14188500016696
Libre GL,10,010_2020-06-30T07:27:00,absolute7,False,24.0,53.36306415184117,22.0,22.0,10.5,23.446139810067944
Libre GL,10,010_2020-06-27T05:25:00,absolute15,False,66.0,66.4681647272726,22.0,33.56734702113768,10.5,22.833250798936902
Libre GL,10,010_2020-06-28T05:16:00,absolute15,False,66.0,66.73856182311577,66.0,44.37903425144774,10.5,35.38842297077546
Libre GL,10,010_2020-06-29T06:06:00,absolute15,False,66.0,71.87801249319432,22.0,30.33580548839201,42.0,29.644254071987817
Libre GL,10,010_2020-06-30T07:27:00,absolute15,False,24.0,46.81506556540579,22.0,21.622077191151565,10.5,28.06476772180761
Libre GL,10,010_2020-06-27T05:25:00,nested_selected,False,66.0,66.20913107399365,22.0,36.41718314342276,10.5,21.731244483704636
Libre GL,10,010_2020-06-28T05:16:00,nested_selected,False,66.0,68.03780098298081,66.0,40.46171045073534,10.5,26.226198415106726
Libre GL,10,010_2020-06-29T06:06:00,nested_selected,False,66.0,68.91271671814937,22.0,22.0,42.0,29.14188500016696
Libre GL,10,010_2020-06-30T07:27:00,nested_selected,False,24.0,53.36306415184117,22.0,22.0,10.5,23.446139810067944
Libre GL,14,014_2023-05-15T07:29:00,ridge,False,66.0,66.96798402707621,22.0,28.209865840429295,10.5,29.68282920027192
Libre GL,14,014_2023-05-16T07:28:00,ridge,False,66.0,54.167652827691555,66.0,27.811112311741596,10.5,27.56183347704242
Libre GL,14,014_2023-05-17T08:34:00,ridge,False,66.0,64.13456557995683,22.0,36.54260314949547,42.0,26.343266261802793
Libre GL,14,014_2023-05-18T08:15:00,ridge,False,24.0,53.38989168574449,22.0,31.739787738027353,10.5,24.123009928308583
Libre GL,14,014_2023-05-15T07:29:00,tree1,False,66.0,67.0,22.0,31.13,10.5,28.13
Libre GL,14,014_2023-05-16T07:28:00,tree1,False,66.0,59.95,66.0,33.4,10.5,22.94
Libre GL,14,014_2023-05-17T08:34:00,tree1,False,66.0,66.51,22.0,41.4,42.0,31.2
Libre GL,14,014_2023-05-18T08:15:00,tree1,False,24.0,34.79,22.0,23.34,10.5,13.95
Libre GL,14,014_2023-05-15T07:29:00,tree5,False,66.0,66.54035317460317,22.0,32.660246031746034,10.5,25.873996031746028
Libre GL,14,014_2023-05-16T07:28:00,tree5,False,66.0,55.68817857142855,66.0,30.36737301587302,10.5,21.20528769841269
Libre GL,14,014_2023-05-17T08:34:00,tree5,False,66.0,67.30140476190476,22.0,41.91133333333333,42.0,27.849222222222227
Libre GL,14,014_2023-05-18T08:15:00,tree5,False,24.0,43.536845238095246,22.0,25.31677777777777,10.5,16.864988095238097
Libre GL,14,014_2023-05-15T07:29:00,absolute7,False,66.0,66.50090904297502,22.0,22.0,10.5,44.519656002584036
Libre GL,14,014_2023-05-16T07:28:00,absolute7,False,66.0,63.65284513227148,66.0,22.0,10.5,24.8740047469025
Libre GL,14,014_2023-05-17T08:34:00,absolute7,False,66.0,74.18163858776587,22.0,22.0,42.0,24.842847219887616
Libre GL,14,014_2023-05-18T08:15:00,absolute7,False,24.0,40.56136479276215,22.0,22.0,10.5,16.073822650352916
Libre GL,14,014_2023-05-15T07:29:00,absolute15,False,66.0,67.97266797953309,22.0,25.744408025851385,10.5,38.60752075954366
Libre GL,14,014_2023-05-16T07:28:00,absolute15,False,66.0,47.92604580633939,66.0,25.173767459120555,10.5,27.362591459695174
Libre GL,14,014_2023-05-17T08:34:00,absolute15,False,66.0,62.39633936469525,22.0,47.824225603635846,42.0,22.230372043971876
Libre GL,14,014_2023-05-18T08:15:00,absolute15,False,24.0,38.83446405869049,22.0,23.013738712686955,10.5,20.497566677338092
Libre GL,14,014_2023-05-15T07:29:00,nested_selected,False,66.0,66.54035317460317,22.0,32.660246031746034,10.5,25.873996031746028
Libre GL,14,014_2023-05-16T07:28:00,nested_selected,False,66.0,55.68817857142855,66.0,30.36737301587302,10.5,21.20528769841269
Libre GL,14,014_2023-05-17T08:34:00,nested_selected,False,66.0,67.30140476190476,22.0,41.91133333333333,42.0,27.849222222222227
Libre GL,14,014_2023-05-18T08:15:00,nested_selected,False,24.0,43.536845238095246,22.0,25.31677777777777,10.5,16.864988095238097
Libre GL,17,017_2023-10-16T09:41:00,ridge,False,66.0,66.39243500160102,22.0,38.470721313967715,10.5,27.112669913427617
Libre GL,17,017_2023-10-17T11:12:00,ridge,False,66.0,67.83896649784305,66.0,31.947613287496235,10.5,23.88786089088023
Libre GL,17,017_2023-10-18T11:43:00,ridge,False,66.0,71.3753765577353,22.0,34.32606983208599,42.0,27.00884997457161
Libre GL,17,017_2023-10-19T08:30:00,ridge,False,24.0,56.4074594747254,22.0,39.54653811997301,10.5,25.308548060800565
Libre GL,17,017_2023-10-16T09:41:00,tree1,False,66.0,65.07,22.0,36.44,10.5,27.615
Libre GL,17,017_2023-10-17T11:12:00,tree1,False,66.0,62.6,66.0,38.31,10.5,25.29
Libre GL,17,017_2023-10-18T11:43:00,tree1,False,66.0,66.23,22.0,36.8,42.0,29.65
Libre GL,17,017_2023-10-19T08:30:00,tree1,False,24.0,49.4,22.0,31.52,10.5,19.775
Libre GL,17,017_2023-10-16T09:41:00,tree5,False,66.0,65.77519444444444,22.0,41.50628174603174,10.5,26.854892857142854
Libre GL,17,017_2023-10-17T11:12:00,tree5,False,66.0,64.25246825396826,66.0,37.782642857142854,10.5,24.28332142857143
Libre GL,17,017_2023-10-18T11:43:00,tree5,False,66.0,67.30867857142856,22.0,38.35547619047619,42.0,27.390730158730175
Libre GL,17,017_2023-10-19T08:30:00,tree5,False,24.0,52.135404761904745,22.0,34.510206349206356,10.5,18.841742063492063
Libre GL,17,017_2023-10-16T09:41:00,absolute7,False,66.0,62.482954258703465,22.0,22.0,10.5,26.98234165562262
Libre GL,17,017_2023-10-17T11:12:00,absolute7,False,66.0,64.34985390182935,66.0,22.0,10.5,26.021521893025724
Libre GL,17,017_2023-10-18T11:43:00,absolute7,False,66.0,68.8634435988513,22.0,22.0,42.0,32.126765422645384
Libre GL,17,017_2023-10-19T08:30:00,absolute7,False,24.0,47.060223864770265,22.0,22.0,10.5,19.708833277188464
Libre GL,17,017_2023-10-16T09:41:00,absolute15,False,66.0,66.59449322090875,22.0,29.531843744254306,10.5,27.17672847815719
Libre GL,17,017_2023-10-17T11:12:00,absolute15,False,66.0,69.53411555539398,66.0,27.147388860581664,10.5,21.878958289134786
Libre GL,17,017_2023-10-18T11:43:00,absolute15,False,66.0,73.0883630793861,22.0,26.38809235353409,42.0,32.38304012191566
Libre GL,17,017_2023-10-19T08:30:00,absolute15,False,24.0,47.03326043353414,22.0,35.98853008509908,10.5,20.361811156962464
Libre GL,17,017_2023-10-16T09:41:00,nested_selected,False,66.0,65.77519444444444,22.0,41.50628174603174,10.5,26.854892857142854
Libre GL,17,017_2023-10-17T11:12:00,nested_selected,False,66.0,64.25246825396826,66.0,37.782642857142854,10.5,24.28332142857143
Libre GL,17,017_2023-10-18T11:43:00,nested_selected,False,66.0,67.30867857142856,22.0,38.35547619047619,42.0,27.390730158730175
Libre GL,17,017_2023-10-19T08:30:00,nested_selected,False,24.0,52.135404761904745,22.0,34.510206349206356,10.5,18.841742063492063
Libre GL,27,027_2024-06-16T10:15:00,ridge,False,66.0,53.50011119921362,22.0,42.30841276305039,10.5,20.86696965259579
Libre GL,27,027_2024-06-17T08:15:00,ridge,False,66.0,57.27964091187065,66.0,45.83794737021806,10.5,23.041337248123053
Libre GL,27,027_2024-06-18T09:20:00,ridge,False,66.0,60.11193765542063,22.0,49.647587212041635,42.0,21.03890082291089
Libre GL,27,027_2024-06-19T10:11:00,ridge,False,24.0,54.235541060583806,22.0,42.05804010725784,10.5,20.437223847986964
Libre GL,27,027_2024-06-16T10:15:00,tree1,False,66.0,54.35,22.0,43.25,10.5,20.545
Libre GL,27,027_2024-06-17T08:15:00,tree1,False,66.0,57.05,66.0,37.39,10.5,21.44
Libre GL,27,027_2024-06-18T09:20:00,tree1,False,66.0,59.82,22.0,41.31,42.0,21.915
Libre GL,27,027_2024-06-19T10:11:00,tree1,False,24.0,61.22,22.0,43.28,10.5,19.2
Libre GL,27,027_2024-06-16T10:15:00,tree5,False,66.0,58.07367063492066,22.0,44.829464285714266,10.5,21.7058134920635
Libre GL,27,027_2024-06-17T08:15:00,tree5,False,66.0,58.21138095238097,66.0,43.87746428571427,10.5,22.8326369047619
Libre GL,27,027_2024-06-18T09:20:00,tree5,False,66.0,58.266396825396804,22.0,40.512182539682534,42.0,21.345670634920637
Libre GL,27,027_2024-06-19T10:11:00,tree5,False,24.0,63.16050396825399,22.0,42.25953968253967,10.5,21.12554365079364
Libre GL,27,027_2024-06-16T10:15:00,absolute7,False,66.0,43.77850798213531,22.0,67.49357737886619,10.5,23.055205770009245
Libre GL,27,027_2024-06-17T08:15:00,absolute7,False,66.0,60.71920426364269,66.0,68.1841266372053,10.5,24.993381506189845
Libre GL,27,027_2024-06-18T09:20:00,absolute7,False,66.0,66.12897904328054,22.0,23.39187970261791,42.0,14.49733836120736
Libre GL,27,027_2024-06-19T10:11:00,absolute7,False,24.0,57.198474846840504,22.0,38.663971597908514,10.5,18.31814614428709
Libre GL,27,027_2024-06-16T10:15:00,absolute15,False,66.0,49.685160757358695,22.0,50.58949056567467,10.5,23.41225210746645
Libre GL,27,027_2024-06-17T08:15:00,absolute15,False,66.0,57.93001029322494,66.0,49.559374661131876,10.5,23.14326832333108
Libre GL,27,027_2024-06-18T09:20:00,absolute15,False,66.0,60.58577115639487,22.0,41.41647211692547,42.0,19.568356892597862
Libre GL,27,027_2024-06-19T10:11:00,absolute15,False,24.0,66.28788713681284,22.0,34.13663487135319,10.5,16.337969743542416
Libre GL,27,027_2024-06-16T10:15:00,nested_selected,False,66.0,58.07367063492066,22.0,44.829464285714266,10.5,21.7058134920635
Libre GL,27,027_2024-06-17T08:15:00,nested_selected,False,66.0,58.21138095238097,66.0,43.87746428571427,10.5,22.8326369047619
Libre GL,27,027_2024-06-18T09:20:00,nested_selected,False,66.0,58.266396825396804,22.0,40.512182539682534,42.0,21.345670634920637
Libre GL,27,027_2024-06-19T10:11:00,nested_selected,False,24.0,63.16050396825399,22.0,42.25953968253967,10.5,21.12554365079364
Libre GL,31,031_2022-07-05T07:45:00,ridge,False,66.0,62.833057853767144,22.0,37.53673078922855,10.5,23.82919936849504
Libre GL,31,031_2022-07-06T07:56:00,ridge,False,66.0,66.7882381410284,66.0,39.80442564573978,10.5,21.638744867189338
Libre GL,31,031_2022-07-07T07:04:00,ridge,False,66.0,68.40161105824725,22.0,48.42627039629493,42.0,25.70620065306614
Libre GL,31,031_2022-07-08T07:18:00,ridge,False,24.0,52.030501498216786,22.0,39.24189192451659,10.5,18.346842706758586
Libre GL,31,031_2022-07-05T07:45:00,tree1,False,66.0,57.35,22.0,43.08,10.5,18.22
Libre GL,31,031_2022-07-06T07:56:00,tree1,False,66.0,60.25,66.0,42.82,10.5,21.12
Libre GL,31,031_2022-07-07T07:04:00,tree1,False,66.0,62.34,22.0,32.93,42.0,25.4
Libre GL,31,031_2022-07-08T07:18:00,tree1,False,24.0,49.47,22.0,36.85,10.5,15.735
Libre GL,31,031_2022-07-05T07:45:00,tree5,False,66.0,56.52382142857144,22.0,44.28678968253966,10.5,20.568624999999997
Libre GL,31,031_2022-07-06T07:56:00,tree5,False,66.0,57.14964285714287,66.0,41.015301587301586,10.5,19.894482142857143
Libre GL,31,031_2022-07-07T07:04:00,tree5,False,66.0,63.72842460317461,22.0,38.93253571428572,42.0,23.906871031746032
Libre GL,31,031_2022-07-08T07:18:00,tree5,False,24.0,47.99013888888887,22.0,36.662261904761905,10.5,17.452746031746038
Libre GL,31,031_2022-07-05T07:45:00,absolute7,False,66.0,63.457846997098386,22.0,22.0,10.5,18.855990875010537
Libre GL,31,031_2022-07-06T07:56:00,absolute7,False,66.0,59.08002834206628,66.0,29.396645073126155,10.5,25.092401808272683
Libre GL,31,031_2022-07-07T07:04:00,absolute7,False,66.0,68.16872558111737,22.0,22.0,42.0,19.320921508413317
Libre GL,31,031_2022-07-08T07:18:00,absolute7,False,24.0,50.56395702871105,22.0,21.8,10.5,15.253924233658104
Libre GL,31,031_2022-07-05T07:45:00,absolute15,False,66.0,65.94963345376281,22.0,46.67404271673186,10.5,21.455660806970112
Libre GL,31,031_2022-07-06T07:56:00,absolute15,False,66.0,65.61470109115268,66.0,44.520945439116794,10.5,22.922509414093053
Libre GL,31,031_2022-07-07T07:04:00,absolute15,False,66.0,61.74700849802297,22.0,23.55321130694678,42.0,23.3462045339314
Libre GL,31,031_2022-07-08T07:18:00,absolute15,False,24.0,44.1493674541864,22.0,37.70810750823037,10.5,14.138360218953448
Libre GL,31,031_2022-07-05T07:45:00,nested_selected,False,66.0,56.52382142857144,22.0,44.28678968253966,10.5,20.568624999999997
Libre GL,31,031_2022-07-06T07:56:00,nested_selected,False,66.0,57.14964285714287,66.0,41.015301587301586,10.5,19.894482142857143
Libre GL,31,031_2022-07-07T07:04:00,nested_selected,False,66.0,63.72842460317461,22.0,38.93253571428572,42.0,23.906871031746032
Libre GL,31,031_2022-07-08T07:18:00,nested_selected,False,24.0,47.99013888888887,22.0,36.662261904761905,10.5,17.452746031746038
Libre GL,32,032_2022-01-07T07:01:00,ridge,False,66.0,79.94604301051422,22.0,30.84315053084518,10.5,30.462243941952433
Libre GL,32,032_2022-01-08T06:37:00,ridge,False,66.0,90.94548784765924,66.0,34.48171856053438,10.5,35.37196635398624
Libre GL,32,032_2022-01-09T05:32:00,ridge,False,66.0,69.9017463349363,22.0,30.305341130211424,42.0,31.02059241340572
Libre GL,32,032_2022-01-10T05:10:00,ridge,False,24.0,70.63004161101145,22.0,47.342993109622114,10.5,30.9061956919299
Libre GL,32,032_2022-01-07T07:01:00,tree1,False,66.0,63.93,22.0,36.49,10.5,25.405
Libre GL,32,032_2022-01-08T06:37:00,tree1,False,66.0,79.34,66.0,56.79,10.5,38.105
Libre GL,32,032_2022-01-09T05:32:00,tree1,False,66.0,66.69,22.0,45.78,42.0,32.065
Libre GL,32,032_2022-01-10T05:10:00,tree1,False,24.0,70.82,22.0,48.45,10.5,28.54
Libre GL,32,032_2022-01-07T07:01:00,tree5,False,66.0,58.83175793650795,22.0,32.60321428571427,10.5,21.037505952380958
Libre GL,32,032_2022-01-08T06:37:00,tree5,False,66.0,73.35236507936506,66.0,44.29602777777778,10.5,29.219509920634923
Libre GL,32,032_2022-01-09T05:32:00,tree5,False,66.0,64.30154365079366,22.0,39.107091269841256,42.0,24.3913630952381
Libre GL,32,032_2022-01-10T05:10:00,tree5,False,24.0,65.91580555555555,22.0,43.82324603174603,10.5,25.60075793650794
Libre GL,32,032_2022-01-07T07:01:00,absolute7,False,66.0,62.90975401086958,22.0,22.0,10.5,18.488220974759717
Libre GL,32,032_2022-01-08T06:37:00,absolute7,False,66.0,79.21926750765445,66.0,22.0,10.5,31.68410355835709
Libre GL,32,032_2022-01-09T05:32:00,absolute7,False,66.0,66.11710802956753,22.0,22.0,42.0,23.595506096048528
Libre GL,32,032_2022-01-10T05:10:00,absolute7,False,24.0,71.62232674527809,22.0,22.0,10.5,23.849794062476875
Libre GL,32,032_2022-01-07T07:01:00,absolute15,False,66.0,62.93030038778773,22.0,27.759581275261464,10.5,21.783100378059213
Libre GL,32,032_2022-01-08T06:37:00,absolute15,False,66.0,77.60909613763386,66.0,44.547480652945374,10.5,27.651774608069
Libre GL,32,032_2022-01-09T05:32:00,absolute15,False,66.0,73.74243644400622,22.0,32.68146847359406,42.0,25.791443430020426
Libre GL,32,032_2022-01-10T05:10:00,absolute15,False,24.0,65.03330272879856,22.0,38.67304135726473,10.5,19.450324076133597
Libre GL,32,032_2022-01-07T07:01:00,nested_selected,False,66.0,62.93030038778773,22.0,27.759581275261464,10.5,21.783100378059213
Libre GL,32,032_2022-01-08T06:37:00,nested_selected,False,66.0,77.60909613763386,66.0,44.547480652945374,10.5,27.651774608069
Libre GL,32,032_2022-01-09T05:32:00,nested_selected,False,66.0,73.74243644400622,22.0,32.68146847359406,42.0,25.791443430020426
Libre GL,32,032_2022-01-10T05:10:00,nested_selected,False,24.0,65.03330272879856,22.0,38.67304135726473,10.5,19.450324076133597
Libre GL,34,034_2022-03-08T06:16:00,ridge,False,66.0,54.922231061410116,22.0,37.208653772571395,10.5,22.0080245405109
Libre GL,34,034_2022-03-09T07:18:00,ridge,False,66.0,53.48172518716254,66.0,32.443065646661296,10.5,21.310256227002135
Libre GL,34,034_2022-03-10T07:12:00,ridge,False,66.0,52.21796769637387,22.0,39.07587664177028,42.0,24.912732443196333
Libre GL,34,034_2022-03-11T07:24:00,ridge,False,24.0,48.95520441595213,22.0,31.489466407134422,10.5,22.088956255579525
Libre GL,34,034_2022-03-08T06:16:00,tree1,False,66.0,58.75,22.0,31.8,10.5,23.82
Libre GL,34,034_2022-03-09T07:18:00,tree1,False,66.0,53.71,66.0,35.86,10.5,20.88
Libre GL,34,034_2022-03-10T07:12:00,tree1,False,66.0,56.58,22.0,36.25,42.0,22.52
Libre GL,34,034_2022-03-11T07:24:00,tree1,False,24.0,55.83,22.0,35.45,10.5,18.88
Libre GL,34,034_2022-03-08T06:16:00,tree5,False,66.0,55.54060317460319,22.0,32.53485714285715,10.5,22.647353174603175
Libre GL,34,034_2022-03-09T07:18:00,tree5,False,66.0,52.69875793650794,66.0,32.3244126984127,10.5,20.934001984126976
Libre GL,34,034_2022-03-10T07:12:00,tree5,False,66.0,52.278861111111134,22.0,34.214468253968256,42.0,20.863700396825397
Libre GL,34,034_2022-03-11T07:24:00,tree5,False,24.0,58.20290873015873,22.0,38.33940873015872,10.5,22.47432142857143
Libre GL,34,034_2022-03-08T06:16:00,absolute7,False,66.0,56.014500426260526,22.0,22.0,10.5,14.536583397744304
Libre GL,34,034_2022-03-09T07:18:00,absolute7,False,66.0,52.937192486498006,66.0,23.169677057262238,10.5,22.97324681097488
Libre GL,34,034_2022-03-10T07:12:00,absolute7,False,66.0,57.11250286505669,22.0,22.0,42.0,27.6902195604461
Libre GL,34,034_2022-03-11T07:24:00,absolute7,False,24.0,47.59495598210242,22.0,39.180211726524625,10.5,20.070728400736318
Libre GL,34,034_2022-03-08T06:16:00,absolute15,False,66.0,56.64365471412174,22.0,23.5537414404926,10.5,19.018895414234223
Libre GL,34,034_2022-03-09T07:18:00,absolute15,False,66.0,49.16636058919573,66.0,37.900172983971615,10.5,21.948061682204703
Libre GL,34,034_2022-03-10T07:12:00,absolute15,False,66.0,56.060855787784945,22.0,22.902583784661104,42.0,25.306576333544488
Libre GL,34,034_2022-03-11T07:24:00,absolute15,False,24.0,53.76184647275259,22.0,40.46621406117325,10.5,22.140265723403374
Libre GL,34,034_2022-03-08T06:16:00,nested_selected,False,66.0,55.54060317460319,22.0,32.53485714285715,10.5,22.647353174603175
Libre GL,34,034_2022-03-09T07:18:00,nested_selected,False,66.0,52.69875793650794,66.0,32.3244126984127,10.5,20.934001984126976
Libre GL,34,034_2022-03-10T07:12:00,nested_selected,False,66.0,52.278861111111134,22.0,34.214468253968256,42.0,20.863700396825397
Libre GL,34,034_2022-03-11T07:24:00,nested_selected,False,24.0,58.20290873015873,22.0,38.33940873015872,10.5,22.47432142857143
Libre GL,35,035_2024-12-18T07:10:00,ridge,False,66.0,67.05398720900749,22.0,23.964576631552518,10.5,26.763943220869148
Libre GL,35,035_2024-12-19T06:25:00,ridge,False,66.0,63.70649045221454,66.0,26.366101447518222,10.5,24.85416665743077
Libre GL,35,035_2024-12-20T06:39:00,ridge,False,66.0,65.6500822823382,22.0,29.741983120762914,42.0,26.112767520249648
Libre GL,35,035_2024-12-21T06:53:00,ridge,False,24.0,71.10607174386958,22.0,26.063193846097732,10.5,26.826385589855562
Libre GL,35,035_2024-12-18T07:10:00,tree1,False,66.0,65.62,22.0,43.33,10.5,31.77
Libre GL,35,035_2024-12-19T06:25:00,tree1,False,66.0,63.27,66.0,40.18,10.5,26.895
Libre GL,35,035_2024-12-20T06:39:00,tree1,False,66.0,68.66,22.0,44.11,42.0,26.015
Libre GL,35,035_2024-12-21T06:53:00,tree1,False,24.0,71.26,22.0,42.14,10.5,31.37
Libre GL,35,035_2024-12-18T07:10:00,tree5,False,66.0,67.58971031746033,22.0,41.16771428571428,10.5,28.825126984126978
Libre GL,35,035_2024-12-19T06:25:00,tree5,False,66.0,61.03101190476191,66.0,35.33038492063493,10.5,24.60033531746032
Libre GL,35,035_2024-12-20T06:39:00,tree5,False,66.0,61.12554761904763,22.0,39.536904761904765,42.0,23.01395238095238
Libre GL,35,035_2024-12-21T06:53:00,tree5,False,24.0,71.0776388888889,22.0,42.09682936507939,10.5,29.114482142857145
Libre GL,35,035_2024-12-18T07:10:00,absolute7,False,66.0,68.31728568402437,22.0,22.0,10.5,30.739909878306623
Libre GL,35,035_2024-12-19T06:25:00,absolute7,False,66.0,67.67258811831998,66.0,22.0,10.5,23.035374843866375
Libre GL,35,035_2024-12-20T06:39:00,absolute7,False,66.0,65.11394921354778,22.0,22.042797782349925,42.0,20.585325622884962
Libre GL,35,035_2024-12-21T06:53:00,absolute7,False,24.0,73.6459480134414,22.0,21.108724048812118,10.5,29.859090368130904
Libre GL,35,035_2024-12-18T07:10:00,absolute15,False,66.0,64.51377583473243,22.0,53.046366717594346,10.5,37.74307168233084
Libre GL,35,035_2024-12-19T06:25:00,absolute15,False,66.0,63.97689833842325,66.0,44.43259918412825,10.5,26.489364089079533
Libre GL,35,035_2024-12-20T06:39:00,absolute15,False,66.0,61.16018976022797,22.0,25.833573409899042,42.0,25.35620708308023
Libre GL,35,035_2024-12-21T06:53:00,absolute15,False,24.0,73.83755295272064,22.0,48.21500298988673,10.5,33.88797394991584
Libre GL,35,035_2024-12-18T07:10:00,nested_selected,False,66.0,68.31728568402437,22.0,22.0,10.5,30.739909878306623
Libre GL,35,035_2024-12-19T06:25:00,nested_selected,False,66.0,67.67258811831998,66.0,22.0,10.5,23.035374843866375
Libre GL,35,035_2024-12-20T06:39:00,nested_selected,False,66.0,65.11394921354778,22.0,22.042797782349925,42.0,20.585325622884962
Libre GL,35,035_2024-12-21T06:53:00,nested_selected,False,24.0,73.6459480134414,22.0,21.108724048812118,10.5,29.859090368130904
Libre GL,36,036_2022-04-04T08:18:00,ridge,False,66.0,93.69207403935587,22.0,46.83248820011825,10.5,28.362401071960782
Libre GL,36,036_2022-04-05T08:14:00,ridge,False,66.0,74.09485087308248,66.0,41.54258446773264,10.5,32.481001921823626
Libre GL,36,036_2022-04-06T08:01:00,ridge,False,66.0,67.15664776404486,22.0,36.56533687593259,42.0,27.360875477383843
Libre GL,36,036_2022-04-07T07:54:00,ridge,False,24.0,55.024565945508584,22.0,30.840653651885063,10.5,22.569728640789293
Libre GL,36,036_2022-04-04T08:18:00,tree1,False,66.0,80.52,22.0,47.77,10.5,24.965
Libre GL,36,036_2022-04-05T08:14:00,tree1,False,66.0,67.33,66.0,44.43,10.5,25.68
Libre GL,36,036_2022-04-06T08:01:00,tree1,False,66.0,65.29,22.0,39.38,42.0,25.975
Libre GL,36,036_2022-04-07T07:54:00,tree1,False,24.0,62.87,22.0,39.13,10.5,25.29
Libre GL,36,036_2022-04-04T08:18:00,tree5,False,66.0,74.24558333333334,22.0,34.825805555555526,10.5,23.9486011904762
Libre GL,36,036_2022-04-05T08:14:00,tree5,False,66.0,66.46211507936509,66.0,36.950210317460304,10.5,24.620230158730166
Libre GL,36,036_2022-04-06T08:01:00,tree5,False,66.0,67.75415873015872,22.0,36.89511904761904,42.0,26.098833333333335
Libre GL,36,036_2022-04-07T07:54:00,tree5,False,24.0,62.94732142857143,22.0,33.7466626984127,10.5,25.906662698412685
Libre GL,36,036_2022-04-04T08:18:00,absolute7,False,66.0,80.46233149241192,22.0,22.0,10.5,21.94638046603803
Libre GL,36,036_2022-04-05T08:14:00,absolute7,False,66.0,80.160785300609,66.0,22.0,10.5,31.889304912805333
Libre GL,36,036_2022-04-06T08:01:00,absolute7,False,66.0,76.1504422291759,22.0,35.23061655634714,42.0,21.67672665226177
Libre GL,36,036_2022-04-07T07:54:00,absolute7,False,24.0,66.43986194845492,22.0,22.0,10.5,24.110017716122037
Libre GL,36,036_2022-04-04T08:18:00,absolute15,False,66.0,83.06288487285609,22.0,25.639339298152066,10.5,22.300748279815014
Libre GL,36,036_2022-04-05T08:14:00,absolute15,False,66.0,69.86128938389092,66.0,34.97801978373716,10.5,31.484601832535056
Libre GL,36,036_2022-04-06T08:01:00,absolute15,False,66.0,74.02542440889057,22.0,46.42082285426838,42.0,19.105582471359384
Libre GL,36,036_2022-04-07T07:54:00,absolute15,False,24.0,67.92250683754864,22.0,27.88417357216299,10.5,32.80891792597678
Libre GL,36,036_2022-04-04T08:18:00,nested_selected,False,66.0,74.24558333333334,22.0,34.825805555555526,10.5,23.9486011904762
Libre GL,36,036_2022-04-05T08:14:00,nested_selected,False,66.0,66.46211507936509,66.0,36.950210317460304,10.5,24.620230158730166
Libre GL,36,036_2022-04-06T08:01:00,nested_selected,False,66.0,67.75415873015872,22.0,36.89511904761904,42.0,26.098833333333335
Libre GL,36,036_2022-04-07T07:54:00,nested_selected,False,24.0,62.94732142857143,22.0,33.7466626984127,10.5,25.906662698412685
Libre GL,38,038_2022-01-31T07:03:00,ridge,False,66.0,56.66574873001413,22.0,24.881837317658903,10.5,22.84829522588368
Libre GL,38,038_2022-02-01T07:18:00,ridge,False,66.0,49.82385824148747,66.0,23.72142309215664,10.5,25.618278760141337
Libre GL,38,038_2022-02-02T07:02:00,ridge,False,66.0,49.304192295457256,22.0,24.886973599128453,42.0,22.669505914084755
Libre GL,38,038_2022-02-03T07:17:00,ridge,False,24.0,49.63702828872162,22.0,28.034630956368055,10.5,22.229640597742115
Libre GL,38,038_2022-01-31T07:03:00,tree1,False,66.0,63.49,22.0,32.61,10.5,21.055
Libre GL,38,038_2022-02-01T07:18:00,tree1,False,66.0,61.17,66.0,25.3,10.5,25.4
Libre GL,38,038_2022-02-02T07:02:00,tree1,False,66.0,48.17,22.0,28.31,42.0,18.22
Libre GL,38,038_2022-02-03T07:17:00,tree1,False,24.0,49.91,22.0,23.45,10.5,20.925
Libre GL,38,038_2022-01-31T07:03:00,tree5,False,66.0,61.61873015873016,22.0,29.318210317460327,10.5,22.800071428571428
Libre GL,38,038_2022-02-01T07:18:00,tree5,False,66.0,54.9179603174603,66.0,27.21371825396825,10.5,21.665349206349205
Libre GL,38,038_2022-02-02T07:02:00,tree5,False,66.0,51.75884523809525,22.0,29.400587301587283,42.0,18.534206349206343
Libre GL,38,038_2022-02-03T07:17:00,tree5,False,24.0,48.72369841269838,22.0,25.530936507936502,10.5,19.92080753968254
Libre GL,38,038_2022-01-31T07:03:00,absolute7,False,66.0,63.645187922369296,22.0,22.0,10.5,22.557327180796836
Libre GL,38,038_2022-02-01T07:18:00,absolute7,False,66.0,61.24898206093487,66.0,22.0,10.5,30.980641557422707
Libre GL,38,038_2022-02-02T07:02:00,absolute7,False,66.0,54.3845716550874,22.0,22.0,42.0,14.66866446455976
Libre GL,38,038_2022-02-03T07:17:00,absolute7,False,24.0,35.591483014700586,22.0,23.53003098372425,10.5,20.231773456987614
Libre GL,38,038_2022-01-31T07:03:00,absolute15,False,66.0,62.37875160390542,22.0,22.0,10.5,22.232219959686866
Libre GL,38,038_2022-02-01T07:18:00,absolute15,False,66.0,54.78041947946385,66.0,22.0,10.5,33.80740122761602
Libre GL,38,038_2022-02-02T07:02:00,absolute15,False,66.0,43.028437733933615,22.0,22.0,42.0,12.464506231111471
Libre GL,38,038_2022-02-03T07:17:00,absolute15,False,24.0,44.45482164688115,22.0,30.82050510409416,10.5,22.335021928972473
Libre GL,38,038_2022-01-31T07:03:00,nested_selected,False,66.0,61.61873015873016,22.0,29.318210317460327,10.5,22.800071428571428
Libre GL,38,038_2022-02-01T07:18:00,nested_selected,False,66.0,54.9179603174603,66.0,27.21371825396825,10.5,21.665349206349205
Libre GL,38,038_2022-02-02T07:02:00,nested_selected,False,66.0,51.75884523809525,22.0,29.400587301587283,42.0,18.534206349206343
Libre GL,38,038_2022-02-03T07:17:00,nested_selected,False,24.0,48.72369841269838,22.0,25.530936507936502,10.5,19.92080753968254
Libre GL,41,041_2022-05-02T08:19:00,ridge,False,66.0,59.06083816925144,22.0,35.87562765186919,10.5,22.062327008122253
Libre GL,41,041_2022-05-03T07:44:00,ridge,False,66.0,52.30353499644957,66.0,34.680249106486144,10.5,20.92043806873797
Libre GL,41,041_2022-05-04T07:58:00,ridge,False,66.0,60.828221149895086,22.0,37.012470939070134,42.0,22.604958197048752
Libre GL,41,041_2022-05-05T07:59:00,ridge,False,24.0,46.255940186056456,22.0,34.22597011888558,10.5,18.17908233719869
Libre GL,41,041_2022-05-02T08:19:00,tree1,False,66.0,60.04,22.0,41.99,10.5,20.095
Libre GL,41,041_2022-05-03T07:44:00,tree1,False,66.0,52.05,66.0,38.51,10.5,18.5
Libre GL,41,041_2022-05-04T07:58:00,tree1,False,66.0,72.48,22.0,45.61,42.0,26.995
Libre GL,41,041_2022-05-05T07:59:00,tree1,False,24.0,32.41,22.0,20.16,10.5,13.145
Libre GL,41,041_2022-05-02T08:19:00,tree5,False,66.0,62.060936507936496,22.0,38.59946825396827,10.5,23.282265873015874
Libre GL,41,041_2022-05-03T07:44:00,tree5,False,66.0,50.49559523809521,66.0,35.38695238095237,10.5,19.392371031746038
Libre GL,41,041_2022-05-04T07:58:00,tree5,False,66.0,71.6577777777778,22.0,49.76661507936508,42.0,27.445793650793643
Libre GL,41,041_2022-05-05T07:59:00,tree5,False,24.0,36.76182142857142,22.0,26.18403571428571,10.5,14.575013888888884
Libre GL,41,041_2022-05-02T08:19:00,absolute7,False,66.0,65.92629114149169,22.0,22.0,10.5,16.882295009490818
Libre GL,41,041_2022-05-03T07:44:00,absolute7,False,66.0,59.88987398462051,66.0,22.0,10.5,13.728611283505472
Libre GL,41,041_2022-05-04T07:58:00,absolute7,False,66.0,69.348059671955,22.0,22.0,42.0,25.805997004750818
Libre GL,41,041_2022-05-05T07:59:00,absolute7,False,24.0,25.635315326560885,22.0,24.823531982949206,10.5,15.054729233625071
Libre GL,41,041_2022-05-02T08:19:00,absolute15,False,66.0,64.38638868574348,22.0,38.809128723444736,10.5,24.396282235685767
Libre GL,41,041_2022-05-03T07:44:00,absolute15,False,66.0,48.89116137440979,66.0,33.5032897862203,10.5,19.852161497479564
Libre GL,41,041_2022-05-04T07:58:00,absolute15,False,66.0,73.4732993681513,22.0,45.824683079021995,42.0,30.681713118573285
Libre GL,41,041_2022-05-05T07:59:00,absolute15,False,24.0,34.53728705431881,22.0,19.01661011499995,10.5,16.03210649349769
Libre GL,41,041_2022-05-02T08:19:00,nested_selected,False,66.0,64.38638868574348,22.0,38.809128723444736,10.5,24.396282235685767
Libre GL,41,041_2022-05-03T07:44:00,nested_selected,False,66.0,48.89116137440979,66.0,33.5032897862203,10.5,19.852161497479564
Libre GL,41,041_2022-05-04T07:58:00,nested_selected,False,66.0,73.4732993681513,22.0,45.824683079021995,42.0,30.681713118573285
Libre GL,41,041_2022-05-05T07:59:00,nested_selected,False,24.0,34.53728705431881,22.0,19.01661011499995,10.5,16.03210649349769
Libre GL,42,042_2025-07-31T08:40:00,ridge,False,66.0,78.86710347549293,22.0,53.06538844467315,10.5,32.27909199902575
Libre GL,42,042_2025-08-01T07:50:00,ridge,False,66.0,74.592534084839,66.0,44.107328295747195,10.5,26.533181128884806
Libre GL,42,042_2025-08-02T08:15:00,ridge,False,66.0,79.32438912839453,22.0,45.01822940698847,42.0,31.381353248977945
Libre GL,42,042_2025-08-03T10:28:00,ridge,False,24.0,72.0073417808931,22.0,43.75357265420374,10.5,28.7297720151665
Libre GL,42,042_2025-07-31T08:40:00,tree1,False,66.0,66.64,22.0,41.46,10.5,25.52
Libre GL,42,042_2025-08-01T07:50:00,tree1,False,66.0,63.38,66.0,40.1,10.5,23.525
Libre GL,42,042_2025-08-02T08:15:00,tree1,False,66.0,73.39,22.0,42.31,42.0,32.385
Libre GL,42,042_2025-08-03T10:28:00,tree1,False,24.0,74.64,22.0,41.02,10.5,29.65
Libre GL,42,042_2025-07-31T08:40:00,tree5,False,66.0,60.40382936507938,22.0,41.01270634920635,10.5,24.009438492063495
Libre GL,42,042_2025-08-01T07:50:00,tree5,False,66.0,60.922920634920644,66.0,34.41426190476191,10.5,22.211833333333335
Libre GL,42,042_2025-08-02T08:15:00,tree5,False,66.0,68.5257658730159,22.0,38.895615079365086,42.0,28.256083333333333
Libre GL,42,042_2025-08-03T10:28:00,tree5,False,24.0,67.99905555555557,22.0,41.100059523809534,10.5,28.37513095238096
Libre GL,42,042_2025-07-31T08:40:00,absolute7,False,66.0,56.257069818615605,22.0,39.50820302526597,10.5,22.640942057118327
Libre GL,42,042_2025-08-01T07:50:00,absolute7,False,66.0,51.0995858206126,66.0,28.37120151084922,10.5,16.615034910751643
Libre GL,42,042_2025-08-02T08:15:00,absolute7,False,66.0,66.9250396603488,22.0,22.0,42.0,26.203762309148424
Libre GL,42,042_2025-08-03T10:28:00,absolute7,False,24.0,67.33960091695606,22.0,22.0,10.5,21.088059695839483
Libre GL,42,042_2025-07-31T08:40:00,absolute15,False,66.0,54.68351948050314,22.0,42.50726015085283,10.5,22.49012747147439
Libre GL,42,042_2025-08-01T07:50:00,absolute15,False,66.0,65.15538259767625,66.0,23.26571339938143,10.5,18.411686942345206
Libre GL,42,042_2025-08-02T08:15:00,absolute15,False,66.0,65.01877531102973,22.0,23.012458262485215,42.0,29.22898721254292
Libre GL,42,042_2025-08-03T10:28:00,absolute15,False,24.0,64.18405355270119,22.0,22.0,10.5,25.96287389501803
Libre GL,42,042_2025-07-31T08:40:00,nested_selected,False,66.0,60.40382936507938,22.0,41.01270634920635,10.5,24.009438492063495
Libre GL,42,042_2025-08-01T07:50:00,nested_selected,False,66.0,60.922920634920644,66.0,34.41426190476191,10.5,22.211833333333335
Libre GL,42,042_2025-08-02T08:15:00,nested_selected,False,66.0,68.5257658730159,22.0,38.895615079365086,42.0,28.256083333333333
Libre GL,42,042_2025-08-03T10:28:00,nested_selected,False,24.0,67.99905555555557,22.0,41.100059523809534,10.5,28.37513095238096
Libre GL,43,043_2025-10-20T08:00:00,ridge,False,66.0,60.857402106905866,22.0,29.69448296707437,10.5,20.4661382671247
Libre GL,43,043_2025-10-21T07:51:00,ridge,False,66.0,55.8837815792153,66.0,33.78125676043437,10.5,19.65410438972054
Libre GL,43,043_2025-10-22T08:03:00,ridge,False,66.0,62.504540129654714,22.0,41.18505134750472,42.0,22.574267400980926
Libre GL,43,043_2025-10-23T08:08:00,ridge,False,24.0,53.695766612550536,22.0,34.544314832747716,10.5,20.993754095245173
Libre GL,43,043_2025-10-20T08:00:00,tree1,False,66.0,57.84,22.0,29.78,10.5,17.27
Libre GL,43,043_2025-10-21T07:51:00,tree1,False,66.0,53.44,66.0,32.18,10.5,20.87
Libre GL,43,043_2025-10-22T08:03:00,tree1,False,66.0,62.0,22.0,40.52,42.0,24.59
Libre GL,43,043_2025-10-23T08:08:00,tree1,False,24.0,46.05,22.0,24.08,10.5,17.75
Libre GL,43,043_2025-10-20T08:00:00,tree5,False,66.0,58.06932142857143,22.0,30.47200793650794,10.5,19.458394841269847
Libre GL,43,043_2025-10-21T07:51:00,tree5,False,66.0,57.604722222222236,66.0,35.76707539682538,10.5,20.511043650793646
Libre GL,43,043_2025-10-22T08:03:00,tree5,False,66.0,58.41103968253967,22.0,38.688150793650784,42.0,22.202448412698416
Libre GL,43,043_2025-10-23T08:08:00,tree5,False,24.0,45.50948809523809,22.0,27.14819444444445,10.5,17.71486111111111
Libre GL,43,043_2025-10-20T08:00:00,absolute7,False,66.0,65.84826072553706,22.0,22.0,10.5,14.204883790321936
Libre GL,43,043_2025-10-21T07:51:00,absolute7,False,66.0,44.10565988368397,66.0,47.17911584258153,10.5,19.73045519147836
Libre GL,43,043_2025-10-22T08:03:00,absolute7,False,66.0,49.036456315583784,22.0,57.73894877356285,42.0,20.041711491147705
Libre GL,43,043_2025-10-23T08:08:00,absolute7,False,24.0,42.251584234139195,22.0,27.514481984987583,10.5,16.486305933095235
Libre GL,43,043_2025-10-20T08:00:00,absolute15,False,66.0,66.67866274023048,22.0,25.89714357649055,10.5,15.453506960405964
Libre GL,43,043_2025-10-21T07:51:00,absolute15,False,66.0,58.12887712881614,66.0,33.31168621963451,10.5,15.305740658361975
Libre GL,43,043_2025-10-22T08:03:00,absolute15,False,66.0,49.59190649780531,22.0,46.69301695135832,42.0,18.86274919157802
Libre GL,43,043_2025-10-23T08:08:00,absolute15,False,24.0,51.02986757859398,22.0,35.262000761387156,10.5,13.076832173825885
Libre GL,43,043_2025-10-20T08:00:00,nested_selected,False,66.0,58.06932142857143,22.0,30.47200793650794,10.5,19.458394841269847
Libre GL,43,043_2025-10-21T07:51:00,nested_selected,False,66.0,57.604722222222236,66.0,35.76707539682538,10.5,20.511043650793646
Libre GL,43,043_2025-10-22T08:03:00,nested_selected,False,66.0,58.41103968253967,22.0,38.688150793650784,42.0,22.202448412698416
Libre GL,43,043_2025-10-23T08:08:00,nested_selected,False,24.0,45.50948809523809,22.0,27.14819444444445,10.5,17.71486111111111
Libre GL,44,044_2022-10-23T06:24:00,ridge,False,66.0,80.69666857230527,22.0,43.73454979700967,10.5,32.41558938240063
Libre GL,44,044_2022-10-24T07:49:00,ridge,False,66.0,72.22297892048496,66.0,37.762694046718586,10.5,32.03792585907877
Libre GL,44,044_2022-10-25T07:45:00,ridge,False,66.0,56.785858730805685,22.0,30.24939917996845,42.0,23.097943704353195
Libre GL,44,044_2022-10-26T07:45:00,ridge,False,24.0,61.54435793954158,22.0,35.10009560849475,10.5,30.01866234973835
Libre GL,44,044_2022-10-23T06:24:00,tree1,False,66.0,69.57,22.0,40.51,10.5,26.23
Libre GL,44,044_2022-10-24T07:49:00,tree1,False,66.0,63.77,66.0,37.98,10.5,25.915
Libre GL,44,044_2022-10-25T07:45:00,tree1,False,66.0,57.63,22.0,28.74,42.0,21.32
Libre GL,44,044_2022-10-26T07:45:00,tree1,False,24.0,64.16,22.0,41.63,10.5,25.98
Libre GL,44,044_2022-10-23T06:24:00,tree5,False,66.0,70.82704365079366,22.0,36.07758333333333,10.5,27.68714285714287
Libre GL,44,044_2022-10-24T07:49:00,tree5,False,66.0,68.0388015873016,66.0,36.22098412698413,10.5,28.012750000000004
Libre GL,44,044_2022-10-25T07:45:00,tree5,False,66.0,54.99238095238095,22.0,27.8625,42.0,20.46574404761904
Libre GL,44,044_2022-10-26T07:45:00,tree5,False,24.0,62.25188095238096,22.0,41.98559920634921,10.5,23.886585317460327
Libre GL,44,044_2022-10-23T06:24:00,absolute7,False,66.0,70.44911376811315,22.0,24.88106253569064,10.5,32.464614006284
Libre GL,44,044_2022-10-24T07:49:00,absolute7,False,66.0,66.78434311203101,66.0,18.824387614721623,10.5,38.60505921497744
Libre GL,44,044_2022-10-25T07:45:00,absolute7,False,66.0,61.972299324323664,22.0,21.620115381806635,42.0,23.313632203259225
Libre GL,44,044_2022-10-26T07:45:00,absolute7,False,24.0,65.21927065948407,22.0,27.442078044353075,10.5,33.50251141025681
Libre GL,44,044_2022-10-23T06:24:00,absolute15,False,66.0,67.40270386711438,22.0,27.121599599808746,10.5,26.79370508393511
Libre GL,44,044_2022-10-24T07:49:00,absolute15,False,66.0,64.52942059361693,66.0,23.035687795507783,10.5,33.080416586419894
Libre GL,44,044_2022-10-25T07:45:00,absolute15,False,66.0,62.95939309741181,22.0,21.8,42.0,22.201150680236434
Libre GL,44,044_2022-10-26T07:45:00,absolute15,False,24.0,63.33721832023455,22.0,27.822038326171626,10.5,24.916788990170964
Libre GL,44,044_2022-10-23T06:24:00,nested_selected,False,66.0,70.82704365079366,22.0,36.07758333333333,10.5,27.68714285714287
Libre GL,44,044_2022-10-24T07:49:00,nested_selected,False,66.0,68.0388015873016,66.0,36.22098412698413,10.5,28.012750000000004
Libre GL,44,044_2022-10-25T07:45:00,nested_selected,False,66.0,54.99238095238095,22.0,27.8625,42.0,20.46574404761904
Libre GL,44,044_2022-10-26T07:45:00,nested_selected,False,24.0,62.25188095238096,22.0,41.98559920634921,10.5,23.886585317460327
Libre GL,45,045_2025-03-31T08:56:00,ridge,False,66.0,48.480698583414316,22.0,33.23737959170393,10.5,18.418942470185044
Libre GL,45,045_2025-04-01T09:05:00,ridge,False,66.0,71.64930236491318,66.0,32.65632158930713,10.5,26.220725682458376
Libre GL,45,045_2025-04-02T09:40:00,ridge,False,66.0,56.0304217735627,22.0,27.84586315141864,42.0,20.10372600815615
Libre GL,45,045_2025-04-03T08:46:00,ridge,False,24.0,48.86087248095464,22.0,34.76677248709207,10.5,18.99083871675181
Libre GL,45,045_2025-03-31T08:56:00,tree1,False,66.0,52.3,22.0,28.93,10.5,17.815
Libre GL,45,045_2025-04-01T09:05:00,tree1,False,66.0,69.55,66.0,32.57,10.5,29.635
Libre GL,45,045_2025-04-02T09:40:00,tree1,False,66.0,61.57,22.0,37.14,42.0,20.895
Libre GL,45,045_2025-04-03T08:46:00,tree1,False,24.0,36.45,22.0,24.82,10.5,14.38
Libre GL,45,045_2025-03-31T08:56:00,tree5,False,66.0,53.22075793650795,22.0,30.071039682539695,10.5,19.188944444444452
Libre GL,45,045_2025-04-01T09:05:00,tree5,False,66.0,70.69101587301587,66.0,34.017440476190465,10.5,27.18984325396824
Libre GL,45,045_2025-04-02T09:40:00,tree5,False,66.0,64.24325,22.0,29.192849206349198,42.0,23.58893253968254
Libre GL,45,045_2025-04-03T08:46:00,tree5,False,24.0,42.26955158730159,22.0,27.336662698412695,10.5,16.57530555555556
Libre GL,45,045_2025-03-31T08:56:00,absolute7,False,66.0,64.59231786086148,22.0,22.0,10.5,18.473813188116452
Libre GL,45,045_2025-04-01T09:05:00,absolute7,False,66.0,75.62742470891772,66.0,22.0,10.5,27.45951882504731
Libre GL,45,045_2025-04-02T09:40:00,absolute7,False,66.0,63.722808736797624,22.0,22.0,42.0,12.28906490816836
Libre GL,45,045_2025-04-03T08:46:00,absolute7,False,24.0,34.69670403575966,22.0,22.0,10.5,18.440747355260452
Libre GL,45,045_2025-03-31T08:56:00,absolute15,False,66.0,56.50357389006501,22.0,28.826757333751058,10.5,22.219692039657655
Libre GL,45,045_2025-04-01T09:05:00,absolute15,False,66.0,71.55383915676167,66.0,24.617751602920805,10.5,31.5725628875816
Libre GL,45,045_2025-04-02T09:40:00,absolute15,False,66.0,64.15836995415066,22.0,24.27857070934694,42.0,23.08547021123115
Libre GL,45,045_2025-04-03T08:46:00,absolute15,False,24.0,37.871364433761066,22.0,26.773050996214245,10.5,15.752039984725219
Libre GL,45,045_2025-03-31T08:56:00,nested_selected,False,66.0,53.22075793650795,22.0,30.071039682539695,10.5,19.188944444444452
Libre GL,45,045_2025-04-01T09:05:00,nested_selected,False,66.0,70.69101587301587,66.0,34.017440476190465,10.5,27.18984325396824
Libre GL,45,045_2025-04-02T09:40:00,nested_selected,False,66.0,64.24325,22.0,29.192849206349198,42.0,23.58893253968254
Libre GL,45,045_2025-04-03T08:46:00,nested_selected,False,24.0,42.26955158730159,22.0,27.336662698412695,10.5,16.57530555555556
Libre GL,49,049_2025-05-17T07:11:00,ridge,False,66.0,49.05660152176308,22.0,21.96927948173331,10.5,18.38574589714216
Libre GL,49,049_2025-05-18T08:59:00,ridge,False,66.0,55.192038123799776,66.0,23.398055778919783,10.5,18.359870090426764
Libre GL,49,049_2025-05-19T07:06:00,ridge,False,66.0,64.61281854377533,22.0,27.822911900619005,42.0,22.28372057360779
Libre GL,49,049_2025-05-20T07:06:00,ridge,False,24.0,49.45007364141486,22.0,24.209583185165982,10.5,19.050478650659652
Libre GL,49,049_2025-05-17T07:11:00,tree1,False,66.0,37.2,22.0,22.28,10.5,11.7
Libre GL,49,049_2025-05-18T08:59:00,tree1,False,66.0,62.72,66.0,24.65,10.5,18.785
Libre GL,49,049_2025-05-19T07:06:00,tree1,False,66.0,64.06,22.0,32.03,42.0,21.17
Libre GL,49,049_2025-05-20T07:06:00,tree1,False,24.0,37.7,22.0,26.43,10.5,14.05
Libre GL,49,049_2025-05-17T07:11:00,tree5,False,66.0,43.07146031746032,22.0,25.400769841269835,10.5,16.185317460317467
Libre GL,49,049_2025-05-18T08:59:00,tree5,False,66.0,58.13305952380955,66.0,28.028115079365076,10.5,19.103988095238098
Libre GL,49,049_2025-05-19T07:06:00,tree5,False,66.0,65.15121825396827,22.0,33.62570238095237,42.0,22.827976190476193
Libre GL,49,049_2025-05-20T07:06:00,tree5,False,24.0,40.322888888888876,22.0,25.525321428571417,10.5,14.669319444444447
Libre GL,49,049_2025-05-17T07:11:00,absolute7,False,66.0,55.86791245250561,22.0,22.0,10.5,9.645190005497147
Libre GL,49,049_2025-05-18T08:59:00,absolute7,False,66.0,62.500058371646,66.0,22.0,10.5,13.668399850262071
Libre GL,49,049_2025-05-19T07:06:00,absolute7,False,66.0,66.11420564580064,22.0,22.0,42.0,17.522176213093154
Libre GL,49,049_2025-05-20T07:06:00,absolute7,False,24.0,37.67552983392671,22.0,22.0,10.5,10.916994623078844
Libre GL,49,049_2025-05-17T07:11:00,absolute15,False,66.0,41.70828337730188,22.0,21.173910161378725,10.5,6.216285628199607
Libre GL,49,049_2025-05-18T08:59:00,absolute15,False,66.0,52.52711372549569,66.0,28.654756955752955,10.5,21.36646779682865
Libre GL,49,049_2025-05-19T07:06:00,absolute15,False,66.0,70.97207899446994,22.0,30.637435745313404,42.0,22.27331173829526
Libre GL,49,049_2025-05-20T07:06:00,absolute15,False,24.0,28.860221606760632,22.0,30.675783669218976,10.5,10.179822164242736
Libre GL,49,049_2025-05-17T07:11:00,nested_selected,False,66.0,43.07146031746032,22.0,25.400769841269835,10.5,16.185317460317467
Libre GL,49,049_2025-05-18T08:59:00,nested_selected,False,66.0,58.13305952380955,66.0,28.028115079365076,10.5,19.103988095238098
Libre GL,49,049_2025-05-19T07:06:00,nested_selected,False,66.0,65.15121825396827,22.0,33.62570238095237,42.0,22.827976190476193
Libre GL,49,049_2025-05-20T07:06:00,nested_selected,False,24.0,40.322888888888876,22.0,25.525321428571417,10.5,14.669319444444447
Dexcom GL,2,002_2019-11-21T09:55:00,ridge,False,66.0,72.89657481820159,22.0,34.351702407141936,10.5,24.24323742914568
Dexcom GL,2,002_2019-11-22T08:48:00,ridge,False,66.0,53.754301051240844,66.0,37.59427579358211,10.5,20.140313336210326
Dexcom GL,2,002_2019-11-23T09:59:00,ridge,False,66.0,67.11580736359068,22.0,34.42127859885178,42.0,20.188403220390462
Dexcom GL,2,002_2019-11-24T08:09:00,ridge,False,24.0,61.13980320262274,22.0,45.09187711227645,10.5,21.041593592405018
Dexcom GL,2,002_2019-11-21T09:55:00,tree1,False,66.0,72.91,22.0,29.85,10.5,20.915
Dexcom GL,2,002_2019-11-22T08:48:00,tree1,False,66.0,47.72,66.0,33.86,10.5,17.89
Dexcom GL,2,002_2019-11-23T09:59:00,tree1,False,66.0,60.4,22.0,33.8,42.0,22.345
Dexcom GL,2,002_2019-11-24T08:09:00,tree1,False,24.0,57.29,22.0,38.45,10.5,19.76
Dexcom GL,2,002_2019-11-21T09:55:00,tree5,False,66.0,68.85053174603173,22.0,29.668063492063492,10.5,21.878841269841264
Dexcom GL,2,002_2019-11-22T08:48:00,tree5,False,66.0,51.90021031746034,66.0,36.93912301587301,10.5,19.910384920634918
Dexcom GL,2,002_2019-11-23T09:59:00,tree5,False,66.0,61.061361111111125,22.0,35.47473809523811,42.0,19.816071428571423
Dexcom GL,2,002_2019-11-24T08:09:00,tree5,False,24.0,57.4300753968254,22.0,39.097226190476185,10.5,20.742194444444443
Dexcom GL,2,002_2019-11-21T09:55:00,absolute7,False,66.0,71.5722848913318,22.0,22.0,10.5,19.885853920757246
Dexcom GL,2,002_2019-11-22T08:48:00,absolute7,False,66.0,39.09523001282357,66.0,22.0,10.5,14.846062979996827
Dexcom GL,2,002_2019-11-23T09:59:00,absolute7,False,66.0,52.45983905873203,22.0,22.0,42.0,19.377606686482697
Dexcom GL,2,002_2019-11-24T08:09:00,absolute7,False,24.0,71.03736280807192,22.0,22.0,10.5,19.606679455969715
Dexcom GL,2,002_2019-11-21T09:55:00,absolute15,False,66.0,71.46198252765967,22.0,19.07805278168974,10.5,22.683939865900975
Dexcom GL,2,002_2019-11-22T08:48:00,absolute15,False,66.0,35.9925086783519,66.0,27.95190228393876,10.5,14.940278032425088
Dexcom GL,2,002_2019-11-23T09:59:00,absolute15,False,66.0,65.40676276691008,22.0,25.626156561714353,42.0,16.061895326736213
Dexcom GL,2,002_2019-11-24T08:09:00,absolute15,False,24.0,64.55368161727469,22.0,35.6092922484779,10.5,22.311406192237964
Dexcom GL,2,002_2019-11-21T09:55:00,nested_selected,False,66.0,71.5722848913318,22.0,22.0,10.5,19.885853920757246
Dexcom GL,2,002_2019-11-22T08:48:00,nested_selected,False,66.0,39.09523001282357,66.0,22.0,10.5,14.846062979996827
Dexcom GL,2,002_2019-11-23T09:59:00,nested_selected,False,66.0,52.45983905873203,22.0,22.0,42.0,19.377606686482697
Dexcom GL,2,002_2019-11-24T08:09:00,nested_selected,False,24.0,71.03736280807192,22.0,22.0,10.5,19.606679455969715
Dexcom GL,4,004_2023-09-17T08:49:00,ridge,False,66.0,66.80902714604989,22.0,41.160202552625485,10.5,24.94330860478862
Dexcom GL,4,004_2023-09-18T08:57:00,ridge,False,66.0,60.71603582017597,66.0,41.20527382049261,10.5,24.694603662723054
Dexcom GL,4,004_2023-09-19T09:33:00,ridge,False,66.0,68.14989728245024,22.0,35.9174650729354,42.0,26.11381239023937
Dexcom GL,4,004_2023-09-20T09:30:00,ridge,False,24.0,49.68024925251068,22.0,38.08487901305325,10.5,20.529697520036628
Dexcom GL,4,004_2023-09-17T08:49:00,tree1,False,66.0,64.35,22.0,29.44,10.5,25.81
Dexcom GL,4,004_2023-09-18T08:57:00,tree1,False,66.0,64.85,66.0,48.48,10.5,25.48
Dexcom GL,4,004_2023-09-19T09:33:00,tree1,False,66.0,63.71,22.0,41.81,42.0,24.725
Dexcom GL,4,004_2023-09-20T09:30:00,tree1,False,24.0,38.61,22.0,27.21,10.5,16.395
Dexcom GL,4,004_2023-09-17T08:49:00,tree5,False,66.0,68.19250396825397,22.0,34.01919444444444,10.5,23.428821428571425
Dexcom GL,4,004_2023-09-18T08:57:00,tree5,False,66.0,67.4530119047619,66.0,49.16546031746032,10.5,24.881442460317462
Dexcom GL,4,004_2023-09-19T09:33:00,tree5,False,66.0,61.82784920634922,22.0,39.590662698412686,42.0,23.048658730158735
Dexcom GL,4,004_2023-09-20T09:30:00,tree5,False,24.0,39.299420634920644,22.0,29.930408730158724,10.5,15.748553571428575
Dexcom GL,4,004_2023-09-17T08:49:00,absolute7,False,66.0,72.10674811767915,22.0,22.0,10.5,17.809762298287787
Dexcom GL,4,004_2023-09-18T08:57:00,absolute7,False,66.0,65.19344384622156,66.0,22.0,10.5,19.073315187790044
Dexcom GL,4,004_2023-09-19T09:33:00,absolute7,False,66.0,47.67112536889374,22.0,22.0,42.0,17.215073543835267
Dexcom GL,4,004_2023-09-20T09:30:00,absolute7,False,24.0,29.670068281440784,22.0,22.0,10.5,9.946785589306943
Dexcom GL,4,004_2023-09-17T08:49:00,absolute15,False,66.0,69.61940050496622,22.0,22.0,10.5,23.712284383088445
Dexcom GL,4,004_2023-09-18T08:57:00,absolute15,False,66.0,67.35048360410079,66.0,22.0,10.5,27.442827102310186
Dexcom GL,4,004_2023-09-19T09:33:00,absolute15,False,66.0,45.88042681882107,22.0,22.0,42.0,22.670611549464954
Dexcom GL,4,004_2023-09-20T09:30:00,absolute15,False,24.0,30.144780639816553,22.0,22.0,10.5,9.127116341750211
Dexcom GL,4,004_2023-09-17T08:49:00,nested_selected,False,66.0,72.10674811767915,22.0,22.0,10.5,17.809762298287787
Dexcom GL,4,004_2023-09-18T08:57:00,nested_selected,False,66.0,65.19344384622156,66.0,22.0,10.5,19.073315187790044
Dexcom GL,4,004_2023-09-19T09:33:00,nested_selected,False,66.0,47.67112536889374,22.0,22.0,42.0,17.215073543835267
Dexcom GL,4,004_2023-09-20T09:30:00,nested_selected,False,24.0,29.670068281440784,22.0,22.0,10.5,9.946785589306943
Dexcom GL,5,005_2020-08-23T10:48:00,ridge,False,66.0,78.03730096753473,22.0,49.69066737483194,10.5,26.664848669324215
Dexcom GL,5,005_2020-08-24T08:04:00,ridge,False,66.0,70.08166461446115,66.0,40.44840013836559,10.5,23.999730214453297
Dexcom GL,5,005_2020-08-25T08:13:00,ridge,False,66.0,88.40444429066149,22.0,53.21801528856359,42.0,29.125743086559925
Dexcom GL,5,005_2020-08-26T08:19:00,ridge,False,24.0,70.60950044476829,22.0,37.04533763446802,10.5,23.695712117267938
Dexcom GL,5,005_2020-08-23T10:48:00,tree1,False,66.0,70.05,22.0,38.46,10.5,23.06
Dexcom GL,5,005_2020-08-24T08:04:00,tree1,False,66.0,68.69,66.0,39.5,10.5,24.14
Dexcom GL,5,005_2020-08-25T08:13:00,tree1,False,66.0,79.34,22.0,41.34,42.0,24.035
Dexcom GL,5,005_2020-08-26T08:19:00,tree1,False,24.0,68.74,22.0,34.0,10.5,24.085
Dexcom GL,5,005_2020-08-23T10:48:00,tree5,False,66.0,73.22515476190478,22.0,45.53511507936508,10.5,25.942999999999987
Dexcom GL,5,005_2020-08-24T08:04:00,tree5,False,66.0,64.5904523809524,66.0,38.39514682539682,10.5,22.807196428571437
Dexcom GL,5,005_2020-08-25T08:13:00,tree5,False,66.0,82.75510714285713,22.0,45.92153968253968,42.0,28.952559523809523
Dexcom GL,5,005_2020-08-26T08:19:00,tree5,False,24.0,65.53926984126984,22.0,37.418234126984146,10.5,24.33788293650793
Dexcom GL,5,005_2020-08-23T10:48:00,absolute7,False,66.0,84.18975256993926,22.0,61.73416029497826,10.5,24.607080417585625
Dexcom GL,5,005_2020-08-24T08:04:00,absolute7,False,66.0,63.59227416489981,66.0,36.87859369102905,10.5,21.929705317953225
Dexcom GL,5,005_2020-08-25T08:13:00,absolute7,False,66.0,86.89026331989234,22.0,30.833455278612494,42.0,16.5769232337447
Dexcom GL,5,005_2020-08-26T08:19:00,absolute7,False,24.0,60.85347346941216,22.0,26.188019886416843,10.5,20.428020161165502
Dexcom GL,5,005_2020-08-23T10:48:00,absolute15,False,66.0,75.12978726549262,22.0,60.8054654582089,10.5,23.685450500175378
Dexcom GL,5,005_2020-08-24T08:04:00,absolute15,False,66.0,63.21690283567322,66.0,43.60898424013142,10.5,19.377580625103363
Dexcom GL,5,005_2020-08-25T08:13:00,absolute15,False,66.0,82.29531573086416,22.0,38.32090838503551,42.0,24.14627764074998
Dexcom GL,5,005_2020-08-26T08:19:00,absolute15,False,24.0,60.11562333611082,22.0,32.37430163541918,10.5,14.831386714600963
Dexcom GL,5,005_2020-08-23T10:48:00,nested_selected,False,66.0,84.18975256993926,22.0,61.73416029497826,10.5,24.607080417585625
Dexcom GL,5,005_2020-08-24T08:04:00,nested_selected,False,66.0,63.59227416489981,66.0,36.87859369102905,10.5,21.929705317953225
Dexcom GL,5,005_2020-08-25T08:13:00,nested_selected,False,66.0,86.89026331989234,22.0,30.833455278612494,42.0,16.5769232337447
Dexcom GL,5,005_2020-08-26T08:19:00,nested_selected,False,24.0,60.85347346941216,22.0,26.188019886416843,10.5,20.428020161165502
Dexcom GL,6,006_2023-04-13T10:05:00,ridge,False,66.0,55.273772463680885,22.0,33.1198488355473,10.5,16.92282898122069
Dexcom GL,6,006_2023-04-14T09:08:00,ridge,False,66.0,59.913942461692685,66.0,41.53652062745069,10.5,17.066600808294176
Dexcom GL,6,006_2023-04-15T08:45:00,ridge,False,66.0,62.687786955524935,22.0,40.18153313988319,42.0,16.292827827101284
Dexcom GL,6,006_2023-04-16T07:16:00,ridge,False,24.0,45.53974519147899,22.0,32.73845126880747,10.5,13.97059812920256
Dexcom GL,6,006_2023-04-13T10:05:00,tree1,False,66.0,67.04,22.0,42.39,10.5,24.345
Dexcom GL,6,006_2023-04-14T09:08:00,tree1,False,66.0,57.55,66.0,48.21,10.5,22.32
Dexcom GL,6,006_2023-04-15T08:45:00,tree1,False,66.0,63.07,22.0,39.4,42.0,24.985
Dexcom GL,6,006_2023-04-16T07:16:00,tree1,False,24.0,44.32,22.0,30.36,10.5,14.355
Dexcom GL,6,006_2023-04-13T10:05:00,tree5,False,66.0,67.84876984126986,22.0,41.658230158730156,10.5,23.13835317460317
Dexcom GL,6,006_2023-04-14T09:08:00,tree5,False,66.0,66.98942857142855,66.0,53.288015873015866,10.5,25.06797023809523
Dexcom GL,6,006_2023-04-15T08:45:00,tree5,False,66.0,68.69169444444445,22.0,42.54690873015873,42.0,23.61984523809523
Dexcom GL,6,006_2023-04-16T07:16:00,tree5,False,24.0,42.80186507936507,22.0,29.36029761904761,10.5,14.92473412698412
Dexcom GL,6,006_2023-04-13T10:05:00,absolute7,False,66.0,71.86830718632353,22.0,25.06759575082394,10.5,18.139467743256127
Dexcom GL,6,006_2023-04-14T09:08:00,absolute7,False,66.0,51.690385531991346,66.0,55.12148282461043,10.5,20.891597221249565
Dexcom GL,6,006_2023-04-15T08:45:00,absolute7,False,66.0,72.62845376085738,22.0,23.757774388130148,42.0,16.28909324344447
Dexcom GL,6,006_2023-04-16T07:16:00,absolute7,False,24.0,36.21048081231552,22.0,26.585995897349342,10.5,19.130332330556204
Dexcom GL,6,006_2023-04-13T10:05:00,absolute15,False,66.0,62.62551825613301,22.0,34.601780377376464,10.5,20.625761180954562
Dexcom GL,6,006_2023-04-14T09:08:00,absolute15,False,66.0,49.21473092688564,66.0,52.0783051995603,10.5,21.716234941368995
Dexcom GL,6,006_2023-04-15T08:45:00,absolute15,False,66.0,62.731353204479305,22.0,34.54186835754029,42.0,21.228824565760394
Dexcom GL,6,006_2023-04-16T07:16:00,absolute15,False,24.0,36.61632809552246,22.0,29.447859355030644,10.5,15.450610325906213
Dexcom GL,6,006_2023-04-13T10:05:00,nested_selected,False,66.0,71.86830718632353,22.0,25.06759575082394,10.5,18.139467743256127
Dexcom GL,6,006_2023-04-14T09:08:00,nested_selected,False,66.0,51.690385531991346,66.0,55.12148282461043,10.5,20.891597221249565
Dexcom GL,6,006_2023-04-15T08:45:00,nested_selected,False,66.0,72.62845376085738,22.0,23.757774388130148,42.0,16.28909324344447
Dexcom GL,6,006_2023-04-16T07:16:00,nested_selected,False,24.0,36.21048081231552,22.0,26.585995897349342,10.5,19.130332330556204
Dexcom GL,8,008_2023-02-05T09:57:00,ridge,False,66.0,61.02989749391059,22.0,30.87376475994095,10.5,18.944572206602007
Dexcom GL,8,008_2023-02-06T08:13:00,ridge,False,66.0,50.81730822294907,66.0,40.66136955220105,10.5,20.819458596448456
Dexcom GL,8,008_2023-02-07T08:07:00,ridge,False,66.0,61.8213709013035,22.0,35.79369982040946,42.0,21.23599314737965
Dexcom GL,8,008_2023-02-08T08:01:00,ridge,False,24.0,47.25641317951488,22.0,40.6739764347592,10.5,18.350228107226044
Dexcom GL,8,008_2023-02-05T09:57:00,tree1,False,66.0,61.48,22.0,28.6,10.5,20.135
Dexcom GL,8,008_2023-02-06T08:13:00,tree1,False,66.0,58.93,66.0,38.23,10.5,23.2
Dexcom GL,8,008_2023-02-07T08:07:00,tree1,False,66.0,54.12,22.0,32.41,42.0,19.515
Dexcom GL,8,008_2023-02-08T08:01:00,tree1,False,24.0,41.83,22.0,30.55,10.5,16.72
Dexcom GL,8,008_2023-02-05T09:57:00,tree5,False,66.0,63.0976746031746,22.0,32.84280158730159,10.5,19.86486904761905
Dexcom GL,8,008_2023-02-06T08:13:00,tree5,False,66.0,54.39702380952381,66.0,36.329456349206346,10.5,20.31413293650794
Dexcom GL,8,008_2023-02-07T08:07:00,tree5,False,66.0,58.222813492063494,22.0,35.89585714285715,42.0,18.874501984126983
Dexcom GL,8,008_2023-02-08T08:01:00,tree5,False,24.0,42.8492380952381,22.0,28.377138888888894,10.5,16.45284325396825
Dexcom GL,8,008_2023-02-05T09:57:00,absolute7,False,66.0,64.99162370684635,22.0,22.0,10.5,14.86281564954031
Dexcom GL,8,008_2023-02-06T08:13:00,absolute7,False,66.0,51.78365096716198,66.0,22.0,10.5,19.083724817861288
Dexcom GL,8,008_2023-02-07T08:07:00,absolute7,False,66.0,61.84488729891485,22.0,22.0,42.0,10.55963916827139
Dexcom GL,8,008_2023-02-08T08:01:00,absolute7,False,24.0,31.55212309860701,22.0,22.0,10.5,15.730482227503577
Dexcom GL,8,008_2023-02-05T09:57:00,absolute15,False,66.0,58.97730581890179,22.0,22.0,10.5,14.466864266882213
Dexcom GL,8,008_2023-02-06T08:13:00,absolute15,False,66.0,55.525013966640174,66.0,22.0,10.5,15.718771387674984
Dexcom GL,8,008_2023-02-07T08:07:00,absolute15,False,66.0,59.66610596249061,22.0,22.0,42.0,12.771733716757183
Dexcom GL,8,008_2023-02-08T08:01:00,absolute15,False,24.0,31.160186691364032,22.0,22.0,10.5,11.187270615022905
Dexcom GL,8,008_2023-02-05T09:57:00,nested_selected,False,66.0,64.99162370684635,22.0,22.0,10.5,14.86281564954031
Dexcom GL,8,008_2023-02-06T08:13:00,nested_selected,False,66.0,51.78365096716198,66.0,22.0,10.5,19.083724817861288
Dexcom GL,8,008_2023-02-07T08:07:00,nested_selected,False,66.0,61.84488729891485,22.0,22.0,42.0,10.55963916827139
Dexcom GL,8,008_2023-02-08T08:01:00,nested_selected,False,24.0,31.55212309860701,22.0,22.0,10.5,15.730482227503577
Dexcom GL,9,009_2020-09-21T08:39:00,ridge,False,66.0,62.00345952010292,22.0,37.19850424961564,10.5,19.717271846598734
Dexcom GL,9,009_2020-09-22T07:37:00,ridge,False,66.0,63.25123704115402,66.0,39.96145817523621,10.5,21.98290468229163
Dexcom GL,9,009_2020-09-23T07:29:00,ridge,False,66.0,60.851761139587786,22.0,38.43403178102097,42.0,20.622146787702164
Dexcom GL,9,009_2020-09-24T07:51:00,ridge,False,24.0,50.322541629805784,22.0,32.46033517080396,10.5,16.18802367419736
Dexcom GL,9,009_2020-09-21T08:39:00,tree1,False,66.0,69.25,22.0,44.68,10.5,22.96
Dexcom GL,9,009_2020-09-22T07:37:00,tree1,False,66.0,68.97,66.0,41.76,10.5,26.66
Dexcom GL,9,009_2020-09-23T07:29:00,tree1,False,66.0,67.91,22.0,35.94,42.0,22.67
Dexcom GL,9,009_2020-09-24T07:51:00,tree1,False,24.0,54.33,22.0,31.73,10.5,19.635
Dexcom GL,9,009_2020-09-21T08:39:00,tree5,False,66.0,68.28592857142857,22.0,45.6905,10.5,24.735823412698394
Dexcom GL,9,009_2020-09-22T07:37:00,tree5,False,66.0,70.35188492063493,66.0,47.072777777777794,10.5,25.05510912698412
Dexcom GL,9,009_2020-09-23T07:29:00,tree5,False,66.0,69.41925793650795,22.0,42.566261904761895,42.0,24.53718253968254
Dexcom GL,9,009_2020-09-24T07:51:00,tree5,False,24.0,48.93387698412698,22.0,30.58809126984127,10.5,16.865265873015872
Dexcom GL,9,009_2020-09-21T08:39:00,absolute7,False,66.0,76.60350891293848,22.0,44.08696839432531,10.5,16.451580819924686
Dexcom GL,9,009_2020-09-22T07:37:00,absolute7,False,66.0,69.9951304958488,66.0,25.4107049575939,10.5,19.439211253480906
Dexcom GL,9,009_2020-09-23T07:29:00,absolute7,False,66.0,74.14233752467698,22.0,21.745582583210705,42.0,21.86465232013886
Dexcom GL,9,009_2020-09-24T07:51:00,absolute7,False,24.0,50.61335506086731,22.0,15.725254307584214,10.5,12.744942824532737
Dexcom GL,9,009_2020-09-21T08:39:00,absolute15,False,66.0,72.21275713542181,22.0,35.070958909785716,10.5,22.062332805130378
Dexcom GL,9,009_2020-09-22T07:37:00,absolute15,False,66.0,76.66627657032723,66.0,19.77406035000186,10.5,24.99684458856842
Dexcom GL,9,009_2020-09-23T07:29:00,absolute15,False,66.0,76.6332413071573,22.0,18.365011333160215,42.0,26.052886071191498
Dexcom GL,9,009_2020-09-24T07:51:00,absolute15,False,24.0,50.13561050137234,22.0,15.124619707807254,10.5,15.053096401860564
Dexcom GL,9,009_2020-09-21T08:39:00,nested_selected,False,66.0,76.60350891293848,22.0,44.08696839432531,10.5,16.451580819924686
Dexcom GL,9,009_2020-09-22T07:37:00,nested_selected,False,66.0,69.9951304958488,66.0,25.4107049575939,10.5,19.439211253480906
Dexcom GL,9,009_2020-09-23T07:29:00,nested_selected,False,66.0,74.14233752467698,22.0,21.745582583210705,42.0,21.86465232013886
Dexcom GL,9,009_2020-09-24T07:51:00,nested_selected,False,24.0,50.61335506086731,22.0,15.725254307584214,10.5,12.744942824532737
Dexcom GL,10,010_2020-06-27T05:25:00,ridge,False,66.0,68.28582691094397,22.0,27.907505983194554,10.5,21.78396710910439
Dexcom GL,10,010_2020-06-28T05:16:00,ridge,False,66.0,61.788492549289664,66.0,33.33388380984655,10.5,22.018434309289574
Dexcom GL,10,010_2020-06-29T06:06:00,ridge,False,66.0,79.9039838315608,22.0,36.35543104475015,42.0,22.4437600369034
Dexcom GL,10,010_2020-06-30T07:27:00,ridge,False,24.0,55.621673124993386,22.0,39.40562317913851,10.5,19.354623057882844
Dexcom GL,10,010_2020-06-27T05:25:00,tree1,False,66.0,66.81,22.0,32.3,10.5,19.4
Dexcom GL,10,010_2020-06-28T05:16:00,tree1,False,66.0,63.15,66.0,34.29,10.5,19.9
Dexcom GL,10,010_2020-06-29T06:06:00,tree1,False,66.0,75.22,22.0,38.05,42.0,23.32
Dexcom GL,10,010_2020-06-30T07:27:00,tree1,False,24.0,48.13,22.0,32.83,10.5,16.82
Dexcom GL,10,010_2020-06-27T05:25:00,tree5,False,66.0,62.85573015873017,22.0,35.40180158730159,10.5,21.11904365079365
Dexcom GL,10,010_2020-06-28T05:16:00,tree5,False,66.0,59.5471865079365,66.0,36.81228571428571,10.5,21.220946428571423
Dexcom GL,10,010_2020-06-29T06:06:00,tree5,False,66.0,78.85385317460316,22.0,40.08144444444444,42.0,24.81767261904762
Dexcom GL,10,010_2020-06-30T07:27:00,tree5,False,24.0,46.86244444444446,22.0,29.863869047619048,10.5,15.926565476190481
Dexcom GL,10,010_2020-06-27T05:25:00,absolute7,False,66.0,64.26052776211054,22.0,22.0,10.5,24.413855746155946
Dexcom GL,10,010_2020-06-28T05:16:00,absolute7,False,66.0,59.628135254856794,66.0,27.18197812662712,10.5,20.020656655407063
Dexcom GL,10,010_2020-06-29T06:06:00,absolute7,False,66.0,74.40340583717257,22.0,22.0,42.0,19.754869621794146
Dexcom GL,10,010_2020-06-30T07:27:00,absolute7,False,24.0,58.4610101312126,22.0,22.0,10.5,17.458173271980275
Dexcom GL,10,010_2020-06-27T05:25:00,absolute15,False,66.0,62.92982902993291,22.0,25.94314318530987,10.5,19.0909283541971
Dexcom GL,10,010_2020-06-28T05:16:00,absolute15,False,66.0,55.06979450749923,66.0,21.680202774893182,10.5,24.837017176415806
Dexcom GL,10,010_2020-06-29T06:06:00,absolute15,False,66.0,72.08892868863612,22.0,38.457426983246904,42.0,29.473333528734717
Dexcom GL,10,010_2020-06-30T07:27:00,absolute15,False,24.0,52.20988541424178,22.0,28.204582705168942,10.5,14.512310624268894
Dexcom GL,10,010_2020-06-27T05:25:00,nested_selected,False,66.0,64.26052776211054,22.0,22.0,10.5,24.413855746155946
Dexcom GL,10,010_2020-06-28T05:16:00,nested_selected,False,66.0,59.628135254856794,66.0,27.18197812662712,10.5,20.020656655407063
Dexcom GL,10,010_2020-06-29T06:06:00,nested_selected,False,66.0,74.40340583717257,22.0,22.0,42.0,19.754869621794146
Dexcom GL,10,010_2020-06-30T07:27:00,nested_selected,False,24.0,58.4610101312126,22.0,22.0,10.5,17.458173271980275
Dexcom GL,14,014_2023-05-15T07:29:00,ridge,False,66.0,70.83022426826913,22.0,28.012923381308312,10.5,25.48951455030275
Dexcom GL,14,014_2023-05-16T07:28:00,ridge,False,66.0,44.1864165990591,66.0,28.222656244491365,10.5,17.889370260940126
Dexcom GL,14,014_2023-05-17T08:34:00,ridge,False,66.0,66.23411796355478,22.0,36.881855706063085,42.0,22.579126547104497
Dexcom GL,14,014_2023-05-18T08:15:00,ridge,False,24.0,56.440961336758896,22.0,34.69505940095427,10.5,21.446031426491835
Dexcom GL,14,014_2023-05-15T07:29:00,tree1,False,66.0,68.15,22.0,32.72,10.5,27.13
Dexcom GL,14,014_2023-05-16T07:28:00,tree1,False,66.0,40.24,66.0,27.18,10.5,15.44
Dexcom GL,14,014_2023-05-17T08:34:00,tree1,False,66.0,72.12,22.0,47.26,42.0,25.68
Dexcom GL,14,014_2023-05-18T08:15:00,tree1,False,24.0,67.87,22.0,54.06,10.5,29.505
Dexcom GL,14,014_2023-05-15T07:29:00,tree5,False,66.0,66.75807936507938,22.0,33.53244047619047,10.5,23.282801587301577
Dexcom GL,14,014_2023-05-16T07:28:00,tree5,False,66.0,38.442138888888884,66.0,25.13291269841269,10.5,14.264349206349207
Dexcom GL,14,014_2023-05-17T08:34:00,tree5,False,66.0,73.71718253968254,22.0,47.50556746031745,42.0,26.663190476190472
Dexcom GL,14,014_2023-05-18T08:15:00,tree5,False,24.0,67.61605952380954,22.0,46.09024603174603,10.5,25.28802976190475
Dexcom GL,14,014_2023-05-15T07:29:00,absolute7,False,66.0,46.87426799590266,22.0,22.0,10.5,30.523017444861857
Dexcom GL,14,014_2023-05-16T07:28:00,absolute7,False,66.0,37.23419073834508,66.0,22.0,10.5,12.597084413828888
Dexcom GL,14,014_2023-05-17T08:34:00,absolute7,False,66.0,69.18949546035337,22.0,22.0,42.0,26.402519109979636
Dexcom GL,14,014_2023-05-18T08:15:00,absolute7,False,24.0,63.4692778004016,22.0,22.0,10.5,22.453684036262256
Dexcom GL,14,014_2023-05-15T07:29:00,absolute15,False,66.0,62.05301107109256,22.0,22.0,10.5,21.266686883166365
Dexcom GL,14,014_2023-05-16T07:28:00,absolute15,False,66.0,40.28953435883542,66.0,22.0,10.5,16.341506322116008
Dexcom GL,14,014_2023-05-17T08:34:00,absolute15,False,66.0,73.14807813286633,22.0,22.0,42.0,29.53431884197502
Dexcom GL,14,014_2023-05-18T08:15:00,absolute15,False,24.0,65.36042058180512,22.0,22.0,10.5,16.286769209553334
Dexcom GL,14,014_2023-05-15T07:29:00,nested_selected,False,66.0,46.87426799590266,22.0,22.0,10.5,30.523017444861857
Dexcom GL,14,014_2023-05-16T07:28:00,nested_selected,False,66.0,37.23419073834508,66.0,22.0,10.5,12.597084413828888
Dexcom GL,14,014_2023-05-17T08:34:00,nested_selected,False,66.0,69.18949546035337,22.0,22.0,42.0,26.402519109979636
Dexcom GL,14,014_2023-05-18T08:15:00,nested_selected,False,24.0,63.4692778004016,22.0,22.0,10.5,22.453684036262256
Dexcom GL,17,017_2023-10-16T09:41:00,ridge,False,66.0,59.95741129730189,22.0,40.61549728843872,10.5,28.45039225022592
Dexcom GL,17,017_2023-10-17T11:12:00,ridge,False,66.0,61.8401935614481,66.0,40.23336482380337,10.5,20.753018912624608
Dexcom GL,17,017_2023-10-18T11:43:00,ridge,False,66.0,57.32067119828888,22.0,40.33385010020991,42.0,21.8423066124893
Dexcom GL,17,017_2023-10-19T08:30:00,ridge,False,24.0,50.21584754240409,22.0,34.60843262469171,10.5,21.952727914235943
Dexcom GL,17,017_2023-10-16T09:41:00,tree1,False,66.0,57.66,22.0,38.72,10.5,22.35
Dexcom GL,17,017_2023-10-17T11:12:00,tree1,False,66.0,69.55,66.0,42.76,10.5,25.525
Dexcom GL,17,017_2023-10-18T11:43:00,tree1,False,66.0,61.14,22.0,44.23,42.0,24.435
Dexcom GL,17,017_2023-10-19T08:30:00,tree1,False,24.0,51.76,22.0,36.67,10.5,17.96
Dexcom GL,17,017_2023-10-16T09:41:00,tree5,False,66.0,57.55899603174603,22.0,38.70797222222222,10.5,20.205944444444448
Dexcom GL,17,017_2023-10-17T11:12:00,tree5,False,66.0,65.21301984126984,66.0,42.28498015873016,10.5,22.40471428571428
Dexcom GL,17,017_2023-10-18T11:43:00,tree5,False,66.0,62.47044444444442,22.0,47.65472222222222,42.0,23.03816666666667
Dexcom GL,17,017_2023-10-19T08:30:00,tree5,False,24.0,47.44434126984126,22.0,38.24996428571429,10.5,17.95855555555556
Dexcom GL,17,017_2023-10-16T09:41:00,absolute7,False,66.0,62.457965160208396,22.0,25.7821721730438,10.5,27.52681041220503
Dexcom GL,17,017_2023-10-17T11:12:00,absolute7,False,66.0,69.37644170769502,66.0,22.0,10.5,19.79876818502382
Dexcom GL,17,017_2023-10-18T11:43:00,absolute7,False,66.0,64.7460087717814,22.0,50.17441310091748,42.0,24.936951279222534
Dexcom GL,17,017_2023-10-19T08:30:00,absolute7,False,24.0,56.58706179390438,22.0,22.0,10.5,21.242985887064116
Dexcom GL,17,017_2023-10-16T09:41:00,absolute15,False,66.0,54.888362795759164,22.0,28.46132697807303,10.5,28.405655662601948
Dexcom GL,17,017_2023-10-17T11:12:00,absolute15,False,66.0,65.61621235404436,66.0,22.0,10.5,15.872566811116807
Dexcom GL,17,017_2023-10-18T11:43:00,absolute15,False,66.0,68.03657258307628,22.0,46.42544981624222,42.0,23.019087095158298
Dexcom GL,17,017_2023-10-19T08:30:00,absolute15,False,24.0,63.169976382248564,22.0,22.0,10.5,19.30358493865041
Dexcom GL,17,017_2023-10-16T09:41:00,nested_selected,False,66.0,62.457965160208396,22.0,25.7821721730438,10.5,27.52681041220503
Dexcom GL,17,017_2023-10-17T11:12:00,nested_selected,False,66.0,69.37644170769502,66.0,22.0,10.5,19.79876818502382
Dexcom GL,17,017_2023-10-18T11:43:00,nested_selected,False,66.0,64.7460087717814,22.0,50.17441310091748,42.0,24.936951279222534
Dexcom GL,17,017_2023-10-19T08:30:00,nested_selected,False,24.0,56.58706179390438,22.0,22.0,10.5,21.242985887064116
Dexcom GL,27,027_2024-06-16T10:15:00,ridge,False,66.0,44.202608320420566,22.0,41.724464676445216,10.5,20.98256704187583
Dexcom GL,27,027_2024-06-17T08:15:00,ridge,False,66.0,49.262245263852265,66.0,45.580697143471596,10.5,22.916532246664673
Dexcom GL,27,027_2024-06-18T09:20:00,ridge,False,66.0,83.10962656181957,22.0,30.777046478203136,42.0,21.977235793561942
Dexcom GL,27,027_2024-06-19T10:11:00,ridge,False,24.0,52.47896257652413,22.0,39.55363898840513,10.5,18.755042607701313
Dexcom GL,27,027_2024-06-16T10:15:00,tree1,False,66.0,45.1,22.0,40.76,10.5,15.53
Dexcom GL,27,027_2024-06-17T08:15:00,tree1,False,66.0,53.73,66.0,42.35,10.5,19.69
Dexcom GL,27,027_2024-06-18T09:20:00,tree1,False,66.0,66.92,22.0,29.81,42.0,21.035
Dexcom GL,27,027_2024-06-19T10:11:00,tree1,False,24.0,49.19,22.0,37.94,10.5,20.77
Dexcom GL,27,027_2024-06-16T10:15:00,tree5,False,66.0,47.4468650793651,22.0,41.14424999999999,10.5,17.35114880952381
Dexcom GL,27,027_2024-06-17T08:15:00,tree5,False,66.0,50.074900793650784,66.0,41.0136984126984,10.5,19.519698412698414
Dexcom GL,27,027_2024-06-18T09:20:00,tree5,False,66.0,68.81741269841267,22.0,33.00147222222222,42.0,21.99553571428572
Dexcom GL,27,027_2024-06-19T10:11:00,tree5,False,24.0,52.811702380952404,22.0,35.342376984126986,10.5,18.56696428571428
Dexcom GL,27,027_2024-06-16T10:15:00,absolute7,False,66.0,59.372575695292426,22.0,44.68211893512046,10.5,18.632282507309345
Dexcom GL,27,027_2024-06-17T08:15:00,absolute7,False,66.0,49.43841892050098,66.0,49.48944031325765,10.5,19.808482374467864
Dexcom GL,27,027_2024-06-18T09:20:00,absolute7,False,66.0,65.13817391388712,22.0,43.420353941196616,42.0,28.112431282974818
Dexcom GL,27,027_2024-06-19T10:11:00,absolute7,False,24.0,53.00200399730016,22.0,23.82941675351345,10.5,16.971998504228505
Dexcom GL,27,027_2024-06-16T10:15:00,absolute15,False,66.0,53.489255932365865,22.0,44.62732367974956,10.5,17.00651361374135
Dexcom GL,27,027_2024-06-17T08:15:00,absolute15,False,66.0,52.48978116756714,66.0,55.067507337318865,10.5,18.508062170896356
Dexcom GL,27,027_2024-06-18T09:20:00,absolute15,False,66.0,62.968966249829236,22.0,40.36162488875098,42.0,22.409845002033073
Dexcom GL,27,027_2024-06-19T10:11:00,absolute15,False,24.0,42.7462150200994,22.0,38.81709901413493,10.5,22.507423992995484
Dexcom GL,27,027_2024-06-16T10:15:00,nested_selected,False,66.0,53.489255932365865,22.0,44.62732367974956,10.5,17.00651361374135
Dexcom GL,27,027_2024-06-17T08:15:00,nested_selected,False,66.0,52.48978116756714,66.0,55.067507337318865,10.5,18.508062170896356
Dexcom GL,27,027_2024-06-18T09:20:00,nested_selected,False,66.0,62.968966249829236,22.0,40.36162488875098,42.0,22.409845002033073
Dexcom GL,27,027_2024-06-19T10:11:00,nested_selected,False,24.0,42.7462150200994,22.0,38.81709901413493,10.5,22.507423992995484
Dexcom GL,31,031_2022-07-05T07:45:00,ridge,False,66.0,47.920989659237804,22.0,30.95025435515837,10.5,17.78134532623657
Dexcom GL,31,031_2022-07-06T07:56:00,ridge,False,66.0,66.79126974815931,66.0,38.917372622113156,10.5,23.166261593096703
Dexcom GL,31,031_2022-07-07T07:04:00,ridge,False,66.0,56.324338680825434,22.0,42.75645806360984,42.0,16.30529488801553
Dexcom GL,31,031_2022-07-08T07:18:00,ridge,False,24.0,38.91581608049413,22.0,38.47060414707873,10.5,11.54878265552285
Dexcom GL,31,031_2022-07-05T07:45:00,tree1,False,66.0,52.58,22.0,34.62,10.5,17.41
Dexcom GL,31,031_2022-07-06T07:56:00,tree1,False,66.0,61.42,66.0,45.01,10.5,23.06
Dexcom GL,31,031_2022-07-07T07:04:00,tree1,False,66.0,60.81,22.0,50.36,42.0,20.755
Dexcom GL,31,031_2022-07-08T07:18:00,tree1,False,24.0,43.85,22.0,28.11,10.5,13.99
Dexcom GL,31,031_2022-07-05T07:45:00,tree5,False,66.0,50.64674206349206,22.0,31.58014682539683,10.5,17.029875000000008
Dexcom GL,31,031_2022-07-06T07:56:00,tree5,False,66.0,66.02417857142858,66.0,48.15668253968256,10.5,23.617363095238094
Dexcom GL,31,031_2022-07-07T07:04:00,tree5,False,66.0,59.58139285714287,22.0,44.50386904761906,42.0,20.656565476190487
Dexcom GL,31,031_2022-07-08T07:18:00,tree5,False,24.0,44.52472222222222,22.0,32.199972222222215,10.5,15.140378968253975
Dexcom GL,31,031_2022-07-05T07:45:00,absolute7,False,66.0,49.567861558208484,22.0,21.8,10.5,17.86760208806984
Dexcom GL,31,031_2022-07-06T07:56:00,absolute7,False,66.0,64.49977701694289,66.0,22.0,10.5,28.6171650563164
Dexcom GL,31,031_2022-07-07T07:04:00,absolute7,False,66.0,58.08668473373601,22.0,65.38971190482827,42.0,23.88668044527085
Dexcom GL,31,031_2022-07-08T07:18:00,absolute7,False,24.0,41.3389760224335,22.0,17.927683249623318,10.5,13.83911736279429
Dexcom GL,31,031_2022-07-05T07:45:00,absolute15,False,66.0,43.1333969045971,22.0,22.0,10.5,15.722749225160713
Dexcom GL,31,031_2022-07-06T07:56:00,absolute15,False,66.0,72.0613876302464,66.0,22.0,10.5,18.738704734107287
Dexcom GL,31,031_2022-07-07T07:04:00,absolute15,False,66.0,56.461679589027796,22.0,61.09231504510498,42.0,15.257757958279926
Dexcom GL,31,031_2022-07-08T07:18:00,absolute15,False,24.0,35.899316026881046,22.0,23.46128791591846,10.5,14.009955082849645
Dexcom GL,31,031_2022-07-05T07:45:00,nested_selected,False,66.0,49.567861558208484,22.0,21.8,10.5,17.86760208806984
Dexcom GL,31,031_2022-07-06T07:56:00,nested_selected,False,66.0,64.49977701694289,66.0,22.0,10.5,28.6171650563164
Dexcom GL,31,031_2022-07-07T07:04:00,nested_selected,False,66.0,58.08668473373601,22.0,65.38971190482827,42.0,23.88668044527085
Dexcom GL,31,031_2022-07-08T07:18:00,nested_selected,False,24.0,41.3389760224335,22.0,17.927683249623318,10.5,13.83911736279429
Dexcom GL,32,032_2022-01-07T07:01:00,ridge,False,66.0,48.98537021999126,22.0,13.196156365850936,10.5,16.17800057901625
Dexcom GL,32,032_2022-01-08T06:37:00,ridge,False,66.0,34.284394091996056,66.0,0.4602820052916101,10.5,5.652670245291484
Dexcom GL,32,032_2022-01-09T05:32:00,ridge,False,66.0,30.43874225124349,22.0,0.0,42.0,6.6655041518336535
Dexcom GL,32,032_2022-01-10T05:10:00,ridge,False,24.0,44.76740233069989,22.0,22.589720586741894,10.5,14.229677283025648
Dexcom GL,32,032_2022-01-07T07:01:00,tree1,False,66.0,73.32,22.0,39.84,10.5,25.335
Dexcom GL,32,032_2022-01-08T06:37:00,tree1,False,66.0,52.09,66.0,32.69,10.5,21.115
Dexcom GL,32,032_2022-01-09T05:32:00,tree1,False,66.0,49.95,22.0,35.4,42.0,19.23
Dexcom GL,32,032_2022-01-10T05:10:00,tree1,False,24.0,62.84,22.0,43.29,10.5,22.74
Dexcom GL,32,032_2022-01-07T07:01:00,tree5,False,66.0,56.06024603174604,22.0,34.33539682539683,10.5,19.259130952380957
Dexcom GL,32,032_2022-01-08T06:37:00,tree5,False,66.0,54.32375793650794,66.0,34.1490119047619,10.5,19.33209920634921
Dexcom GL,32,032_2022-01-09T05:32:00,tree5,False,66.0,50.7954761904762,22.0,32.05612301587302,42.0,17.878013888888887
Dexcom GL,32,032_2022-01-10T05:10:00,tree5,False,24.0,61.75963492063494,22.0,38.750900793650814,10.5,22.21715476190476
Dexcom GL,32,032_2022-01-07T07:01:00,absolute7,False,66.0,58.05734236849359,22.0,22.0,10.5,20.14470383899248
Dexcom GL,32,032_2022-01-08T06:37:00,absolute7,False,66.0,54.894077654824684,66.0,30.810404039746707,10.5,17.445660444519817
Dexcom GL,32,032_2022-01-09T05:32:00,absolute7,False,66.0,63.33679176938234,22.0,23.278300961320667,42.0,16.279457473437247
Dexcom GL,32,032_2022-01-10T05:10:00,absolute7,False,24.0,69.2734424313857,22.0,19.112476794659464,10.5,21.293484110097094
Dexcom GL,32,032_2022-01-07T07:01:00,absolute15,False,66.0,54.40797715925979,22.0,22.0,10.5,16.31675341990431
Dexcom GL,32,032_2022-01-08T06:37:00,absolute15,False,66.0,55.253168891957884,66.0,26.431797620843763,10.5,19.916168773985383
Dexcom GL,32,032_2022-01-09T05:32:00,absolute15,False,66.0,56.08442841526602,22.0,28.862132999995634,42.0,17.848957681509578
Dexcom GL,32,032_2022-01-10T05:10:00,absolute15,False,24.0,61.98913563509174,22.0,13.507598176405455,10.5,18.219438641453227
Dexcom GL,32,032_2022-01-07T07:01:00,nested_selected,False,66.0,58.05734236849359,22.0,22.0,10.5,20.14470383899248
Dexcom GL,32,032_2022-01-08T06:37:00,nested_selected,False,66.0,54.894077654824684,66.0,30.810404039746707,10.5,17.445660444519817
Dexcom GL,32,032_2022-01-09T05:32:00,nested_selected,False,66.0,63.33679176938234,22.0,23.278300961320667,42.0,16.279457473437247
Dexcom GL,32,032_2022-01-10T05:10:00,nested_selected,False,24.0,69.2734424313857,22.0,19.112476794659464,10.5,21.293484110097094
Dexcom GL,34,034_2022-03-08T06:16:00,ridge,False,66.0,58.29561472364945,22.0,50.5831571450332,10.5,22.34081071076681
Dexcom GL,34,034_2022-03-09T07:18:00,ridge,False,66.0,54.616696108271505,66.0,39.40823651079845,10.5,22.428672606836365
Dexcom GL,34,034_2022-03-10T07:12:00,ridge,False,66.0,53.929605290106444,22.0,40.143875461869655,42.0,22.789750664559786
Dexcom GL,34,034_2022-03-11T07:24:00,ridge,False,24.0,54.84217542783278,22.0,41.12645088812001,10.5,22.784921869670207
Dexcom GL,34,034_2022-03-08T06:16:00,tree1,False,66.0,55.56,22.0,40.18,10.5,17.04
Dexcom GL,34,034_2022-03-09T07:18:00,tree1,False,66.0,49.23,66.0,34.67,10.5,19.665
Dexcom GL,34,034_2022-03-10T07:12:00,tree1,False,66.0,45.01,22.0,34.5,42.0,14.29
Dexcom GL,34,034_2022-03-11T07:24:00,tree1,False,24.0,50.28,22.0,36.72,10.5,16.995
Dexcom GL,34,034_2022-03-08T06:16:00,tree5,False,66.0,53.97691269841269,22.0,40.68694444444444,10.5,19.564906746031753
Dexcom GL,34,034_2022-03-09T07:18:00,tree5,False,66.0,47.035079365079376,66.0,33.121837301587306,10.5,17.870017857142862
Dexcom GL,34,034_2022-03-10T07:12:00,tree5,False,66.0,50.47226984126984,22.0,35.95632142857142,42.0,17.703351190476194
Dexcom GL,34,034_2022-03-11T07:24:00,tree5,False,24.0,48.82390476190475,22.0,37.399623015873026,10.5,17.479646825396827
Dexcom GL,34,034_2022-03-08T06:16:00,absolute7,False,66.0,49.79520840573286,22.0,45.58220081272262,10.5,17.581950853956087
Dexcom GL,34,034_2022-03-09T07:18:00,absolute7,False,66.0,46.64152322576612,66.0,30.38474982771471,10.5,15.044161162718833
Dexcom GL,34,034_2022-03-10T07:12:00,absolute7,False,66.0,47.187107433270334,22.0,32.24906437913861,42.0,16.227397527200093
Dexcom GL,34,034_2022-03-11T07:24:00,absolute7,False,24.0,41.55603685511573,22.0,30.316316251108372,10.5,17.047673598929023
Dexcom GL,34,034_2022-03-08T06:16:00,absolute15,False,66.0,54.33259125359971,22.0,38.340393732700804,10.5,18.91840235938276
Dexcom GL,34,034_2022-03-09T07:18:00,absolute15,False,66.0,54.086800899248914,66.0,20.701098426949414,10.5,13.168088519020802
Dexcom GL,34,034_2022-03-10T07:12:00,absolute15,False,66.0,55.78642161377363,22.0,29.501042556790914,42.0,14.296614102696182
Dexcom GL,34,034_2022-03-11T07:24:00,absolute15,False,24.0,46.60552092694059,22.0,25.245839830882215,10.5,14.44705905983888
Dexcom GL,34,034_2022-03-08T06:16:00,nested_selected,False,66.0,54.33259125359971,22.0,38.340393732700804,10.5,18.91840235938276
Dexcom GL,34,034_2022-03-09T07:18:00,nested_selected,False,66.0,54.086800899248914,66.0,20.701098426949414,10.5,13.168088519020802
Dexcom GL,34,034_2022-03-10T07:12:00,nested_selected,False,66.0,55.78642161377363,22.0,29.501042556790914,42.0,14.296614102696182
Dexcom GL,34,034_2022-03-11T07:24:00,nested_selected,False,24.0,46.60552092694059,22.0,25.245839830882215,10.5,14.44705905983888
Dexcom GL,35,035_2024-12-18T07:10:00,ridge,False,66.0,65.76110327480421,22.0,19.828514790289244,10.5,24.938527728195893
Dexcom GL,35,035_2024-12-19T06:25:00,ridge,False,66.0,57.968647579747866,66.0,24.026630575183063,10.5,21.928436606159288
Dexcom GL,35,035_2024-12-20T06:39:00,ridge,False,66.0,57.72752765417125,22.0,29.34165771160677,42.0,22.530931623735377
Dexcom GL,35,035_2024-12-21T06:53:00,ridge,False,24.0,68.89361713976061,22.0,32.81843664539114,10.5,26.273402878609446
Dexcom GL,35,035_2024-12-18T07:10:00,tree1,False,66.0,73.19,22.0,41.79,10.5,28.215
Dexcom GL,35,035_2024-12-19T06:25:00,tree1,False,66.0,58.65,66.0,33.38,10.5,19.38
Dexcom GL,35,035_2024-12-20T06:39:00,tree1,False,66.0,59.49,22.0,45.35,42.0,20.28
Dexcom GL,35,035_2024-12-21T06:53:00,tree1,False,24.0,73.47,22.0,45.69,10.5,27.39
Dexcom GL,35,035_2024-12-18T07:10:00,tree5,False,66.0,73.20673015873014,22.0,43.94426587301589,10.5,27.74192857142855
Dexcom GL,35,035_2024-12-19T06:25:00,tree5,False,66.0,55.897166666666664,66.0,32.29424206349206,10.5,18.94380952380952
Dexcom GL,35,035_2024-12-20T06:39:00,tree5,False,66.0,60.09142857142856,22.0,44.75546031746031,42.0,21.685710317460316
Dexcom GL,35,035_2024-12-21T06:53:00,tree5,False,24.0,77.16540079365082,22.0,48.56751984126984,10.5,29.545712301587297
Dexcom GL,35,035_2024-12-18T07:10:00,absolute7,False,66.0,71.30244693186008,22.0,30.13428026117361,10.5,25.779324579150966
Dexcom GL,35,035_2024-12-19T06:25:00,absolute7,False,66.0,64.62800634061037,66.0,20.875517230988674,10.5,16.258238308008057
Dexcom GL,35,035_2024-12-20T06:39:00,absolute7,False,66.0,67.28610177079601,22.0,36.887053638043874,42.0,19.973941750398467
Dexcom GL,35,035_2024-12-21T06:53:00,absolute7,False,24.0,71.23451917744005,22.0,44.05112026608908,10.5,30.140668028184187
Dexcom GL,35,035_2024-12-18T07:10:00,absolute15,False,66.0,73.95089158674195,22.0,35.77616936714256,10.5,24.416224369327693
Dexcom GL,35,035_2024-12-19T06:25:00,absolute15,False,66.0,66.49488775801754,66.0,30.47099020067682,10.5,18.716762180168207
Dexcom GL,35,035_2024-12-20T06:39:00,absolute15,False,66.0,64.6460383366828,22.0,56.628199589068515,42.0,23.093250579643787
Dexcom GL,35,035_2024-12-21T06:53:00,absolute15,False,24.0,77.14008509540544,22.0,36.5482980645025,10.5,34.328788370294426
Dexcom GL,35,035_2024-12-18T07:10:00,nested_selected,False,66.0,73.95089158674195,22.0,35.77616936714256,10.5,24.416224369327693
Dexcom GL,35,035_2024-12-19T06:25:00,nested_selected,False,66.0,66.49488775801754,66.0,30.47099020067682,10.5,18.716762180168207
Dexcom GL,35,035_2024-12-20T06:39:00,nested_selected,False,66.0,64.6460383366828,22.0,56.628199589068515,42.0,23.093250579643787
Dexcom GL,35,035_2024-12-21T06:53:00,nested_selected,False,24.0,77.14008509540544,22.0,36.5482980645025,10.5,34.328788370294426
Dexcom GL,36,036_2022-04-04T08:18:00,ridge,False,66.0,89.93580932632325,22.0,37.61318056833622,10.5,26.077858915227388
Dexcom GL,36,036_2022-04-05T08:14:00,ridge,False,66.0,77.5878322449895,66.0,48.44075460521684,10.5,30.86713247340993
Dexcom GL,36,036_2022-04-06T08:01:00,ridge,False,66.0,75.92279520105149,22.0,37.5442266483478,42.0,25.24698458636227
Dexcom GL,36,036_2022-04-07T07:54:00,ridge,False,24.0,57.996742104649236,22.0,33.968640792883036,10.5,20.79799844784938
Dexcom GL,36,036_2022-04-04T08:18:00,tree1,False,66.0,74.2,22.0,36.5,10.5,23.64
Dexcom GL,36,036_2022-04-05T08:14:00,tree1,False,66.0,81.48,66.0,53.73,10.5,28.47
Dexcom GL,36,036_2022-04-06T08:01:00,tree1,False,66.0,72.38,22.0,44.68,42.0,25.285
Dexcom GL,36,036_2022-04-07T07:54:00,tree1,False,24.0,56.65,22.0,35.72,10.5,17.66
Dexcom GL,36,036_2022-04-04T08:18:00,tree5,False,66.0,71.60699206349207,22.0,30.82821825396825,10.5,22.188650793650787
Dexcom GL,36,036_2022-04-05T08:14:00,tree5,False,66.0,74.75686507936508,66.0,46.213111111111104,10.5,26.059023809523815
Dexcom GL,36,036_2022-04-06T08:01:00,tree5,False,66.0,77.83076587301592,22.0,44.87895238095238,42.0,26.3616884920635
Dexcom GL,36,036_2022-04-07T07:54:00,tree5,False,24.0,59.70992063492066,22.0,38.44842063492064,10.5,20.677519841269845
Dexcom GL,36,036_2022-04-04T08:18:00,absolute7,False,66.0,72.88991824348115,22.0,22.0,10.5,20.677016366005798
Dexcom GL,36,036_2022-04-05T08:14:00,absolute7,False,66.0,83.69061618202356,66.0,22.0,10.5,30.99612373484091
Dexcom GL,36,036_2022-04-06T08:01:00,absolute7,False,66.0,75.41579372006593,22.0,22.0,42.0,26.07362269786049
Dexcom GL,36,036_2022-04-07T07:54:00,absolute7,False,24.0,59.36296206558284,22.0,22.0,10.5,20.616984827700215
Dexcom GL,36,036_2022-04-04T08:18:00,absolute15,False,66.0,76.0193426181939,22.0,18.87974599611863,10.5,20.92273222802059
Dexcom GL,36,036_2022-04-05T08:14:00,absolute15,False,66.0,75.68227179441891,66.0,45.86584747365491,10.5,31.681264388732306
Dexcom GL,36,036_2022-04-06T08:01:00,absolute15,False,66.0,72.80708602736591,22.0,31.451104800359033,42.0,26.131843662177637
Dexcom GL,36,036_2022-04-07T07:54:00,absolute15,False,24.0,57.681472394411635,22.0,31.253805486244058,10.5,26.738689467723862
Dexcom GL,36,036_2022-04-04T08:18:00,nested_selected,False,66.0,72.88991824348115,22.0,22.0,10.5,20.677016366005798
Dexcom GL,36,036_2022-04-05T08:14:00,nested_selected,False,66.0,83.69061618202356,66.0,22.0,10.5,30.99612373484091
Dexcom GL,36,036_2022-04-06T08:01:00,nested_selected,False,66.0,75.41579372006593,22.0,22.0,42.0,26.07362269786049
Dexcom GL,36,036_2022-04-07T07:54:00,nested_selected,False,24.0,59.36296206558284,22.0,22.0,10.5,20.616984827700215
Dexcom GL,38,038_2022-01-31T07:03:00,ridge,False,66.0,46.49041693545685,22.0,14.712947073612252,10.5,15.711292515206384
Dexcom GL,38,038_2022-02-01T07:18:00,ridge,False,66.0,35.94461923862265,66.0,24.53821445857155,10.5,13.929120260377093
Dexcom GL,38,038_2022-02-02T07:02:00,ridge,False,66.0,41.562912914415094,22.0,30.553973558944783,42.0,15.638239356251976
Dexcom GL,38,038_2022-02-03T07:17:00,ridge,False,24.0,38.84626472292676,22.0,28.008430125976005,10.5,13.985422983954084
Dexcom GL,38,038_2022-01-31T07:03:00,tree1,False,66.0,52.68,22.0,27.81,10.5,14.385
Dexcom GL,38,038_2022-02-01T07:18:00,tree1,False,66.0,39.11,66.0,25.75,10.5,13.53
Dexcom GL,38,038_2022-02-02T07:02:00,tree1,False,66.0,33.04,22.0,22.82,42.0,12.925
Dexcom GL,38,038_2022-02-03T07:17:00,tree1,False,24.0,35.03,22.0,22.71,10.5,12.62
Dexcom GL,38,038_2022-01-31T07:03:00,tree5,False,66.0,54.03777777777778,22.0,31.811587301587316,10.5,16.453928571428573
Dexcom GL,38,038_2022-02-01T07:18:00,tree5,False,66.0,38.2324126984127,66.0,27.383984126984142,10.5,13.837555555555564
Dexcom GL,38,038_2022-02-02T07:02:00,tree5,False,66.0,38.40926984126984,22.0,25.808904761904778,42.0,14.513081349206354
Dexcom GL,38,038_2022-02-03T07:17:00,tree5,False,24.0,34.949896825396834,22.0,23.959349206349213,10.5,13.109986111111118
Dexcom GL,38,038_2022-01-31T07:03:00,absolute7,True,66.0,59.53307565930933,22.0,22.0,10.5,11.38165402843136
Dexcom GL,38,038_2022-02-01T07:18:00,absolute7,False,66.0,38.56396877279185,66.0,22.0,10.5,14.025929885278789
Dexcom GL,38,038_2022-02-02T07:02:00,absolute7,False,66.0,27.4543793331904,22.0,22.0,42.0,11.858355703540385
Dexcom GL,38,038_2022-02-03T07:17:00,absolute7,False,24.0,26.769710429480075,22.0,22.0,10.5,13.227559594565228
Dexcom GL,38,038_2022-01-31T07:03:00,absolute15,False,66.0,57.77731544284073,22.0,22.0,10.5,11.320670078676802
Dexcom GL,38,038_2022-02-01T07:18:00,absolute15,False,66.0,32.16671159425106,66.0,22.0,10.5,12.482294527649104
Dexcom GL,38,038_2022-02-02T07:02:00,absolute15,False,66.0,28.334358597740444,22.0,22.0,42.0,11.750106370531539
Dexcom GL,38,038_2022-02-03T07:17:00,absolute15,True,24.0,24.218852615594372,22.0,22.0,10.5,9.58482453418706
Dexcom GL,38,038_2022-01-31T07:03:00,nested_selected,True,66.0,59.53307565930933,22.0,22.0,10.5,11.38165402843136
Dexcom GL,38,038_2022-02-01T07:18:00,nested_selected,False,66.0,38.56396877279185,66.0,22.0,10.5,14.025929885278789
Dexcom GL,38,038_2022-02-02T07:02:00,nested_selected,False,66.0,27.4543793331904,22.0,22.0,42.0,11.858355703540385
Dexcom GL,38,038_2022-02-03T07:17:00,nested_selected,False,24.0,26.769710429480075,22.0,22.0,10.5,13.227559594565228
Dexcom GL,41,041_2022-05-02T08:19:00,ridge,False,66.0,60.57979540752696,22.0,31.956195018465124,10.5,18.621320094524616
Dexcom GL,41,041_2022-05-03T07:44:00,ridge,False,66.0,57.64094116493387,66.0,32.44099028558905,10.5,19.43175533116582
Dexcom GL,41,041_2022-05-04T07:58:00,ridge,False,66.0,60.88957648976988,22.0,33.58610217801608,42.0,18.82562737859152
Dexcom GL,41,041_2022-05-05T07:59:00,ridge,False,24.0,42.82704076866722,22.0,30.522477253927978,10.5,12.640539206697914
Dexcom GL,41,041_2022-05-02T08:19:00,tree1,False,66.0,59.81,22.0,45.81,10.5,19.05
Dexcom GL,41,041_2022-05-03T07:44:00,tree1,False,66.0,54.26,66.0,35.73,10.5,15.705
Dexcom GL,41,041_2022-05-04T07:58:00,tree1,False,66.0,60.33,22.0,43.19,42.0,21.495
Dexcom GL,41,041_2022-05-05T07:59:00,tree1,False,24.0,34.94,22.0,23.6,10.5,13.695
Dexcom GL,41,041_2022-05-02T08:19:00,tree5,False,66.0,60.2133134920635,22.0,39.504940476190484,10.5,20.31381547619047
Dexcom GL,41,041_2022-05-03T07:44:00,tree5,False,66.0,52.06492857142857,66.0,32.97943253968254,10.5,17.382847222222225
Dexcom GL,41,041_2022-05-04T07:58:00,tree5,False,66.0,58.60911904761903,22.0,37.83389682539682,42.0,20.069857142857135
Dexcom GL,41,041_2022-05-05T07:59:00,tree5,False,24.0,38.33561111111111,22.0,24.498738095238092,10.5,13.99834523809524
Dexcom GL,41,041_2022-05-02T08:19:00,absolute7,False,66.0,61.239085351965755,22.0,22.0,10.5,18.926587001079604
Dexcom GL,41,041_2022-05-03T07:44:00,absolute7,False,66.0,54.73244143905115,66.0,22.0,10.5,14.375498091317867
Dexcom GL,41,041_2022-05-04T07:58:00,absolute7,False,66.0,69.4644565580706,22.0,22.0,42.0,21.26675270691649
Dexcom GL,41,041_2022-05-05T07:59:00,absolute7,False,24.0,27.07301542616268,22.0,22.0,10.5,11.438113138269713
Dexcom GL,41,041_2022-05-02T08:19:00,absolute15,False,66.0,58.493226646603,22.0,22.0,10.5,14.671517380719344
Dexcom GL,41,041_2022-05-03T07:44:00,absolute15,False,66.0,45.608436815737136,66.0,22.0,10.5,17.77644466723759
Dexcom GL,41,041_2022-05-04T07:58:00,absolute15,False,66.0,67.70522121913477,22.0,22.0,42.0,18.45647866623936
Dexcom GL,41,041_2022-05-05T07:59:00,absolute15,False,24.0,19.20701903421023,22.0,22.0,10.5,13.514795095548683
Dexcom GL,41,041_2022-05-02T08:19:00,nested_selected,False,66.0,58.493226646603,22.0,22.0,10.5,14.671517380719344
Dexcom GL,41,041_2022-05-03T07:44:00,nested_selected,False,66.0,45.608436815737136,66.0,22.0,10.5,17.77644466723759
Dexcom GL,41,041_2022-05-04T07:58:00,nested_selected,False,66.0,67.70522121913477,22.0,22.0,42.0,18.45647866623936
Dexcom GL,41,041_2022-05-05T07:59:00,nested_selected,False,24.0,19.20701903421023,22.0,22.0,10.5,13.514795095548683
Dexcom GL,42,042_2025-07-31T08:40:00,ridge,False,66.0,57.56763132352405,22.0,47.781705426849555,10.5,25.468387254989306
Dexcom GL,42,042_2025-08-01T07:50:00,ridge,False,66.0,65.43601345451319,66.0,37.797416063554216,10.5,22.152061210378662
Dexcom GL,42,042_2025-08-02T08:15:00,ridge,False,66.0,55.93546416055429,22.0,39.61825274667108,42.0,23.485325533689593
Dexcom GL,42,042_2025-08-03T10:28:00,ridge,False,24.0,56.032134464207935,22.0,38.60353807825131,10.5,23.301403326350197
Dexcom GL,42,042_2025-07-31T08:40:00,tree1,False,66.0,55.91,22.0,43.95,10.5,23.53
Dexcom GL,42,042_2025-08-01T07:50:00,tree1,False,66.0,58.5,66.0,41.31,10.5,21.99
Dexcom GL,42,042_2025-08-02T08:15:00,tree1,False,66.0,55.08,22.0,37.42,42.0,21.68
Dexcom GL,42,042_2025-08-03T10:28:00,tree1,False,24.0,51.41,22.0,38.26,10.5,22.4
Dexcom GL,42,042_2025-07-31T08:40:00,tree5,False,66.0,55.72084523809522,22.0,42.810174603174595,10.5,21.933178571428567
Dexcom GL,42,042_2025-08-01T07:50:00,tree5,False,66.0,62.33201587301588,66.0,39.8107380952381,10.5,21.514456349206345
Dexcom GL,42,042_2025-08-02T08:15:00,tree5,False,66.0,59.07326190476192,22.0,38.95172619047619,42.0,21.409041666666667
Dexcom GL,42,042_2025-08-03T10:28:00,tree5,False,24.0,59.9250912698413,22.0,41.92801587301588,10.5,22.918626984126995
Dexcom GL,42,042_2025-07-31T08:40:00,absolute7,False,66.0,41.15142743382233,22.0,33.29101467583726,10.5,20.255510109446
Dexcom GL,42,042_2025-08-01T07:50:00,absolute7,False,66.0,68.11669549169532,66.0,34.93337584061012,10.5,19.365241020911956
Dexcom GL,42,042_2025-08-02T08:15:00,absolute7,False,66.0,59.82385802144681,22.0,22.0,42.0,18.020550327505674
Dexcom GL,42,042_2025-08-03T10:28:00,absolute7,False,24.0,63.297503747723994,22.0,22.0,10.5,22.567325931595054
Dexcom GL,42,042_2025-07-31T08:40:00,absolute15,False,66.0,48.027860838980985,22.0,27.86790802056504,10.5,20.32481305758614
Dexcom GL,42,042_2025-08-01T07:50:00,absolute15,False,66.0,66.96137368318907,66.0,30.50300435481975,10.5,26.164244696349602
Dexcom GL,42,042_2025-08-02T08:15:00,absolute15,False,66.0,59.314255634611136,22.0,22.0,42.0,18.885034827463482
Dexcom GL,42,042_2025-08-03T10:28:00,absolute15,False,24.0,58.0012314737889,22.0,22.0,10.5,33.34104755542368
Dexcom GL,42,042_2025-07-31T08:40:00,nested_selected,False,66.0,48.027860838980985,22.0,27.86790802056504,10.5,20.32481305758614
Dexcom GL,42,042_2025-08-01T07:50:00,nested_selected,False,66.0,66.96137368318907,66.0,30.50300435481975,10.5,26.164244696349602
Dexcom GL,42,042_2025-08-02T08:15:00,nested_selected,False,66.0,59.314255634611136,22.0,22.0,42.0,18.885034827463482
Dexcom GL,42,042_2025-08-03T10:28:00,nested_selected,False,24.0,58.0012314737889,22.0,22.0,10.5,33.34104755542368
Dexcom GL,43,043_2025-10-20T08:00:00,ridge,False,66.0,61.881072132649514,22.0,37.52098936605209,10.5,23.482501138570907
Dexcom GL,43,043_2025-10-21T07:51:00,ridge,False,66.0,56.294543106923165,66.0,44.808835813579,10.5,21.54812248060458
Dexcom GL,43,043_2025-10-22T08:03:00,ridge,False,66.0,61.308466521325826,22.0,47.93304426980569,42.0,24.99283217987236
Dexcom GL,43,043_2025-10-23T08:08:00,ridge,False,24.0,52.18998005569372,22.0,43.61733487350918,10.5,22.12493459238593
Dexcom GL,43,043_2025-10-20T08:00:00,tree1,False,66.0,61.3,22.0,42.34,10.5,20.78
Dexcom GL,43,043_2025-10-21T07:51:00,tree1,False,66.0,50.56,66.0,55.57,10.5,24.15
Dexcom GL,43,043_2025-10-22T08:03:00,tree1,False,66.0,51.83,22.0,55.48,42.0,22.91
Dexcom GL,43,043_2025-10-23T08:08:00,tree1,False,24.0,37.27,22.0,30.29,10.5,18.31
Dexcom GL,43,043_2025-10-20T08:00:00,tree5,False,66.0,59.57104761904763,22.0,39.25959126984126,10.5,21.242962301587298
Dexcom GL,43,043_2025-10-21T07:51:00,tree5,False,66.0,58.396464285714295,66.0,50.1459246031746,10.5,24.89569246031747
Dexcom GL,43,043_2025-10-22T08:03:00,tree5,False,66.0,57.204857142857136,22.0,50.53286904761903,42.0,24.41309722222222
Dexcom GL,43,043_2025-10-23T08:08:00,tree5,False,24.0,43.439567460317456,22.0,32.63812698412699,10.5,17.15251190476191
Dexcom GL,43,043_2025-10-20T08:00:00,absolute7,False,66.0,59.80931850697842,22.0,38.08254485939822,10.5,15.452771498375272
Dexcom GL,43,043_2025-10-21T07:51:00,absolute7,False,66.0,47.027652310112494,66.0,49.16699021401234,10.5,18.51559014320526
Dexcom GL,43,043_2025-10-22T08:03:00,absolute7,False,66.0,51.77471817475483,22.0,40.540333670997185,42.0,20.39864144229647
Dexcom GL,43,043_2025-10-23T08:08:00,absolute7,False,24.0,37.56610485861455,22.0,16.94082592207466,10.5,17.52398067431831
Dexcom GL,43,043_2025-10-20T08:00:00,absolute15,False,66.0,59.867333525599584,22.0,33.06189238199197,10.5,16.676375418512233
Dexcom GL,43,043_2025-10-21T07:51:00,absolute15,False,66.0,41.71252434904091,66.0,52.35904522436233,10.5,18.97621267137537
Dexcom GL,43,043_2025-10-22T08:03:00,absolute15,False,66.0,51.079297526510544,22.0,42.48883800357747,42.0,21.339558215094506
Dexcom GL,43,043_2025-10-23T08:08:00,absolute15,False,24.0,36.183554591738414,22.0,14.29842771458883,10.5,15.932206491672456
Dexcom GL,43,043_2025-10-20T08:00:00,nested_selected,False,66.0,59.867333525599584,22.0,33.06189238199197,10.5,16.676375418512233
Dexcom GL,43,043_2025-10-21T07:51:00,nested_selected,False,66.0,41.71252434904091,66.0,52.35904522436233,10.5,18.97621267137537
Dexcom GL,43,043_2025-10-22T08:03:00,nested_selected,False,66.0,51.079297526510544,22.0,42.48883800357747,42.0,21.339558215094506
Dexcom GL,43,043_2025-10-23T08:08:00,nested_selected,False,24.0,36.183554591738414,22.0,14.29842771458883,10.5,15.932206491672456
Dexcom GL,45,045_2025-03-31T08:56:00,ridge,False,66.0,53.49481670365216,22.0,28.402966701149893,10.5,20.07884812535432
Dexcom GL,45,045_2025-04-01T09:05:00,ridge,False,66.0,62.84361955716096,66.0,23.665325133305146,10.5,21.66711254387909
Dexcom GL,45,045_2025-04-02T09:40:00,ridge,False,66.0,54.265472431847115,22.0,15.910227750999706,42.0,15.871338037521372
Dexcom GL,45,045_2025-04-03T08:46:00,ridge,False,24.0,48.09004591702043,22.0,30.74270861170611,10.5,19.425931375657093
Dexcom GL,45,045_2025-03-31T08:56:00,tree1,False,66.0,57.83,22.0,35.31,10.5,22.165
Dexcom GL,45,045_2025-04-01T09:05:00,tree1,False,66.0,71.43,66.0,36.52,10.5,29.78
Dexcom GL,45,045_2025-04-02T09:40:00,tree1,False,66.0,62.25,22.0,30.82,42.0,20.77
Dexcom GL,45,045_2025-04-03T08:46:00,tree1,False,24.0,36.15,22.0,30.53,10.5,15.685
Dexcom GL,45,045_2025-03-31T08:56:00,tree5,False,66.0,57.18198412698413,22.0,36.712980158730154,10.5,20.317837301587304
Dexcom GL,45,045_2025-04-01T09:05:00,tree5,False,66.0,73.14600793650794,66.0,37.31258730158729,10.5,25.195775793650796
Dexcom GL,45,045_2025-04-02T09:40:00,tree5,False,66.0,65.53953968253971,22.0,31.566654761904758,42.0,20.35398611111111
Dexcom GL,45,045_2025-04-03T08:46:00,tree5,False,24.0,43.70089682539683,22.0,32.901480158730166,10.5,17.432480158730158
Dexcom GL,45,045_2025-03-31T08:56:00,absolute7,False,66.0,62.57398622081505,22.0,22.0,10.5,16.276811960263267
Dexcom GL,45,045_2025-04-01T09:05:00,absolute7,False,66.0,64.55858354083739,66.0,22.0,10.5,26.727872852284033
Dexcom GL,45,045_2025-04-02T09:40:00,absolute7,False,66.0,73.17152980052063,22.0,22.0,42.0,14.810869529696358
Dexcom GL,45,045_2025-04-03T08:46:00,absolute7,False,24.0,52.08414097256298,22.0,22.0,10.5,12.672182687021735
Dexcom GL,45,045_2025-03-31T08:56:00,absolute15,False,66.0,64.25829314840232,22.0,22.0,10.5,17.33959655929383
Dexcom GL,45,045_2025-04-01T09:05:00,absolute15,False,66.0,66.86401133113613,66.0,22.0,10.5,32.491170862400224
Dexcom GL,45,045_2025-04-02T09:40:00,absolute15,False,66.0,64.48743366953279,22.0,22.0,42.0,17.03736923751762
Dexcom GL,45,045_2025-04-03T08:46:00,absolute15,False,24.0,32.162264327701905,22.0,22.0,10.5,10.603387819626082
Dexcom GL,45,045_2025-03-31T08:56:00,nested_selected,False,66.0,62.57398622081505,22.0,22.0,10.5,16.276811960263267
Dexcom GL,45,045_2025-04-01T09:05:00,nested_selected,False,66.0,64.55858354083739,66.0,22.0,10.5,26.727872852284033
Dexcom GL,45,045_2025-04-02T09:40:00,nested_selected,False,66.0,73.17152980052063,22.0,22.0,42.0,14.810869529696358
Dexcom GL,45,045_2025-04-03T08:46:00,nested_selected,False,24.0,52.08414097256298,22.0,22.0,10.5,12.672182687021735
Dexcom GL,49,049_2025-05-17T07:11:00,ridge,False,66.0,51.27828292923527,22.0,28.78535560624953,10.5,17.7766598282808
Dexcom GL,49,049_2025-05-18T08:59:00,ridge,False,66.0,59.8583775899868,66.0,28.050977990035314,10.5,19.119805247667117
Dexcom GL,49,049_2025-05-19T07:06:00,ridge,False,66.0,71.64279684081214,22.0,35.23614322209689,42.0,23.322159742264965
Dexcom GL,49,049_2025-05-20T07:06:00,ridge,False,24.0,45.04010282488501,22.0,26.94424413755798,10.5,16.497642815086667
Dexcom GL,49,049_2025-05-17T07:11:00,tree1,False,66.0,41.88,22.0,28.79,10.5,13.485
Dexcom GL,49,049_2025-05-18T08:59:00,tree1,False,66.0,60.64,66.0,30.6,10.5,19.385
Dexcom GL,49,049_2025-05-19T07:06:00,tree1,False,66.0,68.57,22.0,36.12,42.0,23.045
Dexcom GL,49,049_2025-05-20T07:06:00,tree1,False,24.0,37.48,22.0,28.77,10.5,14.82
Dexcom GL,49,049_2025-05-17T07:11:00,tree5,False,66.0,48.07753968253968,22.0,29.526269841269826,10.5,16.880561507936505
Dexcom GL,49,049_2025-05-18T08:59:00,tree5,False,66.0,58.6916626984127,66.0,31.284234126984146,10.5,19.56294841269841
Dexcom GL,49,049_2025-05-19T07:06:00,tree5,False,66.0,66.00423015873015,22.0,38.74534920634919,42.0,22.442124999999997
Dexcom GL,49,049_2025-05-20T07:06:00,tree5,False,24.0,40.76267063492065,22.0,28.40778968253968,10.5,15.665932539682537
Dexcom GL,49,049_2025-05-17T07:11:00,absolute7,False,66.0,42.57063289583981,22.0,22.0,10.5,13.262931356216393
Dexcom GL,49,049_2025-05-18T08:59:00,absolute7,False,66.0,68.5121568907221,66.0,22.0,10.5,15.737816501652839
Dexcom GL,49,049_2025-05-19T07:06:00,absolute7,False,66.0,66.910131202788,22.0,22.0,42.0,15.997850314338036
Dexcom GL,49,049_2025-05-20T07:06:00,absolute7,False,24.0,26.923489127503345,22.0,22.0,10.5,13.213249705664921
Dexcom GL,49,049_2025-05-17T07:11:00,absolute15,False,66.0,51.333484071528034,22.0,22.0,10.5,18.00921234160625
Dexcom GL,49,049_2025-05-18T08:59:00,absolute15,False,66.0,61.036246236456996,66.0,22.0,10.5,19.345748462269086
Dexcom GL,49,049_2025-05-19T07:06:00,absolute15,False,66.0,67.6807601756143,22.0,22.0,42.0,21.82837226818966
Dexcom GL,49,049_2025-05-20T07:06:00,absolute15,False,24.0,36.55424548525174,22.0,22.0,10.5,16.82529553402451
Dexcom GL,49,049_2025-05-17T07:11:00,nested_selected,False,66.0,42.57063289583981,22.0,22.0,10.5,13.262931356216393
Dexcom GL,49,049_2025-05-18T08:59:00,nested_selected,False,66.0,68.5121568907221,66.0,22.0,10.5,15.737816501652839
Dexcom GL,49,049_2025-05-19T07:06:00,nested_selected,False,66.0,66.910131202788,22.0,22.0,42.0,15.997850314338036
Dexcom GL,49,049_2025-05-20T07:06:00,nested_selected,False,24.0,26.923489127503345,22.0,22.0,10.5,13.213249705664921
